entry,名称,分组,定位,class,subclass,InventoryType,槽位,装等,白字属性,绿字归一值,绿字最终值,绿字最终随机系数,属性条数,模板原始属性总和,250归一属性总和,随机前后总属性比,插槽数量,插槽1颜色,插槽2颜色,插槽Bonus,伤害,攻速毫秒,DPS,护甲,格挡值,基准entry,基准名称,基准装等,基准class,基准subclass,基准InventoryType,预算回退方式,等价词条映射,外观entry,外观名称,displayid,外观品质,外观物品装等,外观需求等级
100593,嚎风峡湾静潮兜帽,护甲,法系输出,4,1,1,头部,250,耐力+108；智力+108,法术强度+139；急速等级+95；暴击等级+71,法术强度+152；急速等级+97；暴击等级+77,法术强度×1.0935；急速等级×1.0211；暴击等级×1.0845,5,526,521,1.0403,1,黄色,,0,,,,274,,51554,煞星沉眠法冠,251,4,1,1,无,,42553,外观液化护目镜,44949,4,200,72
100594,寒霜惊涛兜帽,护甲,法系输出,4,1,1,头部,250,智力+97；耐力+85,命中等级+67；暴击等级+90；法术强度+157,命中等级+72；暴击等级+86；法术强度+150,命中等级×1.0746；暴击等级×0.9556；法术强度×0.9554,5,473,496,0.9879,0,,,0,,,,273,,49481,灵风头冠,245,4,1,1,无,,34339,纯净圣光兜帽,50018,4,164,70
100595,凛冬兜帽,护甲,法系输出,4,1,1,头部,250,耐力+108；智力+108；精神+87,法术强度+148；急速等级+71,法术强度+149；急速等级+74,法术强度×1.0068；急速等级×1.0423,5,527,522,1.0077,0,,,0,,,,274,,50807,魔术师的龟裂兜帽,251,4,1,1,无,,34340,黑暗咒术之环,50019,4,164,70
100596,通灵学院头饰,护甲,法系输出,4,1,1,头部,250,耐力+108；智力+108；精神+78,法术强度+137；命中等级+86,法术强度+147；命中等级+87,法术强度×1.0730；命中等级×1.0116,5,493,517,1.0213,1,黄色,,0,,,,273,,48095,萨布拉的凯旋头环,245,4,1,1,无,,34405,奥术纯净头盔,50020,4,164,70
100597,圣殿骑士之衬肩,护甲,法系输出,4,1,3,肩部,250,耐力+80；智力+80,法术强度+115；暴击等级+70；急速等级+62,法术强度+125；暴击等级+72；急速等级+58,法术强度×1.0870；暴击等级×1.0286；急速等级×0.9355,5,412,407,1.0197,1,黄色,,0,,,,253,,50396,血色侍僧衬肩,251,4,1,3,无,,34202,奇迹披肩,50013,4,159,70
100598,肩巾·星环,护甲,法系输出,4,1,3,肩部,250,耐力+81；智力+81,法术强度+114；暴击等级+62；命中等级+70,法术强度+107；暴击等级+60；命中等级+69,法术强度×0.9386；暴击等级×0.9677；命中等级×0.9857,5,389,408,0.9755,0,,,0,,,,252,,47714,灾降衬肩,245,4,1,3,无,,34210,唤魔师护肩,50012,4,159,70
100599,降世肩巾,护甲,法系输出,4,1,3,肩部,250,耐力+80；智力+80,法术强度+105；急速等级+70；命中等级+54,法术强度+100；急速等级+67；命中等级+58,法术强度×0.9524；急速等级×0.9571；命中等级×1.0741,5,394,389,0.9897,1,红色,,0,,,,253,,51020,迟暮肩甲,251,4,1,3,无,,34393,求知护肩,50014,4,159,70
100600,肩巾·神恩,护甲,法系输出,4,1,3,肩部,250,耐力+81；智力+81,法术强度+114；暴击等级+62；命中等级+70,法术强度+125；暴击等级+63；命中等级+66,法术强度×1.0965；暴击等级×1.0161；命中等级×0.9429,5,389,408,1.0196,0,,,0,,,,252,,47713,灾降护肩,245,4,1,3,无,,35006,野蛮角斗士的鬼纹护肩,50009,4,159,70
100601,希利苏斯青铜法衣,护甲,法系输出,4,1,20,胸部,250,耐力+108；智力+100,法术强度+139；急速等级+94；暴击等级+75,法术强度+126；急速等级+101；暴击等级+76,法术强度×0.9065；急速等级×1.0745；暴击等级×1.0133,5,521,516,0.9903,1,黄色,,0,,,,337,,51790,碧空流落法袍,251,4,1,20,无,,34232,魔能征服者外衣,48299,4,159,70
100602,时空·外衣,护甲,法系输出,4,1,20,胸部,250,耐力+108；智力+100,法术强度+146；命中等级+101；暴击等级+75,法术强度+135；命中等级+104；暴击等级+75,法术强度×0.9247；命中等级×1.0297；暴击等级×1.0000,5,505,530,0.9849,1,蓝色,,0,,,,336,,48051,无眠法袍,245,4,1,20,无,,34364,阳炎之袍,48925,4,159,70
100603,神祇御风法衣,护甲,法系输出,4,1,20,胸部,250,耐力+108；智力+108；精神+77,法术强度+139；急速等级+89,法术强度+144；急速等级+91,法术强度×1.0360；急速等级×1.0225,5,526,521,1.0134,0,,,0,,,,337,,51379,血魂法衣,251,4,1,20,无,,34365,永恒光芒长袍,48921,4,159,70
100604,霜裔破天衣袍,护甲,法系输出,4,1,20,胸部,250,耐力+108；智力+100,法术强度+146；命中等级+101；暴击等级+75,法术强度+141；命中等级+101；暴击等级+79,法术强度×0.9658；命中等级×1.0000；暴击等级×1.0533,5,505,530,0.9981,0,,,0,,,,336,,47974,无眠外衣,245,4,1,20,无,,34399,幽怨之袍,48384,4,159,70
100605,哀嚎洞穴源质腰链,护甲,法系输出,4,1,6,腰部,250,耐力+80；智力+80,法术强度+105；暴击等级+75；急速等级+46,法术强度+98；暴击等级+71；急速等级+49,法术强度×0.9333；暴击等级×0.9467；急速等级×1.0652,5,390,386,0.9793,2,黄色,蓝色,0,,,,189,,51017,灼烧束带,251,4,1,6,无,,35153,护卫者的鬼纹腰带,48683,4,159,70
100606,暮星守望腰带,护甲,法系输出,4,1,6,腰部,250,耐力+81；智力+81,法术强度+114；暴击等级+76；命中等级+54,法术强度+120；暴击等级+82；命中等级+56,法术强度×1.0526；暴击等级×1.0789；命中等级×1.0370,5,386,406,1.0345,1,蓝色,,0,,,,189,,47286,凛冬腰带,245,4,1,6,无,,35159,护卫者的月布腰带,48686,4,159,70
100607,奥义腰链,护甲,法系输出,4,1,6,腰部,250,耐力+80；智力+80；精神+53,法术强度+105；急速等级+67,法术强度+107；急速等级+64,法术强度×1.0190；急速等级×0.9552,5,390,385,0.9974,1,红色,,0,,,,189,,50773,恩医束带,251,4,1,6,无,,35164,护卫者的丝质腰带,48689,4,159,70
100608,追猎者束带,护甲,法系输出,4,1,6,腰部,250,耐力+81；智力+70,法术强度+103；急速等级+70；命中等级+64,法术强度+109；急速等级+66；命中等级+64,法术强度×1.0583；急速等级×0.9429；命中等级×1.0000,5,371,388,1.0052,1,黄色,,0,,,,189,,47994,冰吼束带,245,4,1,6,无,,34527,赦免腰带,48356,4,154,70
100609,咒术战裙,护甲,法系输出,4,1,7,腿部,250,耐力+108；智力+108,法术强度+139；急速等级+83；暴击等级+83,法术强度+150；急速等级+84；暴击等级+78,法术强度×1.0791；急速等级×1.0120；暴击等级×0.9398,5,526,521,1.0134,1,黄色,,0,,,,295,,50990,新伤褶裙,251,4,1,7,无,,34170,止战马裤,48295,4,159,70
100610,时空之腿甲,护甲,法系输出,4,1,7,腿部,250,耐力+108；智力+108,法术强度+148；暴击等级+95；命中等级+79,法术强度+161；暴击等级+86；命中等级+80,法术强度×1.0878；暴击等级×0.9053；命中等级×1.0127,5,543,538,1.0093,0,,,0,,,,295,,50393,血色侍僧长裤,251,4,1,7,无,,34181,灾难护腿,48296,4,159,70
100611,破云长裤,护甲,法系输出,4,1,7,腿部,250,耐力+108；智力+108；精神+95,法术强度+148；急速等级+79,法术强度+158；急速等级+81,法术强度×1.0676；急速等级×1.0253,5,543,538,1.0223,1,红色,,0,,,,295,,50769,血色侍僧护腿,251,4,1,7,无,,34386,激战长裤,48307,4,159,70
100612,腿甲·炽焰,护甲,法系输出,4,1,7,腿部,250,耐力+108；智力+108,法术强度+148；暴击等级+95；命中等级+79,法术强度+134；暴击等级+89；命中等级+76,法术强度×0.9054；暴击等级×0.9368；命中等级×0.9620,5,543,538,0.9572,0,,,0,,,,295,,50277,血法护腿,251,4,1,7,无,,35005,野蛮角斗士的鬼纹护腿,49952,4,159,70
100613,幻光·护足,护甲,法系输出,4,1,8,脚部,250,耐力+91；智力+77,法术强度+101；急速等级+51；暴击等级+68,法术强度+100；急速等级+50；暴击等级+71,法术强度×0.9901；急速等级×0.9804；暴击等级×1.0441,5,351,388,1.0026,0,,,0,,,,230,,45537,伪神之靴,239,4,1,8,无,,35138,护卫者的鬼纹软靴,48685,4,159,70
100614,冲击布靴,护甲,法系输出,4,1,8,脚部,250,耐力+80；智力+80,法术强度+105；命中等级+46；暴击等级+75,法术强度+115；命中等级+49；暴击等级+78,法术强度×1.0952；命中等级×1.0652；暴击等级×1.0400,5,390,386,1.0415,0,,,0,,,,232,,50804,冰冠尖塔便鞋,251,4,1,8,无,,35144,护卫者的月布便鞋,48688,4,159,70
100615,足具·恒金,护甲,法系输出,4,1,8,脚部,250,耐力+81；智力+81,法术强度+114；命中等级+62；急速等级+70,法术强度+106；命中等级+62；急速等级+64,法术强度×0.9298；命中等级×1.0000；急速等级×0.9143,5,389,408,0.9657,0,,,0,,,,231,,47321,浮冰长靴,245,4,1,8,无,,35149,护卫者的丝质裹足,48691,4,159,70
100616,泰坦监护者护足,护甲,法系输出,4,1,8,脚部,250,耐力+75；智力+74,法术强度+109；命中等级+49；暴击等级+76,法术强度+101；命中等级+51；暴击等级+79,法术强度×0.9266；命中等级×1.0408；暴击等级×1.0395,5,365,383,0.9922,1,黄色,,0,,,,231,,48012,夺日者法师软鞋,245,4,1,8,无,,34562,赦免长靴,48367,4,154,70
100617,护臂·星陨,护甲,法系输出,4,1,9,腕部,250,耐力+61；智力+61,法术强度+84；暴击等级+44；急速等级+52,法术强度+77；暴击等级+48；急速等级+50,法术强度×0.9167；暴击等级×1.0909；急速等级×0.9615,5,288,302,0.9834,0,,,0,,,,147,,47586,巫师的珠玉护腕,245,4,1,9,无,,34434,赦免护腕,48321,4,154,70
100618,轮回之护腕,护甲,法系输出,4,1,9,腕部,250,耐力+61；智力+61,法术强度+93；命中等级+40；暴击等级+61,法术强度+97；命中等级+43；暴击等级+55,法术强度×1.0430；命中等级×1.0750；暴击等级×0.9016,5,301,316,1.0032,0,,,0,,,,147,,47306,黑暗精粹腕轮,245,4,1,9,无,,34436,凶星护腕,48349,4,154,70
100619,星界腕轮,护甲,法系输出,4,1,9,腕部,250,耐力+60；智力+60,法术强度+93；命中等级+40；急速等级+60,法术强度+93；命中等级+36；急速等级+57,法术强度×1.0000；命中等级×0.9000；急速等级×0.9500,5,317,313,0.9776,2,红色,黄色,0,,,,148,,51007,药浸护腕,251,4,1,9,无,,34447,风暴护腕,48316,4,154,70
100620,费伍德天轨护臂,护甲,法系输出,4,1,9,腕部,250,耐力+59；智力+61,法术强度+84；命中等级+35；急速等级+58,法术强度+86；命中等级+33；急速等级+63,法术强度×1.0238；命中等级×0.9429；急速等级×1.0862,5,283,297,1.0168,0,,,0,,,,147,,48000,邪火护腕,245,4,1,9,无,,35168,护卫者的鬼纹护腕,48684,4,154,70
100621,手甲·星环,护甲,法系输出,4,1,10,手部,250,耐力+81；智力+81,法术强度+114；暴击等级+70；急速等级+62,法术强度+124；暴击等级+76；急速等级+58,法术强度×1.0877；暴击等级×1.0857；急速等级×0.9355,5,389,408,1.0294,2,黄色,蓝色,0,,,,210,,47772,逐日者的凯旋护手,245,4,1,10,无,,34342,黎明护手,48305,4,164,70
100622,神祇之手甲,护甲,法系输出,4,1,10,手部,250,耐力+80；智力+80,法术强度+115；暴击等级+70；命中等级+62,法术强度+106；暴击等级+70；命中等级+65,法术强度×0.9217；暴击等级×1.0000；命中等级×1.0484,5,412,407,0.9853,1,蓝色,,0,,,,210,,50391,血色侍僧裹手,251,4,1,10,无,,34344,诸界亵渎护手,48306,4,164,70
100623,黎明·手甲,护甲,法系输出,4,1,10,手部,250,耐力+80；智力+80；精神+46,法术强度+105；急速等级+75,法术强度+103；急速等级+71,法术强度×0.9810；急速等级×0.9467,5,390,386,0.9845,1,红色,,0,,,,210,,51005,断指手套,251,4,1,10,无,,34406,泰莉的强能手套,48387,4,164,70
100624,奥妮克希亚之护手,护甲,法系输出,4,1,10,手部,250,耐力+80；智力+80,法术强度+105；命中等级+70；急速等级+55,法术强度+98；命中等级+76；急速等级+54,法术强度×0.9333；命中等级×1.0857；急速等级×0.9818,5,394,390,0.9949,1,黄色,,0,,,,210,,50782,女武神护手,251,4,1,10,无,,34366,阳炎护手,48923,4,159,70
100625,祖尔格拉布炽焰兜帽,护甲,法系输出,4,2,1,头部,250,耐力+108；智力+108,法术强度+139；暴击等级+87；急速等级+79,法术强度+127；暴击等级+89；急速等级+82,法术强度×0.9137；暴击等级×1.0230；急速等级×1.0380,5,526,521,0.9866,0,,,0,,,,516,,50821,树纹头巾,251,4,2,1,无,,42550,弱点分析眼镜,45779,4,200,72
100626,照夜战盔,护甲,法系输出,4,2,1,头部,250,耐力+108；智力+108,法术强度+137；命中等级+86；暴击等级+78,法术强度+132；命中等级+92；暴击等级+75,法术强度×0.9635；命中等级×1.0698；暴击等级×0.9615,5,493,517,0.9961,1,蓝色,,0,,,,513,,48181,符文图腾的凯旋头巾,245,4,2,1,无,,42554,绿色视界护目镜,45780,4,200,72
100627,风暴峭壁秩序兜帽,护甲,法系输出,4,2,1,头部,250,耐力+108；智力+108；精神+86,法术强度+137；急速等级+77,法术强度+136；急速等级+74,法术强度×0.9927；急速等级×0.9610,5,493,516,0.9922,1,红色,,0,,,,513,,47691,盎然生机面罩,245,4,2,1,无,,34244,狡诈之盔,48020,4,164,70
100628,命轮·兜帽,护甲,法系输出,4,2,1,头部,250,耐力+108；智力+108,法术强度+137；命中等级+86；暴击等级+78,法术强度+133；命中等级+85；暴击等级+77,法术强度×0.9708；命中等级×0.9884；暴击等级×0.9872,5,493,517,0.9884,1,黄色,,0,,,,513,,48164,玛法里奥的凯旋头巾,245,4,2,1,无,,34245,智者乌索尔之帽,48019,4,164,70
100629,肩卫·星芒,护甲,法系输出,4,2,3,肩部,250,耐力+80；智力+80,法术强度+115；暴击等级+70；急速等级+62,法术强度+126；暴击等级+74；急速等级+57,法术强度×1.0957；暴击等级×1.0571；急速等级×0.9194,5,412,407,1.0246,0,,,0,,,,476,,50819,树纹衬肩,251,4,2,3,无,,34195,盛怒护肩,47999,4,159,70
100630,星语者驭雷肩卫,护甲,法系输出,4,2,3,肩部,250,耐力+80；智力+80；精神+70,法术强度+115；暴击等级+62,法术强度+125；暴击等级+62,法术强度×1.0870；暴击等级×1.0000,5,412,407,1.0246,1,蓝色,,0,,,,476,,50113,树纹肩甲,251,4,2,3,无,,34209,拓荒护肩,48005,4,159,70
100631,咒术肩卫,护甲,法系输出,4,2,3,肩部,250,耐力+85；智力+78；精神+70,法术强度+105；急速等级+55,法术强度+102；急速等级+50,法术强度×0.9714；急速等级×0.9091,5,397,393,0.9796,1,红色,,0,,,,476,,51552,灼热之吻肩垫,251,4,2,3,无,,34392,魔牙护肩,48052,4,159,70
100632,幻影之肩甲,护甲,法系输出,4,2,3,肩部,250,耐力+81；智力+81；精神+70,法术强度+114；暴击等级+62,法术强度+109；暴击等级+64,法术强度×0.9561；暴击等级×1.0323,5,389,408,0.9926,0,,,0,,,,474,,48178,符文图腾的凯旋护肩,245,4,2,3,无,,35001,野蛮角斗士的龙皮护肩,48591,4,159,70
100633,剃刀高地之胸甲,护甲,法系输出,4,2,20,胸部,250,耐力+108；智力+108,法术强度+148；暴击等级+95；急速等级+79,法术强度+144；暴击等级+99；急速等级+76,法术强度×0.9730；暴击等级×1.0421；急速等级×0.9620,5,543,538,0.9944,1,黄色,,0,,,,634,,50823,树纹法衣,251,4,2,20,无,,34211,野兽本能外套,48011,4,159,70
100634,洪荒裁断战衣,护甲,法系输出,4,2,20,胸部,250,耐力+108；智力+108；精神+71,法术强度+139；暴击等级+95,法术强度+130；暴击等级+88,法术强度×0.9353；暴击等级×0.9263,5,526,521,0.9693,0,,,0,,,,634,,51009,失败实验胸甲,251,4,2,20,无,,34212,阳光外衣,48012,4,159,70
100635,山岳护甲,护甲,法系输出,4,2,20,胸部,250,耐力+108；智力+108；精神+95,法术强度+146；急速等级+77,法术强度+154；急速等级+79,法术强度×1.0548；急速等级×1.0260,5,510,534,1.0187,1,红色,,0,,,,632,,47292,反目长袍,245,4,2,20,无,,34369,烈日暗影甲冑,48912,4,159,70
100636,破晓者穿云护胸,护甲,法系输出,4,2,20,胸部,250,耐力+108；智力+108；精神+95,法术强度+148；暴击等级+79,法术强度+145；暴击等级+77,法术强度×0.9797；暴击等级×0.9747,5,543,538,0.9907,0,,,0,,,,634,,50106,树纹长袍,251,4,2,20,无,,34371,骄阳之皮革胸甲,48916,4,159,70
100637,灰熊丘陵之腰带,护甲,法系输出,4,2,6,腰部,250,耐力+81；智力+80,法术强度+108；暴击等级+70；急速等级+57,法术强度+108；暴击等级+65；急速等级+61,法术强度×1.0000；暴击等级×0.9286；急速等级×1.0702,5,450,396,0.9975,1,黄色,,0,,,,359,,50994,石化藤条腰带,264,4,2,6,无,,35152,护卫者的龙皮腰带,48676,4,159,70
100638,咒术扣带,护甲,法系输出,4,2,6,腰部,250,耐力+80；智力+80；精神+70,法术强度+105；暴击等级+54,法术强度+104；暴击等级+58,法术强度×0.9905；暴击等级×1.0741,5,394,389,1.0077,2,蓝色,红色,0,,,,357,,50795,黑暗苦痛束带,251,4,2,6,无,,35156,护卫者的皮甲腰带,48677,4,159,70
100639,灰熊丘陵腰带,护甲,法系输出,4,2,6,腰部,250,耐力+81；智力+81；精神+70,法术强度+114；急速等级+62,法术强度+110；急速等级+56,法术强度×0.9649；急速等级×0.9032,5,389,408,0.9755,1,红色,,0,,,,355,,47308,灰棘腰带,245,4,2,6,无,,34554,雷霆之心腰带,48352,4,154,70
100640,奥术·腰带,护甲,法系输出,4,2,6,腰部,250,耐力+81；智力+81；精神+67,法术强度+103；暴击等级+54,法术强度+105；暴击等级+58,法术强度×1.0194；暴击等级×1.0741,5,368,386,1.0155,0,,,0,,,,355,,48002,血蹄使者束带,245,4,2,6,无,,34558,刺杀者腰带,48357,4,154,70
100641,洪荒护腿,护甲,法系输出,4,2,7,腿部,250,耐力+108；智力+108,法术强度+146；急速等级+94；暴击等级+78,法术强度+155；急速等级+98；暴击等级+74,法术强度×1.0616；急速等级×1.0426；暴击等级×0.9487,5,510,534,1.0169,0,,,0,,,,553,,47318,苏醒护腿,245,4,2,7,无,,34169,自然侵攻护腿,47975,4,159,70
100642,深渊腿铠,护甲,法系输出,4,2,7,腿部,250,耐力+108；智力+108,法术强度+148；暴击等级+95；命中等级+79,法术强度+146；暴击等级+97；命中等级+78,法术强度×0.9865；暴击等级×1.0211；命中等级×0.9873,5,543,538,0.9981,1,蓝色,,0,,,,555,,50820,树纹长裤,251,4,2,7,无,,34188,永恒长夜护腿,47995,4,159,70
100643,星界护腿,护甲,法系输出,4,2,7,腿部,250,耐力+108；智力+108；精神+95,法术强度+139；急速等级+71,法术强度+152；急速等级+76,法术强度×1.0935；急速等级×1.0704,5,526,521,1.0345,1,红色,,0,,,,555,,50806,坚定之血护腿,251,4,2,7,无,,35000,野蛮角斗士的龙皮护腿,48603,4,159,70
100644,织法者战裙,护甲,法系输出,4,2,7,腿部,250,耐力+108；智力+108；精神+78,法术强度+146；命中等级+95,法术强度+134；命中等级+90,法术强度×0.9178；命中等级×0.9474,5,510,535,0.9682,2,黄色,蓝色,0,,,,553,,48180,符文图腾的凯旋长裤,245,4,2,7,无,,35034,野蛮角斗士的皮甲护腿,48597,4,159,70
100645,镇海踏靴,护甲,法系输出,4,2,8,脚部,250,耐力+80；智力+80,法术强度+105；急速等级+75；暴击等级+46,法术强度+110；急速等级+81；暴击等级+50,法术强度×1.0476；急速等级×1.0800；暴击等级×1.0870,5,390,386,1.0389,1,黄色,,0,,,,436,,50783,霜籽长靴,251,4,2,8,无,,35137,护卫者的龙皮长靴,48678,4,159,70
100646,破天足甲,护甲,法系输出,4,2,8,脚部,250,耐力+78；智力+84,暴击等级+85；命中等级+46；法术强度+120,暴击等级+87；命中等级+45；法术强度+120,暴击等级×1.0235；命中等级×0.9783；法术强度×1.0000,5,308,413,1.0024,0,,,0,,,,440,,47504,树皮长靴,219,4,2,8,无,,35141,护卫者的皮甲长靴,48679,4,159,70
100647,青霜护足,护甲,法系输出,4,2,8,脚部,250,耐力+81；智力+80；精神+63,法术强度+108；急速等级+64,法术强度+99；急速等级+69,法术强度×0.9167；急速等级×1.0781,5,450,396,0.9899,1,红色,,0,,,,439,,49894,塞纳里奥祝福之靴,264,4,2,8,无,,34571,雷霆之心长靴,48363,4,154,70
100648,群星·踏靴,护甲,法系输出,4,2,8,脚部,250,耐力+78；智力+84,暴击等级+85；命中等级+46；法术强度+120,暴击等级+90；命中等级+42；法术强度+110,暴击等级×1.0588；命中等级×0.9130；法术强度×0.9167,5,308,413,0.9782,1,黄色,,0,,,,440,,47504,树皮长靴,219,4,2,8,无,,34573,雷霆之心战靴,48362,4,154,70
100649,屠龙者护臂,护甲,法系输出,4,2,9,腕部,250,耐力+60；智力+59,法术强度+87；暴击等级+52；急速等级+47,法术强度+88；暴击等级+51；急速等级+43,法术强度×1.0115；暴击等级×0.9808；急速等级×0.9149,5,370,305,0.9869,2,黄色,蓝色,0,,,,280,,53134,相位移形者护腕,271,4,2,9,无,,34444,雷霆之心腕甲,48311,4,154,70
100650,追猎者回响臂甲,护甲,法系输出,4,2,9,腕部,250,耐力+60；智力+60；精神+55,法术强度+84；暴击等级+41,法术强度+83；暴击等级+39,法术强度×0.9881；暴击等级×0.9512,5,304,300,0.9900,0,,,0,,,,277,,50985,剧毒冲击护腕,251,4,2,9,无,,34445,雷霆之心护腕,48322,4,154,70
100651,泰坦监护者净世臂甲,护甲,法系输出,4,2,9,腕部,250,耐力+61；智力+61；精神+53,法术强度+93；急速等级+52,法术强度+90；急速等级+55,法术强度×0.9677；急速等级×1.0577,5,305,320,1.0000,1,红色,,0,,,,276,,47277,秋木束腕,245,4,2,9,无,,34448,刺杀者护腕,48324,4,154,70
100652,不朽·臂甲,护甲,法系输出,4,2,9,腕部,250,耐力+61；智力+61；精神+53,法术强度+84；暴击等级+44,法术强度+91；暴击等级+48,法术强度×1.0833；暴击等级×1.0909,5,288,303,1.0363,1,黄色,,0,,,,276,,47584,月影臂甲,245,4,2,9,无,,35167,护卫者的龙皮护腕,48681,4,154,70
100653,命轮之护手,护甲,法系输出,4,2,10,手部,250,耐力+80；智力+79,法术强度+106；暴击等级+63；急速等级+64,法术强度+103；暴击等级+60；急速等级+59,法术强度×0.9717；暴击等级×0.9524；急速等级×0.9219,5,422,392,0.9719,2,黄色,蓝色,0,,,,398,,53117,变形手套,258,4,2,10,无,,34234,暗影爆发护手,48018,4,159,70
100654,手套·星陨,护甲,法系输出,4,2,10,手部,250,耐力+80；智力+80,法术强度+115；暴击等级+70；命中等级+62,法术强度+125；暴击等级+73；命中等级+68,法术强度×1.0870；暴击等级×1.0429；命中等级×1.0968,5,412,407,1.0467,0,,,0,,,,397,,50822,树纹手套,251,4,2,10,无,,34372,骄阳之皮革护手,48917,4,159,70
100655,暮光审判官之护手,护甲,法系输出,4,2,10,手部,250,耐力+80；智力+80；精神+70,法术强度+105；急速等级+55,法术强度+105；急速等级+50,法术强度×1.0000；急速等级×0.9091,5,394,390,0.9872,0,,,0,,,,397,,51789,塑冰手套,251,4,2,10,无,,34408,森林流浪者手套,48059,4,159,70
100656,先驱者镇世手甲,护甲,法系输出,4,2,10,手部,250,耐力+80；智力+80,法术强度+115；暴击等级+70；命中等级+62,法术强度+104；暴击等级+64；命中等级+61,法术强度×0.9043；暴击等级×0.9143；命中等级×0.9839,5,412,407,0.9558,2,黄色,蓝色,0,,,,397,,50822,树纹手套,251,4,2,10,无,,34998,野蛮角斗士的龙皮手套,49966,4,159,70
100657,唤潮者净世兜帽,护甲,法系输出,4,3,1,头部,250,耐力+108；智力+108,法术强度+138；暴击等级+87；急速等级+79,法术强度+151；暴击等级+90；急速等级+77,法术强度×1.0942；暴击等级×1.0345；急速等级×0.9747,5,525,520,1.0269,0,,,0,,,,1145,,50843,霜巫头盔,251,4,3,1,无,,42551,真视冰雪眼罩,53564,4,200,72
100658,安其拉荣光头盔,护甲,法系输出,4,3,1,头部,250,智力+66；耐力+112,法术强度+147；暴击等级+99；命中等级+91,法术强度+154；暴击等级+94；命中等级+95,法术强度×1.0476；暴击等级×0.9495；命中等级×1.0440,5,492,515,1.0117,1,蓝色,,0,,,,1140,,49468,无尽风暴头盔,245,4,3,1,无,,34332,古尔丹的兜帽,48025,4,164,70
100659,源质之面甲,护甲,法系输出,4,3,1,头部,250,耐力+108；智力+108,法术强度+138；暴击等级+87；急速等级+79,法术强度+140；暴击等级+79；急速等级+72,法术强度×1.0145；暴击等级×0.9080；急速等级×0.9114,5,525,520,0.9750,0,,,0,,,,1145,,50837,霜巫头饰,251,4,3,1,无,,34333,奥蕾莉亚的头盔,48024,4,164,70
100660,霜痕·兜帽,护甲,法系输出,4,3,1,头部,250,智力+66；耐力+112,法术强度+147；暴击等级+99；命中等级+91,法术强度+149；暴击等级+105；命中等级+92,法术强度×1.0136；暴击等级×1.0606；命中等级×1.0110,5,492,515,1.0175,0,,,0,,,,1140,,49468,无尽风暴头盔,245,4,3,1,无,,34355,闪电蚀刻护目镜,45778,4,159,70
100661,冬泉谷幻光披肩,护甲,法系输出,4,3,3,肩部,250,耐力+80；智力+80,法术强度+105；暴击等级+70；急速等级+55,法术强度+105；暴击等级+72；急速等级+51,法术强度×1.0000；暴击等级×1.0286；急速等级×0.9273,5,394,390,0.9949,0,,,0,,,,1057,,51792,晶化白骨肩甲,251,4,3,3,无,,34194,金色森林护肩,47998,4,159,70
100662,暗影降世肩铠,护甲,法系输出,4,3,3,肩部,250,耐力+106；智力+73,暴击等级+41；命中等级+82；法术强度+111,暴击等级+44；命中等级+76；法术强度+100,暴击等级×1.0732；命中等级×0.9268；法术强度×0.9009,5,307,413,0.9661,0,,,0,,,,1066,,47250,嚎风衬肩,219,4,3,3,无,,34208,均衡肩饰,48004,4,159,70
100663,黑暗神殿泰坦肩卫,护甲,法系输出,4,3,3,肩部,250,耐力+80；智力+80,法术强度+115；暴击等级+70；急速等级+62,法术强度+122；暴击等级+73；急速等级+59,法术强度×1.0609；暴击等级×1.0429；急速等级×0.9516,5,412,407,1.0172,1,红色,,0,,,,1057,,51761,冰霜女巫肩垫,251,4,3,3,无,,34994,野蛮角斗士的链甲护肩,48609,4,159,70
100664,苍翠·披肩,护甲,法系输出,4,3,3,肩部,250,耐力+80；智力+80,法术强度+115；暴击等级+70；急速等级+62,法术强度+118；暴击等级+65；急速等级+58,法术强度×1.0261；暴击等级×0.9286；急速等级×0.9355,5,412,407,0.9853,1,黄色,,0,,,,1057,,50845,霜巫肩垫,251,4,3,3,无,,35046,野蛮角斗士的鳞甲护肩,48616,4,159,70
100665,战衣·星海,护甲,法系输出,4,3,20,胸部,250,耐力+108；智力+108,法术强度+148；暴击等级+95；急速等级+79,法术强度+154；暴击等级+100；急速等级+85,法术强度×1.0405；暴击等级×1.0526；急速等级×1.0759,5,543,538,1.0316,0,,,0,,,,1409,,50841,霜巫锁甲,251,4,3,5,无,,34228,邪恶陆行鸟胸甲,48014,4,159,70
100666,符文大师护胸,护甲,法系输出,4,3,20,胸部,250,耐力+108；智力+108,法术强度+148；暴击等级+95；急速等级+79,法术强度+145；暴击等级+87；急速等级+81,法术强度×0.9797；暴击等级×0.9158；急速等级×1.0253,5,543,538,0.9833,1,蓝色,,0,,,,1409,,50835,霜巫外套,251,4,3,5,无,,34229,静谧海岸外衣,48013,4,159,70
100667,永夜残月战衣,护甲,法系输出,4,3,20,胸部,250,耐力+108；智力+108,法术强度+146；急速等级+85；命中等级+86,法术强度+157；急速等级+92；命中等级+81,法术强度×1.0753；急速等级×1.0824；命中等级×0.9419,5,510,533,1.0244,1,红色,,0,,,,1404,,48335,萨尔的凯旋胸铠,245,4,3,5,无,,34373,凤凰的拥抱,48913,4,159,70
100668,大领主护胸,护甲,法系输出,4,3,20,胸部,250,耐力+108；智力+108,法术强度+146；急速等级+85；命中等级+86,法术强度+135；急速等级+90；命中等级+86,法术强度×0.9247；急速等级×1.0588；命中等级×1.0000,5,510,533,0.9887,2,黄色,蓝色,0,,,,1404,,48316,努波顿的凯旋胸铠,245,4,3,5,无,,34375,炙日鳞片胸甲,48918,4,159,70
100669,潜行者扣带,护甲,法系输出,4,3,6,腰部,250,耐力+81；智力+80,法术强度+108；暴击等级+70；急速等级+57,法术强度+107；暴击等级+66；急速等级+57,法术强度×0.9907；暴击等级×0.9429；急速等级×1.0000,5,450,396,0.9874,0,,,0,,,,798,,50992,绝望腰带,264,4,3,6,无,,35151,护卫者的链甲束带,48671,4,159,70
100670,雷霆崖之腰甲,护甲,法系输出,4,3,6,腰部,250,耐力+91；智力+76,法术强度+123；暴击等级+62；急速等级+77,法术强度+111；暴击等级+63；急速等级+70,法术强度×0.9024；暴击等级×1.0161；急速等级×0.9091,5,363,429,0.9580,1,蓝色,,0,,,,799,,45151,陨落巨龙腰带,232,4,3,6,无,,35157,护卫者的鳞甲束带,48674,4,159,70
100671,魔能战带,护甲,法系输出,4,3,6,腰部,250,耐力+80；智力+79,法术强度+109；暴击等级+57；急速等级+72,法术强度+117；暴击等级+59；急速等级+69,法术强度×1.0734；暴击等级×1.0351；急速等级×0.9583,5,483,397,1.0176,0,,,0,,,,801,,53488,分形腰带,271,4,3,6,无,,34542,破天裹腰,48358,4,154,70
100672,净世腰甲,护甲,法系输出,4,3,6,腰部,250,耐力+81；智力+80,法术强度+108；暴击等级+70；急速等级+57,法术强度+109；暴击等级+66；急速等级+55,法术强度×1.0093；暴击等级×0.9429；急速等级×0.9649,5,450,396,0.9874,1,黄色,,0,,,,798,,50992,绝望腰带,264,4,3,6,无,,34549,戈隆追猎者腰带,48353,4,154,70
100673,铸魂者腿甲,护甲,法系输出,4,3,7,腿部,250,耐力+108；智力+108,法术强度+139；急速等级+83；暴击等级+83,法术强度+143；急速等级+79；暴击等级+83,法术强度×1.0288；急速等级×0.9518；暴击等级×1.0000,5,526,521,1.0000,1,黄色,,0,,,,1233,,51019,血肉涟漪褶裙,251,4,3,7,无,,34168,逐星者护腿,47990,4,159,70
100674,失落·腿铠,护甲,法系输出,4,3,7,腿部,250,耐力+108；智力+108,法术强度+148；暴击等级+95；命中等级+79,法术强度+146；暴击等级+103；命中等级+80,法术强度×0.9865；暴击等级×1.0842；命中等级×1.0127,5,543,538,1.0130,2,蓝色,红色,0,,,,1233,,50844,霜巫褶裙,251,4,3,7,无,,34186,雷暴锁链护腿,47993,4,159,70
100675,暮光腿甲,护甲,法系输出,4,3,7,腿部,250,耐力+108；智力+108,法术强度+146；暴击等级+78；命中等级+95,法术强度+155；暴击等级+75；命中等级+88,法术强度×1.0616；暴击等级×0.9615；命中等级×0.9263,5,510,535,0.9981,1,红色,,0,,,,1229,,48332,萨尔的凯旋褶裙,245,4,3,7,无,,34383,灵魂重铸褶裙,48050,4,159,70
100676,冬泉谷之战裙,护甲,法系输出,4,3,7,腿部,250,耐力+108；智力+108,法术强度+146；暴击等级+78；命中等级+95,法术强度+137；暴击等级+74；命中等级+93,法术强度×0.9384；暴击等级×0.9487；命中等级×0.9789,5,510,535,0.9720,0,,,0,,,,1229,,48319,努波顿的凯旋褶裙,245,4,3,7,无,,34993,野蛮角斗士的链甲护腿,48608,4,159,70
100677,灵能护足,护甲,法系输出,4,3,8,脚部,250,耐力+81；智力+81,法术强度+114；急速等级+70；暴击等级+62,法术强度+118；急速等级+63；暴击等级+57,法术强度×1.0351；急速等级×0.9000；暴击等级×0.9194,5,389,408,0.9804,1,黄色,,0,,,,965,,47295,震地马靴,245,4,3,8,无,,35136,护卫者的链甲战靴,48672,4,159,70
100678,祖尔格拉布之护足,护甲,法系输出,4,3,8,脚部,250,耐力+81；智力+81,法术强度+114；急速等级+70；暴击等级+62,法术强度+115；急速等级+69；暴击等级+59,法术强度×1.0088；急速等级×0.9857；暴击等级×0.9516,5,389,408,0.9926,0,,,0,,,,965,,47090,震地长靴,245,4,3,8,无,,35142,护卫者的鳞甲战靴,48675,4,159,70
100679,织法者之踏靴,护甲,法系输出,4,3,8,脚部,250,耐力+80；智力+79,法术强度+106；暴击等级+70；急速等级+56,法术强度+108；暴击等级+70；急速等级+60,法术强度×1.0189；暴击等级×1.0000；急速等级×1.0714,5,422,391,1.0153,1,红色,,0,,,,972,,53119,分生长靴,258,4,3,8,无,,34565,破天长靴,48370,4,154,70
100680,破云踏靴,护甲,法系输出,4,3,8,脚部,250,耐力+80；智力+79,法术强度+106；急速等级+71；暴击等级+56,法术强度+114；急速等级+71；暴击等级+52,法术强度×1.0755；急速等级×1.0000；暴击等级×0.9286,5,422,392,1.0102,1,黄色,,0,,,,972,,47456,震地马靴,258,4,3,8,无,,34570,戈隆追猎者长靴,48364,4,154,70
100681,群星·臂甲,护甲,法系输出,4,3,9,腕部,250,耐力+68；智力+57,法术强度+82；暴击等级+53；急速等级+43,法术强度+76；暴击等级+51；急速等级+40,法术强度×0.9268；暴击等级×0.9623；急速等级×0.9302,5,274,303,0.9637,2,黄色,蓝色,0,,,,611,,45460,寒冬强风束腕,239,4,3,9,无,,34437,破天腕环,48325,4,154,70
100682,冲击臂甲,护甲,法系输出,4,3,9,腕部,250,耐力+66；智力+60,暴击等级+47；命中等级+57；法术强度+91,暴击等级+45；命中等级+62；法术强度+95,暴击等级×0.9574；命中等级×1.0877；法术强度×1.0440,5,240,321,1.0218,2,蓝色,红色,0,,,,621,,49787,风雷七晨,219,4,3,9,无,,34439,破天腕甲,48326,4,154,70
100683,嚎风峡湾腕铠,护甲,法系输出,4,3,9,腕部,250,耐力+60；智力+60,法术强度+86；暴击等级+45；急速等级+53,法术强度+86；暴击等级+42；急速等级+51,法术强度×1.0000；暴击等级×0.9333；急速等级×0.9623,5,347,304,0.9836,2,红色,黄色,0,,,,620,,50030,血裂护腕,264,4,3,9,无,,34443,戈隆追猎者护腕,48315,4,154,70
100684,驭雷者冲击臂甲,护甲,法系输出,4,3,9,腕部,250,耐力+66；智力+60,暴击等级+47；命中等级+57；法术强度+91,暴击等级+45；命中等级+62；法术强度+87,暴击等级×0.9574；命中等级×1.0877；法术强度×0.9560,5,240,321,0.9969,0,,,0,,,,621,,49787,风雷七晨,219,4,3,9,无,,35166,护卫者的链甲护腕,48670,4,154,70
100685,苍翠御风拳甲,护甲,法系输出,4,3,10,手部,250,耐力+80；智力+80,急速等级+50；暴击等级+73；法术强度+105,急速等级+54；暴击等级+76；法术强度+111,急速等级×1.0800；暴击等级×1.0411；法术强度×1.0571,5,392,388,1.0335,1,黄色,,0,,,,880,,51583,暴风使者手套,251,4,3,10,无,,34343,萨拉斯游侠护手,48034,4,164,70
100686,黑暗神殿之手套,护甲,法系输出,4,3,10,手部,250,耐力+80；智力+80,法术强度+115；暴击等级+70；命中等级+62,法术强度+121；暴击等级+66；命中等级+65,法术强度×1.0522；暴击等级×0.9429；命中等级×1.0484,5,412,407,1.0123,1,蓝色,,0,,,,880,,50842,霜巫手套,251,4,3,10,无,,34374,凤凰飞羽手套,48914,4,159,70
100687,幻光临世拳甲,护甲,法系输出,4,3,10,手部,250,耐力+81；智力+81,法术强度+114；急速等级+62；命中等级+70,法术强度+107；急速等级+56；命中等级+76,法术强度×0.9386；急速等级×0.9032；命中等级×1.0857,5,389,408,0.9828,0,,,0,,,,878,,48334,萨尔的凯旋手套,245,4,3,10,无,,34376,炙日鳞片手套,48919,4,159,70
100688,护手·深渊,护甲,法系输出,4,3,10,手部,250,耐力+81；智力+81,法术强度+114；急速等级+62；命中等级+70,法术强度+103；急速等级+67；命中等级+66,法术强度×0.9035；急速等级×1.0806；命中等级×0.9429,5,389,408,0.9755,2,黄色,蓝色,0,,,,878,,48317,努波顿的凯旋手套,245,4,3,10,无,,34409,上古霜狼护手,48060,4,159,70
100689,破晓·战盔,护甲,法系输出,4,4,1,头部,250,耐力+108；智力+108,法术强度+139；暴击等级+87；急速等级+79,法术强度+132；暴击等级+80；急速等级+82,法术强度×0.9496；暴击等级×0.9195；急速等级×1.0380,5,526,521,0.9789,1,黄色,,0,,,,2046,,50867,光誓头冠,251,4,4,1,无,,42549,装甲泰坦神铁护目镜,43886,4,200,72
100690,破云战盔,护甲,法系输出,4,4,1,头部,250,智力+93；耐力+101,急速等级+91；暴击等级+72；法术强度+157,急速等级+93；暴击等级+76；法术强度+151,急速等级×1.0220；暴击等级×1.0556；法术强度×0.9618,5,490,514,1.0000,1,蓝色,,0,,,,2038,,49476,审判法冠,245,4,4,1,无,,44949,牢固治疗增幅器,45782,4,200,72
100691,巨魔祭司镇压头冠,护甲,法系输出,4,4,1,头部,250,耐力+108；智力+108,法术强度+137；暴击等级+78；急速等级+85,法术强度+149；暴击等级+79；急速等级+82,法术强度×1.0876；暴击等级×1.0128；急速等级×0.9647,5,493,516,1.0194,1,红色,,0,,,,2038,,48592,莉亚德琳的凯旋头饰,245,4,4,1,无,,34243,燃烧的正义,48022,4,164,70
100692,希利苏斯极光面甲,护甲,法系输出,4,4,1,头部,250,耐力+108；智力+108,法术强度+137；暴击等级+78；急速等级+85,法术强度+148；暴击等级+81；急速等级+82,法术强度×1.0803；暴击等级×1.0385；急速等级×0.9647,5,493,516,1.0213,2,黄色,蓝色,0,,,,2038,,48577,图拉扬的凯旋头饰,245,4,4,1,无,,34345,安纳斯特里亚的王冠,48033,4,164,70
100693,哀嚎洞穴肩胄,护甲,法系输出,4,4,3,肩部,250,耐力+80；智力+80,法术强度+115；暴击等级+70；急速等级+62,法术强度+109；暴击等级+76；急速等级+66,法术强度×0.9478；暴击等级×1.0857；急速等级×1.0645,5,412,407,1.0098,1,黄色,,0,,,,1889,,50865,光誓肩铠,251,4,4,3,无,,34192,坚定肩铠,50016,4,159,70
100694,星语者冻结肩胄,护甲,法系输出,4,4,3,肩部,250,耐力+81；智力+81,法术强度+114；暴击等级+70；急速等级+62,法术强度+121；暴击等级+77；急速等级+65,法术强度×1.0614；暴击等级×1.1000；急速等级×1.0484,5,389,408,1.0417,1,蓝色,,0,,,,1881,,48590,莉亚德琳的凯旋护肩,245,4,4,3,无,,34193,萨拉斯救世主护肩,50017,4,159,70
100695,源质穿云肩卫,护甲,法系输出,4,4,3,肩部,250,耐力+81；智力+81,法术强度+114；暴击等级+70；急速等级+62,法术强度+122；暴击等级+68；急速等级+63,法术强度×1.0702；暴击等级×0.9714；急速等级×1.0161,5,389,408,1.0172,1,红色,,0,,,,1881,,48579,图拉扬的凯旋护肩,245,4,4,3,无,,34388,狂暴肩铠,50015,4,159,70
100696,肩甲·深渊,护甲,法系输出,4,4,3,肩部,250,耐力+81；智力+81,法术强度+114；暴击等级+62；急速等级+70,法术强度+122；暴击等级+58；急速等级+69,法术强度×1.0702；暴击等级×0.9355；急速等级×0.9857,5,389,408,1.0074,1,黄色,,0,,,,1881,,47702,骑兵护肩,245,4,4,3,无,,35031,野蛮角斗士的板层甲护肩,50003,4,159,70
100697,诅咒之地之胸铠,护甲,法系输出,4,4,5,胸部,250,耐力+108；智力+108,法术强度+148；暴击等级+95；急速等级+79,法术强度+145；暴击等级+104；急速等级+83,法术强度×0.9797；暴击等级×1.0947；急速等级×1.0506,5,543,538,1.0186,0,,,0,,,,2519,,50869,光誓罩袍,251,4,4,5,无,,34215,鲁莽怒火战甲,48015,4,159,70
100698,群星·胸铠,护甲,法系输出,4,4,5,胸部,250,耐力+108；智力+108,法术强度+146；急速等级+94；暴击等级+78,法术强度+149；急速等级+101；暴击等级+81,法术强度×1.0205；急速等级×1.0745；暴击等级×1.0385,5,510,534,1.0243,1,蓝色,,0,,,,2509,,47310,冰湖胸甲,245,4,4,5,无,,34216,英勇仲裁者胸甲,48016,4,159,70
100699,灰熊丘陵星云战衣,护甲,法系输出,4,4,5,胸部,250,耐力+108；智力+108,法术强度+146；急速等级+94；暴击等级+78,法术强度+154；急速等级+85；暴击等级+74,法术强度×1.0548；急速等级×0.9043；暴击等级×0.9487,5,510,534,0.9906,2,红色,黄色,0,,,,2509,,47142,冰湖护胸,245,4,4,5,无,,34377,硬化氪金战甲,48927,4,159,70
100700,生命守护胸甲,护甲,法系输出,4,4,5,胸部,250,耐力+108；智力+107,法术强度+141；急速等级+88；暴击等级+80,法术强度+140；急速等级+96；暴击等级+81,法术强度×0.9929；急速等级×1.0909；暴击等级×1.0125,5,563,524,1.0153,1,黄色,,0,,,,2529,,47471,冰湖胸甲,258,4,4,5,无,,34379,圣日胸甲,48928,4,159,70
100701,幻光腰铠,护甲,法系输出,4,4,6,腰部,250,耐力+85；智力+77,法术强度+114；急速等级+80；暴击等级+47,法术强度+119；急速等级+76；暴击等级+43,法术强度×1.0439；急速等级×0.9500；暴击等级×0.9149,5,385,403,0.9926,1,黄色,,0,,,,1411,,47997,冻土束带,245,4,4,6,无,,35155,护卫者的板层甲腰带,48660,4,159,70
100702,卡拉赞命运战带,护甲,法系输出,4,4,6,腰部,250,耐力+85；智力+77,法术强度+114；急速等级+80；暴击等级+47,法术强度+117；急速等级+81；暴击等级+46,法术强度×1.0263；急速等级×1.0125；暴击等级×0.9787,5,385,403,1.0074,1,蓝色,,0,,,,1411,,47924,冰冻疆土腰带,245,4,4,6,无,,35161,护卫者的板甲腰带,48661,4,159,70
100703,暮光审判官裂地扣带,护甲,法系输出,4,4,6,腰部,250,耐力+80；智力+79,法术强度+106；急速等级+56；暴击等级+70,法术强度+114；急速等级+51；暴击等级+75,法术强度×1.0755；急速等级×0.9107；暴击等级×1.0714,5,422,391,1.0205,2,红色,黄色,0,,,,1422,,53121,代行者腰带,258,4,4,6,无,,34485,光明使者护腰,48355,4,154,70
100704,追猎者腰铠,护甲,法系输出,4,4,6,腰部,250,耐力+81；智力+80,法术强度+108；暴击等级+70；急速等级+57,法术强度+108；暴击等级+74；急速等级+62,法术强度×1.0000；暴击等级×1.0571；急速等级×1.0877,5,450,396,1.0227,1,黄色,,0,,,,1426,,50989,巫妖杀手的索带,264,4,4,6,无,,34546,冲锋腰带,48360,4,154,70
100705,生长腿胄,护甲,法系输出,4,4,7,腿部,250,耐力+108；智力+108,法术强度+139；暴击等级+80；急速等级+86,法术强度+144；暴击等级+85；急速等级+88,法术强度×1.0360；暴击等级×1.0625；急速等级×1.0233,5,526,521,1.0230,2,黄色,蓝色,0,,,,2204,,50775,蚀银腿甲,251,4,4,7,无,,34167,神圣信仰腿铠,47988,4,159,70
100706,诅咒之城梦境腿铠,护甲,法系输出,4,4,7,腿部,250,耐力+108；智力+108,法术强度+146；暴击等级+84；急速等级+88,法术强度+137；暴击等级+84；急速等级+85,法术强度×0.9384；暴击等级×1.0000；急速等级×0.9659,5,510,534,0.9775,2,蓝色,红色,0,,,,2196,,47279,陨落圣光护腿,245,4,4,7,无,,34180,魔怒腿铠,47991,4,159,70
100707,泰坦监护者腿甲,护甲,法系输出,4,4,7,腿部,250,耐力+108；智力+108,法术强度+146；暴击等级+84；急速等级+88,法术强度+159；暴击等级+81；急速等级+81,法术强度×1.0890；暴击等级×0.9643；急速等级×0.9205,5,510,534,1.0056,1,红色,,0,,,,2196,,47057,陨落圣光腿铠,245,4,4,7,无,,34381,魔能力量腿铠,48043,4,159,70
100708,索拉查腿铠,护甲,法系输出,4,4,7,腿部,250,耐力+108；智力+107,法术强度+141；暴击等级+81；急速等级+86,法术强度+129；暴击等级+75；急速等级+79,法术强度×0.9149；暴击等级×0.9259；急速等级×0.9186,5,563,523,0.9522,1,黄色,,0,,,,2212,,47440,陨落圣光护腿,258,4,4,7,无,,34382,仲裁者护腿,48045,4,159,70
100709,冬泉谷紫电足铠,护甲,法系输出,4,4,8,脚部,250,耐力+81；智力+81,法术强度+114；暴击等级+62；急速等级+70,法术强度+123；暴击等级+66；急速等级+69,法术强度×1.0789；暴击等级×1.0645；急速等级×0.9857,5,389,408,1.0294,1,黄色,,0,,,,1725,,47263,英勇战靴,245,4,4,8,无,,35140,护卫者的板层甲护胫,48663,4,159,70
100710,安其拉之护足,护甲,法系输出,4,4,8,脚部,250,耐力+81；智力+81,法术强度+114；暴击等级+62；急速等级+70,法术强度+117；暴击等级+61；急速等级+71,法术强度×1.0263；暴击等级×0.9839；急速等级×1.0143,5,389,408,1.0074,1,蓝色,,0,,,,1725,,46985,英勇长靴,245,4,4,8,无,,35146,护卫者的板甲护胫,48669,4,159,70
100711,潜行者之战靴,护甲,法系输出,4,4,8,脚部,250,耐力+80；智力+79,法术强度+106；暴击等级+56；急速等级+71,法术强度+111；暴击等级+57；急速等级+69,法术强度×1.0472；暴击等级×1.0179；急速等级×0.9718,5,422,392,1.0102,1,红色,,0,,,,1738,,47424,英勇战靴,258,4,4,8,无,,34559,光明使者轻靴,48366,4,154,70
100712,嚎风峡湾之踏靴,护甲,法系输出,4,4,8,脚部,250,耐力+80；智力+79,法术强度+106；暴击等级+56；急速等级+71,法术强度+109；暴击等级+55；急速等级+68,法术强度×1.0283；暴击等级×0.9821；急速等级×0.9577,5,422,392,0.9974,1,黄色,,0,,,,1738,,46986,英勇长靴,258,4,4,8,无,,34568,冲锋战靴,48372,4,154,70
100713,自然裁断腕甲,护甲,法系输出,4,4,9,腕部,250,耐力+60；智力+60,法术强度+86；暴击等级+45；急速等级+53,法术强度+87；暴击等级+48；急速等级+52,法术强度×1.0116；暴击等级×1.0667；急速等级×0.9811,5,347,304,1.0099,1,黄色,,0,,,,1109,,50175,镇墓人护腕,264,4,4,9,无,,34431,光明使者腕环,48313,4,154,70
100714,幻光腕铠,护甲,法系输出,4,4,9,腕部,250,耐力+60；智力+60,法术强度+86；暴击等级+45；急速等级+53,法术强度+94；暴击等级+46；急速等级+55,法术强度×1.0930；暴击等级×1.0222；急速等级×1.0377,5,347,304,1.0362,0,,,0,,,,1109,,50175,镇墓人护腕,264,4,4,9,无,,34432,光明使者护腕,48312,4,154,70
100715,雷霆崖之臂甲,护甲,法系输出,4,4,9,腕部,250,耐力+61；智力+59,法术强度+87；暴击等级+46；急速等级+54,法术强度+86；暴击等级+50；急速等级+53,法术强度×0.9885；暴击等级×1.0870；急速等级×0.9815,5,394,307,1.0065,1,红色,,0,,,,1115,,50721,镇墓人护腕,277,4,4,9,无,,34433,光明使者腕甲,48314,4,154,70
100716,洪荒镇压腕铠,护甲,法系输出,4,4,9,腕部,250,耐力+68；智力+59,暴击等级+54；急速等级+52；法术强度+91,暴击等级+54；急速等级+48；法术强度+100,暴击等级×1.0000；急速等级×0.9231；法术强度×1.0989,5,244,324,1.0154,0,,,0,,,,1112,,49797,无星之夜护腕,219,4,4,9,无,,34441,冲锋护腕,48347,4,154,70
100717,星语者擎天护手,护甲,法系输出,4,4,10,手部,250,耐力+81；智力+80,法术强度+108；暴击等级+70；急速等级+57,法术强度+117；暴击等级+77；急速等级+60,法术强度×1.0833；暴击等级×1.1000；急速等级×1.0526,5,450,396,1.0480,1,黄色,,0,,,,1584,,50976,白炽护手,264,4,4,10,无,,34341,边疆手套,48032,4,164,70
100718,潜行者之臂铠,护甲,法系输出,4,4,10,手部,250,耐力+81；智力+80,法术强度+108；暴击等级+70；急速等级+57,法术强度+115；暴击等级+71；急速等级+52,法术强度×1.0648；暴击等级×1.0143；急速等级×0.9123,5,450,396,1.0076,1,蓝色,,0,,,,1584,,49995,阵亡领主的手甲,264,4,4,10,无,,34240,宁静灵魂护手,48905,4,159,70
100719,手甲·霜裔,护甲,法系输出,4,4,10,手部,250,耐力+64；智力+71,法术强度+122；暴击等级+52；急速等级+66,法术强度+115；暴击等级+48；急速等级+72,法术强度×0.9426；暴击等级×0.9231；急速等级×1.0909,5,301,375,0.9867,0,,,0,,,,1573,,45928,雷神护手,226,4,4,10,无,,34378,硬化氪金拳甲,48926,4,159,70
100720,幻光碎星拳甲,护甲,法系输出,4,4,10,手部,250,耐力+81；智力+80,法术强度+108；暴击等级+70；急速等级+57,法术强度+103；暴击等级+67；急速等级+52,法术强度×0.9537；暴击等级×0.9571；急速等级×0.9123,5,450,396,0.9672,1,黄色,,0,,,,1584,,50976,白炽护手,264,4,4,10,无,,35028,野蛮角斗士的板层甲手套,48640,4,159,70
100721,苍翠·头巾,护甲,治疗,4,1,1,头部,250,耐力+108；智力+108；精神+79,法术强度+139；暴击等级+87,法术强度+149；暴击等级+85,法术强度×1.0719；暴击等级×0.9770,5,526,521,1.0154,1,蓝色,,0,,,,274,,50765,血色侍僧罩帽,251,4,1,1,无,,34847,湮灭全视护目镜,43891,4,159,70
100722,红龙军团之头饰,护甲,治疗,4,1,1,头部,250,耐力+108；智力+108；精神+87,法术强度+148；急速等级+71,法术强度+157；急速等级+70,法术强度×1.0608；急速等级×0.9859,5,527,522,1.0153,0,,,0,,,,274,,50807,魔术师的龟裂兜帽,251,4,1,1,无,,35004,野蛮角斗士的鬼纹软帽,50005,4,159,70
100723,庇护头饰,护甲,治疗,4,1,1,头部,250,智力+94；精神+104；耐力+95,暴击等级+58；法术强度+157,暴击等级+57；法术强度+163,暴击等级×0.9828；法术强度×1.0382,5,484,508,1.0098,1,红色,,0,,,,273,,49484,复仇骨帽,245,4,1,1,无,,35054,野蛮角斗士的月布软帽,50007,4,159,70
100724,万法王冻结面罩,护甲,治疗,4,1,1,头部,250,耐力+108；智力+107；精神+87,法术强度+152；急速等级+75,法术强度+150；急速等级+68,法术强度×0.9868；急速等级×0.9067,5,601,529,0.9830,0,,,0,,,,276,,51896,魔术师的龟裂兜帽,264,4,1,1,无,,35097,野蛮角斗士的丝质罩帽,50008,4,159,70
100725,冲击衬肩,护甲,治疗,4,1,3,肩部,250,耐力+80；智力+80；精神+74,法术强度+105；暴击等级+48,法术强度+114；暴击等级+44,法术强度×1.0857；暴击等级×0.9167,5,391,387,1.0129,0,,,0,,,,253,,50988,浸血的医师护肩,251,4,1,3,无,,35056,野蛮角斗士的月布衬肩,50010,4,159,70
100726,亘古裂地肩巾,护甲,治疗,4,1,3,肩部,250,耐力+81；智力+81；精神+70,法术强度+114；急速等级+62,法术强度+105；急速等级+63,法术强度×0.9211；急速等级×1.0161,5,389,408,0.9804,0,,,0,,,,252,,47716,人性敬畏护肩,245,4,1,3,无,,35096,野蛮角斗士的丝质护肩,50011,4,159,70
100727,战争领主镇压披肩,护甲,治疗,4,1,3,肩部,250,耐力+80；智力+80；精神+70,法术强度+115；暴击等级+62,法术强度+110；暴击等级+60,法术强度×0.9565；暴击等级×0.9677,5,412,407,0.9828,0,,,0,,,,253,,50767,血色侍僧肩垫,251,4,1,3,无,,31054,凶星衬肩,45676,4,146,70
100728,肩巾·暮光,护甲,治疗,4,1,3,肩部,250,耐力+81；智力+81；精神+70,法术强度+114；急速等级+62,法术强度+122；急速等级+56,法术强度×1.0702；急速等级×0.9032,5,389,408,1.0049,0,,,0,,,,252,,47715,人性敬畏衬肩,245,4,1,3,无,,31059,风暴衬肩,45126,4,146,70
100729,镇世外衣,护甲,治疗,4,1,20,胸部,250,耐力+108；智力+108；精神+87,法术强度+148；暴击等级+87,法术强度+157；暴击等级+93,法术强度×1.0608；暴击等级×1.0690,5,543,538,1.0279,0,,,0,,,,337,,50768,血色侍僧法袍,251,4,1,20,无,,35007,野蛮角斗士的鬼纹长袍,49954,4,159,70
100730,庇护外衣,护甲,治疗,4,1,20,胸部,250,耐力+108；智力+108；精神+86,法术强度+146；急速等级+85,法术强度+135；急速等级+77,法术强度×0.9247；急速等级×0.9059,5,510,533,0.9644,1,黄色,,0,,,,336,,48093,萨布拉的凯旋法衣,245,4,1,20,无,,35057,野蛮角斗士的月布长袍,49963,4,159,70
100731,暮星之衣袍,护甲,治疗,4,1,20,胸部,250,耐力+108；智力+108；精神+86,法术强度+146；暴击等级+86,法术强度+138；暴击等级+83,法术强度×0.9452；暴击等级×0.9651,5,510,534,0.9794,0,,,0,,,,336,,48063,萨布拉的凯旋法袍,245,4,1,20,无,,35099,野蛮角斗士的丝质外衣,49958,4,159,70
100732,大领主之外衣,护甲,治疗,4,1,20,胸部,250,耐力+108；智力+108；精神+86,法术强度+146；急速等级+85,法术强度+138；急速等级+91,法术强度×0.9452；急速等级×1.0706,5,510,533,0.9962,2,蓝色,黄色,0,,,,336,,48080,维伦的凯旋法衣,245,4,1,20,无,,34233,幻化光芒长袍,48300,4,154,70
100733,冰封束腰,护甲,治疗,4,1,6,腰部,250,耐力+81；智力+77；精神+76,法术强度+123；暴击等级+49,法术强度+124；暴击等级+47,法术强度×1.0081；暴击等级×0.9592,5,387,406,0.9975,0,,,0,,,,189,,48054,永恒束带,245,4,1,6,无,,34541,凶星腰带,48359,4,154,70
100734,穿云束腰,护甲,治疗,4,1,6,腰部,250,耐力+81；智力+81；精神+70,法术强度+114；急速等级+62,法术强度+115；急速等级+59,法术强度×1.0088；急速等级×0.9516,5,389,408,0.9951,2,黄色,红色,0,,,,189,,47258,黑雾腰带,245,4,1,6,无,,34557,风暴腰带,48354,4,154,70
100735,混沌之腰链,护甲,治疗,4,1,6,腰部,250,耐力+81；智力+77；精神+76,法术强度+123；暴击等级+49,法术强度+130；暴击等级+46,法术强度×1.0569；暴击等级×0.9388,5,387,406,1.0099,2,红色,蓝色,0,,,,189,,47977,永生束带,245,4,1,6,无,,33882,守备官的鬼纹腰带,47412,4,146,70
100736,诅咒之城束带,护甲,治疗,4,1,6,腰部,250,耐力+81；智力+81；精神+70,法术强度+114；急速等级+62,法术强度+125；急速等级+63,法术强度×1.0965；急速等级×1.0161,5,389,408,1.0294,1,蓝色,,0,,,,189,,46972,黑雾束带,245,4,1,6,无,,33900,守备官的月布腰带,47421,4,146,70
100737,深渊长裤,护甲,治疗,4,1,7,腿部,250,耐力+96；智力+100；精神+79,法术强度+148；暴击等级+95,法术强度+135；暴击等级+99,法术强度×0.9122；暴击等级×1.0421,5,523,518,0.9826,0,,,0,,,,295,,51777,心灵映射护腿,251,4,1,7,无,,35013,野蛮角斗士的邪纹长裤,49955,4,159,70
100738,长裤·暮光,护甲,治疗,4,1,7,腿部,250,耐力+108；智力+108；精神+86,法术强度+146；急速等级+85,法术强度+132；急速等级+83,法术强度×0.9041；急速等级×0.9765,5,510,533,0.9700,1,黄色,,0,,,,294,,48064,萨布拉的凯旋护腿,245,4,1,7,无,,35055,野蛮角斗士的月布护腿,49964,4,159,70
100739,暮光降临长裤,护甲,治疗,4,1,7,腿部,250,耐力+125；智力+94；精神+93,法术强度+157；暴击等级+75,法术强度+143；暴击等级+70,法术强度×0.9108；暴击等级×0.9333,5,518,544,0.9651,2,红色,蓝色,0,,,,294,,48004,恶魔信使裹腿,245,4,1,7,无,,35100,野蛮角斗士的丝质长裤,49959,4,159,70
100740,幽暗城星云裤腿,护甲,治疗,4,1,7,腿部,250,耐力+108；智力+108；精神+86,法术强度+146；急速等级+85,法术强度+141；急速等级+85,法术强度×0.9658；急速等级×1.0000,5,510,533,0.9906,1,蓝色,,0,,,,294,,47985,维伦的凯旋护腿,245,4,1,7,无,,30912,永恒护腿,45218,4,151,70
100741,银色北伐军之护足,护甲,治疗,4,1,8,脚部,250,耐力+80；智力+80；精神+54,法术强度+105；暴击等级+70,法术强度+107；暴击等级+70,法术强度×1.0190；暴击等级×1.0000,5,394,389,1.0051,1,蓝色,,0,,,,232,,51380,白凶长靴,251,4,1,8,无,,34563,赦免软靴,48368,4,154,70
100742,纯净足具,护甲,治疗,4,1,8,脚部,250,耐力+81；智力+81；精神+70,法术强度+114；急速等级+62,法术强度+119；急速等级+65,法术强度×1.0439；急速等级×1.0484,5,389,408,1.0196,0,,,0,,,,231,,47293,孀妇便鞋,245,4,1,8,无,,34564,凶星长靴,48371,4,154,70
100743,铸魂者之足具,护甲,治疗,4,1,8,脚部,250,耐力+81；智力+81；精神+54,法术强度+114；暴击等级+76,法术强度+111；暴击等级+82,法术强度×0.9737；暴击等级×1.0789,5,386,406,1.0074,0,,,0,,,,231,,49234,哀魂长靴,245,4,1,8,无,,34574,风暴长靴,48365,4,154,70
100744,幻影之布靴,护甲,治疗,4,1,8,脚部,250,耐力+81；智力+81；精神+70,法术强度+114；急速等级+62,法术强度+121；急速等级+58,法术强度×1.0614；急速等级×0.9355,5,389,408,1.0074,1,蓝色,,0,,,,231,,47092,孀妇长靴,245,4,1,8,无,,33884,守备官的鬼纹便鞋,47414,4,146,70
100745,希利苏斯奥术护臂,护甲,治疗,4,1,9,腕部,250,耐力+60；智力+60；精神+51,法术强度+84；暴击等级+47,法术强度+87；暴击等级+51,法术强度×1.0357；暴击等级×1.0851,5,305,302,1.0232,1,蓝色,,0,,,,148,,50785,黑暗祝福护腕,251,4,1,9,无,,35174,护卫者的月布护腕,48687,4,154,70
100746,深渊护臂,护甲,治疗,4,1,9,腕部,250,耐力+61；智力+61；精神+53,法术强度+93；急速等级+52,法术强度+95；急速等级+49,法术强度×1.0215；急速等级×0.9423,5,305,320,0.9969,0,,,0,,,,147,,47324,苍白圣徒护腕,245,4,1,9,无,,35179,护卫者的丝质护腕,48690,4,154,70
100747,金曦护臂,护甲,治疗,4,1,9,腕部,250,耐力+61；智力+61；精神+53,法术强度+84；暴击等级+44,法术强度+86；暴击等级+43,法术强度×1.0238；暴击等级×0.9773,5,288,303,1.0033,1,红色,,0,,,,147,,47588,皇家月幕护腕,245,4,1,9,无,,30870,崩坏腕甲,45745,4,141,70
100748,银月城之护臂,护甲,治疗,4,1,9,腕部,250,耐力+61；智力+61；精神+53,法术强度+93；急速等级+52,法术强度+98；急速等级+53,法术强度×1.0538；急速等级×1.0192,5,305,320,1.0188,2,蓝色,黄色,0,,,,147,,47203,苍白圣徒腕甲,245,4,1,9,无,,30871,殉难护腕,45743,4,141,70
100749,剃刀高地手饰,护甲,治疗,4,1,10,手部,250,耐力+80；智力+80；精神+57,法术强度+101；暴击等级+66,法术强度+98；暴击等级+62,法术强度×0.9703；暴击等级×0.9394,5,346,384,0.9818,1,蓝色,,0,,,,210,,45520,警戒裹手,239,4,1,10,无,,34367,永恒光芒之手,48920,4,159,70
100750,驭雷者之手甲,护甲,治疗,4,1,10,手部,250,耐力+80；智力+80；精神+70,法术强度+115；急速等级+62,法术强度+107；急速等级+62,法术强度×0.9304；急速等级×1.0000,5,412,407,0.9803,2,黄色,红色,0,,,,210,,50766,血色侍僧手套,251,4,1,10,无,,35003,野蛮角斗士的鬼纹手套,48618,4,159,70
100751,屠龙者手套,护甲,治疗,4,1,10,手部,250,耐力+81；智力+80；精神+70,法术强度+108；暴击等级+56,法术强度+117；暴击等级+53,法术强度×1.0833；暴击等级×0.9464,5,450,395,1.0152,0,,,0,,,,212,,50984,矛盾手套,264,4,1,10,无,,35053,野蛮角斗士的月布手套,49960,4,159,70
100752,仲裁者之手套,护甲,治疗,4,1,10,手部,250,耐力+81；智力+81；精神+62,法术强度+114；急速等级+70,法术强度+125；急速等级+72,法术强度×1.0965；急速等级×1.0286,5,389,408,1.0319,2,蓝色,黄色,0,,,,210,,48066,萨布拉的凯旋兜帽,245,4,1,10,无,,35098,野蛮角斗士的丝质护手,49957,4,159,70
100753,泰坦·兜帽,护甲,治疗,4,2,1,头部,250,耐力+108；智力+108；精神+79,法术强度+139；暴击等级+87,法术强度+149；暴击等级+88,法术强度×1.0719；暴击等级×1.0115,5,526,521,1.0211,1,蓝色,,0,,,,516,,51585,席瓦娜的繁星头盔,251,4,2,1,无,,34999,野蛮角斗士的龙皮头盔,48601,4,159,70
100754,赞加沼泽之头冠,护甲,治疗,4,2,1,头部,250,耐力+108；智力+108；精神+86,法术强度+137；急速等级+77,法术强度+147；急速等级+79,法术强度×1.0730；急速等级×1.0260,5,493,516,1.0233,1,黄色,,0,,,,513,,47690,盎然生长头盔,245,4,2,1,无,,35023,野蛮角斗士的科多皮头盔,48602,4,159,70
100755,镇魂使临世面甲,护甲,治疗,4,2,1,头部,250,耐力+108；智力+108；精神+87,法术强度+139；暴击等级+79,法术强度+126；暴击等级+72,法术强度×0.9065；暴击等级×0.9114,5,526,521,0.9616,2,红色,蓝色,0,,,,516,,50108,树纹头盔,251,4,2,1,无,,35033,野蛮角斗士的皮甲头盔,48739,4,159,70
100756,星轨面甲,护甲,治疗,4,2,1,头部,250,耐力+108；智力+108；精神+86,法术强度+137；急速等级+77,法术强度+125；急速等级+84,法术强度×0.9124；急速等级×1.0909,5,493,516,0.9903,1,蓝色,,0,,,,513,,47691,盎然生机面罩,245,4,2,1,无,,32235,萨格拉斯的诅咒视界,52634,4,151,70
100757,日蚀·肩铠,护甲,治疗,4,2,3,肩部,250,耐力+81；智力+81；精神+70,法术强度+114；暴击等级+62,法术强度+109；暴击等级+59,法术强度×0.9561；暴击等级×0.9516,5,389,408,0.9804,1,蓝色,,0,,,,474,,48167,玛法里奥的凯旋护肩,245,4,2,3,无,,35035,野蛮角斗士的皮甲护肩,48598,4,159,70
100758,秘法之肩铠,护甲,治疗,4,2,3,肩部,250,耐力+81；智力+81；精神+62,法术强度+114；急速等级+70,法术强度+125；急速等级+72,法术强度×1.0965；急速等级×1.0286,5,389,408,1.0319,0,,,0,,,,474,,48148,符文图腾的凯旋肩铠,245,4,2,3,无,,31030,刺杀者护肩,45436,4,146,70
100759,血月·肩卫,护甲,治疗,4,2,3,肩部,250,耐力+81；智力+81；精神+70,法术强度+114；暴击等级+62,法术强度+115；暴击等级+60,法术强度×1.0088；暴击等级×0.9677,5,389,408,0.9975,0,,,0,,,,474,,47712,命运协奏护肩,245,4,2,3,无,,31047,雷霆之心肩甲,45667,4,146,70
100760,圣贤披肩,护甲,治疗,4,2,3,肩部,250,耐力+81；智力+81；精神+62,法术强度+114；急速等级+70,法术强度+112；急速等级+70,法术强度×0.9825；急速等级×1.0000,5,389,408,0.9951,1,蓝色,,0,,,,474,,48137,玛法里奥的凯旋肩铠,245,4,2,3,无,,33674,复仇角斗士的龙皮护肩,46944,4,146,70
100761,银色北伐军护甲,护甲,治疗,4,2,20,胸部,250,耐力+108；智力+108；精神+86,法术强度+146；暴击等级+86,法术强度+158；暴击等级+83,法术强度×1.0822；暴击等级×0.9651,5,510,534,1.0169,0,,,0,,,,632,,48149,符文图腾的凯旋法袍,245,4,2,20,无,,34397,混沌刀锋外套,48054,4,159,70
100762,护胸·静潮,护甲,治疗,4,2,20,胸部,250,耐力+108；智力+108；精神+95,法术强度+146；急速等级+77,法术强度+154；急速等级+78,法术强度×1.0548；急速等级×1.0130,5,510,534,1.0169,1,黄色,,0,,,,632,,47094,反目外衣,245,4,2,20,无,,34398,艾露恩的幻想外套,48055,4,159,70
100763,霸主之护甲,护甲,治疗,4,2,20,胸部,250,耐力+108；智力+108；精神+86,法术强度+146；暴击等级+86,法术强度+150；暴击等级+93,法术强度×1.0274；暴击等级×1.0814,5,510,534,1.0206,1,红色,,0,,,,632,,48136,玛法里奥的凯旋法袍,245,4,2,20,无,,35002,野蛮角斗士的龙皮外套,49968,4,159,70
100764,血色修道院晨辉胸甲,护甲,治疗,4,2,20,胸部,250,耐力+108；智力+107；精神+94,法术强度+141；急速等级+73,法术强度+153；急速等级+77,法术强度×1.0851；急速等级×1.0548,5,563,523,1.0306,1,蓝色,,0,,,,637,,47453,反目长袍,258,4,2,20,无,,35036,野蛮角斗士的皮甲外套,48599,4,159,70
100765,腰甲·霜痕,护甲,治疗,4,2,6,腰部,250,耐力+81；智力+81；精神+67,法术强度+103；暴击等级+54,法术强度+111；暴击等级+52,法术强度×1.0777；暴击等级×0.9630,5,368,386,1.0155,1,蓝色,,0,,,,355,,47929,冬至腰带,245,4,2,6,无,,33879,守备官的龙皮腰带,47409,4,146,70
100766,影月谷龙骨扣带,护甲,治疗,4,2,6,腰部,250,耐力+81；智力+81；精神+70,法术强度+114；急速等级+62,法术强度+121；急速等级+65,法术强度×1.0614；急速等级×1.0484,5,389,408,1.0245,2,黄色,红色,0,,,,355,,47140,灰棘束带,245,4,2,6,无,,33891,守备官的皮甲腰带,47900,4,146,70
100767,冬拥湖亘古腰带,护甲,治疗,4,2,6,腰部,250,耐力+80；智力+80；精神+70,法术强度+105；暴击等级+54,法术强度+109；暴击等级+52,法术强度×1.0381；暴击等级×0.9630,5,394,389,1.0051,0,,,0,,,,357,,50795,黑暗苦痛束带,251,4,2,6,无,,30879,阿加多的腰带,45245,4,141,70
100768,万法王扣带,护甲,治疗,4,2,6,腰部,250,耐力+81；智力+81；精神+70,法术强度+114；急速等级+62,法术强度+109；急速等级+59,法术强度×0.9561；急速等级×0.9516,5,389,408,0.9804,0,,,0,,,,355,,33483,生命步伐腰带,245,4,2,6,无,,30914,新月腰带,45244,4,141,70
100769,炽焰之战裙,护甲,治疗,4,2,7,腿部,250,耐力+108；智力+107；精神+87,法术强度+144；暴击等级+80,法术强度+134；暴击等级+78,法术强度×0.9306；暴击等级×0.9750,5,600,526,0.9772,1,蓝色,,0,,,,559,,49898,自然喷薄裹腿,264,4,2,7,无,,31029,刺杀者护腿,45428,4,146,70
100770,祖尔格拉布之战裙,护甲,治疗,4,2,7,腿部,250,耐力+108；智力+108；精神+95,法术强度+148；急速等级+77,法术强度+146；急速等级+71,法术强度×0.9865；急速等级×0.9221,5,541,536,0.9851,1,黄色,,0,,,,555,,50109,树纹腿甲,251,4,2,7,无,,31044,雷霆之心护腿,45665,4,146,70
100771,复苏腿甲,护甲,治疗,4,2,7,腿部,250,耐力+107；智力+110；精神+96,法术强度+141；暴击等级+74,法术强度+142；暴击等级+71,法术强度×1.0071；暴击等级×0.9595,5,421,528,0.9962,1,红色,,0,,,,554,,46185,征服者的夜歌护腿,226,4,2,7,无,,31045,雷霆之心腿甲,45666,4,146,70
100772,腿铠·泰坦,护甲,治疗,4,2,7,腿部,250,耐力+108；智力+108；精神+86,法术强度+146；急速等级+85,法术强度+150；急速等级+93,法术强度×1.0274；急速等级×1.0941,5,510,533,1.0225,0,,,0,,,,553,,48150,符文图腾的凯旋护腿,245,4,2,7,无,,33673,复仇角斗士的龙皮护腿,46946,4,146,70
100773,踏靴·虚空,护甲,治疗,4,2,8,脚部,250,耐力+81；智力+81；精神+62,法术强度+114；暴击等级+70,法术强度+113；暴击等级+70,法术强度×0.9912；暴击等级×1.0000,5,389,408,0.9975,1,蓝色,,0,,,,434,,47262,严冬长靴,245,4,2,8,无,,34575,刺杀者战靴,48369,4,154,70
100774,余烬护足,护甲,治疗,4,2,8,脚部,250,耐力+92；智力+77；精神+70,法术强度+122；急速等级+69,法术强度+117；急速等级+74,法术强度×0.9590；急速等级×1.0725,5,342,430,1.0000,1,黄色,,0,,,,444,,45378,石化森林之靴,225,4,2,8,无,,33880,守备官的龙皮长靴,47428,4,146,70
100775,蚀日足甲,护甲,治疗,4,2,8,脚部,250,耐力+81；智力+81；精神+62,法术强度+114；暴击等级+70,法术强度+111；暴击等级+74,法术强度×0.9737；暴击等级×1.0571,5,389,408,1.0025,1,红色,,0,,,,434,,46988,无尽风暴长靴,245,4,2,8,无,,33892,守备官的皮甲长靴,47403,4,146,70
100776,逐日者之护足,护甲,治疗,4,2,8,脚部,250,耐力+81；智力+80；精神+63,法术强度+108；急速等级+64,法术强度+110；急速等级+58,法术强度×1.0185；急速等级×0.9062,5,450,396,0.9899,0,,,0,,,,439,,49894,塞纳里奥祝福之靴,264,4,2,8,无,,30886,魔化皮质便鞋,45238,4,141,70
100777,命运·臂甲,护甲,治疗,4,2,9,腕部,250,耐力+61；智力+61；精神+53,法术强度+84；暴击等级+44,法术强度+77；暴击等级+42,法术强度×0.9167；暴击等级×0.9545,5,288,303,0.9703,1,蓝色,,0,,,,276,,47583,月影臂甲,245,4,2,9,无,,35171,护卫者的皮甲护腕,48682,4,154,70
100778,镇世臂甲,护甲,治疗,4,2,9,腕部,250,耐力+61；智力+61；精神+53,法术强度+93；急速等级+52,法术强度+93；急速等级+54,法术强度×1.0000；急速等级×1.0385,5,305,320,1.0063,2,黄色,红色,0,,,,276,,47055,秋木护腕,245,4,2,9,无,,30863,致命腕甲,45746,4,141,70
100779,焚烧护腕,护甲,治疗,4,2,9,腕部,250,耐力+60；智力+60；精神+55,法术强度+84；暴击等级+41,法术强度+77；暴击等级+42,法术强度×0.9167；暴击等级×1.0244,5,304,300,0.9800,1,红色,,0,,,,277,,50985,剧毒冲击护腕,251,4,2,9,无,,30868,回春护腕,45753,4,141,70
100780,风暴峭壁护腕,护甲,治疗,4,2,9,腕部,250,耐力+60；智力+60；精神+45,法术强度+85；急速等级+53,法术强度+78；急速等级+49,法术强度×0.9176；急速等级×0.9245,5,327,303,0.9637,1,蓝色,,0,,,,278,,47438,秋木束腕,258,4,2,9,无,,32324,阴险护腕,47436,4,141,70
100781,通灵学院拳甲,护甲,治疗,4,2,10,手部,250,耐力+81；智力+81；精神+70,法术强度+114；暴击等级+62,法术强度+106；暴击等级+62,法术强度×0.9298；暴击等级×1.0000,5,389,408,0.9804,0,,,0,,,,395,,48152,符文图腾的凯旋护手,245,4,2,10,无,,35032,野蛮角斗士的皮甲手套,49965,4,159,70
100782,裂地拳甲,护甲,治疗,4,2,10,手部,250,耐力+80；智力+80；精神+70,法术强度+115；急速等级+62,法术强度+119；急速等级+60,法术强度×1.0348；急速等级×0.9677,5,412,407,1.0049,1,黄色,,0,,,,397,,50107,树纹护手,251,4,2,10,无,,34351,稳固王权护手,48039,4,154,70
100783,燃烬者拳甲,护甲,治疗,4,2,10,手部,250,耐力+81；智力+81；精神+70,法术强度+114；暴击等级+62,法术强度+124；暴击等级+62,法术强度×1.0877；暴击等级×1.0000,5,389,408,1.0245,1,红色,,0,,,,395,,48133,玛法里奥的凯旋护手,245,4,2,10,无,,31026,刺杀者护手,45426,4,146,70
100784,峥嵘镇世手套,护甲,治疗,4,2,10,手部,250,耐力+81；智力+81；精神+62,法术强度+114；急速等级+70,法术强度+105；急速等级+67,法术强度×0.9211；急速等级×0.9571,5,389,408,0.9706,2,蓝色,黄色,0,,,,395,,48182,符文图腾的凯旋手套,245,4,2,10,无,,31032,雷霆之心手套,45664,4,146,70
100785,兜帽·赤焰,护甲,治疗,4,3,1,头部,250,智力+90；耐力+113,暴击等级+60；每5秒法力回复+47；法术强度+157,暴击等级+60；每5秒法力回复+47；法术强度+143,暴击等级×1.0000；每5秒法力回复×1.0000；法术强度×0.9108,5,446,467,0.9700,1,蓝色,,0,,,,1140,,49470,无尽风暴护盔,245,4,3,1,无,,34356,必中护目镜V3.0,45783,4,159,70
100786,回春头盔,护甲,治疗,4,3,1,头部,250,耐力+96；智力+102,法术强度+148；急速等级+87；每5秒法力回复+43,法术强度+139；急速等级+82；每5秒法力回复+47,法术强度×0.9392；急速等级×0.9425；每5秒法力回复×1.0930,5,480,476,0.9790,0,,,0,,,,1145,,50797,玄冰维库人头盔,251,4,3,1,无,,34992,野蛮角斗士的链甲头盔,48606,4,159,70
100787,救赎战盔,护甲,治疗,4,3,1,头部,250,耐力+108；智力+108,法术强度+137；暴击等级+80；每5秒法力回复+42,法术强度+141；暴击等级+81；每5秒法力回复+43,法术强度×1.0292；暴击等级×1.0125；每5秒法力回复×1.0238,5,453,475,1.0126,2,红色,蓝色,0,,,,1140,,48302,萨尔的凯旋头饰,245,4,3,1,无,,35044,野蛮角斗士的鳞甲头盔,48613,4,159,70
100788,圣辉焚天战盔,护甲,治疗,4,3,1,头部,250,耐力+108；智力+108,法术强度+137；急速等级+69；每5秒法力回复+47,法术强度+130；急速等级+74；每5秒法力回复+48,法术强度×0.9489；急速等级×1.0725；每5秒法力回复×1.0213,5,448,469,0.9979,1,蓝色,,0,,,,1140,,47687,热情蕴藏头甲,245,4,3,1,无,,35079,野蛮角斗士的环甲头盔,48614,4,159,70
100789,红龙冲击肩卫,护甲,治疗,4,3,3,肩部,250,耐力+81；智力+81,法术强度+114；暴击等级+62；每5秒法力回复+36,法术强度+110；暴击等级+66；每5秒法力回复+37,法术强度×0.9649；暴击等级×1.0645；每5秒法力回复×1.0278,5,356,374,1.0027,2,蓝色,黄色,0,,,,1053,,47707,碎地者护肩,245,4,3,3,无,,31006,戈隆追猎者护肩,45682,4,146,70
100790,晶歌森林之肩铠,护甲,治疗,4,3,3,肩部,250,耐力+81；智力+81,法术强度+114；急速等级+62；每5秒法力回复+36,法术强度+118；急速等级+63；每5秒法力回复+34,法术强度×1.0351；急速等级×1.0161；每5秒法力回复×0.9444,5,356,374,1.0080,0,,,0,,,,1053,,48304,萨尔的凯旋护肩,245,4,3,3,无,,31022,破天肩垫,45672,4,146,70
100791,命运·肩铠,护甲,治疗,4,3,3,肩部,250,耐力+81；智力+81,法术强度+114；暴击等级+62；每5秒法力回复+36,法术强度+124；暴击等级+61；每5秒法力回复+34,法术强度×1.0877；暴击等级×0.9839；每5秒法力回复×0.9444,5,356,374,1.0187,1,红色,,0,,,,1053,,47706,碎地者肩饰,245,4,3,3,无,,33668,复仇角斗士的链甲护肩,46881,4,146,70
100792,刀锋山肩铠,护甲,治疗,4,3,3,肩部,250,耐力+81；智力+81,法术强度+114；急速等级+62；每5秒法力回复+36,法术强度+115；急速等级+63；每5秒法力回复+39,法术强度×1.0088；急速等级×1.0161；每5秒法力回复×1.0833,5,356,374,1.0134,0,,,0,,,,1053,,48289,努波顿的凯旋护肩,245,4,3,3,无,,33710,复仇角斗士的鳞甲护肩,46890,4,146,70
100793,战衣·烈日,护甲,治疗,4,3,20,胸部,250,耐力+108；智力+108,法术强度+146；暴击等级+78；每5秒法力回复+47,法术强度+151；暴击等级+72；每5秒法力回复+50,法术强度×1.0342；暴击等级×0.9231；每5秒法力回复×1.0638,5,465,487,1.0041,1,蓝色,,0,,,,1404,,47325,元素流动胄甲,245,4,3,5,无,,34990,野蛮角斗士的链甲护胸,48604,4,159,70
100794,霜狼酋长破界战衣,护甲,治疗,4,3,20,胸部,250,耐力+108；智力+108,法术强度+139；急速等级+95；每5秒法力回复+36,法术强度+139；急速等级+97；每5秒法力回复+38,法术强度×1.0000；急速等级×1.0211；每5秒法力回复×1.0556,5,490,486,1.0082,0,,,0,,,,1409,,51551,虹吸元素胸甲,251,4,3,5,无,,35042,野蛮角斗士的鳞甲护胸,49969,4,159,70
100795,太古擎天胸甲,护甲,治疗,4,3,20,胸部,250,耐力+108；智力+108,法术强度+146；暴击等级+78；每5秒法力回复+47,法术强度+154；暴击等级+82；每5秒法力回复+48,法术强度×1.0548；暴击等级×1.0513；每5秒法力回复×1.0213,5,465,487,1.0267,1,红色,,0,,,,1404,,47204,元素流动胸甲,245,4,3,5,无,,30907,狂热追击锁甲,46356,4,151,70
100796,胸甲·洪荒,护甲,治疗,4,3,20,胸部,250,耐力+108；智力+108,法术强度+137；急速等级+69；每5秒法力回复+47,法术强度+135；急速等级+68；每5秒法力回复+46,法术强度×0.9854；急速等级×0.9855；每5秒法力回复×0.9787,5,448,469,0.9915,0,,,0,,,,1404,,47598,诱魔胸铠,245,4,3,5,无,,23565,扭曲虚空的拥抱,45807,4,146,70
100797,织法者扣带,护甲,治疗,4,3,6,腰部,250,耐力+79；智力+75,法术强度+114；暴击等级+54；每5秒法力回复+40,法术强度+116；暴击等级+58；每5秒法力回复+40,法术强度×1.0175；暴击等级×1.0741；每5秒法力回复×1.0000,5,344,362,1.0166,0,,,0,,,,789,,48005,暗矛仪祭缚带,245,4,3,6,无,,33877,守备官的链甲束带,47406,4,146,70
100798,自然扣带,护甲,治疗,4,3,6,腰部,250,耐力+80；智力+80,法术强度+105；急速等级+73；每5秒法力回复+25,法术强度+96；急速等级+76；每5秒法力回复+23,法术强度×0.9143；急速等级×1.0411；每5秒法力回复×0.9200,5,367,363,0.9780,2,黄色,红色,0,,,,793,,50784,亡语信徒腰带,251,4,3,6,无,,33895,守备官的鳞甲束带,47419,4,146,70
100799,圣殿骑士之腰带,护甲,治疗,4,3,6,腰部,250,耐力+79；智力+75,法术强度+114；暴击等级+54；每5秒法力回复+40,法术强度+118；暴击等级+55；每5秒法力回复+40,法术强度×1.0351；暴击等级×1.0185；每5秒法力回复×1.0000,5,344,362,1.0138,2,红色,蓝色,0,,,,789,,47932,先知束带,245,4,3,6,无,,30919,峡谷猎手腰带,45247,4,141,70
100800,净世扣带,护甲,治疗,4,3,6,腰部,250,耐力+80；智力+80,法术强度+105；急速等级+73；每5秒法力回复+25,法术强度+95；急速等级+69；每5秒法力回复+27,法术强度×0.9048；急速等级×0.9452；每5秒法力回复×1.0800,5,367,363,0.9669,1,蓝色,,0,,,,793,,50784,亡语信徒腰带,251,4,3,6,无,,32258,自然庇护腰带,45765,4,141,70
100801,铁炉堡之护腿,护甲,治疗,4,3,7,腿部,250,耐力+108；智力+108,法术强度+148；暴击等级+95；每5秒法力回复+40,法术强度+141；暴击等级+88；每5秒法力回复+43,法术强度×0.9527；暴击等级×0.9263；每5秒法力回复×1.0750,5,503,499,0.9780,1,蓝色,,0,,,,1233,,50838,霜巫腿甲,251,4,3,7,无,,35045,野蛮角斗士的鳞甲护腿,48615,4,159,70
100802,镇魂使护腿,护甲,治疗,4,3,7,腿部,250,耐力+108；智力+108,法术强度+146；急速等级+77；每5秒法力回复+47,法术强度+142；急速等级+76；每5秒法力回复+51,法术强度×0.9726；急速等级×0.9870；每5秒法力回复×1.0851,5,465,486,0.9979,1,黄色,,0,,,,1229,,47289,仇恨深藏护腿,245,4,3,7,无,,31005,戈隆追猎者护腿,45681,4,146,70
100803,腿铠·星海,护甲,治疗,4,3,7,腿部,250,耐力+108；智力+108,法术强度+146；暴击等级+88；每5秒法力回复+42,法术强度+160；暴击等级+96；每5秒法力回复+41,法术强度×1.0959；暴击等级×1.0909；每5秒法力回复×0.9762,5,470,492,1.0427,0,,,0,,,,1229,,48303,萨尔的凯旋腿甲,245,4,3,7,无,,31019,破天护腿,45671,4,146,70
100804,青铜龙擎天战裙,护甲,治疗,4,3,7,腿部,250,耐力+108；智力+108,法术强度+146；急速等级+77；每5秒法力回复+47,法术强度+134；急速等级+83；每5秒法力回复+43,法术强度×0.9178；急速等级×1.0779；每5秒法力回复×0.9149,5,465,486,0.9794,2,蓝色,黄色,0,,,,1229,,47083,仇恨深藏腿甲,245,4,3,7,无,,33667,复仇角斗士的链甲护腿,46882,4,146,70
100805,救赎踏靴,护甲,治疗,4,3,8,脚部,250,耐力+81；智力+81,法术强度+103；每5秒法力回复+27；暴击等级+70,法术强度+101；每5秒法力回复+27；暴击等级+75,法术强度×0.9806；每5秒法力回复×1.0000；暴击等级×1.0714,5,346,362,1.0083,1,蓝色,,0,,,,965,,49238,炼狱长靴,245,4,3,8,无,,33878,守备官的链甲战靴,47408,4,146,70
100806,黑锋骑士守护战靴,护甲,治疗,4,3,8,脚部,250,耐力+80；智力+80,法术强度+105；每5秒法力回复+35；急速等级+55,法术强度+110；每5秒法力回复+33；急速等级+52,法术强度×1.0476；每5秒法力回复×0.9429；急速等级×0.9455,5,358,355,1.0000,0,,,0,,,,969,,51006,躲闪之靴,251,4,3,8,无,,33896,守备官的鳞甲战靴,47420,4,146,70
100807,龙骨荒野战靴,护甲,治疗,4,3,8,脚部,250,耐力+81；智力+81,法术强度+103；每5秒法力回复+27；暴击等级+70,法术强度+110；每5秒法力回复+26；暴击等级+70,法术强度×1.0680；每5秒法力回复×0.9630；暴击等级×1.0000,5,346,362,1.0166,0,,,0,,,,965,,49237,炼狱战靴,245,4,3,8,无,,30873,止水长靴,45240,4,141,70
100808,唤星者断岳踏靴,护甲,治疗,4,3,8,脚部,250,耐力+80；智力+80,法术强度+105；每5秒法力回复+35；急速等级+55,法术强度+101；每5秒法力回复+32；急速等级+60,法术强度×0.9619；每5秒法力回复×0.9143；急速等级×1.0909,5,358,355,0.9944,1,蓝色,,0,,,,969,,51006,躲闪之靴,251,4,3,8,无,,30880,疾步长靴,45239,4,141,70
100809,血精灵魔导师裁断腕铠,护甲,治疗,4,3,9,腕部,250,耐力+61；智力+61,法术强度+93；每5秒法力回复+26；暴击等级+52,法术强度+93；每5秒法力回复+28；暴击等级+52,法术强度×1.0000；每5秒法力回复×1.0769；暴击等级×1.0000,5,280,293,1.0068,1,蓝色,,0,,,,614,,47280,溷沌预兆裹腕,245,4,3,9,无,,35172,护卫者的鳞甲护腕,48673,4,154,70
100810,护腕·雷霆,护甲,治疗,4,3,9,腕部,250,耐力+60；智力+60,法术强度+84；急速等级+49；每5秒法力回复+24,法术强度+80；急速等级+46；每5秒法力回复+25,法术强度×0.9524；急速等级×0.9388；每5秒法力回复×1.0417,5,280,277,0.9783,1,黄色,,0,,,,616,,50774,冷魂护腕,251,4,3,9,无,,30864,寻路者护腕,45744,4,141,70
100811,惊涛腕铠,护甲,治疗,4,3,9,腕部,250,耐力+61；智力+61,法术强度+93；每5秒法力回复+26；暴击等级+52,法术强度+96；每5秒法力回复+28；暴击等级+52,法术强度×1.0323；每5秒法力回复×1.0769；暴击等级×1.0000,5,280,293,1.0171,2,红色,蓝色,0,,,,614,,47056,溷沌预兆护腕,245,4,3,9,无,,30869,嚎风护腕,45750,4,141,70
100812,日蚀臂甲,护甲,治疗,4,3,9,腕部,250,耐力+61；智力+61,法术强度+84；急速等级+52；每5秒法力回复+18,法术强度+89；急速等级+49；每5秒法力回复+18,法术强度×1.0595；急速等级×0.9423；每5秒法力回复×1.0000,5,263,276,1.0072,0,,,0,,,,614,,47580,黑甲护腕,245,4,3,9,无,,32251,精准腕甲,45358,4,141,70
100813,寒冰皇冠破晓手甲,护甲,治疗,4,3,10,手部,250,耐力+80；智力+80,法术强度+115；暴击等级+70；每5秒法力回复+32,法术强度+123；暴击等级+65；每5秒法力回复+33,法术强度×1.0696；暴击等级×0.9286；每5秒法力回复×1.0312,5,381,377,1.0106,1,蓝色,,0,,,,880,,50836,霜巫手甲,251,4,3,10,无,,34991,野蛮角斗士的链甲手套,48605,4,159,70
100814,晨辉手套,护甲,治疗,4,3,10,手部,250,耐力+81；智力+81,法术强度+114；急速等级+62；每5秒法力回复+36,法术强度+104；急速等级+60；每5秒法力回复+34,法术强度×0.9123；急速等级×0.9677；每5秒法力回复×0.9444,5,356,374,0.9626,1,黄色,,0,,,,878,,48301,萨尔的凯旋手甲,245,4,3,10,无,,35043,野蛮角斗士的鳞甲手套,48611,4,159,70
100815,临世护手,护甲,治疗,4,3,10,手部,250,耐力+81；智力+81,每5秒法力回复+24；暴击等级+73；法术强度+103,每5秒法力回复+25；暴击等级+79；法术强度+96,每5秒法力回复×1.0417；暴击等级×1.0822；法术强度×0.9320,5,346,362,1.0000,2,红色,蓝色,0,,,,878,,48038,森金村仪祭者手套,245,4,3,10,无,,34350,上古影月护手,48037,4,154,70
100816,红龙军团之手甲,护甲,治疗,4,3,10,手部,250,耐力+81；智力+81,法术强度+114；急速等级+62；每5秒法力回复+36,法术强度+115；急速等级+67；每5秒法力回复+38,法术强度×1.0088；急速等级×1.0806；每5秒法力回复×1.0556,5,356,374,1.0214,1,蓝色,,0,,,,878,,48286,努波顿的凯旋手甲,245,4,3,10,无,,31001,戈隆追猎者手套,45679,4,146,70
100817,战盔·秘银,护甲,治疗,4,4,1,头部,250,耐力+108；智力+108,法术强度+137；暴击等级+69；每5秒法力回复+47,法术强度+145；暴击等级+67；每5秒法力回复+49,法术强度×1.0584；暴击等级×0.9710；每5秒法力回复×1.0426,5,448,469,1.0171,1,蓝色,,0,,,,2038,,47682,无眠守望头盔,245,4,4,1,无,,34400,达斯雷玛之冠,48058,4,159,70
100818,黑翼之巢面罩,护甲,治疗,4,4,1,头部,250,耐力+108；智力+108,法术强度+137；暴击等级+69；每5秒法力回复+47,法术强度+126；暴击等级+75；每5秒法力回复+47,法术强度×0.9197；暴击等级×1.0870；每5秒法力回复×1.0000,5,448,469,0.9893,2,黄色,红色,0,,,,2038,,47681,无眠守望重盔,245,4,4,1,无,,34401,乌瑟尔的决心之盔,48057,4,159,70
100819,仁心面罩,护甲,治疗,4,4,1,头部,250,耐力+108；智力+107,法术强度+152；暴击等级+80；每5秒法力回复+40,法术强度+160；暴击等级+77；每5秒法力回复+42,法术强度×1.0526；暴击等级×0.9625；每5秒法力回复×1.0500,5,555,487,1.0144,1,红色,,0,,,,2060,,50060,遗忘者面甲,264,4,4,1,无,,35029,野蛮角斗士的板层甲头盔,48740,4,159,70
100820,晶歌森林幻影头冠,护甲,治疗,4,4,1,头部,250,耐力+108；智力+108,法术强度+137；暴击等级+69；每5秒法力回复+47,法术强度+147；暴击等级+68；每5秒法力回复+44,法术强度×1.0730；暴击等级×0.9855；每5秒法力回复×0.9362,5,448,469,1.0128,0,,,0,,,,2038,,47682,无眠守望头盔,245,4,4,1,无,,35068,野蛮角斗士的板甲头盔,49685,4,159,70
100821,雷霆·肩铠,护甲,治疗,4,4,3,肩部,250,耐力+80；智力+80,法术强度+105；暴击等级+54；每5秒法力回复+36,法术强度+98；暴击等级+59；每5秒法力回复+33,法术强度×0.9333；暴击等级×1.0926；每5秒法力回复×0.9167,5,359,355,0.9859,0,,,0,,,,1889,,51586,翡翠圣徒肩铠,251,4,4,3,无,,35070,野蛮角斗士的板甲护肩,49995,4,159,70
100822,青铜裂地肩甲,护甲,治疗,4,4,3,肩部,250,耐力+81；智力+83,法术强度+123；急速等级+73；每5秒法力回复+31,法术强度+121；急速等级+75；每5秒法力回复+29,法术强度×0.9837；急速等级×1.0274；每5秒法力回复×0.9355,5,331,391,0.9949,1,黄色,,0,,,,1904,,45140,锋鳞护肩,232,4,4,3,无,,30979,冲锋肩刃,45661,4,146,70
100823,极光·肩卫,护甲,治疗,4,4,3,肩部,250,耐力+80；智力+80,法术强度+105；暴击等级+54；每5秒法力回复+36,法术强度+111；暴击等级+49；每5秒法力回复+34,法术强度×1.0571；暴击等级×0.9074；每5秒法力回复×0.9444,5,359,355,0.9972,1,红色,,0,,,,1889,,51586,翡翠圣徒肩铠,251,4,4,3,无,,30996,光明使者护肩,45884,4,146,70
100824,远征军御风肩卫,护甲,治疗,4,4,3,肩部,250,耐力+81；智力+83,法术强度+123；急速等级+73；每5秒法力回复+31,法术强度+112；急速等级+72；每5秒法力回复+31,法术强度×0.9106；急速等级×0.9863；每5秒法力回复×1.0000,5,331,391,0.9693,1,蓝色,,0,,,,1904,,45140,锋鳞护肩,232,4,4,3,无,,33699,复仇角斗士的板层甲护肩,46953,4,146,70
100825,救赎胸铠,护甲,治疗,4,4,5,胸部,250,耐力+108；智力+108,法术强度+139；每5秒法力回复+36；暴击等级+95,法术强度+134；每5秒法力回复+33；暴击等级+104,法术强度×0.9640；每5秒法力回复×0.9167；暴击等级×1.0947,5,490,486,1.0021,1,蓝色,,0,,,,2519,,51018,血线行针胸铠,251,4,4,5,无,,34395,尊贵仲裁者胸甲,48053,4,159,70
100826,战衣·龙焰,护甲,治疗,4,4,5,胸部,250,耐力+108；智力+144,法术强度+125；每5秒法力回复+41；急速等级+81,法术强度+116；每5秒法力回复+42；急速等级+76,法术强度×0.9280；每5秒法力回复×1.0244；急速等级×0.9383,5,396,499,0.9739,2,黄色,红色,0,,,,2563,,45305,冥界胸铠,225,4,4,5,无,,35027,野蛮角斗士的板层甲护胸,50001,4,159,70
100827,胸铠·精金,护甲,治疗,4,4,5,胸部,250,耐力+108；智力+108,法术强度+146；暴击等级+78；每5秒法力回复+47,法术强度+151；暴击等级+79；每5秒法力回复+48,法术强度×1.0342；暴击等级×1.0128；每5秒法力回复×1.0213,5,465,487,1.0144,1,红色,,0,,,,2509,,48594,莉亚德琳的凯旋护胸,245,4,4,5,无,,35066,野蛮角斗士的板甲护胸,49999,4,159,70
100828,屠龙者之胸铠,护甲,治疗,4,4,5,胸部,250,耐力+108；智力+144,法术强度+125；每5秒法力回复+41；急速等级+81,法术强度+121；每5秒法力回复+45；急速等级+82,法术强度×0.9680；每5秒法力回复×1.0976；急速等级×1.0123,5,396,499,1.0020,2,蓝色,黄色,0,,,,2563,,45305,冥界胸铠,225,4,4,5,无,,30904,救世胸铠,46351,4,151,70
100829,暗影·腰甲,护甲,治疗,4,4,6,腰部,250,耐力+81；智力+81,法术强度+114；暴击等级+62；每5秒法力回复+36,法术强度+112；暴击等级+59；每5秒法力回复+34,法术强度×0.9825；暴击等级×0.9516；每5秒法力回复×0.9444,5,356,374,0.9813,0,,,0,,,,1411,,47323,遗忘殉难者束带,245,4,4,6,无,,34547,冲锋束腰,48361,4,154,70
100830,命轮·腰铠,护甲,治疗,4,4,6,腰部,250,耐力+80；智力+80,法术强度+105；急速等级+70；每5秒法力回复+28,法术强度+100；急速等级+74；每5秒法力回复+27,法术强度×0.9524；急速等级×1.0571；每5秒法力回复×0.9643,5,367,363,0.9945,2,黄色,红色,0,,,,1417,,51555,紧致腰带,251,4,4,6,无,,33811,守备官的板甲腰带,47047,4,146,70
100831,海加尔山腰铠,护甲,治疗,4,4,6,腰部,250,耐力+81；智力+81,法术强度+114；暴击等级+62；每5秒法力回复+36,法术强度+112；暴击等级+65；每5秒法力回复+33,法术强度×0.9825；暴击等级×1.0484；每5秒法力回复×0.9167,5,356,374,0.9947,0,,,0,,,,1411,,47195,遗忘殉难者腰带,245,4,4,6,无,,33888,守备官的板层甲腰带,47415,4,146,70
100832,洪荒腰甲,护甲,治疗,4,4,6,腰部,250,耐力+80；智力+80,法术强度+105；急速等级+70；每5秒法力回复+28,法术强度+100；急速等级+68；每5秒法力回复+28,法术强度×0.9524；急速等级×0.9714；每5秒法力回复×1.0000,5,367,363,0.9807,1,蓝色,,0,,,,1417,,51555,紧致腰带,251,4,4,6,无,,30897,希望束带,48291,4,141,70
100833,幻影之腿胄,护甲,治疗,4,4,7,腿部,250,耐力+108；智力+108,法术强度+148；暴击等级+95；每5秒法力回复+40,法术强度+134；暴击等级+93；每5秒法力回复+43,法术强度×0.9054；暴击等级×0.9789；每5秒法力回复×1.0750,5,503,499,0.9739,0,,,0,,,,2204,,50866,光誓护胫,251,4,4,7,无,,35030,野蛮角斗士的板层甲护腿,50002,4,159,70
100834,青铜龙腿甲,护甲,治疗,4,4,7,腿部,250,耐力+109；智力+106,法术强度+154；急速等级+88；每5秒法力回复+48,法术强度+139；急速等级+91；每5秒法力回复+46,法术强度×0.9026；急速等级×1.0341；每5秒法力回复×0.9583,5,428,505,0.9723,1,黄色,,0,,,,2184,,50229,寒冰深渊腿甲,232,4,4,7,无,,35069,野蛮角斗士的板甲护腿,49996,4,159,70
100835,征途冻结腿铠,护甲,治疗,4,4,7,腿部,250,耐力+108；智力+108,法术强度+146；暴击等级+78；每5秒法力回复+47,法术强度+137；暴击等级+83；每5秒法力回复+49,法术强度×0.9384；暴击等级×1.0641；每5秒法力回复×1.0426,5,465,487,0.9959,1,红色,,0,,,,2196,,48591,莉亚德琳的凯旋胫甲,245,4,4,7,无,,30903,无尽怒气腿甲,46359,4,151,70
100836,海加尔山夜幕腿甲,护甲,治疗,4,4,7,腿部,250,耐力+107；智力+110,法术强度+141；急速等级+92；每5秒法力回复+48,法术强度+135；急速等级+89；每5秒法力回复+47,法术强度×0.9574；急速等级×0.9674；每5秒法力回复×0.9792,5,399,498,0.9799,2,蓝色,黄色,0,,,,2202,,46181,征服者的庇护胫甲,226,4,4,7,无,,30977,冲锋护腿,45660,4,146,70
100837,复苏·护足,护甲,治疗,4,4,8,脚部,250,耐力+80；智力+80,法术强度+105；暴击等级+70；每5秒法力回复+27,法术强度+114；暴击等级+70；每5秒法力回复+26,法术强度×1.0857；暴击等级×1.0000；每5秒法力回复×0.9630,5,366,362,1.0221,1,蓝色,,0,,,,1731,,50772,朽骨长靴,251,4,4,8,无,,33812,守备官的板甲护胫,44735,4,146,70
100838,魔铁踏靴,护甲,治疗,4,4,8,脚部,250,耐力+91；智力+77,法术强度+100；急速等级+60；每5秒法力回复+30,法术强度+95；急速等级+62；每5秒法力回复+30,法术强度×0.9500；急速等级×1.0333；每5秒法力回复×1.0000,5,287,358,0.9916,0,,,0,,,,1730,,45561,命运之靴,226,4,4,8,无,,33890,守备官的板层甲护胫,47417,4,146,70
100839,灵光碎星足铠,护甲,治疗,4,4,8,脚部,250,耐力+80；智力+80,法术强度+105；暴击等级+70；每5秒法力回复+27,法术强度+112；暴击等级+69；每5秒法力回复+25,法术强度×1.0667；暴击等级×0.9857；每5秒法力回复×0.9259,5,366,362,1.0110,0,,,0,,,,1731,,50772,朽骨长靴,251,4,4,8,无,,32956,Tom's Boots 3,29863,4,145,70
100840,幽魂之地之战靴,护甲,治疗,4,4,8,脚部,250,耐力+91；智力+77,法术强度+100；急速等级+60；每5秒法力回复+30,法术强度+110；急速等级+57；每5秒法力回复+28,法术强度×1.1000；急速等级×0.9500；每5秒法力回复×0.9333,5,287,358,1.0140,0,,,0,,,,1730,,45561,命运之靴,226,4,4,8,无,,32243,珍珠镶饰长靴,45332,4,141,70
100841,石爪山赤焰腕甲,护甲,治疗,4,4,9,腕部,250,耐力+61；智力+61,法术强度+93；暴击等级+52；每5秒法力回复+26,法术强度+86；暴击等级+53；每5秒法力回复+27,法术强度×0.9247；暴击等级×1.0192；每5秒法力回复×1.0385,5,280,293,0.9829,1,蓝色,,0,,,,1098,,47294,碎约护腕,245,4,4,9,无,,34442,冲锋腕甲,48348,4,154,70
100842,唤星者照夜腕甲,护甲,治疗,4,4,9,腕部,250,耐力+69；智力+56,法术强度+84；急速等级+45；每5秒法力回复+27,法术强度+76；急速等级+49；每5秒法力回复+29,法术强度×0.9048；急速等级×1.0889；每5秒法力回复×1.0741,5,284,281,0.9929,0,,,0,,,,1102,,50796,灰霭护腕,251,4,4,9,无,,35170,护卫者的板层甲护腕,48662,4,154,70
100843,苍白驭雷腕铠,护甲,治疗,4,4,9,腕部,250,耐力+61；智力+61,法术强度+93；暴击等级+52；每5秒法力回复+26,法术强度+95；暴击等级+56；每5秒法力回复+24,法术强度×1.0215；暴击等级×1.0769；每5秒法力回复×0.9231,5,280,293,1.0137,1,红色,,0,,,,1098,,47093,碎约护臂,245,4,4,9,无,,35176,护卫者的板甲护腕,48664,4,154,70
100844,风暴峭壁之腕甲,护甲,治疗,4,4,9,腕部,250,耐力+61；智力+61,法术强度+84；急速等级+52；每5秒法力回复+18,法术强度+92；急速等级+55；每5秒法力回复+17,法术强度×1.0952；急速等级×1.0577；每5秒法力回复×0.9444,5,263,276,1.0362,1,蓝色,,0,,,,1098,,47575,烈阳熔铸护腕,245,4,4,9,无,,32959,Tom's Bracer 3,29859,4,145,70
100845,峥嵘·拳甲,护甲,治疗,4,4,10,手部,250,耐力+80；智力+80,法术强度+105；暴击等级+54；每5秒法力回复+36,法术强度+111；暴击等级+51；每5秒法力回复+35,法术强度×1.0571；暴击等级×0.9444；每5秒法力回复×0.9722,5,359,355,1.0056,2,蓝色,黄色,0,,,,1574,,50967,烂肠的毒气手套,251,4,4,10,无,,35067,野蛮角斗士的板甲手套,49998,4,159,70
100846,祖尔法拉克之拳甲,护甲,治疗,4,4,10,手部,250,耐力+81；智力+81,法术强度+114；急速等级+70；每5秒法力回复+32,法术强度+125；急速等级+64；每5秒法力回复+33,法术强度×1.0965；急速等级×0.9143；每5秒法力回复×1.0312,5,360,378,1.0159,0,,,0,,,,1568,,48593,莉亚德琳的凯旋手套,245,4,4,10,无,,34352,堡垒手套,48036,4,156,70
100847,凛冽手甲,护甲,治疗,4,4,10,手部,250,耐力+80；智力+80,法术强度+115；暴击等级+70；每5秒法力回复+32,法术强度+108；暴击等级+75；每5秒法力回复+35,法术强度×0.9391；暴击等级×1.0714；每5秒法力回复×1.0938,5,381,377,1.0027,0,,,0,,,,1574,,50868,光誓手套,251,4,4,10,无,,30969,冲锋护手,45659,4,146,70
100848,手甲·无尽,护甲,治疗,4,4,10,手部,250,耐力+81；智力+81,法术强度+114；急速等级+70；每5秒法力回复+32,法术强度+124；急速等级+64；每5秒法力回复+33,法术强度×1.0877；急速等级×0.9143；每5秒法力回复×1.0312,5,360,378,1.0132,1,蓝色,,0,,,,1568,,48576,图拉扬的凯旋手套,245,4,4,10,无,,30982,光明使者护手,45685,4,146,70
100849,玄铁·兜帽,护甲,敏捷输出,4,2,1,头部,250,敏捷+133；耐力+95,攻击强度+188；暴击等级+56；急速等级+105,攻击强度+180；暴击等级+61；急速等级+101,攻击强度×0.9574；暴击等级×1.0893；急速等级×0.9619,5,488,577,0.9879,2,红色,黄色,0,,,,511,,50206,磨损的恶徒皮帽,232,4,2,1,无,,31027,刺杀者头盔,45434,4,146,70
100850,降世战盔,护甲,敏捷输出,4,2,1,头部,250,敏捷+142；耐力+143,攻击强度+142；暴击等级+87；护甲穿透等级+79,攻击强度+133；暴击等级+85；护甲穿透等级+80,攻击强度×0.9366；暴击等级×0.9770；护甲穿透等级×1.0127,5,599,593,0.9831,1,黄色,,0,,,,516,,50826,树纹头甲,251,4,2,1,无,,31037,雷霆之心头盔,45663,4,146,70
100851,哀嚎洞穴头盔,护甲,敏捷输出,4,2,1,头部,250,敏捷+114；耐力+142,攻击强度+197；暴击等级+94；命中等级+73,攻击强度+204；暴击等级+101；命中等级+70,攻击强度×1.0355；暴击等级×1.0745；命中等级×0.9589,5,708,620,1.0177,0,,,0,,,,519,,50073,鬼王的酷刑袋,264,4,2,1,无,,33672,复仇角斗士的龙皮头盔,48262,4,146,70
100852,亘古·头盔,护甲,敏捷输出,4,2,1,头部,250,敏捷+134；耐力+96,攻击强度+201；急速等级+79；护甲穿透等级+87,攻击强度+212；急速等级+84；护甲穿透等级+80,攻击强度×1.0547；急速等级×1.0633；护甲穿透等级×0.9195,5,603,597,1.0151,2,红色,黄色,0,,,,516,,51013,废弃的内脏口袋,251,4,2,1,无,,33691,复仇角斗士的科多皮头盔,48261,4,146,70
100853,峥嵘之披肩,护甲,敏捷输出,4,2,3,肩部,250,敏捷+97；耐力+83,攻击强度+136；急速等级+72；暴击等级+55,攻击强度+143；急速等级+77；暴击等级+60,攻击强度×1.0515；急速等级×1.0694；暴击等级×1.0909,5,423,443,1.0384,0,,,0,,,,474,,48049,雪山强盗护肩,245,4,2,3,无,,33703,复仇角斗士的皮甲护肩,46938,4,146,70
100854,卡拉赞秘法肩卫,护甲,敏捷输出,4,2,3,肩部,250,敏捷+90；耐力+80,攻击强度+161；暴击等级+54；护甲穿透等级+70,攻击强度+156；暴击等级+53；护甲穿透等级+73,攻击强度×0.9689；暴击等级×0.9815；护甲穿透等级×1.0429,5,460,455,0.9934,1,黄色,,0,,,,476,,51565,无皮幼龙肩甲,251,4,2,3,无,,30917,刀锋怒火护肩,45752,4,141,70
100855,唤星者镇岳肩卫,护甲,敏捷输出,4,2,3,肩部,250,敏捷+106；耐力+106,攻击强度+125；暴击等级+70；命中等级+62,攻击强度+113；暴击等级+65；命中等级+60,攻击强度×0.9040；暴击等级×0.9286；命中等级×0.9677,5,474,469,0.9595,2,蓝色,红色,0,,,,476,,50105,影刃护肩,251,4,2,3,无,,32377,黑暗护肩,45816,4,141,70
100856,镇魂使裂云肩卫,护甲,敏捷输出,4,2,3,肩部,250,敏捷+100；耐力+106,攻击强度+140；急速等级+70；护甲穿透等级+62,攻击强度+145；急速等级+71；护甲穿透等级+65,攻击强度×1.0357；急速等级×1.0143；护甲穿透等级×1.0484,5,455,478,1.0188,1,红色,,0,,,,474,,48208,玛法里奥的凯旋肩甲,245,4,2,3,无,,32518,旋叶护肩,45758,4,141,70
100857,永夜星云胸甲,护甲,敏捷输出,4,2,5,胸部,250,敏捷+128；耐力+143,攻击强度+187；暴击等级+88；急速等级+83,攻击强度+181；暴击等级+95；急速等级+84,攻击强度×0.9679；暴击等级×1.0795；急速等级×1.0120,5,601,629,1.0032,1,红色,,0,,,,632,,48209,玛法里奥的凯旋外衣,245,4,2,20,无,,30905,午夜胸甲,46352,4,151,70
100858,护胸·生命,护甲,敏捷输出,4,2,5,胸部,250,敏捷+142；耐力+143,攻击强度+158；暴击等级+95；护甲穿透等级+79,攻击强度+172；暴击等级+94；护甲穿透等级+75,攻击强度×1.0886；暴击等级×0.9895；护甲穿透等级×0.9494,5,623,617,1.0146,1,黄色,,0,,,,634,,50828,树纹胸甲,251,4,2,20,无,,31028,刺杀者胸甲,45425,4,146,70
100859,霸主护胸,护甲,敏捷输出,4,2,5,胸部,250,敏捷+128；耐力+143,攻击强度+171；暴击等级+94；命中等级+86,攻击强度+171；暴击等级+85；命中等级+88,攻击强度×1.0000；暴击等级×0.9043；命中等级×1.0233,5,593,622,0.9887,1,蓝色,,0,,,,632,,48242,迦罗娜的凯旋胸甲,245,4,2,5,无,,31041,雷霆之心外套,45662,4,146,70
100860,天启破天胸甲,护甲,敏捷输出,4,2,5,胸部,250,敏捷+130；耐力+92,攻击强度+199；急速等级+98；护甲穿透等级+78,攻击强度+205；急速等级+95；护甲穿透等级+78,攻击强度×1.0302；急速等级×0.9694；护甲穿透等级×1.0000,5,603,597,1.0050,1,红色,,0,,,,634,,50780,极寒绞索胸甲,251,4,2,5,无,,33675,复仇角斗士的龙皮外套,46945,4,146,70
100861,远征军镇渊腰带,护甲,敏捷输出,4,2,6,腰部,250,敏捷+105；耐力+105,攻击强度+136；暴击等级+55；急速等级+69,攻击强度+143；暴击等级+54；急速等级+71,攻击强度×1.0515；暴击等级×0.9818；急速等级×1.0290,5,397,470,1.0170,0,,,0,,,,360,,45491,创世者的腰带,232,4,2,6,无,,32265,暗影行者腰带,45730,4,141,70
100862,烈焰腰带,护甲,敏捷输出,4,2,6,腰部,250,敏捷+86；耐力+105,攻击强度+147；暴击等级+70；护甲穿透等级+57,攻击强度+149；暴击等级+72；护甲穿透等级+62,攻击强度×1.0136；暴击等级×1.0286；护甲穿透等级×1.0877,5,529,465,1.0194,1,黄色,,0,,,,359,,50067,阿斯崔瑞安的缝合腰带,264,4,2,6,无,,32339,原始王权腰带,45264,4,141,70
100863,凛冬·腰带,护甲,敏捷输出,4,2,6,腰部,250,敏捷+90；耐力+80,攻击强度+161；命中等级+46；暴击等级+75,攻击强度+167；命中等级+46；暴击等级+68,攻击强度×1.0373；命中等级×1.0000；暴击等级×0.9067,5,456,452,0.9978,2,蓝色,红色,0,,,,357,,50778,窃魂者的织带,251,4,2,6,无,,34929,寂静路途腰带,48483,4,141,70
100864,红龙之腰甲,护甲,敏捷输出,4,2,6,腰部,250,敏捷+99；耐力+105,攻击强度+118；急速等级+57；护甲穿透等级+71,攻击强度+111；急速等级+56；护甲穿透等级+75,攻击强度×0.9407；急速等级×0.9825；护甲穿透等级×1.0563,5,513,450,0.9911,2,红色,黄色,0,,,,359,,50995,复仇腰索,264,4,2,6,无,,30106,百亡腰带,42636,4,138,70
100865,星轨战裙,护甲,敏捷输出,4,2,7,腿部,250,敏捷+142；耐力+143,攻击强度+142；急速等级+95；暴击等级+71,攻击强度+150；急速等级+89；暴击等级+75,攻击强度×1.0563；急速等级×0.9368；暴击等级×1.0563,5,599,593,1.0101,2,红色,黄色,0,,,,555,,50858,染疫皮制护腿,251,4,2,7,无,,33702,复仇角斗士的皮甲护腿,46937,4,146,70
100866,黎明裁断腿甲,护甲,敏捷输出,4,2,7,腿部,250,敏捷+118；耐力+125,攻击强度+205；护甲穿透等级+60；暴击等级+102,攻击强度+189；护甲穿透等级+62；暴击等级+92,攻击强度×0.9220；护甲穿透等级×1.0333；暴击等级×0.9020,5,615,610,0.9607,1,黄色,,0,,,,555,,51550,象牙镶嵌护腿,251,4,2,7,无,,30898,秘密商人长裤,45227,4,141,70
100867,斯坦索姆腿铠,护甲,敏捷输出,4,2,7,腿部,250,敏捷+128；耐力+143,攻击强度+154；暴击等级+94；命中等级+78,攻击强度+159；暴击等级+95；命中等级+73,攻击强度×1.0325；暴击等级×1.0106；命中等级×0.9359,5,569,597,1.0017,1,蓝色,,0,,,,553,,48210,玛法里奥的凯旋腿甲,245,4,2,7,无,,32271,不朽自然褶裙,45724,4,141,70
100868,雷霆崖梦境腿铠,护甲,敏捷输出,4,2,7,腿部,250,敏捷+142；耐力+143,攻击强度+158；护甲穿透等级+95；精准等级+79,攻击强度+149；护甲穿透等级+87；精准等级+72,攻击强度×0.9430；护甲穿透等级×0.9158；精准等级×0.9114,5,623,617,0.9611,0,,,0,,,,555,,50825,树纹护腿,251,4,2,7,无,,34901,巡林者护腿,48449,4,141,70
100869,圣辉之足甲,护甲,敏捷输出,4,2,8,脚部,250,敏捷+115；耐力+91,攻击强度+133；暴击等级+79；急速等级+69,攻击强度+120；暴击等级+81；急速等级+63,攻击强度×0.9023；暴击等级×1.0253；急速等级×0.9130,5,410,487,0.9651,2,红色,黄色,0,,,,439,,45162,踏火之靴,232,4,2,8,无,,30891,黑羽之靴,45800,4,141,70
100870,黑翼之巢星轨战靴,护甲,敏捷输出,4,2,8,脚部,250,敏捷+91；耐力+84；智力+54,攻击强度+130；暴击等级+70；护甲穿透等级+45,攻击强度+141；暴击等级+65；护甲穿透等级+44,攻击强度×1.0846；暴击等级×0.9286；护甲穿透等级×0.9778,6,655,474,1.0105,1,黄色,,0,,,,983,,54577,回归之足音,284,4,2,8,无,,32352,自然护卫者之靴,45326,4,141,70
100871,死亡骑士之踏靴,护甲,敏捷输出,4,2,8,脚部,250,敏捷+96；耐力+80,攻击强度+133；暴击等级+71；命中等级+61,攻击强度+146；暴击等级+76；命中等级+60,攻击强度×1.0977；暴击等级×1.0704；命中等级×0.9836,5,351,441,1.0385,1,蓝色,,0,,,,435,,45564,沉寂足垫,226,4,2,8,无,,32366,暗影主宰之靴,45729,4,141,70
100872,峥嵘破夜踏靴,护甲,敏捷输出,4,2,8,脚部,250,敏捷+90；耐力+93,攻击强度+152；暴击等级+54；护甲穿透等级+70,攻击强度+160；暴击等级+56；护甲穿透等级+66,攻击强度×1.0526；暴击等级×1.0370；护甲穿透等级×0.9429,5,464,459,1.0131,0,,,0,,,,436,,51023,塔达拉姆的软鞋,251,4,2,8,无,,32593,兽穴领袖之靴,45352,4,141,70
100873,凛冬·护臂,护甲,敏捷输出,4,2,9,腕部,250,敏捷+79；耐力+69,攻击强度+97；急速等级+45；暴击等级+52,攻击强度+96；急速等级+44；暴击等级+47,攻击强度×0.9897；急速等级×0.9778；暴击等级×0.9038,5,346,342,0.9795,1,红色,,0,,,,277,,51783,冰霜巨龙女王的臂铠,251,4,2,9,无,,32351,艾露恩神力护腕,45288,4,141,70
100874,凛冽之护腕,护甲,敏捷输出,4,2,9,腕部,250,敏捷+74；耐力+79,攻击强度+96；暴击等级+45；护甲穿透等级+53,攻击强度+102；暴击等级+44；护甲穿透等级+56,攻击强度×1.0625；暴击等级×0.9778；护甲穿透等级×1.0566,5,397,347,1.0231,2,黄色,蓝色,0,,,,279,,50333,托斯克的巨型腕甲,264,4,2,9,无,,32580,迅捷打击护腕,45775,4,141,70
100875,追猎臂甲,护甲,敏捷输出,4,2,9,腕部,250,敏捷+81；耐力+80,攻击强度+104；命中等级+53；暴击等级+52,攻击强度+113；命中等级+51；暴击等级+49,攻击强度×1.0865；命中等级×0.9623；暴击等级×0.9423,5,353,370,1.0108,1,蓝色,,0,,,,276,,47313,黑暗决心臂甲,245,4,2,9,无,,32582,新生护腕,45401,4,141,70
100876,洪荒护臂,护甲,敏捷输出,4,2,9,腕部,250,敏捷+73；耐力+80,攻击强度+104；急速等级+52；护甲穿透等级+44,攻击强度+101；急速等级+55；护甲穿透等级+46,攻击强度×0.9712；急速等级×1.0577；护甲穿透等级×1.0455,5,337,353,1.0057,1,红色,,0,,,,276,,47582,迅杀护腕,245,4,2,9,无,,33881,守备官的龙皮护腕,47411,4,141,70
100877,手套·灰烬,护甲,敏捷输出,4,2,10,手部,250,敏捷+106；耐力+106,攻击强度+125；暴击等级+70；急速等级+62,攻击强度+121；暴击等级+72；急速等级+61,攻击强度×0.9680；暴击等级×1.0286；急速等级×0.9839,5,474,469,0.9936,1,红色,,0,,,,397,,50088,影刃护手,251,4,2,10,无,,33671,复仇角斗士的龙皮手套,46941,4,146,70
100878,镇岳手套,护甲,敏捷输出,4,2,10,手部,250,敏捷+106；耐力+75,攻击强度+133；暴击等级+62；护甲穿透等级+62,攻击强度+133；暴击等级+56；护甲穿透等级+59,攻击强度×1.0000；暴击等级×0.9032；护甲穿透等级×0.9516,5,443,438,0.9795,2,黄色,蓝色,0,,,,397,,50799,天谴扼杀手套,251,4,2,10,无,,33700,复仇角斗士的皮甲手套,46940,4,146,70
100879,星语者拳甲,护甲,敏捷输出,4,2,10,手部,250,敏捷+108；耐力+106,攻击强度+123；暴击等级+70；命中等级+62,攻击强度+128；暴击等级+70；命中等级+58,攻击强度×1.0407；暴击等级×1.0000；命中等级×0.9355,5,447,469,1.0021,0,,,0,,,,395,,48241,迦罗娜的凯旋护手,245,4,2,10,无,,32328,植物学者的生长手套,45707,4,141,70
100880,翡翠驭天拳甲,护甲,敏捷输出,4,2,10,手部,250,敏捷+106；耐力+106,攻击强度+125；护甲穿透等级+70；急速等级+62,攻击强度+124；护甲穿透等级+67；急速等级+59,攻击强度×0.9920；护甲穿透等级×0.9571；急速等级×0.9516,5,474,469,0.9851,1,红色,,0,,,,397,,50827,树纹裹手,251,4,2,10,无,,32347,诅咒之握,45718,4,141,70
100881,生长降世战盔,护甲,敏捷输出,4,3,1,头部,250,敏捷+134；耐力+112；智力+75,攻击强度+158；暴击等级+87；急速等级+60,攻击强度+153；暴击等级+88；急速等级+63,攻击强度×0.9684；暴击等级×1.0115；急速等级×1.0500,6,632,626,0.9984,0,,,0,,,,1145,,50832,霜巫面甲,251,4,3,1,无,,31003,戈隆追猎者头盔,45680,4,146,70
100882,艾萨拉之头冠,护甲,敏捷输出,4,3,1,头部,250,敏捷+86；耐力+112；智力+75,攻击强度+253；护甲穿透等级+67；暴击等级+75,攻击强度+256；护甲穿透等级+69；暴击等级+79,攻击强度×1.0119；护甲穿透等级×1.0299；暴击等级×1.0533,6,675,668,1.0135,0,,,0,,,,1145,,51002,塔德隆的短视头盔,251,4,3,1,无,,31012,破天头盔,45669,4,146,70
100883,兜帽·余烬,护甲,敏捷输出,4,3,1,头部,250,敏捷+128；耐力+112；智力+75,攻击强度+154；命中等级+78；暴击等级+75,攻击强度+165；命中等级+82；暴击等级+72,攻击强度×1.0714；命中等级×1.0513；暴击等级×0.9600,6,592,622,1.0193,0,,,0,,,,1140,,48363,萨尔的凯旋面甲,245,4,3,1,无,,33666,复仇角斗士的链甲头盔,47951,4,146,70
100884,掠影兜帽,护甲,敏捷输出,4,3,1,头部,250,敏捷+128；耐力+112；智力+75,攻击强度+154；护甲穿透等级+94；急速等级+57,攻击强度+150；护甲穿透等级+95；急速等级+62,攻击强度×0.9740；护甲穿透等级×1.0106；急速等级×1.0877,6,592,620,1.0032,1,红色,,0,,,,1140,,47685,雏龙头盔,245,4,3,1,无,,33708,复仇角斗士的鳞甲头盔,46894,4,146,70
100885,涅槃之肩卫,护甲,敏捷输出,4,3,3,肩部,250,敏捷+106；耐力+83；智力+55,攻击强度+125；暴击等级+70；急速等级+48,攻击强度+129；暴击等级+75；急速等级+51,攻击强度×1.0320；暴击等级×1.0714；急速等级×1.0625,6,492,487,1.0246,1,红色,,0,,,,1057,,50834,霜巫肩甲,251,4,3,3,无,,42668,复仇斗士环甲肩甲,41149,4,146,70
100886,破军者肩甲,护甲,敏捷输出,4,3,3,肩部,250,敏捷+106；耐力+83；智力+55,攻击强度+125；暴击等级+70；护甲穿透等级+48,攻击强度+119；暴击等级+65；护甲穿透等级+44,攻击强度×0.9520；暴击等级×0.9286；护甲穿透等级×0.9167,6,492,487,0.9692,2,黄色,蓝色,0,,,,1057,,50117,安卡哈猎血护肩,251,4,3,3,无,,30892,驯兽者护肩,45735,4,141,70
100887,魔铁肩铠,护甲,敏捷输出,4,3,3,肩部,250,敏捷+106；耐力+83；智力+55,攻击强度+109；暴击等级+70；命中等级+40,攻击强度+117；暴击等级+67；命中等级+43,攻击强度×1.0734；暴击等级×0.9571；命中等级×1.0750,6,468,463,1.0173,2,蓝色,红色,0,,,,1057,,51015,恐怖仪式肩垫,251,4,3,3,无,,32264,隐藏猎手护肩,45731,4,141,70
100888,海加尔山之肩甲,护甲,敏捷输出,4,3,3,肩部,250,敏捷+106；耐力+83；智力+49,攻击强度+111；护甲穿透等级+61；急速等级+44,攻击强度+111；护甲穿透等级+66；急速等级+47,攻击强度×1.0000；护甲穿透等级×1.0820；急速等级×1.0682,6,458,454,1.0176,0,,,0,,,,1057,,50792,失落希望护肩,251,4,3,3,无,,32517,波浪治愈护肩,45757,4,141,70
100889,万法王之护胸,护甲,敏捷输出,4,3,5,胸部,250,敏捷+142；耐力+112；智力+75,攻击强度+158；暴击等级+87；急速等级+67,攻击强度+149；暴击等级+86；急速等级+61,攻击强度×0.9430；暴击等级×0.9885；急速等级×0.9104,6,648,641,0.9750,1,红色,,0,,,,1409,,50830,霜巫胸甲,251,4,3,5,无,,31004,戈隆追猎者护胸,45678,4,146,70
100890,天火·胸甲,护甲,敏捷输出,4,3,5,胸部,250,敏捷+142；耐力+112；智力+75,攻击强度+158；暴击等级+87；护甲穿透等级+67,攻击强度+171；暴击等级+89；护甲穿透等级+68,攻击强度×1.0823；暴击等级×1.0230；护甲穿透等级×1.0149,6,648,641,1.0250,1,黄色,,0,,,,1409,,50118,安卡哈猎血外套,251,4,3,5,无,,31016,破天护胸,45668,4,146,70
100891,风暴峭壁护胸,护甲,敏捷输出,4,3,5,胸部,250,敏捷+71；耐力+112；智力+75,攻击强度+253；命中等级+63；暴击等级+95,攻击强度+274；命中等级+64；暴击等级+97,攻击强度×1.0830；命中等级×1.0159；暴击等级×1.0211,6,676,669,1.0359,1,蓝色,,0,,,,1409,,50800,凌迟胸甲,251,4,3,5,无,,33664,复仇角斗士的链甲护胸,46880,4,146,70
100892,圣光破界胸甲,护甲,敏捷输出,4,3,5,胸部,250,敏捷+128；耐力+112；智力+75,攻击强度+154；护甲穿透等级+85；急速等级+66,攻击强度+141；护甲穿透等级+79；急速等级+60,攻击强度×0.9156；护甲穿透等级×0.9294；急速等级×0.9091,6,592,620,0.9597,0,,,0,,,,1404,,47596,十字军的龙鳞胸甲,245,4,3,5,无,,33706,复仇角斗士的鳞甲护胸,46891,4,146,70
100893,通灵学院之扣带,护甲,敏捷输出,4,3,6,腰部,250,敏捷+67；耐力+83；智力+56,攻击强度+162；暴击等级+62；急速等级+54,攻击强度+157；暴击等级+58；急速等级+58,攻击强度×0.9691；暴击等级×0.9355；急速等级×1.0741,6,389,484,0.9897,2,红色,黄色,0,,,,792,,45553,巨龙腰带,226,4,3,6,无,,32276,闪火腰带,45763,4,141,70
100894,秩序惊涛腰甲,护甲,敏捷输出,4,3,6,腰部,250,敏捷+86；耐力+83；智力+55,攻击强度+147；暴击等级+56；护甲穿透等级+56,攻击强度+155；暴击等级+52；护甲穿透等级+61,攻击强度×1.0544；暴击等级×0.9286；护甲穿透等级×1.0893,6,550,483,1.0186,1,黄色,,0,,,,798,,50413,尼鲁巴尔猎手束带,264,4,3,6,无,,32346,骨纹束带,45277,4,141,70
100895,斯坦索姆之战带,护甲,敏捷输出,4,3,6,腰部,250,敏捷+90；耐力+83；智力+55,攻击强度+141；命中等级+40；暴击等级+70,攻击强度+131；命中等级+36；暴击等级+73,攻击强度×0.9291；命中等级×0.9000；暴击等级×1.0429,6,484,479,0.9770,2,蓝色,红色,0,,,,793,,50762,天谴椎骨链带,251,4,3,6,无,,34932,抚慰轻风腰带,48490,4,141,70
100896,破夜腰甲,护甲,敏捷输出,4,3,6,腰部,250,敏捷+90；耐力+83；智力+49,攻击强度+141；急速等级+44；护甲穿透等级+70,攻击强度+149；急速等级+44；护甲穿透等级+67,攻击强度×1.0567；急速等级×1.0000；护甲穿透等级×0.9571,6,481,477,1.0105,1,红色,,0,,,,793,,51325,饮血者束带,251,4,3,6,无,,32797,老兵的链甲束带,46052,4,136,70
100897,游侠将军腿铠,护甲,敏捷输出,4,3,7,腿部,250,敏捷+142；耐力+112；智力+75,攻击强度+158；暴击等级+87；急速等级+67,攻击强度+148；暴击等级+95；急速等级+65,攻击强度×0.9367；暴击等级×1.0920；急速等级×0.9701,6,648,641,0.9938,1,红色,,0,,,,1233,,50116,安卡哈猎血腿甲,251,4,3,7,无,,33709,复仇角斗士的鳞甲护腿,46895,4,146,70
100898,腿铠·魔铁,护甲,敏捷输出,4,3,7,腿部,250,敏捷+128；耐力+74；智力+113,攻击强度+154；暴击等级+94；护甲穿透等级+74,攻击强度+149；暴击等级+102；护甲穿透等级+80,攻击强度×0.9675；暴击等级×1.0851；护甲穿透等级×1.0811,6,608,637,1.0141,1,黄色,,0,,,,1229,,48271,风行者的凯旋腿甲,245,4,3,7,无,,42667,复仇斗士环甲护腿,41148,4,146,70
100899,圣贤护腿,护甲,敏捷输出,4,3,7,腿部,250,敏捷+118；耐力+112；智力+65,攻击强度+166；暴击等级+83；命中等级+80,攻击强度+168；暴击等级+77；命中等级+78,攻击强度×1.0120；暴击等级×0.9277；命中等级×0.9750,6,631,624,0.9904,1,蓝色,,0,,,,1233,,51566,扭曲梦境腿甲,251,4,3,7,无,,30893,阳炎锁链护腿,45229,4,141,70
100900,达拉然护腿,护甲,敏捷输出,4,3,7,腿部,250,敏捷+128；耐力+74；智力+113,攻击强度+154；暴击等级+94；护甲穿透等级+74,攻击强度+142；暴击等级+97；护甲穿透等级+76,攻击强度×0.9221；暴击等级×1.0319；护甲穿透等级×1.0270,6,608,637,0.9890,0,,,0,,,,1229,,48258,风行者的凯旋腿甲,245,4,3,7,无,,30900,弯弓护腿,47778,4,141,70
100901,破军者轰雷足甲,护甲,敏捷输出,4,3,8,脚部,250,敏捷+108；耐力+84；智力+52,攻击强度+140；急速等级+41；暴击等级+56,攻击强度+150；急速等级+44；暴击等级+55,攻击强度×1.0714；急速等级×1.0732；暴击等级×0.9821,6,457,481,1.0249,1,红色,,0,,,,965,,48006,战歌偷猎者胫甲,245,4,3,8,无,,32242,海洋之怒长靴,45278,4,141,70
100902,梦境护足,护甲,敏捷输出,4,3,8,脚部,250,敏捷+90；耐力+83；智力+59,攻击强度+152；暴击等级+33；护甲穿透等级+61,攻击强度+166；暴击等级+31；护甲穿透等级+58,攻击强度×1.0921；暴击等级×0.9394；护甲穿透等级×0.9508,6,483,478,1.0188,2,黄色,蓝色,0,,,,969,,50812,塔德隆的远瞩长靴,251,4,3,8,无,,32510,追踪软靴,45733,4,141,70
100903,剃刀高地之足甲,护甲,敏捷输出,4,3,8,脚部,250,敏捷+90；耐力+83；智力+49,攻击强度+161；命中等级+44；暴击等级+53,攻击强度+158；命中等级+42；暴击等级+56,攻击强度×0.9814；命中等级×0.9545；暴击等级×1.0566,6,485,480,0.9958,0,,,0,,,,969,,51785,龙翼战靴,251,4,3,8,无,,30104,毒蛇长靴,45845,4,138,70
100904,铁炉堡踏靴,护甲,敏捷输出,4,3,8,脚部,250,敏捷+115；耐力+83；智力+58,攻击强度+136；护甲穿透等级+70；急速等级+52,攻击强度+137；护甲穿透等级+76；急速等级+54,攻击强度×1.0074；护甲穿透等级×1.0857；急速等级×1.0385,6,434,514,1.0175,1,红色,,0,,,,976,,45249,铜丝战靴,232,4,3,8,无,,32785,老兵的链甲战靴,46053,4,136,70
100905,精金守望护臂,护甲,敏捷输出,4,3,9,腕部,250,敏捷+90；耐力+60；智力+38,急速等级+40；暴击等级+45；攻击强度+110,急速等级+37；暴击等级+45；攻击强度+109,急速等级×0.9250；暴击等级×1.0000；攻击强度×0.9909,6,286,383,0.9896,1,红色,,0,,,,621,,49820,古德利亚的幽灵护腕,219,4,3,9,无,,32259,风暴降临护腕,45762,4,141,70
100906,苍翠之臂甲,护甲,敏捷输出,4,3,9,腕部,250,敏捷+81；耐力+42；智力+42,攻击强度+104；暴击等级+52；护甲穿透等级+42,攻击强度+110；暴击等级+54；护甲穿透等级+44,攻击强度×1.0577；暴击等级×1.0385；护甲穿透等级×1.0476,6,347,363,1.0275,0,,,0,,,,614,,47281,无声屠戮护腕,245,4,3,9,无,,32574,闪电反射护腕,45399,4,141,70
100907,迅影护臂,护甲,敏捷输出,4,3,9,腕部,250,敏捷+71；耐力+42；智力+42,攻击强度+113；命中等级+42；暴击等级+39,攻击强度+119；命中等级+39；暴击等级+42,攻击强度×1.0531；命中等级×0.9286；暴击等级×1.0769,6,351,349,1.0172,1,蓝色,,0,,,,616,,50789,冰冠城防护腕,251,4,3,9,无,,32577,生命之地护腕,45403,4,141,70
100908,裁决者护腕,护甲,敏捷输出,4,3,9,腕部,250,敏捷+75；耐力+42；智力+42,攻击强度+92；命中等级+53；急速等级+38,攻击强度+95；命中等级+54；急速等级+37,攻击强度×1.0326；命中等级×1.0189；急速等级×0.9737,6,325,342,1.0088,1,红色,,0,,,,614,,47989,北地追猎者护腕,245,4,3,9,无,,33876,守备官的链甲护腕,47405,4,141,70
100909,银色北伐军之护手,护甲,敏捷输出,4,3,10,手部,250,敏捷+100；耐力+84；智力+56,攻击强度+140；暴击等级+62；急速等级+55,攻击强度+153；暴击等级+60；急速等级+59,攻击强度×1.0929；暴击等级×0.9677；急速等级×1.0727,6,473,497,1.0302,1,红色,,0,,,,878,,48273,风行者的凯旋手甲,245,4,3,10,无,,31007,破天手套,45670,4,146,70
100910,利爪手甲,护甲,敏捷输出,4,3,10,手部,250,敏捷+92；耐力+83；智力+55,攻击强度+132；暴击等级+56；护甲穿透等级+56,攻击强度+141；暴击等级+53；护甲穿透等级+58,攻击强度×1.0682；暴击等级×0.9464；护甲穿透等级×1.0357,6,542,474,1.0169,0,,,0,,,,886,,50979,裂木手套,264,4,3,10,无,,33665,复仇角斗士的链甲护手,46883,4,146,70
100911,圣殿骑士缚龙手套,护甲,敏捷输出,4,3,10,手部,250,敏捷+106；耐力+83；智力+55,攻击强度+125；暴击等级+70；命中等级+48,攻击强度+122；暴击等级+72；命中等级+45,攻击强度×0.9760；暴击等级×1.0286；命中等级×0.9375,6,492,487,0.9918,2,蓝色,红色,0,,,,880,,50831,霜巫裹手,251,4,3,10,无,,33707,复仇角斗士的鳞甲护手,46892,4,146,70
100912,追猎者之手甲,护甲,敏捷输出,4,3,10,手部,250,敏捷+114；耐力+84；智力+56,攻击强度+136；护甲穿透等级+56；急速等级+69,攻击强度+127；护甲穿透等级+53；急速等级+72,攻击强度×0.9338；护甲穿透等级×0.9464；急速等级×1.0435,6,435,515,0.9825,1,红色,,0,,,,887,,45109,烈焰巨兽手套,232,4,3,10,无,,42665,复仇斗士环甲护手,41145,4,146,70
100913,风暴头冠,护甲,力量输出,4,4,1,头部,250,力量+138；耐力+162,暴击等级+78；命中等级+86,暴击等级+74；命中等级+82,暴击等级×0.9487；命中等级×0.9535,4,442,464,0.9828,1,红色,,0,,,,2038,,48393,地狱咆哮的凯旋头盔,245,4,4,1,无,,35185,审判者护目镜3000型,43889,4,159,70
100914,破阵面罩,护甲,力量输出,4,4,1,头部,250,力量+119；耐力+214,暴击等级+87；急速等级+79,暴击等级+80；急速等级+81,暴击等级×0.9195；急速等级×1.0253,4,504,499,0.9900,0,,,0,,,,,,51769,Ymirjar Lord's Helmet,251,4,4,1,无,,32521,铁壁面甲,46205,4,151,70
100915,战盔·蓝龙,护甲,力量输出,4,4,1,头部,250,力量+139；耐力+162,暴击等级+87；护甲穿透等级+79,暴击等级+84；护甲穿透等级+84,暴击等级×0.9655；护甲穿透等级×1.0633,4,472,467,1.0043,1,蓝色,,0,,,,2046,,50096,天谴领主战盔,251,4,4,1,无,,30972,冲锋战盔,49684,4,146,70
100916,破晓断岳战盔,护甲,力量输出,4,4,1,头部,250,力量+138；耐力+162,暴击等级+86；精准等级+77,暴击等级+85；精准等级+75,暴击等级×0.9884；精准等级×0.9740,4,442,463,0.9935,2,红色,黄色,0,,,,2038,,48498,库尔迪拉的凯旋头盔,245,4,4,1,无,,30987,光明使者面甲,45684,4,146,70
100917,肩卫·雷霆,护甲,力量输出,4,4,3,肩部,250,力量+113；耐力+121,暴击等级+70；命中等级+62,暴击等级+72；命中等级+65,暴击等级×1.0286；命中等级×1.0484,4,348,366,1.0137,2,红色,黄色,0,,,,1881,,48622,莉亚德琳的凯旋肩铠,245,4,4,3,无,,33732,复仇角斗士的板甲护肩,46865,4,146,70
100918,战争领主肩卫,护甲,力量输出,4,4,3,肩部,250,力量+98；耐力+159,暴击等级+70；急速等级+62,暴击等级+75；急速等级+57,暴击等级×1.0714；急速等级×0.9194,4,393,389,1.0000,0,,,0,,,,,,51767,Ymirjar Lord's Shoulderplates,251,4,4,3,无,,30866,染血肩铠,45759,4,141,70
100919,神祇·肩甲,护甲,力量输出,4,4,3,肩部,250,力量+113；耐力+121,暴击等级+70；护甲穿透等级+62,暴击等级+68；护甲穿透等级+61,暴击等级×0.9714；护甲穿透等级×0.9839,4,370,366,0.9918,1,蓝色,,0,,,,1889,,50098,天谴领主肩铠,251,4,4,3,无,,30878,闪光的钢铁护肩,45212,4,141,70
100920,银河回响肩甲,护甲,力量输出,4,4,3,肩部,250,力量+98；耐力+159,暴击等级+70；急速等级+62,暴击等级+75；急速等级+68,暴击等级×1.0714；急速等级×1.0968,4,393,389,1.0283,0,,,0,,,,,,51721,Lightsworn Shoulderplates,251,4,4,3,无,,32250,深渊愤怒肩铠,45760,4,141,70
100921,圣光·胸铠,护甲,力量输出,4,4,5,胸部,250,力量+140；耐力+162,暴击等级+87；命中等级+80,暴击等级+94；命中等级+85,暴击等级×1.0805；命中等级×1.0625,4,538,469,1.0256,1,红色,,0,,,,2536,,49951,军兵胸胄,264,4,4,5,无,,28485,列王壁垒,39659,4,146,70
100922,奥妮克希亚之胸甲,护甲,力量输出,4,4,5,胸部,250,力量+119；耐力+213,暴击等级+95；急速等级+71,暴击等级+96；急速等级+70,暴击等级×1.0105；急速等级×0.9859,4,503,498,1.0000,2,黄色,蓝色,0,,,,,,53500,Tectonic Plate,251,4,4,5,无,,30975,冲锋胸甲,45658,4,146,70
100923,血战护胸,护甲,力量输出,4,4,5,胸部,250,力量+146；耐力+162,暴击等级+95；护甲穿透等级+79,暴击等级+96；护甲穿透等级+79,暴击等级×1.0105；护甲穿透等级×1.0000,4,488,482,1.0021,1,蓝色,,0,,,,2519,,50094,天谴领主战甲,251,4,4,5,无,,30990,光明使者胸铠,46350,4,146,70
100924,奥格瑞玛惊雷胸铠,护甲,力量输出,4,4,5,胸部,250,力量+154；耐力+162,暴击等级+104；精准等级+72,暴击等级+109；精准等级+71,暴击等级×1.0481；精准等级×0.9861,4,413,492,1.0081,1,红色,,0,,,,2538,,45225,断钢者的拥抱,232,4,4,5,无,,30991,光明使者护胸,45683,4,146,70
100925,银色北伐军扣带,护甲,力量输出,4,4,6,腰部,250,力量+104；耐力+120,暴击等级+71；命中等级+52,暴击等级+77；命中等级+52,暴击等级×1.0845；命中等级×1.0000,4,312,347,1.0173,1,红色,,0,,,,1405,,45241,巨像怒火腰带,239,4,4,6,无,,30915,沸腾怒火腰带,45243,4,141,70
100926,唤潮者之扣带,护甲,力量输出,4,4,6,腰部,250,力量+124；耐力+120,暴击等级+64；急速等级+72,暴击等级+62；急速等级+74,暴击等级×0.9688；急速等级×1.0278,4,283,380,1.0000,2,黄色,蓝色,0,,,,1429,,49808,曲金腰带,219,4,4,6,无,,32333,稳固腰带,45299,4,141,70
100927,秘法回响腰铠,护甲,力量输出,4,4,6,腰部,250,力量+105；耐力+120,暴击等级+65；护甲穿透等级+60,暴击等级+61；护甲穿透等级+63,暴击等级×0.9385；护甲穿透等级×1.0500,4,401,350,0.9971,1,蓝色,,0,,,,1426,,50187,冷魂锁链,264,4,4,6,无,,32342,坚定意志束带,45298,4,141,70
100928,星陨扣带,护甲,力量输出,4,4,6,腰部,250,力量+105；耐力+121,暴击等级+75；精准等级+46,暴击等级+80；精准等级+46,暴击等级×1.0667；精准等级×1.0000,4,350,347,1.0144,2,红色,黄色,0,,,,1417,,51782,蚀刻龙骨束带,251,4,4,6,无,,32512,洛丹伦亡者腰带,44866,4,141,70
100929,天启者断岳护腿,护甲,力量输出,4,4,7,腿部,250,力量+144；耐力+162,命中等级+74；暴击等级+93,命中等级+67；暴击等级+92,命中等级×0.9054；暴击等级×0.9892,4,374,473,0.9831,2,红色,黄色,0,,,,2202,,46222,征服者神御腿铠,226,4,4,7,无,,30993,光明使者腿铠,45686,4,146,70
100930,冬泉谷天轨腿甲,护甲,力量输出,4,4,7,腿部,250,力量+146；耐力+162,暴击等级+94；急速等级+77,暴击等级+98；急速等级+77,暴击等级×1.0426；急速等级×1.0000,4,458,479,1.0084,1,黄色,,0,,,,2196,,47304,升华腿铠,245,4,4,7,无,,33698,复仇角斗士的板层甲护腿,46951,4,146,70
100931,护腿·赤霞,护甲,力量输出,4,4,7,腿部,250,力量+139；耐力+162,暴击等级+71；护甲穿透等级+95,暴击等级+69；护甲穿透等级+88,暴击等级×0.9718；护甲穿透等级×0.9263,4,472,467,0.9807,1,蓝色,,0,,,,2204,,51786,穹苍之战腿甲,251,4,4,7,无,,33731,复仇角斗士的板甲护腿,46866,4,146,70
100932,沙塔斯圣光腿甲,护甲,力量输出,4,4,7,腿部,250,力量+127；耐力+212,暴击等级+95；精准等级+79,暴击等级+89；精准等级+72,暴击等级×0.9368；精准等级×0.9114,4,518,513,0.9747,1,红色,,0,,,,,,51768,Ymirjar Lord's Legplates,251,4,4,7,无,,32419,Tom's Legs 3,40487,4,145,70
100933,风暴峭壁岩心足铠,护甲,力量输出,4,4,8,脚部,250,力量+125；耐力+121,暴击等级+75；命中等级+62,暴击等级+77；命中等级+61,暴击等级×1.0267；命中等级×0.9839,4,321,383,1.0026,1,红色,,0,,,,1745,,45501,地底族群之靴,232,4,4,8,无,,32245,踏潮者胫甲,45349,4,141,70
100934,涅槃战靴,护甲,力量输出,4,4,8,脚部,250,力量+104；耐力+120,暴击等级+71；急速等级+51,暴击等级+76；急速等级+51,暴击等级×1.0704；急速等级×1.0000,4,312,346,1.0145,0,,,0,,,,1717,,45599,寂夜战靴,239,4,4,8,无,,32268,侍从战靴,45324,4,141,70
100935,无尽战靴,护甲,力量输出,4,4,8,脚部,250,力量+105；耐力+120,暴击等级+56；护甲穿透等级+71,暴击等级+55；护甲穿透等级+72,暴击等级×0.9821；护甲穿透等级×1.0141,4,402,352,1.0000,0,,,0,,,,1743,,61019,繁花之板鞋,264,4,4,8,无,,32345,军团恐怖战靴,45287,4,141,70
100936,冰封之护足,护甲,力量输出,4,4,8,脚部,250,力量+113；耐力+121,暴击等级+70；精准等级+62,暴击等级+68；精准等级+58,暴击等级×0.9714；精准等级×0.9355,4,348,366,0.9836,2,红色,黄色,0,,,,1725,,47312,邪铁堡垒胫甲,245,4,4,8,无,,34947,正义卫士胫甲,48472,4,141,70
100937,凛冽臂甲,护甲,力量输出,4,4,9,腕部,250,力量+82；耐力+90,暴击等级+52；命中等级+45,暴击等级+48；命中等级+42,暴击等级×0.9231；命中等级×0.9333,4,310,269,0.9740,1,红色,,0,,,,1109,,50002,白熊之爪护腕,264,4,4,9,无,,30861,狂暴镣铐,45748,4,141,70
100938,烈焰·臂甲,护甲,力量输出,4,4,9,腕部,250,力量+82；耐力+90,暴击等级+45；急速等级+53,暴击等级+47；急速等级+56,暴击等级×1.0444；急速等级×1.0566,4,272,270,1.0185,1,黄色,,0,,,,1102,,51563,针林护腕,251,4,4,9,无,,30862,神圣精金护腕,45741,4,141,70
100939,新月之腕铠,护甲,力量输出,4,4,9,腕部,250,力量+82；耐力+90,暴击等级+38；护甲穿透等级+56,暴击等级+35；护甲穿透等级+60,暴击等级×0.9211；护甲穿透等级×1.0714,4,254,266,1.0038,2,蓝色,红色,0,,,,1098,,48008,虚空领主腕甲,245,4,4,9,无,,32232,恒金外壳护腕,45289,4,141,70
100940,银月城腐化腕铠,护甲,力量输出,4,4,9,腕部,250,力量+91；耐力+90,暴击等级+52；精准等级+52,暴击等级+57；精准等级+52,暴击等级×1.0962；精准等级×1.0000,4,272,285,1.0175,0,,,0,,,,1098,,47253,碎骨臂铠冑,245,4,4,9,无,,32279,搜寻者的腕甲,45347,4,141,70
100941,炽焰·护手,护甲,力量输出,4,4,10,手部,250,力量+98；耐力+159,暴击等级+70；命中等级+62,暴击等级+67；命中等级+61,暴击等级×0.9571；命中等级×0.9839,4,393,389,0.9897,1,红色,,0,,,,,,51770,Ymirjar Lord's Gauntlets,251,4,4,10,无,,30983,光明使者手套,46357,4,146,70
100942,降世拳甲,护甲,力量输出,4,4,10,手部,250,力量+105；耐力+120,暴击等级+70；急速等级+57,暴击等级+65；急速等级+61,暴击等级×0.9286；急速等级×1.0702,4,402,352,0.9972,2,黄色,蓝色,0,,,,1584,,50037,裂肉护手,264,4,4,10,无,,33696,复仇角斗士的板层甲护手,46949,4,146,70
100943,强攻手甲,护甲,力量输出,4,4,10,手部,250,力量+113；耐力+121,暴击等级+70；护甲穿透等级+62,暴击等级+77；护甲穿透等级+63,暴击等级×1.1000；护甲穿透等级×1.0161,4,348,366,1.0219,0,,,0,,,,1568,,47330,雪恨手甲,245,4,4,10,无,,33729,复仇角斗士的板甲护手,46868,4,146,70
100944,净世护手,护甲,力量输出,4,4,10,手部,250,力量+115；耐力+128,暴击等级+76；精准等级+47,暴击等级+76；精准等级+49,暴击等级×1.0000；精准等级×1.0426,4,290,366,1.0055,2,红色,黄色,0,,,,1573,,46219,征服者神御护手,226,4,4,10,无,,32278,沉默的公正,46487,4,141,70
100945,不灭面罩,护甲,坦克,4,4,1,头部,250,力量+143；耐力+177,防御等级+75；躲闪等级+60；招架等级+67,防御等级+68；躲闪等级+57；招架等级+67,防御等级×0.9067；躲闪等级×0.9500；招架等级×1.0000,5,527,522,0.9808,1,蓝色,,0,,,,2046,,50862,光誓面甲,251,4,4,1,无,,30988,光明使者巨盔,46358,4,146,70
100946,临世战盔,护甲,坦克,4,4,1,头部,250,力量+81；耐力+209,防御等级+94；躲闪等级+64；命中等级+79,防御等级+95；躲闪等级+70；命中等级+86,防御等级×1.0106；躲闪等级×1.0938；命中等级×1.0886,5,503,527,1.0266,0,,,0,,,,2038,,49475,审判重盔,245,4,4,1,无,,33697,复仇角斗士的板层甲头盔,47759,4,146,70
100947,冬拥湖之面甲,护甲,坦克,4,4,1,头部,250,力量+108；耐力+176,防御等级+86；精准等级+72；躲闪等级+77,防御等级+86；精准等级+74；躲闪等级+76,防御等级×1.0000；精准等级×1.0278；躲闪等级×0.9870,5,496,519,1.0019,1,黄色,,0,,,,2038,,47678,荣光头盔,245,4,4,1,无,,33730,复仇角斗士的板甲头盔,49686,4,146,70
100948,星语者面甲,护甲,坦克,4,4,1,头部,250,力量+117；耐力+180,防御等级+82；精准等级+49；招架等级+71,防御等级+89；精准等级+52；招架等级+66,防御等级×1.0854；精准等级×1.0612；招架等级×0.9296,5,351,499,1.0100,2,蓝色,红色,0,,,,2078,,40565,勇猛的天谴苦痛面甲,213,4,4,1,无,,32354,命运皇冠,45843,4,141,70
100949,潮汐之肩甲,护甲,坦克,4,4,3,肩部,250,力量+106；耐力+147,防御等级+56；躲闪等级+48；招架等级+55,防御等级+53；躲闪等级+46；招架等级+53,防御等级×0.9464；躲闪等级×0.9583；招架等级×0.9636,5,415,412,0.9830,1,蓝色,,0,,,,1889,,50860,光誓护肩,251,4,4,3,无,,32570,迅钢护肩,45413,4,141,70
100950,大领主肩卫,护甲,坦克,4,4,3,肩部,250,力量+107；耐力+159,防御等级+59；躲闪等级+54；命中等级+54,防御等级+62；躲闪等级+52；命中等级+56,防御等级×1.0508；躲闪等级×0.9630；命中等级×1.0370,5,365,433,1.0069,1,红色,,0,,,,1904,,45251,拆解者肩铠,232,4,4,3,无,,32573,晨钢护肩,45407,4,141,70
100951,先驱者之肩胄,护甲,坦克,4,4,3,肩部,250,力量+81；耐力+146,防御等级+70；躲闪等级+70；精准等级+45,防御等级+70；躲闪等级+71；精准等级+45,防御等级×1.0000；躲闪等级×1.0143；精准等级×1.0000,5,393,412,1.0024,2,黄色,蓝色,0,,,,1881,,48661,莉亚德琳的凯旋肩甲,245,4,4,3,无,,30490,残酷角斗士的板甲护肩,45970,4,136,70
100952,风暴领主照夜肩铠,护甲,坦克,4,4,3,肩部,250,力量+83；耐力+142,防御等级+60；招架等级+75；精准等级+42,防御等级+57；招架等级+77；精准等级+39,防御等级×0.9500；招架等级×1.0267；精准等级×0.9286,5,283,402,0.9900,1,蓝色,,0,,,,1918,,39704,暴毙肩铠,213,4,4,3,无,,31996,残酷角斗士的板层甲护肩,46012,4,136,70
100953,泰罗卡森林之战衣,护甲,坦克,4,4,5,胸部,250,力量+143；耐力+177,防御等级+80；招架等级+75；躲闪等级+42,防御等级+81；招架等级+75；躲闪等级+40,防御等级×1.0125；招架等级×1.0000；躲闪等级×0.9524,5,522,517,0.9981,1,蓝色,,0,,,,2519,,50786,食尸鬼指挥官胸甲,251,4,4,5,无,,33695,复仇角斗士的板层甲护胸,47949,4,146,70
100954,红龙军团之护胸,护甲,坦克,4,4,5,胸部,250,力量+107；耐力+181,防御等级+95；躲闪等级+97；命中等级+50,防御等级+89；躲闪等级+100；命中等级+46,防御等级×0.9368；躲闪等级×1.0309；命中等级×0.9200,5,604,530,0.9868,2,红色,黄色,0,,,,2536,,50024,凋零战甲,264,4,4,5,无,,33728,复仇角斗士的板甲护胸,46867,4,146,70
100955,胸甲·惊雷,护甲,坦克,4,4,5,胸部,250,力量+108；耐力+189,防御等级+94；精准等级+72；躲闪等级+77,防御等级+91；精准等级+75；躲闪等级+78,防御等级×0.9681；精准等级×1.0417；躲闪等级×1.0130,5,516,540,1.0019,0,,,0,,,,2509,,47254,巨兽胸铠,245,4,4,5,无,,30896,防御者的荣耀,45222,4,141,70
100956,奥妮克希亚玄铁胸铠,护甲,坦克,4,4,5,胸部,250,力量+104；耐力+184,防御等级+100；招架等级+63；精准等级+82,防御等级+108；招架等级+57；精准等级+75,防御等级×1.0800；招架等级×0.9048；精准等级×0.9146,5,425,533,0.9906,2,蓝色,红色,0,,,,2517,,46039,永恒胸铠,226,4,4,5,无,,32365,裂心胸铠,45311,4,141,70
100957,幽魂之地新月扣带,护甲,坦克,4,4,6,腰部,250,力量+102；耐力+146,防御等级+51；躲闪等级+66；招架等级+36,防御等级+47；躲闪等级+60；招架等级+33,防御等级×0.9216；躲闪等级×0.9091；招架等级×0.9167,5,383,401,0.9676,2,蓝色,红色,0,,,,1411,,48009,虚空勇士腰带,245,4,4,6,无,,34941,无畏者腰带,42651,4,141,70
100958,御山扣带,护甲,坦克,4,4,6,腰部,250,力量+73；耐力+159,防御等级+61；躲闪等级+72；命中等级+71,防御等级+58；躲闪等级+74；命中等级+70,防御等级×0.9508；躲闪等级×1.0278；命中等级×0.9859,5,349,436,0.9954,0,,,0,,,,1416,,45825,持盾护卫束带,226,4,4,6,无,,34944,沸腾怒气护腰,48477,4,141,70
100959,临世腰铠,护甲,坦克,4,4,6,腰部,250,力量+102；耐力+146,防御等级+51；躲闪等级+66；招架等级+36,防御等级+51；躲闪等级+63；招架等级+37,防御等级×1.0000；躲闪等级×0.9545；招架等级×1.0278,5,383,401,0.9950,1,黄色,,0,,,,1411,,47937,虚空勇士束带,245,4,4,6,无,,32801,老兵的板层甲腰带,46042,4,136,70
100960,索拉查冰封战带,护甲,坦克,4,4,6,腰部,250,力量+80；耐力+135,防御等级+75；招架等级+46；命中等级+53,防御等级+72；招架等级+42；命中等级+51,防御等级×0.9600；招架等级×0.9130；命中等级×0.9623,5,393,389,0.9769,0,,,0,,,,1417,,51564,伊米亚铁索护带,251,4,4,6,无,,32805,老兵的板甲腰带,46039,4,136,70
100961,巨魔祭司镇海腿甲,护甲,坦克,4,4,7,腿部,250,力量+108；耐力+189,防御等级+68；招架等级+64；躲闪等级+74,防御等级+64；招架等级+60；躲闪等级+76,防御等级×0.9412；招架等级×0.9375；躲闪等级×1.0270,5,480,503,0.9881,0,,,0,,,,2196,,48554,库尔迪拉的凯旋腿甲,245,4,4,7,无,,32263,执政官护腿,45334,4,141,70
100962,远征军破界腿胄,护甲,坦克,4,4,7,腿部,250,力量+107；耐力+181,防御等级+81；躲闪等级+97；命中等级+64,防御等级+86；躲闪等级+88；命中等级+58,防御等级×1.0617；躲闪等级×0.9072；命中等级×0.9062,5,604,530,0.9811,1,红色,,0,,,,2218,,49964,失落希望腿甲,264,4,4,7,无,,32341,神圣惩戒护腿,46488,4,141,70
100963,雷霆崖腿胄,护甲,坦克,4,4,7,腿部,250,力量+108；耐力+189,防御等级+95；躲闪等级+79；精准等级+72,防御等级+95；躲闪等级+77；精准等级+70,防御等级×1.0000；躲闪等级×0.9747；精准等级×0.9722,5,549,543,0.9926,1,黄色,,0,,,,2204,,50861,光誓腿甲,251,4,4,7,无,,34922,镇静腿甲,48470,4,141,70
100964,达拉然腿铠,护甲,坦克,4,4,7,腿部,250,力量+108；耐力+189,防御等级+94；招架等级+78；精准等级+72,防御等级+98；招架等级+75；精准等级+75,防御等级×1.0426；招架等级×0.9615；精准等级×1.0417,5,516,541,1.0074,1,蓝色,,0,,,,2196,,47273,狂热奉献腿铠,245,4,4,7,无,,34940,太阳卫士腿铠,45220,4,141,70
100965,奥格瑞玛踏靴,护甲,坦克,4,4,8,脚部,250,力量+106；耐力+146,防御等级+55；招架等级+56；躲闪等级+47,防御等级+52；招架等级+61；躲闪等级+46,防御等级×0.9455；招架等级×1.0893；躲闪等级×0.9787,5,391,410,1.0024,1,蓝色,,0,,,,1725,,47269,破晓者战靴,245,4,4,8,无,,32789,老兵的板层甲护胫,46044,4,136,70
100966,银辉·足铠,护甲,坦克,4,4,8,脚部,250,力量+80；耐力+135,防御等级+61；躲闪等级+75；命中等级+38,防御等级+59；躲闪等级+76；命中等级+38,防御等级×0.9672；躲闪等级×1.0133；命中等级×1.0000,5,393,389,0.9974,0,,,0,,,,1731,,51787,天谴毒牙长靴,251,4,4,8,无,,32793,老兵的板甲护胫,46041,4,136,70
100967,执剑者裂地足铠,护甲,坦克,4,4,8,脚部,250,力量+80；耐力+138,防御等级+71；躲闪等级+65；精准等级+47,防御等级+77；躲闪等级+63；精准等级+46,防御等级×1.0845；躲闪等级×0.9692；精准等级×0.9787,5,454,401,1.0075,1,黄色,,0,,,,1743,,50190,狞笑之颅重靴,264,4,4,8,无,,32402,影钢战靴,45785,4,130,70
100968,潮汐破天踏靴,护甲,坦克,4,4,8,脚部,250,力量+70；耐力+128,防御等级+62；招架等级+72；精准等级+53,防御等级+68；招架等级+77；精准等级+51,防御等级×1.0968；招架等级×1.0694；精准等级×0.9623,5,307,385,1.0234,0,,,0,,,,1730,,45988,钢铁军队胫甲,226,4,4,8,无,,30027,无尽勇气之靴,44966,4,128,70
100969,咒纹·腕甲,护甲,坦克,4,4,9,腕部,250,力量+78；耐力+109,防御等级+42；招架等级+35；躲闪等级+43,防御等级+45；招架等级+36；躲闪等级+45,防御等级×1.0714；招架等级×1.0286；躲闪等级×1.0465,5,350,307,1.0195,1,蓝色,,0,,,,1109,,49960,黑暗清算护腕,264,4,4,9,无,,32568,迅钢护腕,45404,4,141,70
100970,璀璨·腕铠,护甲,坦克,4,4,9,腕部,250,力量+61；耐力+107,防御等级+52；命中等级+40；躲闪等级+44,防御等级+56；命中等级+43；躲闪等级+45,防御等级×1.0769；命中等级×1.0750；躲闪等级×1.0227,5,290,304,1.0263,1,红色,,0,,,,1098,,47571,萨隆邪铁断剑护腕,245,4,4,9,无,,32571,晨钢护腕,45402,4,141,70
100971,亘古断岳腕甲,护甲,坦克,4,4,9,腕部,250,力量+71；耐力+107,防御等级+42；躲闪等级+37,防御等级+39；躲闪等级+34,防御等级×0.9286；躲闪等级×0.9189,4,259,257,0.9767,0,,,0,,,,1730,,50802,石像鬼唾液护腕,251,4,4,9,无,,33813,守备官的板甲护腕,47092,4,141,70
100972,铁壁护臂,护甲,坦克,4,4,9,腕部,250,力量+61；耐力+119,防御等级+52；精准等级+40；招架等级+52,防御等级+54；精准等级+43；招架等级+57,防御等级×1.0385；精准等级×1.0750；招架等级×1.0962,5,310,324,1.0309,2,蓝色,红色,0,,,,1098,,47298,盾卫臂甲,245,4,4,9,无,,33889,守备官的板层甲护腕,47416,4,141,70
100973,护手·星云,护甲,坦克,4,4,10,手部,250,力量+106；耐力+146,防御等级+55；躲闪等级+47；招架等级+56,防御等级+50；躲闪等级+44；招架等级+53,防御等级×0.9091；躲闪等级×0.9362；招架等级×0.9464,5,391,410,0.9732,1,蓝色,,0,,,,1568,,48658,莉亚德琳的凯旋手甲,245,4,4,10,无,,32280,强制护手,45715,4,141,70
100974,降临臂铠,护甲,坦克,4,4,10,手部,250,力量+77；耐力+144,防御等级+59；躲闪等级+68；命中等级+62,防御等级+56；躲闪等级+73；命中等级+57,防御等级×0.9492；躲闪等级×1.0735；命中等级×0.9194,5,329,410,0.9927,1,红色,,0,,,,1573,,46164,征服者的突围手甲,226,4,4,10,无,,32608,掠夺护手,45728,4,141,70
100975,岩心之臂铠,护甲,坦克,4,4,10,手部,250,力量+75；耐力+135,防御等级+70；躲闪等级+55；精准等级+61,防御等级+71；躲闪等级+59；精准等级+67,防御等级×1.0143；躲闪等级×1.0727；精准等级×1.0984,5,400,396,1.0278,1,黄色,,0,,,,1574,,51556,血脉挫灭者护手,251,4,4,10,无,,29998,银月皇家护手,46076,4,138,70
100976,奥术拳甲,护甲,坦克,4,4,10,手部,250,力量+79；耐力+160,防御等级+62；招架等级+70；精准等级+49,防御等级+61；招架等级+66；精准等级+48,防御等级×0.9839；招架等级×0.9429；精准等级×0.9796,5,335,420,0.9857,0,,,0,,,,1573,,46236,征服者黑暗符文手甲,226,4,4,10,无,,30112,波浪荣耀护手,46079,4,138,70
100977,星陨印记,通用槽位,法系输出,4,0,2,颈部,250,耐力+60；智力+60,法术强度+84；暴击等级+54；急速等级+43,法术强度+88；暴击等级+51；急速等级+43,法术强度×1.0476；暴击等级×0.9444；急速等级×1.0000,5,305,301,1.0033,1,黄色,,0,,,,,,50809,斩魂垂饰,251,4,0,2,无,,17782,束缚坠饰,6494,5,80,60
100978,轰雷护符,通用槽位,法系输出,4,0,2,颈部,250,耐力+62；智力+59,法术强度+84；暴击等级+52；命中等级+45,法术强度+81；暴击等级+50；命中等级+44,法术强度×0.9643；暴击等级×0.9615；命中等级×0.9778,5,306,302,0.9801,0,,,0,,,,,,51016,血脉分离垂饰,251,4,0,2,无,,34358,硬化氪金项链,39214,4,159,70
100979,余烬之裁断,通用槽位,法系输出,4,0,2,颈部,250,耐力+64；智力+46；精神+47,急速等级+49；法术强度+92,急速等级+48；法术强度+92,急速等级×0.9796；法术强度×1.0000,5,270,298,0.9966,0,,,0,,,,,,45447,警惕之眼,239,4,0,2,无,,34359,阳炎坠饰,45351,4,159,70
100980,银月城的青霜,通用槽位,法系输出,4,0,2,颈部,250,耐力+57；智力+61,法术强度+84；暴击等级+55；命中等级+44,法术强度+82；暴击等级+55；命中等级+48,法术强度×0.9762；暴击等级×1.0000；命中等级×1.0909,5,286,301,1.0066,2,黄色,蓝色,0,,,,,,48030,黑暗死亡护符,245,4,0,2,无,,34177,终结锁链,48511,4,154,70
100981,永恒之缚龙,通用槽位,法系输出,4,0,11,戒指,250,耐力+77；智力+53,法术强度+93；暴击等级+52；急速等级+54,法术强度+102；暴击等级+53；急速等级+58,法术强度×1.0968；暴击等级×1.0192；急速等级×1.0741,5,333,329,1.0426,1,黄色,,0,,,,,,51557,肯瑞托符文徽记,251,4,0,11,无,,52572,无尽力量灰烬指环,63958,4,277,1
100982,烈日·戒律,通用槽位,法系输出,4,0,11,戒指,250,耐力+57；智力+62,法术强度+84；命中等级+59；暴击等级+35,法术强度+90；命中等级+61；暴击等级+34,法术强度×1.0714；命中等级×1.0339；暴击等级×0.9714,5,282,297,1.0236,0,,,0,,,,,,48001,火焰风暴指环,245,4,0,11,无,,34361,硬化氪金指环,39126,4,159,70
100983,凛冽之焚天,通用槽位,法系输出,4,0,11,戒指,250,耐力+60；智力+60,法术强度+93；急速等级+57；命中等级+47,法术强度+96；急速等级+60；命中等级+44,法术强度×1.0323；急速等级×1.0526；命中等级×0.9362,5,320,317,1.0095,0,,,0,,,,,,50377,毁灭之灰烬指环,251,4,0,11,无,,34362,熔铸能量指环,31616,4,159,70
100984,圣光之之戒,通用槽位,法系输出,4,0,11,戒指,250,耐力+57；智力+62,法术强度+84；命中等级+59；暴击等级+35,法术强度+92；命中等级+60；暴击等级+36,法术强度×1.0952；命中等级×1.0169；暴击等级×1.0286,5,282,297,1.0337,1,黄色,,0,,,,,,47928,火焰风暴之戒,245,4,0,11,无,,34166,光棱指环,39123,4,154,70
100985,梦境之焚天,通用槽位,法系输出,4,0,11,戒指,250,耐力+56；智力+61,法术强度+84；暴击等级+58；急速等级+35,法术强度+77；暴击等级+56；急速等级+32,法术强度×0.9167；暴击等级×0.9655；急速等级×0.9143,5,298,294,0.9592,0,,,0,,,,,,51381,樱红缠丝指环,251,4,0,11,无,,34189,灾难指环,31655,4,154,70
100986,奥义戒律,通用槽位,法系输出,4,0,11,戒指,250,耐力+60；智力+60,法术强度+85；暴击等级+53；命中等级+45,法术强度+87；暴击等级+56；命中等级+43,法术强度×1.0235；暴击等级×1.0566；命中等级×0.9556,5,327,303,1.0099,0,,,0,,,,,,53116,萨薇安娜的供品,258,4,0,11,无,,34213,坚定决心指环,45948,4,154,70
100987,潮汐·驭天,通用槽位,法系输出,4,1,16,披风,250,智力+57；耐力+69,法术强度+93；暴击等级+52；急速等级+36,法术强度+97；暴击等级+49；急速等级+34,法术强度×1.0430；暴击等级×0.9423；急速等级×0.9444,5,294,307,0.9967,0,,,0,,,,168,,49491,轻盈的萨菲隆斗篷,245,4,1,16,无,,34241,原罪披风,48868,4,164,70
100988,地狱火半岛的大地,通用槽位,法系输出,4,1,16,披风,250,耐力+68；智力+57,法术强度+82；命中等级+46；暴击等级+48,法术强度+81；命中等级+45；暴击等级+44,法术强度×0.9878；命中等级×0.9783；暴击等级×0.9167,5,271,301,0.9801,1,蓝色,,0,,,,167,,45242,灭亡斗篷,239,4,1,16,无,,34242,安东尼达斯的破碎斗篷,48871,4,164,70
100989,蚀日·披风,通用槽位,法系输出,4,1,16,披风,250,耐力+60；智力+60,法术强度+84；急速等级+56；命中等级+41,法术强度+84；急速等级+54；命中等级+39,法术强度×1.0000；急速等级×0.9643；命中等级×0.9512,5,304,301,0.9867,2,红色,黄色,0,,,,169,,51584,巫妖裹布,251,4,1,16,无,,41591,军士的强固斗篷,27088,4,156,70
100990,血月·惊涛,通用槽位,法系输出,4,1,16,披风,250,耐力+61；智力+61,法术强度+93；急速等级+52；命中等级+53,法术强度+86；急速等级+52；命中等级+51,法术强度×0.9247；急速等级×1.0000；命中等级×0.9623,5,305,320,0.9719,0,,,0,,,,168,,47291,偏移斗篷,245,4,1,16,无,,34190,血色珍珠披风,48869,4,154,70
100991,蓝龙军团之星轨,通用槽位,力量输出,4,0,2,颈部,250,力量+91；耐力+90,暴击等级+52；命中等级+53,暴击等级+54；命中等级+50,暴击等级×1.0385；命中等级×0.9434,4,272,286,0.9965,1,红色,,0,,,,,,47297,刽子手的恶行,245,4,0,2,无,,34178,深渊领主颈圈,48507,4,154,70
100992,圣辉之镇压,通用槽位,力量输出,4,0,2,颈部,250,力量+82；耐力+90,暴击等级+54；急速等级+43,暴击等级+54；急速等级+46,暴击等级×1.0000；急速等级×1.0698,4,272,269,1.0112,2,黄色,蓝色,0,,,,,,51548,蔑视项圈,251,4,0,2,无,,34184,贵族精灵的胸针,48509,4,154,70
100993,星陨之守护,通用槽位,力量输出,4,0,2,颈部,250,力量+82；耐力+90,暴击等级+52；护甲穿透等级+47,暴击等级+51；护甲穿透等级+46,暴击等级×0.9808；护甲穿透等级×0.9787,4,332,271,0.9926,0,,,0,,,,,,53132,光影相交坠饰,271,4,0,2,无,,34204,自由魔法项链,48512,4,154,70
100994,红龙军团之链坠,通用槽位,力量输出,4,0,2,颈部,250,力量+71；耐力+119,暴击等级+52；精准等级+45,暴击等级+54；精准等级+42,暴击等级×1.0385；精准等级×0.9333,4,290,287,0.9965,2,红色,黄色,0,,,,,,53502,Flamelash Amulet,251,4,0,2,无,,35132,护卫者的征服坠饰,39162,4,154,70
100995,幻光之指环,通用槽位,力量输出,4,0,11,戒指,250,力量+90；耐力+90,暴击等级+52；命中等级+52,暴击等级+53；命中等级+54,暴击等级×1.0192；命中等级×1.0385,4,288,284,1.0106,1,红色,,0,,,,,,52569,力量灰烬指环,251,4,0,11,无,,34230,全能之戒,44358,4,154,70
100996,秘法·玺戒,通用槽位,力量输出,4,0,11,戒指,250,力量+71；耐力+119,暴击等级+52；急速等级+45,暴击等级+53；急速等级+49,暴击等级×1.0192；急速等级×1.0889,4,290,287,1.0174,1,黄色,,0,,,,,,53495,Old Gods' Blessing,251,4,0,11,无,,35129,护卫者的统御指环,39129,4,154,70
100997,破阵玺戒,通用槽位,力量输出,4,0,11,戒指,250,力量+82；耐力+90,暴击等级+53；护甲穿透等级+46,暴击等级+56；护甲穿透等级+49,暴击等级×1.0566；护甲穿透等级×1.0652,4,292,271,1.0221,1,蓝色,,0,,,,,,53110,扎里斯利安的祭品,258,4,0,11,无,,32497,怒风徽记之戒,45362,4,151,70
100998,山岳之之戒,通用槽位,力量输出,4,0,11,戒指,250,力量+79；耐力+118,暴击等级+53；精准等级+53,暴击等级+51；精准等级+56,暴击等级×0.9623；精准等级×1.0566,4,306,303,1.0033,1,红色,,0,,,,,,51559,肯瑞托符文佩戒,251,4,0,11,无,,34837,至尊二戒,31800,4,143,70
100999,屠龙者之符文,通用槽位,力量输出,4,0,11,戒指,250,力量+93；耐力+90,命中等级+48；护甲穿透等级+55,命中等级+45；护甲穿透等级+54,命中等级×0.9375；护甲穿透等级×0.9818,4,225,286,0.9860,1,黄色,,0,,,,,,45675,能量强化指环,225,4,0,11,无,,32261,深渊领主指环,44357,4,141,70
101000,月刃·指环,通用槽位,力量输出,4,0,11,戒指,250,力量+92；耐力+90,命中等级+58；精准等级+45,命中等级+56；精准等级+46,命中等级×0.9655；精准等级×1.0222,4,226,285,0.9965,1,蓝色,,0,,,,,,45540,持剑者的徽记之戒,226,4,0,11,无,,32335,凶猛进攻指环,44841,4,141,70
101001,缚霜者之罩袍,通用槽位,力量输出,4,1,16,披风,250,力量+91；耐力+90,暴击等级+57；命中等级+46,暴击等级+62；命中等级+50,暴击等级×1.0877；命中等级×1.0870,4,270,284,1.0317,2,红色,黄色,0,,,,168,,47320,蛛魔之能,245,4,1,16,无,,34205,救赎灵魂披风,48870,4,154,70
101002,蓝龙军团之源质,通用槽位,力量输出,4,1,16,披风,250,力量+82；耐力+90,暴击等级+32；急速等级+60,暴击等级+34；急速等级+66,暴击等级×1.0625；急速等级×1.1000,4,267,264,1.0303,1,黄色,,0,,,,169,,50791,萨隆邪铁石像鬼披风,251,4,1,16,无,,32524,贵族精灵斗篷,45476,4,151,70
101003,玄冰·斗篷,通用槽位,力量输出,4,1,16,披风,250,力量+91；耐力+90,暴击等级+58；护甲穿透等级+44,暴击等级+54；护甲穿透等级+40,暴击等级×0.9310；护甲穿透等级×0.9091,4,239,283,0.9717,0,,,0,,,,170,,45138,龙骑士披风,232,4,1,16,无,,32323,影月毁灭者斗篷,45886,4,141,70
101004,黑翼之巢的虚空,通用槽位,力量输出,4,1,16,披风,250,力量+91；耐力+90,暴击等级+54；精准等级+53,暴击等级+57；精准等级+53,暴击等级×1.0556；精准等级×1.0000,4,242,288,1.0104,2,红色,黄色,0,,,,168,,54803,冰霜领主的战斗裹尸布,232,4,1,16,无,,32331,伊利达雷议会披风,45885,4,141,70
101005,降世链坠,通用槽位,敏捷输出,4,0,2,颈部,250,敏捷+81；耐力+80,攻击强度+104；暴击等级+57；急速等级+46,攻击强度+110；暴击等级+60；急速等级+50,攻击强度×1.0577；暴击等级×1.0526；急速等级×1.0870,5,351,368,1.0353,0,,,0,,,,,,47272,艾瑞达垂饰,245,4,0,2,无,,32362,泰坦坠饰,4841,4,141,70
101006,轮回之链坠,通用槽位,敏捷输出,4,0,2,颈部,250,敏捷+79；耐力+69,攻击强度+97；护甲穿透等级+53；暴击等级+45,攻击强度+95；护甲穿透等级+49；暴击等级+42,攻击强度×0.9794；护甲穿透等级×0.9245；暴击等级×0.9333,5,346,343,0.9738,1,黄色,,0,,,,,,51779,霜牙垂饰,251,4,0,2,无,,32370,纳蒂娜的纯洁坠饰,39212,4,141,70
101007,幽魂之地的金曦,通用槽位,敏捷输出,4,0,2,颈部,250,敏捷+81；耐力+61,命中等级+50；暴击等级+55；攻击强度+99,命中等级+52；暴击等级+53；攻击强度+94,命中等级×1.0400；暴击等级×0.9636；攻击强度×0.9495,5,330,346,0.9855,0,,,0,,,,,,49485,闪耀的奥妮克希亚龙牙坠饰,245,4,0,2,无,,32589,地狱火坠饰,31899,4,141,70
101008,龙骨荒野的日蚀,通用槽位,敏捷输出,4,0,2,颈部,250,敏捷+74；耐力+79,攻击强度+96；护甲穿透等级+53；急速等级+46,攻击强度+105；护甲穿透等级+54；急速等级+45,攻击强度×1.0938；护甲穿透等级×1.0189；急速等级×0.9783,5,397,348,1.0259,0,,,0,,,,,,50421,辛达苟萨之爪,264,4,0,2,无,,32591,锯齿利刃项圈,39210,4,141,70
101009,万法王之银河,通用槽位,敏捷输出,4,0,11,戒指,250,敏捷+79；耐力+79,攻击强度+106；暴击等级+54；急速等级+51,攻击强度+108；暴击等级+54；急速等级+52,攻击强度×1.0189；暴击等级×1.0000；急速等级×1.0196,5,373,369,1.0081,2,红色,黄色,0,,,,,,51560,肯瑞托符文指环,251,4,0,11,无,,34887,安格莉丝塔的复仇,49005,4,141,70
101010,追猎指环,通用槽位,敏捷输出,4,0,11,戒指,250,敏捷+74；耐力+68,攻击强度+103；暴击等级+48；护甲穿透等级+36,攻击强度+111；暴击等级+47；护甲穿透等级+38,攻击强度×1.0777；暴击等级×0.9792；护甲穿透等级×1.0556,5,297,329,1.0274,1,黄色,,0,,,,,,45608,布莱恩的徽记之戒,239,4,0,11,无,,34890,安薇娜的触摸,43095,4,141,70
101011,巨魔祭司之轮回,通用槽位,敏捷输出,4,0,11,戒指,250,敏捷+79；耐力+69,攻击强度+113；暴击等级+52；命中等级+52,攻击强度+116；暴击等级+50；命中等级+50,攻击强度×1.0265；暴击等级×0.9615；命中等级×0.9615,5,370,365,0.9973,1,蓝色,,0,,,,,,50376,复仇之灰烬指环,251,4,0,11,无,,30109,无尽盘蛇之戒,33534,4,138,70
101012,泰坦之御风,通用槽位,敏捷输出,4,0,11,戒指,250,敏捷+71；耐力+69,攻击强度+113；急速等级+45；护甲穿透等级+53,攻击强度+109；急速等级+43；护甲穿透等级+50,攻击强度×0.9646；急速等级×0.9556；护甲穿透等级×0.9434,5,354,351,0.9744,2,红色,黄色,0,,,,,,50803,萨鲁法尔的寒铸指环,251,4,0,11,无,,33987,Indalamar's Ring of 200 Spell Crit,26537,4,130,70
101013,征途·戒指,通用槽位,敏捷输出,4,0,11,戒指,250,敏捷+74；耐力+79,攻击强度+96；暴击等级+52；精准等级+46,攻击强度+94；暴击等级+56；精准等级+46,攻击强度×0.9792；暴击等级×1.0769；精准等级×1.0000,5,397,347,1.0058,1,黄色,,0,,,,,,50025,千口之戒,264,4,0,11,无,,29920,浴火凤凰之戒,35472,4,128,70
101014,镇岳之戒,通用槽位,敏捷输出,4,0,11,戒指,250,敏捷+71；耐力+69,攻击强度+113；急速等级+53；暴击等级+45,攻击强度+113；急速等级+51；暴击等级+42,攻击强度×1.0000；急速等级×0.9623；暴击等级×0.9333,5,354,351,0.9858,0,,,0,,,,,,51387,暮光女王的印记,251,4,0,11,无,,29922,奥之指环,39120,4,128,70
101015,蓝龙军团之大氅,通用槽位,敏捷输出,4,1,16,披风,250,敏捷+81；耐力+80,攻击强度+104；暴击等级+52；急速等级+52,攻击强度+100；暴击等级+50；急速等级+52,攻击强度×0.9615；暴击等级×0.9615；急速等级×1.0000,5,353,369,0.9837,2,红色,黄色,0,,,,168,,47257,凶兽披风,245,4,1,16,无,,32337,宽恕披风,46490,4,141,70
101016,符文·惊涛,通用槽位,敏捷输出,4,1,16,披风,250,敏捷+76；耐力+79,攻击强度+93；暴击等级+53；护甲穿透等级+46,攻击强度+100；暴击等级+53；护甲穿透等级+47,攻击强度×1.0753；暴击等级×1.0000；护甲穿透等级×1.0217,5,374,347,1.0231,0,,,0,,,,169,,48673,银色盟约披风,258,4,1,16,无,,32590,空灵披风,46124,4,141,70
101017,魔铁之披风,通用槽位,敏捷输出,4,1,16,披风,250,耐力+68；敏捷+89,暴击等级+60；命中等级+44；攻击强度+107,暴击等级+60；命中等级+48；攻击强度+110,暴击等级×1.0000；命中等级×1.0909；攻击强度×1.0280,5,289,368,1.0190,2,蓝色,红色,0,,,,171,,45704,碎裂巨人披风,225,4,1,16,无,,34010,镇定斗篷,47249,4,141,70
101018,织法者之秘银,通用槽位,敏捷输出,4,1,16,披风,250,敏捷+81；耐力+80,攻击强度+104；暴击等级+52；急速等级+52,攻击强度+114；暴击等级+53；急速等级+55,攻击强度×1.0962；暴击等级×1.0192；急速等级×1.0577,5,353,369,1.0379,1,红色,,0,,,,168,,46970,凶兽斗篷,245,4,1,16,无,,34012,决战披风,47252,4,141,70
101019,破晓者之璀璨,通用槽位,治疗,4,0,2,颈部,250,耐力+58；智力+54；精神+51,法术强度+91；暴击等级+62,法术强度+89；暴击等级+58,法术强度×0.9780；暴击等级×0.9355,5,267,316,0.9810,1,蓝色,,0,,,,,,45236,坚定之眼,232,4,0,2,无,,33466,诅咒骨环,9852,4,133,70
101020,余烬·链坠,通用槽位,治疗,4,0,2,颈部,250,耐力+78；智力+54；精神+52,法术强度+82；急速等级+38,法术强度+77；急速等级+40,法术强度×0.9390；急速等级×1.0526,5,275,304,0.9901,2,黄色,红色,0,,,,,,45243,蓝宝石治愈护符,239,4,0,2,无,,30008,流失岁月坠饰,31889,4,128,70
101021,生命项圈,通用槽位,治疗,4,0,2,颈部,250,耐力+62；智力+60,法术强度+84；暴击等级+52；每5秒法力回复+22,法术强度+87；暴击等级+56；每5秒法力回复+24,法术强度×1.0357；暴击等级×1.0769；每5秒法力回复×1.0909,5,267,280,1.0321,1,红色,,0,,,,,,48003,元素禁锢坠饰,245,4,0,2,无,,30022,危机坠饰,34204,4,128,70
101022,太古之印记,通用槽位,治疗,4,0,2,颈部,250,耐力+62；智力+59,法术强度+84；急速等级+53；每5秒法力回复+23,法术强度+91；急速等级+54；每5秒法力回复+24,法术强度×1.0833；急速等级×1.0189；每5秒法力回复×1.0435,5,284,281,1.0320,1,蓝色,,0,,,,,,51008,秽珠项圈,251,4,0,2,无,,30059,凶兽之怒项圈,33906,4,128,70
101023,希利苏斯的龙骨,通用槽位,治疗,4,0,11,戒指,250,智力+59；精神+38；耐力+64,暴击等级+56；法术强度+93,暴击等级+51；法术强度+95,暴击等级×0.9107；法术强度×1.0215,5,295,310,0.9903,1,蓝色,,0,,,,,,49486,抛光的屠龙者的徽记,245,4,0,11,无,,30028,提瑞斯法安宁指环,28733,4,128,70
101024,青铜龙之天火,通用槽位,治疗,4,0,11,戒指,250,耐力+61；智力+61；精神+53,法术强度+93；急速等级+52,法术强度+84；急速等级+56,法术强度×0.9032；急速等级×1.0769,5,305,320,0.9844,1,黄色,,0,,,,,,47732,唤魔者指环,245,4,0,11,无,,30061,远古征服指环,31908,4,128,70
101025,征途·玺戒,通用槽位,治疗,4,0,11,戒指,250,耐力+61；智力+61,法术强度+93；暴击等级+52；每5秒法力回复+26,法术强度+95；暴击等级+57；每5秒法力回复+24,法术强度×1.0215；暴击等级×1.0962；每5秒法力回复×0.9231,5,280,293,1.0171,2,红色,蓝色,0,,,,,,47733,愈心者头环,245,4,0,11,无,,30083,裂魂之戒,24646,4,128,70
101026,紫电·破界,通用槽位,治疗,4,0,11,戒指,250,耐力+60；智力+60,法术强度+84；急速等级+45；每5秒法力回复+27,法术强度+77；急速等级+43；每5秒法力回复+27,法术强度×0.9167；急速等级×0.9556；每5秒法力回复×1.0000,5,279,276,0.9674,2,蓝色,黄色,0,,,,,,50986,腐败徽记,251,4,0,11,无,,33054,丹扎拉尔徽记,31657,4,128,70
101027,裁断玺戒,通用槽位,治疗,4,0,11,戒指,250,耐力+61；智力+61；精神+46,法术强度+93；暴击等级+57,法术强度+91；暴击等级+54,法术强度×0.9785；暴击等级×0.9474,5,303,318,0.9843,1,黄色,,0,,,,,,47327,血红显像之戒,245,4,0,11,无,,33058,警醒指环,31905,4,128,70
101028,凋零·指环,通用槽位,治疗,4,0,11,戒指,250,耐力+58；智力+54；精神+43,法术强度+82；急速等级+60,法术强度+84；急速等级+63,法术强度×1.0244；急速等级×1.0500,5,269,297,1.0168,0,,,0,,,,,,45495,导能封印,239,4,0,11,无,,28757,千印之戒,33864,4,125,70
101029,紫电之穿云,通用槽位,治疗,4,1,16,披风,250,耐力+60；智力+60；精神+52,法术强度+86；暴击等级+45,法术强度+88；暴击等级+48,法术强度×1.0233；暴击等级×1.0667,5,347,303,1.0165,1,蓝色,,0,,,,170,,50469,夜空斗篷,264,4,1,16,无,,29989,太阳光芒披风,46123,4,138,70
101030,破天大氅,通用槽位,治疗,4,1,16,披风,250,耐力+61；智力+61；精神+53,法术强度+93；急速等级+52,法术强度+84；急速等级+49,法术强度×0.9032；急速等级×0.9423,5,305,320,0.9625,1,黄色,,0,,,,168,,47256,清风斗篷,245,4,1,16,无,,29994,萨拉斯荒野披风,46125,4,138,70
101031,照夜斗篷,通用槽位,治疗,4,1,16,披风,250,耐力+61；智力+61,法术强度+93；暴击等级+52；每5秒法力回复+26,法术强度+96；暴击等级+52；每5秒法力回复+26,法术强度×1.0323；暴击等级×1.0000；每5秒法力回复×1.0000,5,280,293,1.0102,0,,,0,,,,168,,47328,少女的倾慕,245,4,1,16,无,,33304,压制能量披风,46812,4,136,70
101032,碎星披风,通用槽位,治疗,4,1,16,披风,250,耐力+60；智力+60,法术强度+84；急速等级+45；每5秒法力回复+27,法术强度+78；急速等级+41；每5秒法力回复+28,法术强度×0.9286；急速等级×0.9111；每5秒法力回复×1.0370,5,279,276,0.9674,0,,,0,,,,169,,51382,悲痛抚平者斗篷,251,4,1,16,无,,33333,卡尔玛的希望披风,43292,4,136,70
101033,不朽·镇世,通用槽位,坦克,4,0,2,颈部,250,力量+78；耐力+107,防御等级+30；躲闪等级+45；招架等级+42,防御等级+29；躲闪等级+49；招架等级+44,防御等级×0.9667；躲闪等级×1.0889；招架等级×1.0476,5,304,302,1.0166,2,蓝色,红色,0,,,,,,50763,玛洛加尔的斑驳环佩,251,4,0,2,无,,30099,溺水者之链,43599,4,128,70
101034,符文之项圈,通用槽位,坦克,4,0,2,颈部,250,力量+60；耐力+109,防御等级+53；躲闪等级+47；命中等级+40,防御等级+58；躲闪等级+51；命中等级+43,防御等级×1.0943；躲闪等级×1.0851；命中等级×1.0750,5,351,309,1.0388,1,红色,,0,,,,,,50195,孔雀石锁链,264,4,0,2,无,,33296,灵巧胸针,46805,4,128,70
101035,秘法之镇世,通用槽位,坦克,4,0,2,颈部,250,耐力+119；力量+61,躲闪等级+52；精准等级+40；防御等级+52,躲闪等级+50；精准等级+38；防御等级+55,躲闪等级×0.9615；精准等级×0.9500；防御等级×1.0577,5,310,324,0.9969,1,黄色,,0,,,,,,49492,艾斯卡达尔铰链,245,4,0,2,无,,33297,蛮族项圈,43701,4,128,70
101036,玄冰·链坠,通用槽位,坦克,4,0,2,颈部,250,力量+42；耐力+119,防御等级+48；躲闪等级+52；精准等级+48,防御等级+50；躲闪等级+56；精准等级+52,防御等级×1.0417；躲闪等级×1.0769；精准等级×1.0833,5,296,309,1.0324,1,蓝色,,0,,,,,,48011,地狱刚毅项圈,245,4,0,2,无,,28762,灵魂窃取项链,35358,4,125,70
101037,翡翠之降临,通用槽位,坦克,4,0,11,戒指,250,力量+80；耐力+119,防御等级+42；躲闪等级+42；招架等级+42,防御等级+40；躲闪等级+39；招架等级+46,防御等级×0.9524；躲闪等级×0.9286；招架等级×1.0952,5,310,325,0.9969,2,蓝色,红色,0,,,,,,47315,叛君指环,245,4,0,11,无,,28763,永生之翡翠指环,9847,4,125,70
101038,巨魔祭司之玺戒,通用槽位,坦克,4,0,11,戒指,250,力量+49；耐力+107,命中等级+47；躲闪等级+56；防御等级+49,命中等级+44；躲闪等级+53；防御等级+53,命中等级×0.9362；躲闪等级×0.9464；防御等级×1.0816,5,309,308,0.9935,1,红色,,0,,,,,,50790,憎恶血戒,251,4,0,11,无,,30738,逆转指环,9834,4,120,70
101039,凋零戒指,通用槽位,坦克,4,0,11,戒指,250,力量+57；耐力+106,防御等级+53；躲闪等级+42；精准等级+45,防御等级+57；躲闪等级+41；精准等级+42,防御等级×1.0755；躲闪等级×0.9762；精准等级×0.9333,5,275,303,1.0000,1,黄色,,0,,,,,,45471,命运的约束,239,4,0,11,无,,28649,迦萝娜的徽记指环,33728,4,115,70
101040,擎天玺戒,通用槽位,坦克,4,0,11,戒指,250,力量+80；耐力+119,防御等级+42；躲闪等级+42；招架等级+42,防御等级+40；躲闪等级+44；招架等级+44,防御等级×0.9524；躲闪等级×1.0476；招架等级×1.0476,5,310,325,1.0062,0,,,0,,,,,,47149,叛君徽记,245,4,0,11,无,,28675,谢尔曼指环,26001,4,115,70
101041,失落·镇海,通用槽位,坦克,4,0,11,戒指,250,力量+56；耐力+119,防御等级+53；躲闪等级+53；命中等级+47,防御等级+53；躲闪等级+58；命中等级+50,防御等级×1.0000；躲闪等级×1.0943；命中等级×1.0638,5,330,328,1.0244,0,,,0,,,,,,50375,勇气之灰烬指环,251,4,0,11,无,,28753,循环之戒,9846,4,115,70
101042,缚龙玺戒,通用槽位,坦克,4,0,11,戒指,250,力量+80；耐力+119,防御等级+42；躲闪等级+42；招架等级+42,防御等级+44；躲闪等级+44；招架等级+43,防御等级×1.0476；躲闪等级×1.0476；招架等级×1.0238,5,310,325,1.0154,2,黄色,蓝色,0,,,,,,33499,末日防御者徽记,245,4,0,11,无,,31399,自然屏障,44086,4,115,70
101043,裁决者之秘法,通用槽位,坦克,4,1,16,披风,250,力量+71；耐力+107,防御等级+45；躲闪等级+37；招架等级+42,防御等级+43；躲闪等级+39；招架等级+44,防御等级×0.9556；躲闪等级×1.0541；招架等级×1.0476,5,304,302,1.0066,2,蓝色,红色,0,,,,169,,50859,千皮斗篷,251,4,1,16,无,,33484,多莉的拥抱,47589,4,136,70
101044,泰坦罩袍,通用槽位,坦克,4,1,16,披风,250,力量+60；耐力+109,防御等级+53；躲闪等级+54；命中等级+33,防御等级+54；躲闪等级+58；命中等级+32,防御等级×1.0189；躲闪等级×1.0741；命中等级×0.9697,5,351,309,1.0129,1,红色,,0,,,,170,,50074,皇家血色披风,264,4,1,16,无,,32420,夜色之末,45480,4,130,70
101045,镇岳披风,通用槽位,坦克,4,1,16,披风,250,力量+61；耐力+119,防御等级+52；躲闪等级+52；精准等级+40,防御等级+57；躲闪等级+53；精准等级+41,防御等级×1.0962；躲闪等级×1.0192；精准等级×1.0250,5,310,324,1.0216,0,,,0,,,,168,,47275,恶魔领主的荣傲披风,245,4,1,16,无,,29925,凤翼披风,46126,4,128,70
101046,赤焰之降临,通用槽位,坦克,4,1,16,披风,250,力量+61；耐力+119,防御等级+52；躲闪等级+52；精准等级+40,防御等级+47；躲闪等级+54；精准等级+44,防御等级×0.9038；躲闪等级×1.0385；精准等级×1.1000,5,310,324,1.0031,2,蓝色,红色,0,,,,168,,47042,艾瑞达的荣耀,245,4,1,16,无,,30098,锋鳞作战披风,43597,4,128,70
101047,战争领主之圣契,副手,法系输出,4,0,23,副手物品,250,耐力+60；智力+60,法术强度+94；暴击等级+52；急速等级+53,法术强度+94；暴击等级+47；急速等级+57,法术强度×1.0000；暴击等级×0.9038；急速等级×1.0755,5,364,319,0.9969,2,黄色,蓝色,0,,,,,,50173,影丝纺锤,264,4,0,23,无,,38322,铁箍之书,23171,4,200,77
101048,烈焰法球,副手,法系输出,4,0,23,副手物品,250,耐力+60；智力+60,法术强度+93；命中等级+56；暴击等级+47,法术强度+99；命中等级+52；暴击等级+50,法术强度×1.0645；命中等级×0.9286；暴击等级×1.0638,5,320,316,1.0158,1,蓝色,,0,,,,,,50781,天谴领主权杖,251,4,0,23,无,,35008,野蛮角斗士的决战,39505,4,159,70
101049,符文大师之权杖,副手,法系输出,4,0,23,副手物品,250,耐力+61；智力+58,法术强度+84；命中等级+45；急速等级+53,法术强度+81；命中等级+47；急速等级+54,法术强度×0.9643；命中等级×1.0444；急速等级×1.0189,5,287,301,1.0000,1,红色,,0,,,,,,48032,光明邪使的专注,245,4,0,23,无,,34179,深渊之心,48894,4,154,70
101050,擎天法典,副手,法系输出,4,0,23,副手物品,250,耐力+61；智力+58,法术强度+84；命中等级+45；急速等级+53,法术强度+86；命中等级+45；急速等级+56,法术强度×1.0238；命中等级×1.0000；急速等级×1.0566,5,287,301,1.0166,1,黄色,,0,,,,,,47958,降福圣杯,245,4,0,23,无,,34206,贵族精灵的赞美诗,48895,4,154,70
101051,圣殿骑士之宝珠,副手,治疗,4,0,23,副手物品,250,耐力+61；智力+61；精神+53,法术强度+93；暴击等级+52,法术强度+95；暴击等级+56,法术强度×1.0215；暴击等级×1.0769,5,305,320,1.0188,2,蓝色,黄色,0,,,,,,47309,幻变咒符,245,4,0,23,无,,30911,净化节杖,39420,4,151,70
101052,星陨圣契,副手,治疗,4,0,23,副手物品,250,耐力+60；智力+60；精神+52,法术强度+94；急速等级+53,法术强度+98；急速等级+48,法术强度×1.0426；急速等级×0.9057,5,364,319,0.9969,1,黄色,,0,,,,,,50423,永恒暮色日晷,264,4,0,23,无,,30872,黑暗秘密编年史,45211,4,141,70
101053,死亡骑士之秘银,副手,治疗,4,0,23,副手物品,250,耐力+61；智力+61；精神+53,法术强度+93；暴击等级+52,法术强度+88；暴击等级+54,法术强度×0.9462；暴击等级×1.0385,5,305,320,0.9906,0,,,0,,,,,,47138,炽光圣杯,245,4,0,23,无,,32350,灵感之触,41453,4,141,70
101054,暗影之圣契,副手,治疗,4,0,23,副手物品,250,耐力+68；智力+60；精神+57,法术强度+91；急速等级+44,法术强度+98；急速等级+47,法术强度×1.0769；急速等级×1.0682,5,271,320,1.0312,2,蓝色,黄色,0,,,,,,45271,愈石者,232,4,0,23,无,,32361,盲眼先知圣像,45275,4,141,70
101055,黑翼之巢护盾,盾牌,法系输出,4,6,14,盾牌,250,耐力+61；智力+61,法术强度+93；急速等级+52；暴击等级+52,法术强度+97；急速等级+50；暴击等级+57,法术强度×1.0430；急速等级×0.9615；暴击等级×1.0962,5,305,319,1.0219,2,黄色,蓝色,0,,,,8430,241,47287,决心壁垒,245,4,6,14,无,,30314,相位壁垒,40867,5,175,70
101056,蚀日·大盾,盾牌,法系输出,4,6,14,盾牌,250,耐力+61；智力+61,法术强度+93；急速等级+52；暴击等级+52,法术强度+90；急速等级+49；暴击等级+57,法术强度×0.9677；急速等级×0.9423；暴击等级×1.0962,5,305,319,0.9969,1,蓝色,,0,,,,8430,241,47079,圣洁壁垒,245,4,6,14,无,,34986,野蛮角斗士的屏障,49154,4,159,70
101057,魔能盾牌,盾牌,法系输出,4,6,14,盾牌,250,耐力+60；智力+60,法术强度+93；急速等级+53；暴击等级+53,法术强度+88；急速等级+50；暴击等级+56,法术强度×0.9462；急速等级×0.9434；暴击等级×1.0566,5,344,319,0.9843,1,红色,,0,,,,8496,229,47448,决心壁垒,258,4,6,14,无,,35073,野蛮角斗士的壁垒,49153,4,159,70
101058,月刃·大盾,盾牌,法系输出,4,6,14,盾牌,250,耐力+60；智力+60,法术强度+93；急速等级+53；暴击等级+53,法术强度+98；急速等级+53；暴击等级+52,法术强度×1.0538；急速等级×1.0000；暴击等级×0.9811,5,344,319,1.0125,1,黄色,,0,,,,8496,229,47085,圣洁壁垒,258,4,6,14,无,,35094,野蛮角斗士的墙盾,49155,4,159,70
101059,冰冠堡垒坚盾,盾牌,治疗,4,6,14,盾牌,250,耐力+57；智力+54,每5秒法力回复+28；暴击等级+46；法术强度+84,每5秒法力回复+26；暴击等级+49；法术强度+88,每5秒法力回复×0.9286；暴击等级×1.0652；法术强度×1.0476,5,256,269,1.0186,2,蓝色,黄色,0,,,,8430,241,48040,库卡隆的荣耀,245,4,6,14,无,,34185,折戟壁垒,48907,4,154,70
101060,命运之护盾,盾牌,治疗,4,6,14,盾牌,250,耐力+60；智力+60,法术强度+93；急速等级+53；每5秒法力回复+27,法术强度+95；急速等级+53；每5秒法力回复+28,法术强度×1.0215；急速等级×1.0000；每5秒法力回复×1.0370,5,296,293,1.0102,1,黄色,,0,,,,8462,235,51791,蓝龙军团的失落之盾,251,4,6,14,无,,34231,天使命运之盾,48906,4,154,70
101061,恩泽盾牌,盾牌,治疗,4,6,14,盾牌,250,耐力+57；智力+54,每5秒法力回复+28；暴击等级+46；法术强度+84,每5秒法力回复+26；暴击等级+44；法术强度+92,每5秒法力回复×0.9286；暴击等级×0.9565；法术强度×1.0952,5,256,269,1.0149,0,,,0,,,,8430,241,47963,警觉护盾,245,4,6,14,无,,30909,安东尼达斯的专注纹章盾,45204,4,151,70
101062,静潮之壁垒,盾牌,治疗,4,6,14,盾牌,250,耐力+60；智力+60,法术强度+93；急速等级+53；每5秒法力回复+27,法术强度+98；急速等级+50；每5秒法力回复+28,法术强度×1.0538；急速等级×0.9434；每5秒法力回复×1.0370,5,296,293,1.0102,0,,,0,,,,8462,235,51791,蓝龙军团的失落之盾,251,4,6,14,无,,32375,埃辛诺斯壁垒,45653,4,151,70
101063,灵光大盾,盾牌,坦克,4,6,14,盾牌,250,力量+79；耐力+119,防御等级+42；格挡等级+37；招架等级+45,防御等级+39；格挡等级+34；招架等级+45,防御等级×0.9286；格挡等级×0.9189；招架等级×1.0000,5,324,322,0.9814,0,,,0,,,,8462,235,50794,无尽寒冬,251,4,6,14,无,,33661,复仇角斗士的屏障,42376,4,146,70
101064,风暴峭壁之塔盾,盾牌,坦克,4,6,14,盾牌,250,力量+79；耐力+106,防御等级+42；躲闪等级+31；格挡等级+40,防御等级+41；躲闪等级+28；格挡等级+37,防御等级×0.9762；躲闪等级×0.9032；格挡等级×0.9250,5,271,298,0.9765,1,红色,,0,,,,8394,246,45587,奥尔加隆的壁垒,239,4,6,14,无,,30882,圣光壁垒,44863,4,141,70
101065,幽魂之地大盾,盾牌,坦克,4,6,14,盾牌,250,力量+79；耐力+119,防御等级+42；格挡等级+37；招架等级+45,防御等级+43；格挡等级+38；招架等级+42,防御等级×1.0238；格挡等级×1.0270；招架等级×0.9333,5,324,322,0.9969,0,,,0,,,,8462,235,50794,无尽寒冬,251,4,6,14,无,,30889,卡兹洛加之心,44865,4,141,70
101066,镇世塔盾,盾牌,坦克,4,6,14,盾牌,250,力量+79；耐力+106,防御等级+42；躲闪等级+31；格挡等级+40,防御等级+42；躲闪等级+33；格挡等级+40,防御等级×1.0000；躲闪等级×1.0645；格挡等级×1.0000,5,271,298,1.0067,1,蓝色,,0,,,,8394,246,45587,奥尔加隆的壁垒,239,4,6,14,无,,32255,魔石壁垒,44869,4,141,70
101067,无尽之战斧,武器,力量输出,2,0,13,单手武器,250,力量+47；耐力+91,暴击等级+38；命中等级+31；精准等级+43,暴击等级+41；命中等级+29；精准等级+40,暴击等级×1.0789；命中等级×0.9355；精准等级×0.9302,5,199,250,0.9920,1,红色,,0,229.32-426.39,1600,204.91,,,40402,最后的笑容,226,2,0,13,同子类坦克评级等价替换,防御等级→暴击等级；招架等级→精准等级,34995,野蛮角斗士的切碎者,49150,4,154,70
101068,卡拉赞利斧,武器,力量输出,2,0,13,单手武器,250,力量+61；耐力+92,暴击等级+33；护甲穿透等级+34；命中等级+28,暴击等级+36；护甲穿透等级+36；命中等级+30,暴击等级×1.0909；护甲穿透等级×1.0588；命中等级×1.0714,5,267,248,1.0282,0,,,0,228.09-425.07,1600,204.11,,,51795,托格拜恩，冰霜之王的战斧,258,2,0,13,同子类坦克评级等价替换,防御等级→暴击等级；招架等级→护甲穿透等级；躲闪等级→命中等级,35110,野蛮角斗士的战斧,49152,4,154,70
101069,晨星断空短斧,武器,力量输出,2,0,13,单手武器,250,力量+63；耐力+91,精准等级+32；暴击等级+25；命中等级+35,精准等级+35；暴击等级+23；命中等级+38,精准等级×1.0938；暴击等级×0.9200；命中等级×1.0857,5,208,246,1.0163,1,蓝色,,0,228.50-425.01,1600,204.22,,,50290,法瑞克的断腕斧,232,2,0,13,同子类坦克评级等价替换,防御等级→精准等级；招架等级→暴击等级；格挡等级→命中等级,33669,复仇角斗士的利斧,46962,4,146,70
101070,缚霜者之手斧,武器,敏捷输出,2,0,13,单手武器,250,敏捷+54；耐力+46,攻击强度+92；暴击等级+45；急速等级+25,攻击强度+85；暴击等级+44；急速等级+25,攻击强度×0.9239；暴击等级×0.9778；急速等级×1.0000,5,250,262,0.9695,0,,,0,370.46-690.07,2600,203.95,,,48043,冰锋,245,2,0,13,无,,32236,涨潮,44959,4,141,70
101071,冰封断空短斧,武器,敏捷输出,2,0,13,单手武器,250,敏捷+61；耐力+47,攻击强度+93；暴击等级+45；护甲穿透等级+35,攻击强度+89；暴击等级+41；护甲穿透等级+38,攻击强度×0.9570；暴击等级×0.9111；护甲穿透等级×1.0857,5,283,281,0.9822,1,黄色,,0,371.24-689.88,2600,204.06,,,50787,冰霜巨人的斩首斧,251,2,0,13,无,,32254,残酷者,44960,4,141,70
101072,星陨冻结手斧,武器,敏捷输出,2,0,13,单手武器,250,敏捷+37；耐力+70,攻击强度+113；暴击等级+35；命中等级+46,攻击强度+112；暴击等级+38；命中等级+43,攻击强度×0.9912；暴击等级×1.0857；命中等级×0.9348,5,228,301,0.9967,1,蓝色,,0,373.59-694.35,2600,205.37,,,46031,疯狂之触,219,2,0,13,无,,33476,无情利斧,46999,4,138,70
101073,祖达克之短斧,武器,坦克,2,0,13,单手武器,250,力量+61；耐力+92,防御等级+33；招架等级+34；躲闪等级+28,防御等级+34；招架等级+36；躲闪等级+30,防御等级×1.0303；招架等级×1.0588；躲闪等级×1.0714,5,267,248,1.0202,1,蓝色,,0,228.09-425.07,1600,204.11,,,51795,托格拜恩，冰霜之王的战斧,258,2,0,13,无,,28433,邪恶位面战斧,41630,4,136,70
101074,霜痕·利斧,武器,坦克,2,0,13,单手武器,250,力量+53；耐力+91,防御等级+30；招架等级+32；躲闪等级+27,防御等级+28；招架等级+35；躲闪等级+28,防御等级×0.9333；招架等级×1.0938；躲闪等级×1.0370,5,284,233,1.0086,1,红色,,0,228.57-426.32,1600,204.65,,,51947,托格班恩，霜育王之斧,271,2,0,13,无,,31965,残酷角斗士的利斧,41559,4,136,70
101075,群星之手斧,武器,坦克,2,0,13,单手武器,250,力量+61；耐力+92,防御等级+33；招架等级+34；躲闪等级+28,防御等级+36；招架等级+34；躲闪等级+28,防御等级×1.0909；招架等级×1.0000；躲闪等级×1.0000,5,267,248,1.0121,1,黄色,,0,228.09-425.07,1600,204.11,,,51795,托格拜恩，冰霜之王的战斧,258,2,0,13,无,,29924,虚空梦魇,42177,4,134,70
101076,降临战斧,武器,力量输出,2,1,17,双手武器,250,力量+155；耐力+162,命中等级+74；暴击等级+89,命中等级+81；暴击等级+92,命中等级×1.0946；暴击等级×1.0337,4,457,480,1.0208,2,红色,黄色,0,764.34-1147.54,3600,265.54,,,48713,洛萨战斧,245,2,1,17,无,,30316,毁灭,41560,5,175,70
101077,大地驭雷破城斧,武器,力量输出,2,1,17,双手武器,250,力量+155；耐力+162,命中等级+74；暴击等级+89,命中等级+75；暴击等级+97,命中等级×1.0135；暴击等级×1.0899,4,457,480,1.0188,2,黄色,蓝色,0,764.34-1147.54,3600,265.54,,,48695,莫克什，舐血者,245,2,1,17,无,,34997,野蛮角斗士的斩首斧,49149,4,154,70
101078,幽影·战斧,武器,力量输出,2,1,17,双手武器,250,力量+155；耐力+162,暴击等级+94；护甲穿透等级+85,暴击等级+97；护甲穿透等级+82,暴击等级×1.0319；护甲穿透等级×0.9647,4,474,496,1.0000,0,,,0,764.34-1147.54,3600,265.54,,,47285,双刃屠斧,245,2,1,17,无,,33670,复仇角斗士的斩首斧,47732,4,146,70
101079,轰雷重斧,武器,力量输出,2,1,17,双手武器,250,力量+146；耐力+162,护甲穿透等级+82；精准等级+90,护甲穿透等级+76；精准等级+84,护甲穿透等级×0.9268；精准等级×0.9333,4,486,480,0.9750,1,红色,,0,742.37-1114.55,3500,265.27,,,50798,拉玛兰迪的抉择之刃,251,2,1,17,无,,34014,复仇角斗士的战斧,47771,4,146,70
101080,掠影战弓,武器,敏捷输出,2,2,15,弓,250,敏捷+47；耐力+43,攻击强度+62；暴击等级+29；急速等级+25,攻击强度+67；暴击等级+31；急速等级+24,攻击强度×1.0806；暴击等级×1.0690；急速等级×0.9600,5,184,206,1.0291,1,红色,,0,461.00-789.15,2800,223.24,26,,45327,海妖的悲鸣,238,2,2,15,无,,30318,灵弦长弓,41875,5,175,70
101081,晶歌森林长弓,武器,敏捷输出,2,2,15,弓,250,敏捷+44；耐力+34,攻击强度+69；暴击等级+31；命中等级+28,攻击强度+73；暴击等级+30；命中等级+28,攻击强度×1.0580；暴击等级×0.9677；命中等级×1.0000,5,207,206,1.0146,2,黄色,蓝色,0,485.83-805.43,2900,222.63,,,50776,海洋之神骨弓,251,2,2,15,无,,34334,索利达尔，群星之怒,48902,5,164,70
101082,时空之弯弓,武器,敏捷输出,2,2,15,弓,250,敏捷+44；耐力+34,攻击强度+69；暴击等级+31；命中等级+28,攻击强度+72；暴击等级+29；命中等级+27,攻击强度×1.0435；暴击等级×0.9355；命中等级×0.9643,5,207,206,1.0000,1,蓝色,,0,485.83-805.43,2900,222.63,,,50776,海洋之神骨弓,251,2,2,15,无,,23051,防御者之刃,35450,5,86,60
101083,疾影战弓,武器,敏捷输出,2,2,15,弓,250,敏捷+42；耐力+34,攻击强度+59；护甲穿透等级+25；命中等级+25,攻击强度+57；护甲穿透等级+25；命中等级+23,攻击强度×0.9661；护甲穿透等级×1.0000；命中等级×0.9200,5,176,185,0.9784,0,,,0,469.19-784.44,2800,223.86,,,48711,洛克夏拉，暗影诛灭者,245,2,2,15,无,,34196,奎尔萨拉斯金弓,48294,4,154,70
101084,圣光·猎枪,武器,敏捷输出,2,3,26,远程武器,250,敏捷+43；耐力+45,攻击强度+46；暴击等级+30；急速等级+22,攻击强度+43；暴击等级+30；急速等级+21,攻击强度×0.9348；暴击等级×1.0000；急速等级×0.9545,5,201,186,0.9785,2,红色,黄色,0,485.12-797.51,2900,221.14,,,47523,菲斯克的自动火炮,258,2,3,26,无,,35075,野蛮角斗士的步枪,49393,4,154,70
101085,余烬裂云长枪,武器,敏捷输出,2,3,26,远程武器,250,敏捷+44；耐力+32,攻击强度+70；护甲穿透等级+31；急速等级+28,攻击强度+64；护甲穿透等级+32；急速等级+29,攻击强度×0.9143；护甲穿透等级×1.0323；急速等级×1.0357,5,206,205,0.9805,1,黄色,,0,495.72-827.20,3000,220.49,,,51385,打桩枪,251,2,3,26,无,,34530,复仇角斗士的步枪,48183,4,146,70
101086,沙塔斯之步枪,武器,敏捷输出,2,3,26,远程武器,250,敏捷+43；耐力+24,攻击强度+68；暴击等级+31；命中等级+19,攻击强度+68；暴击等级+31；命中等级+18,攻击强度×1.0000；暴击等级×1.0000；命中等级×0.9474,5,177,185,0.9946,2,蓝色,红色,0,469.19-784.44,2800,223.86,,,48022,大口径燧石火枪,245,2,3,26,无,,32325,坚韧卫士火枪,44962,4,141,70
101087,龙骨荒野之猎枪,武器,敏捷输出,2,3,26,远程武器,250,敏捷+47；耐力+39,攻击强度+62；急速等级+32；护甲穿透等级+24,攻击强度+66；急速等级+32；护甲穿透等级+22,攻击强度×1.0645；急速等级×1.0000；护甲穿透等级×0.9167,5,183,204,1.0098,0,,,0,478.03-817.54,2900,223.37,26,,45261,巨人之灾,238,2,3,26,无,,29949,奥金气枪,42178,4,134,70
101088,血精灵魔导师之钉锤,武器,力量输出,2,4,21,主手武器,250,耐力+91；力量+42,暴击等级+44；命中等级+39；精准等级+36,暴击等级+47；命中等级+40；精准等级+34,暴击等级×1.0682；命中等级×1.0256；精准等级×0.9444,5,253,252,1.0079,1,红色,,0,242.20-450.65,1700,203.78,,,50760,断骨权杖,251,2,4,13,同子类坦克评级等价替换,躲闪等级→暴击等级；防御等级→精准等级,30317,宇宙灌注者,41873,5,175,70
101089,金曦·权杖,武器,力量输出,2,4,21,主手武器,250,耐力+80；力量+61,命中等级+30；护甲穿透等级+24；暴击等级+33,命中等级+29；护甲穿透等级+25；暴击等级+33,命中等级×0.9667；护甲穿透等级×1.0417；暴击等级×1.0000,5,218,228,1.0000,1,黄色,,0,228.29-424.42,1600,203.97,,,48714,忠烈之锤,245,2,4,13,同子类坦克评级等价替换,躲闪等级→命中等级；招架等级→护甲穿透等级；防御等级→暴击等级,34335,圣灵之锤,48029,4,164,70
101090,索拉查之短锤,武器,力量输出,2,4,21,主手武器,250,耐力+80；力量+61,急速等级+30；暴击等级+24；精准等级+33,急速等级+30；暴击等级+24；精准等级+30,急速等级×1.0000；暴击等级×1.0000；精准等级×0.9091,5,218,228,0.9868,0,,,0,228.29-424.42,1600,203.97,,,48699,鲜血与荣耀,245,2,4,13,同子类坦克评级等价替换,躲闪等级→急速等级；招架等级→暴击等级；防御等级→精准等级,34176,哀难,47992,4,154,70
101091,山岳·铁锤,武器,坦克,2,4,21,主手武器,250,耐力+80；力量+61,躲闪等级+30；招架等级+24；防御等级+33,躲闪等级+31；招架等级+23；防御等级+30,躲闪等级×1.0333；招架等级×0.9583；防御等级×0.9091,5,218,228,0.9868,2,蓝色,红色,0,228.29-424.42,1600,203.97,,,48714,忠烈之锤,245,2,4,13,无,,34199,执政官之槌,48908,4,154,70
101092,寒冰皇冠钉锤,武器,坦克,2,4,21,主手武器,250,耐力+91；力量+42,躲闪等级+44；命中等级+39；防御等级+36,躲闪等级+47；命中等级+41；防御等级+34,躲闪等级×1.0682；命中等级×1.0513；防御等级×0.9444,5,253,252,1.0119,2,红色,黄色,0,242.20-450.65,1700,203.78,,,50760,断骨权杖,251,2,4,13,无,,34988,野蛮角斗士的碎骨锤,49136,4,154,70
101093,泰坦监护者之权杖,武器,坦克,2,4,21,主手武器,250,耐力+92；力量+48,躲闪等级+43；精准等级+30；防御等级+34,躲闪等级+40；精准等级+32；防御等级+31,躲闪等级×0.9302；精准等级×1.0667；防御等级×0.9118,5,197,247,0.9838,1,黄色,,0,243.06-452.42,1700,204.55,,,45892,雷霆的传承,225,2,4,13,无,,35014,野蛮角斗士的木槌,49135,4,154,70
101094,远征军之铁锤,武器,法系输出,2,4,21,主手武器,250,智力+58；耐力+58,法术强度+651；暴击等级+53；急速等级+49,法术强度+641；暴击等级+54；急速等级+52,法术强度×0.9846；暴击等级×1.0189；急速等级×1.0612,5,878,869,0.9931,2,黄色,蓝色,0,102.14-322.29,1800,117.90,,,50051,真炎锤,251,2,4,21,无,,35082,野蛮角斗士的拯救,49146,4,154,70
101095,幻影之权杖,武器,法系输出,2,4,21,主手武器,250,耐力+40；智力+61,暴击等级+38；急速等级+56；法术强度+648,暴击等级+35；急速等级+56；法术强度+593,暴击等级×0.9211；急速等级×1.0000；法术强度×0.9151,5,807,843,0.9312,1,蓝色,,0,84.47-270.09,1500,118.19,,,48709,碎心者,245,2,4,21,无,,32500,卡拉波水晶之塔,45365,4,151,70
101096,寒星破界短锤,武器,法系输出,2,4,21,主手武器,250,耐力+40；智力+61,暴击等级+38；急速等级+56；法术强度+648,暴击等级+36；急速等级+52；法术强度+629,暴击等级×0.9474；急速等级×0.9286；法术强度×0.9707,5,807,843,0.9703,1,红色,,0,84.47-270.09,1500,118.19,,,48693,破心者,245,2,4,21,无,,33662,复仇角斗士的碎骨锤,47606,4,146,70
101097,奥格瑞玛铁锤,武器,治疗,2,4,21,主手武器,250,耐力+44；智力+47,法术强度+648；每5秒法力回复+26；暴击等级+52,法术强度+650；每5秒法力回复+24；暴击等级+53,法术强度×1.0031；每5秒法力回复×0.9231；暴击等级×1.0192,5,783,817,1.0012,1,蓝色,,0,101.15-323.28,1800,117.90,,,48039,大地酋长之锤,245,2,4,21,无,,33687,复仇角斗士的木槌,47740,4,146,70
101098,红龙铁锤,武器,治疗,2,4,21,主手武器,250,耐力+67；智力+55,法术强度+651；急速等级+52；每5秒法力回复+26,法术强度+620；急速等级+52；每5秒法力回复+27,法术强度×0.9524；急速等级×1.0000；每5秒法力回复×1.0385,5,859,851,0.9647,2,黄色,红色,0,123.96-393.68,2200,117.65,,,51004,感染之伤,251,2,4,21,无,,34896,纳鲁赐福之槌,49111,4,146,70
101099,守望者权杖,武器,治疗,2,4,21,主手武器,250,耐力+44；智力+47,法术强度+648；每5秒法力回复+26；暴击等级+52,法术强度+639；每5秒法力回复+24；暴击等级+52,法术强度×0.9861；每5秒法力回复×0.9231；暴击等级×1.0000,5,783,817,0.9865,0,,,0,101.15-323.28,1800,117.90,,,47962,银色治愈者,245,2,4,21,无,,30108,浅水权杖,47438,4,141,70
101100,陨星断岳战锤,武器,力量输出,2,5,17,双手武器,250,力量+164；耐力+162,暴击等级+103；命中等级+83,暴击等级+93；命中等级+79,暴击等级×0.9029；命中等级×0.9518,4,456,512,0.9727,0,,,0,766.44-1148.56,3600,265.97,,,45521,辟地,238,2,5,17,无,,17182,萨弗拉斯，炎魔拉格纳罗斯之手,29698,5,80,60
101101,幻光净世破甲锤,武器,力量输出,2,5,17,双手武器,250,力量+150；耐力+124,暴击等级+132；急速等级+69,暴击等级+130；急速等级+73,暴击等级×0.9848；急速等级×1.0580,4,353,475,1.0042,2,黄色,蓝色,0,772.27-1159.03,3600,268.24,,,49802,千钧,219,2,5,17,无,,34989,野蛮角斗士的碾骨锤,49993,4,154,70
101102,太古·重锤,武器,力量输出,2,5,17,双手武器,250,力量+146；耐力+161,暴击等级+87；护甲穿透等级+88,暴击等级+86；护甲穿透等级+89,暴击等级×0.9885；护甲穿透等级×1.0114,4,520,482,1.0000,0,,,0,763.43-1145.62,3600,265.15,,,51796,米奈希尔战槌,258,2,5,17,无,,33663,复仇角斗士的碾骨锤,47742,4,146,70
101103,嚎风峡湾之破甲锤,武器,力量输出,2,5,17,双手武器,250,力量+146；耐力+162,暴击等级+94；精准等级+75,暴击等级+90；精准等级+68,暴击等级×0.9574；精准等级×0.9067,4,483,477,0.9769,0,,,0,742.37-1114.55,3500,265.27,,,51562,公牛之心,251,2,5,17,无,,32332,诅咒火炬,45350,4,141,70
101104,永夜之长枪,武器,力量输出,2,6,17,双手武器,250,力量+154；耐力+162,暴击等级+75；命中等级+102,暴击等级+76；命中等级+104,暴击等级×1.0133；命中等级×1.0196,4,499,493,1.0061,2,红色,黄色,0,721.53-1082.79,3400,265.34,,,50761,堡垒卫士的巨剑,251,2,8,17,同手位力量双手预算,,34183,魔脊之枪,47996,4,154,70
101105,石爪山之三叉戟,武器,力量输出,2,6,17,双手武器,250,力量+162；耐力+162,暴击等级+98；急速等级+90,暴击等级+91；急速等级+90,暴击等级×0.9286；急速等级×1.0000,4,518,512,0.9863,0,,,0,763.21-1146.31,3600,265.21,,,50048,奎尔德拉，信仰之力,251,2,8,17,同手位力量双手预算,,35064,野蛮角斗士的痛苦之锯,49142,4,154,70
101106,寒霜·三叉戟,武器,力量输出,2,6,17,双手武器,250,力量+155；耐力+162,暴击等级+94；护甲穿透等级+85,暴击等级+87；护甲穿透等级+88,暴击等级×0.9255；护甲穿透等级×1.0353,4,474,496,0.9919,2,蓝色,红色,0,764.34-1147.54,3600,265.54,,,47069,公正使者,245,2,1,17,同手位力量双手预算,,33727,复仇角斗士的痛苦之锯,40368,4,146,70
101107,龙鳞三叉戟,武器,敏捷输出,2,6,17,双手武器,250,敏捷+134；耐力+142,攻击强度+168；暴击等级+94；急速等级+82,攻击强度+163；暴击等级+94；急速等级+81,攻击强度×0.9702；暴击等级×1.0000；急速等级×0.9878,5,708,620,0.9903,0,,,0,720.60-1082.24,3400,265.12,,,50178,血瀑,264,2,6,17,无,,32248,荒芜之戟,45318,4,141,70
101108,银辉之长矛,武器,敏捷输出,2,6,17,双手武器,250,敏捷+128；耐力+132,攻击强度+162；暴击等级+77；护甲穿透等级+93,攻击强度+149；暴击等级+70；护甲穿透等级+95,攻击强度×0.9198；暴击等级×0.9091；护甲穿透等级×1.0215,5,565,592,0.9696,1,黄色,,0,658.41-987.62,3100,265.49,,,49496,强化的暗影之击,245,2,6,17,无,,32025,残酷角斗士的痛苦之锯,41562,4,136,70
101109,擎天战戟,武器,敏捷输出,2,6,17,双手武器,250,耐力+109；敏捷+143,攻击强度+206；暴击等级+79；命中等级+101,攻击强度+187；暴击等级+83；命中等级+94,攻击强度×0.9078；暴击等级×1.0506；命中等级×0.9307,5,537,638,0.9655,0,,,0,724.08-1087.26,3400,266.37,,,50296,逆戟鲸猎叉,232,2,6,17,无,,28774,深渊巨刃,40366,4,125,70
101110,轮回之军刀,武器,力量输出,2,7,21,主手武器,250,力量+44；耐力+92,暴击等级+41；精准等级+39；命中等级+35,暴击等级+41；精准等级+38；命中等级+34,暴击等级×1.0000；精准等级×0.9744；命中等级×0.9714,5,212,251,0.9920,1,红色,,0,228.50-425.01,1600,204.22,,,45110,泰坦禁卫,232,2,7,13,同子类坦克评级等价替换,防御等级→暴击等级；招架等级→精准等级,30311,迁跃切割者,41867,5,175,70
101111,征途军刀,武器,力量输出,2,7,21,主手武器,250,力量+44；耐力+91,暴击等级+41；护甲穿透等级+41；精准等级+36,暴击等级+42；护甲穿透等级+41；精准等级+35,暴击等级×1.0244；护甲穿透等级×1.0000；精准等级×0.9722,5,254,253,1.0000,1,黄色,,0,228.30-424.84,1600,204.11,,,51010,整容刀,251,2,7,13,同子类坦克评级等价替换,防御等级→暴击等级；招架等级→护甲穿透等级,32837,埃辛诺斯战刃,45479,5,156,70
101112,通灵学院利剑,武器,力量输出,2,7,21,主手武器,250,力量+61；耐力+80,精准等级+32；急速等级+15,精准等级+30；急速等级+16,精准等级×0.9375；急速等级×1.0667,4,179,188,0.9947,1,蓝色,,0,213.77-398.48,1500,204.08,530,,48044,热情护卫者,245,2,7,13,同子类坦克评级等价替换,防御等级→精准等级；躲闪等级→急速等级,32838,埃辛诺斯战刃,45481,5,156,70
101113,冰封·短剑,武器,坦克,2,7,21,主手武器,250,力量+61；耐力+81,防御等级+25；躲闪等级+33；招架等级+32,防御等级+25；躲闪等级+33；招架等级+35,防御等级×1.0000；躲闪等级×1.0000；招架等级×1.0938,5,250,232,1.0129,0,,,0,228.09-425.07,1600,204.11,,,47513,奥格瑞姆斜锋剑,258,2,7,13,无,,22736,安杜尼苏斯，灵魂的收割者,35152,5,100,60
101114,焚天长剑,武器,坦克,2,7,21,主手武器,250,力量+61；耐力+80,防御等级+32；躲闪等级+15,防御等级+32；躲闪等级+15,防御等级×1.0000；躲闪等级×1.0000,4,179,188,1.0000,1,红色,,0,213.77-398.48,1500,204.08,530,,47967,十字军的荣耀,245,2,7,13,无,,19019,雷霆之怒，逐风者的祝福之剑,30606,5,80,60
101115,圣贤军刀,武器,坦克,2,7,21,主手武器,250,力量+61；耐力+81,防御等级+25；躲闪等级+33；招架等级+32,防御等级+23；躲闪等级+32；招架等级+33,防御等级×0.9200；躲闪等级×0.9697；招架等级×1.0312,5,250,232,0.9914,1,黄色,,0,228.09-425.07,1600,204.11,,,47506,银翼护卫者,258,2,7,13,无,,61040,主-阿兹加洛战刃·绿,420106,5,70,70
101116,潜行者之佩剑,武器,法系输出,2,7,21,主手武器,250,耐力+58；智力+58,法术强度+651；暴击等级+53；急速等级+49,法术强度+679；暴击等级+52；急速等级+52,法术强度×1.0430；暴击等级×0.9811；急速等级×1.0612,5,878,869,1.0345,1,黄色,,0,119.00-375.83,2100,117.82,,,50047,奎尔德拉，心灵之镜,251,2,7,21,无,,61041,副-阿兹加洛战刃·绿,421039,5,70,70
101117,复苏·短剑,武器,法系输出,2,7,21,主手武器,250,智力+66；耐力+46,暴击等级+54；法术强度+648；命中等级+46,暴击等级+52；法术强度+654；命中等级+47,暴击等级×0.9630；法术强度×1.0093；命中等级×1.0217,5,823,860,1.0058,1,蓝色,,0,136.61-432.77,2400,118.62,,,49499,流光碧空之歌,245,2,7,21,无,,61042,主-阿兹加洛战刃·红,420108,5,70,70
101118,大领主军刀,武器,法系输出,2,7,21,主手武器,250,耐力+58；智力+58,法术强度+651；急速等级+54；命中等级+49,法术强度+666；急速等级+58；命中等级+48,法术强度×1.0230；急速等级×1.0741；命中等级×0.9796,5,878,870,1.0207,2,红色,黄色,0,102.14-322.29,1800,117.90,,,50771,霜刺,251,2,7,21,无,,61043,副-阿兹加洛战刃·红,421042,5,70,70
101119,疾风短剑,武器,敏捷输出,2,7,21,主手武器,250,敏捷+61；耐力+47,攻击强度+93；急速等级+38；暴击等级+43,攻击强度+101；急速等级+37；暴击等级+43,攻击强度×1.0860；急速等级×0.9737；暴击等级×1.0000,5,284,282,1.0248,2,红色,黄色,0,371.24-689.88,2600,204.06,,,51021,断魂,251,2,7,13,无,,34164,龙鳞,48078,4,154,70
101120,雷霆崖之军刀,武器,敏捷输出,2,7,21,主手武器,250,敏捷+61；耐力+53,攻击强度+87；暴击等级+42；护甲穿透等级+39,攻击强度+86；暴击等级+44；护甲穿透等级+36,攻击强度×0.9885；暴击等级×1.0476；护甲穿透等级×0.9231,5,285,282,0.9929,2,黄色,蓝色,0,385.14-716.68,2700,204.04,,,50046,奎尔德拉，阴影之诈,251,2,7,13,无,,34214,村正,48079,4,154,70
101121,驭雷利剑,武器,敏捷输出,2,7,21,主手武器,250,敏捷+67；耐力+60,命中等级+43；暴击等级+24；攻击强度+81,命中等级+44；暴击等级+22；攻击强度+79,命中等级×1.0233；暴击等级×0.9167；攻击强度×0.9753,5,231,275,0.9891,0,,,0,213.65-398.73,1500,204.13,,,46036,虚空弯刀,232,2,7,13,无,,35072,野蛮角斗士的迅捷之刃,49143,4,154,70
101122,腐化·大剑,武器,力量输出,2,8,17,双手武器,250,力量+154；耐力+162,暴击等级+75；命中等级+102,暴击等级+73；命中等级+110,暴击等级×0.9733；命中等级×1.0784,4,499,493,1.0122,0,,,0,721.53-1082.79,3400,265.34,,,50761,堡垒卫士的巨剑,251,2,8,17,无,,13262,灰烬使者,23875,5,76,60
101123,蓝龙碎星巨剑,武器,力量输出,2,8,17,双手武器,250,力量+162；耐力+162,暴击等级+98；急速等级+90,暴击等级+107；急速等级+97,暴击等级×1.0918；急速等级×1.0778,4,518,512,1.0312,0,,,0,763.21-1146.31,3600,265.21,,,50048,奎尔德拉，信仰之力,251,2,8,17,无,,50442,Ashbringer (Extra Effects),64030,5,76,60
101124,梦境之大剑,武器,力量输出,2,8,17,双手武器,250,力量+136；耐力+169,护甲穿透等级+76；暴击等级+97,护甲穿透等级+79；暴击等级+94,护甲穿透等级×1.0395；暴击等级×0.9691,4,455,478,1.0000,1,蓝色,,0,764.34-1146.51,3600,265.40,,,45868,艾塞尔之刃,245,2,8,17,无,,61030,天启·蓝,421007,5,32,27
101125,祖尔法拉克阔剑,武器,力量输出,2,8,17,双手武器,250,力量+154；耐力+188,精准等级+108；暴击等级+72,精准等级+112；暴击等级+68,精准等级×1.0370；暴击等级×0.9444,4,497,522,1.0000,1,红色,,0,742.53-1115.35,3500,265.41,,,49498,锋锐的黑曜石之刃,245,2,8,17,无,,61031,天启·红,421009,5,32,27
101126,天启者之神杖,武器,法系输出,2,10,17,双手武器,250,耐力+108；智力+126,法术强度+648；暴击等级+100；急速等级+133,法术强度+686；暴击等级+93；急速等级+134,法术强度×1.0586；暴击等级×0.9300；急速等级×1.0075,5,1067,1115,1.0287,2,黄色,蓝色,0,264.78-488.91,2100,179.45,,,48045,黄泉法杖,245,2,10,17,无,,30313,瓦解法杖,41895,5,175,70
101127,祖尔法拉克之秘杖,武器,法系输出,2,10,17,双手武器,250,耐力+108；智力+127,法术强度+651；暴击等级+100；命中等级+135,法术强度+677；暴击等级+106；命中等级+133,法术强度×1.0399；暴击等级×1.0600；命中等级×0.9852,5,1131,1121,1.0268,1,蓝色,,0,327.27-602.97,2600,178.89,,,51582,席瓦娜的苍穹法杖,251,2,10,17,无,,22589,埃提耶什，守护者的传说之杖,35632,5,90,60
101128,寒冰皇冠之手杖,武器,法系输出,2,10,17,双手武器,250,耐力+108；智力+127,法术强度+651；命中等级+100；急速等级+135,法术强度+646；命中等级+107；急速等级+126,法术强度×0.9923；命中等级×1.0700；急速等级×0.9333,5,1131,1121,0.9938,1,红色,,0,264.79-487.93,2100,179.22,,,50966,尸煞,251,2,10,17,无,,22630,埃提耶什，守护者的传说之杖,35631,5,90,60
101129,御风者之秘杖,武器,法系输出,2,10,17,双手武器,250,耐力+108；智力+127,法术强度+651；命中等级+100；急速等级+135,法术强度+629；命中等级+93；急速等级+128,法术强度×0.9662；命中等级×0.9300；急速等级×0.9481,5,1131,1121,0.9679,1,黄色,,0,264.79-487.93,2100,179.22,,,33465,大法师守护法杖,251,2,10,17,无,,22631,埃提耶什，守护者的传说之杖,35634,5,90,60
101130,永恒断岳法杖,武器,治疗,2,10,17,双手武器,250,耐力+142；智力+141；精神+80,法术强度+654；暴击等级+127,法术强度+653；暴击等级+123,法术强度×0.9985；暴击等级×0.9685,5,1230,1144,0.9956,0,,,0,262.92-484.67,2100,178.00,,,47525,隐忍,258,2,10,17,无,,22632,埃提耶什，守护者的传说之杖,35633,5,90,60
101131,血色修道院秘杖,武器,治疗,2,10,17,双手武器,250,耐力+96；智力+100；精神+135,法术强度+651；急速等级+135,法术强度+655；急速等级+138,法术强度×1.0061；急速等级×1.0222,5,1127,1117,1.0063,0,,,0,389.75-719.00,3100,178.83,,,50805,玛格汉大酋长的法杖,251,2,10,17,无,,61036,安东尼达斯法杖·紫,420603,5,70,70
101132,辉光法杖,武器,治疗,2,10,17,双手武器,250,耐力+142；智力+141；精神+80,法术强度+654；暴击等级+127,法术强度+647；暴击等级+122,法术强度×0.9893；暴击等级×0.9606,5,1230,1144,0.9895,1,红色,,0,262.92-484.67,2100,178.00,,,47524,沐恩,258,2,10,17,无,,61037,安东尼达斯法杖·红,420604,5,70,70
101133,纳格兰法杖,武器,治疗,2,10,17,双手武器,250,耐力+142；智力+145；精神+96,法术强度+646；急速等级+140,法术强度+682；急速等级+147,法术强度×1.0557；急速等级×1.0500,5,1049,1169,1.0368,1,蓝色,,0,274.02-500.53,2100,184.42,,,45479,生命的缚誓者,238,2,10,17,无,,34337,辛多雷金杖,48030,4,164,70
101134,山岳·权杖,武器,敏捷输出,2,10,17,双手武器,250,敏捷+121；耐力+121,攻击强度+197；暴击等级+94；急速等级+96,攻击强度+195；暴击等级+90；急速等级+104,攻击强度×0.9898；暴击等级×0.9574；急速等级×1.0833,5,716,629,1.0032,0,,,0,508.29-763.78,2400,265.01,,,50040,天涯,264,2,10,17,无,,34182,大魔导师的洪流法杖,49132,4,154,70
101135,圣辉断岳权杖,武器,敏捷输出,2,10,17,双手武器,250,敏捷+123；耐力+128,攻击强度+205；暴击等级+91；护甲穿透等级+84,攻击强度+219；暴击等级+96；护甲穿透等级+79,攻击强度×1.0683；暴击等级×1.0549；护甲穿透等级×0.9405,5,679,631,1.0222,0,,,0,508.33-763.43,2400,264.95,,,51797,诺达希尔的污染嫩枝,258,2,10,17,无,,34198,远古本能之柱,48290,4,154,70
101136,生命秘杖,武器,敏捷输出,2,10,17,双手武器,250,敏捷+134；耐力+128,攻击强度+202；暴击等级+95；命中等级+87,攻击强度+200；暴击等级+102；命中等级+89,攻击强度×0.9901；暴击等级×1.0737；命中等级×1.0230,5,652,646,1.0108,1,蓝色,,0,509.14-764.20,2400,265.28,,,50998,冰河之柱,251,2,10,17,无,,34987,野蛮角斗士的战斗法杖,47994,4,154,70
101137,银月城铁拳,武器,敏捷输出,2,13,21,主手武器,250,敏捷+59；耐力+46,暴击等级+42；急速等级+39；攻击强度+95,暴击等级+38；急速等级+38；攻击强度+102,暴击等级×0.9048；急速等级×0.9744；攻击强度×1.0737,5,303,281,1.0071,2,红色,黄色,0,424.13-637.14,2600,204.09,,,51801,普尤斯，抗争之拳,258,2,13,21,无,,34331,欺诈者之手,48028,4,164,70
101138,幻影·手甲,武器,敏捷输出,2,13,21,主手武器,250,敏捷+62；耐力+46,护甲穿透等级+32；暴击等级+41；攻击强度+75,护甲穿透等级+30；暴击等级+40；攻击强度+82,护甲穿透等级×0.9375；暴击等级×0.9756；攻击强度×1.0933,5,245,256,1.0156,1,黄色,,0,424.42-637.15,2600,204.15,,,48712,碎脊之拳,245,2,13,21,无,,34203,玛诺洛斯之握,48002,4,154,70
101139,静潮拳刃,武器,敏捷输出,2,13,21,主手武器,250,敏捷+51；耐力+53,命中等级+41；暴击等级+36；攻击强度+94,命中等级+39；暴击等级+36；攻击强度+101,命中等级×0.9512；暴击等级×1.0000；攻击强度×1.0745,5,263,275,1.0182,0,,,0,439.98-661.01,2700,203.89,,,45449,切碎者,245,2,13,21,无,,34346,复仇,48038,4,154,70
101140,红龙利爪,武器,敏捷输出,2,13,22,副手武器,250,敏捷+59；耐力+46,暴击等级+42；急速等级+39；攻击强度+95,暴击等级+43；急速等级+38；攻击强度+100,暴击等级×1.0238；急速等级×0.9744；攻击强度×1.0526,5,303,281,1.0178,1,红色,,0,424.13-637.14,2600,204.09,,,51801,普尤斯，抗争之拳,258,2,13,21,无,,35037,野蛮角斗士的左拳套,49139,4,154,70
101141,苍穹王座铁拳,武器,敏捷输出,2,13,22,副手武器,250,敏捷+62；耐力+46,护甲穿透等级+32；暴击等级+41；攻击强度+75,护甲穿透等级+29；暴击等级+41；攻击强度+70,护甲穿透等级×0.9062；暴击等级×1.0000；攻击强度×0.9333,5,245,256,0.9688,1,黄色,,0,424.42-637.15,2600,204.15,,,48703,毁容之拳,245,2,13,21,无,,35076,野蛮角斗士的右拳刃,49145,4,154,70
101142,石爪山铁拳,武器,敏捷输出,2,13,22,副手武器,250,敏捷+51；耐力+53,命中等级+41；暴击等级+36；攻击强度+94,命中等级+39；暴击等级+38；攻击强度+87,命中等级×0.9512；暴击等级×1.0556；攻击强度×0.9255,5,263,275,0.9745,1,蓝色,,0,439.98-661.01,2700,203.89,,,45449,切碎者,245,2,13,21,无,,33705,复仇角斗士的左拳刃,46967,4,146,70
101143,大领主之短刃,武器,敏捷输出,2,15,21,主手武器,250,敏捷+61；耐力+47,攻击强度+93；暴击等级+42；急速等级+39,攻击强度+99；暴击等级+41；急速等级+36,攻击强度×1.0645；暴击等级×0.9762；急速等级×0.9231,5,284,282,1.0071,2,红色,黄色,0,257.09-477.45,1800,204.04,,,51384,血饮,251,2,15,13,无,,30312,无尽之刃,41872,5,175,70
101144,凛冬临世尖刺,武器,敏捷输出,2,15,21,主手武器,250,敏捷+56；耐力+40,暴击等级+43；护甲穿透等级+38；攻击强度+76,暴击等级+39；护甲穿透等级+39；攻击强度+81,暴击等级×0.9070；护甲穿透等级×1.0263；攻击强度×1.0658,5,241,253,1.0079,2,黄色,蓝色,0,293.67-441.02,1800,204.08,,,48025,天罚,245,2,15,13,无,,17142,污染者碎片,29097,5,70,60
101145,轰雷短刃,武器,敏捷输出,2,15,21,主手武器,250,敏捷+70；耐力+47,命中等级+37；攻击强度+86；暴击等级+45,命中等级+34；攻击强度+78；暴击等级+42,命中等级×0.9189；攻击强度×0.9070；暴击等级×0.9333,5,211,285,0.9509,1,蓝色,,0,295.60-444.03,1800,205.45,,,49682,黑骑士的挽歌之刃,219,2,15,13,无,,34329,天启,48026,4,164,70
101146,紫电匕首,武器,法系输出,2,15,21,主手武器,250,耐力+46；智力+52,法术强度+648；急速等级+60；暴击等级+39,法术强度+697；急速等级+62；暴击等级+42,法术强度×1.0756；急速等级×1.0333；暴击等级×1.0769,5,809,845,1.0639,1,黄色,,0,101.15-323.28,1800,117.90,,,48013,夺日者信徒之刃,245,2,15,21,无,,34336,日灸,48031,4,164,70
101147,银色北伐军匕首,武器,法系输出,2,15,21,主手武器,250,耐力+44；智力+60,法术强度+651；暴击等级+47；命中等级+60,法术强度+627；暴击等级+45；命中等级+65,法术强度×0.9631；暴击等级×0.9574；命中等级×1.0833,5,870,862,0.9756,0,,,0,102.14-322.29,1800,117.90,,,51788,考达拉寒风匕首,251,2,15,21,无,,34165,卡雷苟斯之牙,49970,4,154,70
101148,裂云尖刺,武器,法系输出,2,15,21,主手武器,250,耐力+44；智力+61,法术强度+648；命中等级+47；急速等级+60,法术强度+703；命中等级+50；急速等级+64,法术强度×1.0849；命中等级×1.0638；急速等级×1.0667,5,824,860,1.0721,2,红色,黄色,0,101.15-323.28,1800,117.90,,,47261,狂心倒钩,245,2,15,21,无,,34197,放血剃刀,49971,4,154,70
101149,恩泽短刃,武器,治疗,2,15,21,主手武器,250,耐力+59；智力+58；精神+51,法术强度+657；暴击等级+51,法术强度+650；暴击等级+53,法术强度×0.9893；暴击等级×1.0392,5,993,876,0.9943,0,,,0,100.48-319.23,1800,116.59,,,49968,冰封骨针,264,2,15,21,无,,35058,野蛮角斗士的切割者,49141,4,154,70
101150,永恒短刃,武器,治疗,2,15,21,主手武器,250,耐力+44；智力+48；精神+46,急速等级+69；法术强度+639,急速等级+67；法术强度+592,急速等级×0.9710；法术强度×0.9264,5,679,846,0.9421,0,,,0,111.00-337.92,1800,124.70,,,45332,风暴之刺,225,2,15,21,无,,35102,野蛮角斗士的法术之刃,49147,4,154,70
101151,赤霞之利刃,武器,治疗,2,15,21,主手武器,250,智力+61；耐力+42,暴击等级+48；法术强度+648；每5秒法力回复+30,暴击等级+46；法术强度+601；每5秒法力回复+29,暴击等级×0.9583；法术强度×0.9275；每5秒法力回复×0.9667,5,794,829,0.9397,1,红色,,0,84.47-270.09,1500,118.19,,,49494,砺亮的秘法之牙,245,2,15,21,无,,32471,埃辛诺斯碎片,45487,4,151,70
101152,生长降世短刃,武器,敏捷输出,2,15,22,副手武器,250,敏捷+55；耐力+60,攻击强度+86；暴击等级+32；急速等级+26,攻击强度+81；暴击等级+30；急速等级+24,攻击强度×0.9419；暴击等级×0.9375；急速等级×0.9231,5,234,259,0.9653,1,红色,,0,293.99-441.52,1800,204.31,,,45607,湮灭之牙,239,2,15,13,无,,33754,复仇角斗士的军刺,47733,4,146,70
101153,源质·匕首,武器,敏捷输出,2,15,22,副手武器,250,敏捷+56；耐力+40,暴击等级+43；护甲穿透等级+38；攻击强度+76,暴击等级+47；护甲穿透等级+37；攻击强度+78,暴击等级×1.0930；护甲穿透等级×0.9737；攻击强度×1.0263,5,241,253,1.0198,0,,,0,293.67-441.02,1800,204.08,,,47953,冰瀑匕首,245,2,15,13,无,,33763,复仇角斗士的法术之刃,46973,4,146,70
101154,潜踪尖刺,武器,敏捷输出,2,15,22,副手武器,250,敏捷+70；耐力+47,命中等级+37；攻击强度+86；暴击等级+45,命中等级+36；攻击强度+80；暴击等级+45,命中等级×0.9730；攻击强度×0.9302；暴击等级×1.0000,5,211,285,0.9754,1,蓝色,,0,295.60-444.03,1800,205.45,,,49682,黑骑士的挽歌之刃,219,2,15,13,无,,34894,锯刃,48888,4,146,70
101155,诅咒之地标枪,武器,敏捷输出,2,16,25,投掷武器,250,敏捷+42；耐力+45,攻击强度+62；暴击等级+30；急速等级+30,攻击强度+63；暴击等级+30；急速等级+28,攻击强度×1.0161；暴击等级×1.0000；急速等级×0.9333,5,238,209,0.9952,0,,,0,383.13-575.60,1800,266.31,,,50474,弹片之星,264,2,16,25,无,,34349,死亡飞刀,48035,4,154,70
101156,天火·标枪,武器,敏捷输出,2,16,25,投掷武器,250,敏捷+44；耐力+41,攻击强度+64；暴击等级+31；命中等级+28,攻击强度+60；暴击等级+33；命中等级+30,攻击强度×0.9375；暴击等级×1.0645；命中等级×1.0714,5,209,208,1.0000,0,,,0,381.23-572.84,1800,265.02,,,50999,格拉斯的玩具刀,251,2,16,25,无,,35108,野蛮角斗士的战刃,38679,4,154,70
101157,银色北伐军投刃,武器,敏捷输出,2,16,25,投掷武器,250,敏捷+44；耐力+41,攻击强度+64；暴击等级+31；命中等级+28,攻击强度+60；暴击等级+34；命中等级+26,攻击强度×0.9375；暴击等级×1.0968；命中等级×0.9286,5,209,208,0.9856,2,蓝色,红色,0,381.23-572.84,1800,265.02,,,50999,格拉斯的玩具刀,251,2,16,25,无,,32326,萨拉克的扭曲飞刀,45738,4,141,70
101158,秘银之连弩,武器,敏捷输出,2,18,26,远程武器,250,敏捷+37；耐力+45,攻击强度+59；暴击等级+31；急速等级+19,攻击强度+56；暴击等级+33；急速等级+18,攻击强度×0.9492；暴击等级×1.0645；急速等级×0.9474,5,183,191,0.9895,2,红色,黄色,0,539.83-757.03,2900,223.60,,,48052,暗喉之弩,245,2,18,26,无,,35018,野蛮角斗士的重弩,49138,4,154,70
101159,玄冰破云劲弩,武器,敏捷输出,2,18,26,远程武器,250,敏捷+43；耐力+39,攻击强度+65；暴击等级+30；护甲穿透等级+30,攻击强度+62；暴击等级+32；护甲穿透等级+31,攻击强度×0.9538；暴击等级×1.0667；护甲穿透等级×1.0333,5,223,207,1.0000,0,,,0,554.95-771.79,3000,221.12,,,51802,风行者的穿心弩,258,2,18,26,无,,33006,复仇角斗士的重弩,46964,4,146,70
101160,冬拥湖连弩,武器,敏捷输出,2,18,26,远程武器,250,敏捷+46；耐力+44,攻击强度+62；暴击等级+31；命中等级+26,攻击强度+65；暴击等级+29；命中等级+28,攻击强度×1.0484；暴击等级×0.9355；命中等级×1.0769,5,189,209,1.0144,1,蓝色,,0,523.55-738.14,2800,225.30,,,45570,天铸之弩,239,2,18,26,无,,34892,无情打击之弩,49114,4,146,70
101161,蓝龙军团劲弩,武器,敏捷输出,2,18,26,远程武器,250,敏捷+46；耐力+45,攻击强度+59；急速等级+29；护甲穿透等级+29,攻击强度+56；急速等级+30；护甲穿透等级+27,攻击强度×0.9492；急速等级×1.0345；护甲穿透等级×0.9310,5,199,208,0.9808,0,,,0,521.91-731.73,2800,223.86,,,47267,亡颅强弩,245,2,18,26,无,,32253,军团杀手,45491,4,141,70
101162,静潮焚天咒珠,武器,法系输出,2,19,26,远程武器,250,耐力+42；智力+31,暴击等级+33；急速等级+25；法术强度+52,暴击等级+32；急速等级+26；法术强度+49,暴击等级×0.9697；急速等级×1.0400；法术强度×0.9423,5,174,183,0.9836,1,黄色,,0,472.50-878.54,1800,375.29,,,47995,灵魂囚禁节杖,245,2,19,26,无,,34347,魔魂手杖,48040,4,154,70
101163,风暴峭壁之魔杖,武器,法系输出,2,19,26,远程武器,250,耐力+39；智力+32,暴击等级+26；命中等级+32；法术强度+51,暴击等级+28；命中等级+33；法术强度+53,暴击等级×1.0769；命中等级×1.0312；法术强度×1.0392,5,153,180,1.0278,2,蓝色,红色,0,553.29-1028.68,2100,376.66,,,50291,碎魂者,232,2,19,26,无,,34348,净化光芒魔杖,48042,4,154,70
101164,炽焰之星珠,武器,法系输出,2,19,26,远程武器,250,耐力+43；智力+31,命中等级+33；急速等级+25；法术强度+53,命中等级+34；急速等级+24；法术强度+58,命中等级×1.0303；急速等级×0.9600；法术强度×1.0943,5,185,185,1.0270,0,,,0,498.23-925.98,1900,374.79,,,51326,血红宝石魔杖,251,2,19,26,无,,34985,野蛮角斗士的光明法杖,46606,4,154,70
101165,海加尔山之灵珠,武器,法系输出,2,19,26,远程武器,250,耐力+34；智力+34；精神+29,法术强度+52；命中等级+29,法术强度+55；命中等级+31,法术强度×1.0577；命中等级×1.0690,5,170,178,1.0281,0,,,0,472.50-878.54,1800,375.29,,,47658,硫磺燃杖,245,2,19,26,无,,32343,棱光聚焦魔杖,45357,4,141,70
101166,黑翼之巢之法珠,武器,治疗,2,19,26,远程武器,250,耐力+43；智力+31；精神+33,暴击等级+25；法术强度+53,暴击等级+26；法术强度+53,暴击等级×1.0400；法术强度×1.0000,5,185,185,1.0054,1,蓝色,,0,576.63-1071.88,2200,374.66,,,51553,兰娜瑟尔的染血之指,251,2,19,26,无,,32363,纳鲁生命魔杖,41668,4,141,70
101167,自然·咒珠,武器,治疗,2,19,26,远程武器,250,耐力+40；智力+33；精神+30,法术强度+51；急速等级+28,法术强度+47；急速等级+28,法术强度×0.9216；急速等级×1.0000,5,137,182,0.9780,1,黄色,,0,477.65-887.06,1800,379.09,,,49852,棺钉,219,2,19,26,无,,29982,遗忘之星,42181,4,134,70
101168,破天咒珠,武器,治疗,2,19,26,远程武器,250,耐力+46；智力+30；精神+29,法术强度+52；暴击等级+28,法术强度+49；暴击等级+30,法术强度×0.9423；暴击等级×1.0714,5,166,185,0.9946,1,红色,,0,503.61-936.06,2000,359.92,,,45170,创世权杖,238,2,19,26,无,,33192,雕刻过的巫医之杖,48216,4,132,70
101169,永夜之咒珠,武器,治疗,2,19,26,远程武器,250,耐力+40；智力+33；精神+30,法术强度+51；急速等级+28,法术强度+53；急速等级+27,法术强度×1.0392；急速等级×0.9643,5,137,182,1.0055,2,蓝色,黄色,0,477.65-887.06,1800,379.09,,,49852,棺钉,219,2,19,26,无,,32482,Touch of Victory,41367,4,130,70
