entry,名称,分组,定位,class,subclass,InventoryType,槽位,装等,白字属性,绿字归一值,绿字最终值,绿字最终随机系数,属性条数,模板原始属性总和,240归一属性总和,随机前后总属性比,插槽数量,插槽1颜色,插槽2颜色,插槽Bonus,伤害,攻速毫秒,DPS,野性攻击强度,护甲,格挡值,基准entry,基准名称,基准装等,基准class,基准subclass,基准InventoryType,预算回退方式,等价词条映射,外观entry,外观名称,displayid,外观品质,外观物品装等,外观需求等级,插槽3颜色
100000,影月谷之头冠,护甲,法系输出,4,1,1,头部,240,智力+70；耐力+101,暴击等级+82；急速等级+73；法术强度+144,暴击等级+78；急速等级+77；法术强度+139,暴击等级×0.9512；急速等级×1.0548；法术强度×0.9653,5,492,470,0.9894,3,混沌,蓝色,0,,,,,265,,49482,卓越发环,245,4,1,1,无,,42553,外观液化护目镜,44949,4,200,72,黄色
100001,纳克萨玛斯暗影头冠,护甲,法系输出,4,1,1,头部,240,智力+87；耐力+77,命中等级+61；暴击等级+82；法术强度+144,命中等级+59；暴击等级+88；法术强度+158,命中等级×0.9672；暴击等级×1.0732；法术强度×1.0972,5,473,451,1.0399,2,混沌,蓝色,0,,,,,265,,49481,灵风头冠,245,4,1,1,无,,34339,纯净圣光兜帽,50018,4,164,70,
100002,荣光·头巾,护甲,法系输出,4,1,1,头部,240,耐力+98；智力+98；精神+70,法术强度+125；命中等级+78,法术强度+123；命中等级+74,法术强度×0.9840；命中等级×0.9487,5,493,469,0.9872,3,混沌,黄色,0,,,,,265,,48095,萨布拉的凯旋头环,245,4,1,1,无,,34340,黑暗咒术之环,50019,4,164,70,蓝色
100003,面罩·星海,护甲,法系输出,4,1,1,头部,240,耐力+98；智力+98；精神+70,法术强度+125；命中等级+78,法术强度+116；命中等级+75,法术强度×0.9280；命中等级×0.9615,5,493,469,0.9744,3,混沌,蓝色,0,,,,,265,,48078,维伦的凯旋头环,245,4,1,1,无,,34405,奥术纯净头盔,50020,4,164,70,蓝色
100004,圣贤肩巾,护甲,法系输出,4,1,3,肩部,240,耐力+73；智力+73,法术强度+104；暴击等级+56；急速等级+64,法术强度+98；暴击等级+52；急速等级+61,法术强度×0.9423；暴击等级×0.9286；急速等级×0.9531,5,389,370,0.9649,1,黄色,,0,,,,,244,,47768,逐日者的凯旋衬肩,245,4,1,3,无,,34202,奇迹披肩,50013,4,159,70,
100005,烈日之肩巾,护甲,法系输出,4,1,3,肩部,240,耐力+73；智力+73,法术强度+104；暴击等级+56；命中等级+64,法术强度+106；暴击等级+58；命中等级+60,法术强度×1.0192；暴击等级×1.0357；命中等级×0.9375,5,389,370,1.0000,1,蓝色,,0,,,,,244,,47714,灾降衬肩,245,4,1,3,无,,34210,唤魔师护肩,50012,4,159,70,
100006,战争领主之肩巾,护甲,法系输出,4,1,3,肩部,240,耐力+73；智力+73；精神+64,法术强度+104；急速等级+57,法术强度+94；急速等级+56,法术强度×0.9038；急速等级×0.9825,5,389,371,0.9704,1,红色,,0,,,,,244,,47716,人性敬畏护肩,245,4,1,3,无,,34393,求知护肩,50014,4,159,70,
100007,御风者披肩,护甲,法系输出,4,1,3,肩部,240,耐力+73；智力+73,法术强度+104；暴击等级+56；命中等级+64,法术强度+111；暴击等级+61；命中等级+59,法术强度×1.0673；暴击等级×1.0893；命中等级×0.9219,5,389,370,1.0189,0,,,0,,,,,244,,47713,灾降护肩,245,4,1,3,无,,35006,野蛮角斗士的鬼纹护肩,50009,4,159,70,
100008,剃刀高地日蚀长袍,护甲,法系输出,4,1,20,胸部,240,耐力+98；智力+98,法术强度+125；急速等级+86；暴击等级+63,法术强度+115；急速等级+85；暴击等级+65,法术强度×0.9200；急速等级×0.9884；暴击等级×1.0317,5,493,470,0.9809,1,黄色,,0,,,,,326,,47604,梅林法袍,245,4,1,20,无,,34232,魔能征服者外衣,48299,4,159,70,
100009,咒纹衣袍,护甲,法系输出,4,1,20,胸部,240,耐力+98；智力+90,法术强度+134；命中等级+91；暴击等级+68,法术强度+134；命中等级+83；暴击等级+62,法术强度×1.0000；命中等级×0.9121；暴击等级×0.9118,5,505,481,0.9709,2,蓝色,红色,0,,,,,326,,48051,无眠法袍,245,4,1,20,无,,34364,阳炎之袍,48925,4,159,70,
100010,暴风城洪荒长袍,护甲,法系输出,4,1,20,胸部,240,耐力+98；智力+98；精神+78,法术强度+134；急速等级+79,法术强度+132；急速等级+81,法术强度×0.9851；急速等级×1.0253,5,510,487,1.0000,1,红色,,0,,,,,326,,48093,萨布拉的凯旋法衣,245,4,1,20,无,,34365,永恒光芒长袍,48921,4,159,70,
100011,雷霆崖之外衣,护甲,法系输出,4,1,20,胸部,240,耐力+98；智力+90,法术强度+134；命中等级+91；暴击等级+68,法术强度+128；命中等级+95；暴击等级+65,法术强度×0.9552；命中等级×1.0440；暴击等级×0.9559,5,505,481,0.9896,1,黄色,,0,,,,,326,,47974,无眠外衣,245,4,1,20,无,,34399,幽怨之袍,48384,4,159,70,
100012,群星·腰链,护甲,法系输出,4,1,6,腰部,240,耐力+73；智力+74,法术强度+113；暴击等级+59；急速等级+66,法术强度+109；暴击等级+54；急速等级+64,法术强度×0.9646；暴击等级×0.9153；急速等级×0.9697,5,358,385,0.9714,1,黄色,,0,,,,,182,,50314,悔恨束带,232,4,1,6,无,,35153,护卫者的鬼纹腰带,48683,4,159,70,
100013,符文大师镇渊腰链,护甲,法系输出,4,1,6,腰部,240,耐力+73；智力+73,法术强度+104；暴击等级+69；命中等级+49,法术强度+97；暴击等级+74；命中等级+47,法术强度×0.9327；暴击等级×1.0725；命中等级×0.9592,5,386,368,0.9891,1,蓝色,,0,,,,,183,,47286,凛冬腰带,245,4,1,6,无,,35159,护卫者的月布腰带,48686,4,159,70,
100014,圣贤束腰,护甲,法系输出,4,1,6,腰部,240,耐力+73；智力+64,法术强度+95；急速等级+64；命中等级+58,法术强度+93；急速等级+61；命中等级+60,法术强度×0.9789；急速等级×0.9531；命中等级×1.0345,5,371,354,0.9915,1,红色,,0,,,,,183,,47994,冰吼束带,245,4,1,6,无,,35164,护卫者的丝质腰带,48689,4,159,70,
100015,灰熊丘陵之束腰,护甲,法系输出,4,1,6,腰部,240,耐力+73；智力+64,法术强度+95；急速等级+64；命中等级+58,法术强度+103；急速等级+68；命中等级+63,法术强度×1.0842；急速等级×1.0625；命中等级×1.0862,5,371,354,1.0480,1,黄色,,0,,,,,183,,47921,冰吼腰带,245,4,1,6,无,,34527,赦免腰带,48356,4,154,70,
100016,风暴之腿甲,护甲,法系输出,4,1,7,腿部,240,耐力+98；智力+98,法术强度+134；暴击等级+86；急速等级+71,法术强度+122；暴击等级+82；急速等级+75,法术强度×0.9104；暴击等级×0.9535；急速等级×1.0563,5,510,487,0.9754,0,,,0,,,,,286,,47805,古尔丹的凯旋护腿,245,4,1,7,无,,34170,止战马裤,48295,4,159,70,
100017,驭雷者之裤腿,护甲,法系输出,4,1,7,腿部,240,耐力+97；智力+99,法术强度+123；命中等级+71；暴击等级+78,法术强度+129；命中等级+69；暴击等级+75,法术强度×1.0488；命中等级×0.9718；暴击等级×0.9615,5,463,468,1.0021,1,蓝色,,0,,,,,285,,45488,奴役圣像护腿,239,4,1,7,无,,34181,灾难护腿,48296,4,159,70,
100018,艾萨拉荣光腿甲,护甲,法系输出,4,1,7,腿部,240,耐力+98；智力+98,法术强度+134；急速等级+71；命中等级+86,法术强度+125；急速等级+69；命中等级+93,法术强度×0.9328；急速等级×0.9718；命中等级×1.0814,5,510,487,0.9918,0,,,0,,,,,286,,48094,萨布拉的凯旋长裤,245,4,1,7,无,,34386,激战长裤,48307,4,159,70,
100019,寒冰皇冠腿甲,护甲,法系输出,4,1,7,腿部,240,耐力+98；智力+98,法术强度+134；急速等级+71；命中等级+86,法术强度+134；急速等级+66；命中等级+88,法术强度×1.0000；急速等级×0.9296；命中等级×1.0233,5,510,487,0.9938,1,黄色,,0,,,,,286,,48079,维伦的凯旋长裤,245,4,1,7,无,,35005,野蛮角斗士的鬼纹护腿,49952,4,159,70,
100020,紫电之长靴,护甲,法系输出,4,1,8,脚部,240,耐力+83；智力+70,法术强度+93；急速等级+47；暴击等级+62,法术强度+99；急速等级+48；暴击等级+60,法术强度×1.0645；急速等级×1.0213；暴击等级×0.9677,5,351,355,1.0141,1,黄色,,0,,,,,224,,45537,伪神之靴,239,4,1,8,无,,35138,护卫者的鬼纹软靴,48685,4,159,70,
100021,裂地布靴,护甲,法系输出,4,1,8,脚部,240,耐力+69；智力+67,法术强度+100；命中等级+45；暴击等级+69,法术强度+106；命中等级+43；暴击等级+67,法术强度×1.0600；命中等级×0.9556；暴击等级×0.9710,5,365,350,1.0057,1,蓝色,,0,,,,,225,,48012,夺日者法师软鞋,245,4,1,8,无,,35144,护卫者的月布便鞋,48688,4,159,70,
100022,辉煌长靴,护甲,法系输出,4,1,8,脚部,240,耐力+73；智力+73；精神+65,法术强度+103；急速等级+55,法术强度+101；急速等级+51,法术强度×0.9806；急速等级×0.9273,5,365,369,0.9837,2,红色,黄色,0,,,,,224,,45135,炽热决心之靴,239,4,1,8,无,,35149,护卫者的丝质裹足,48691,4,159,70,
100023,地狱火半岛护足,护甲,法系输出,4,1,8,脚部,240,耐力+69；智力+67,法术强度+100；命中等级+45；暴击等级+69,法术强度+105；命中等级+41；暴击等级+69,法术强度×1.0500；命中等级×0.9111；暴击等级×1.0000,5,365,350,1.0029,1,黄色,,0,,,,,225,,47940,银色大法师便鞋,245,4,1,8,无,,34562,赦免长靴,48367,4,154,70,
100024,幽暗城璀璨腕轮,护甲,法系输出,4,1,9,腕部,240,耐力+55；智力+55,法术强度+77；暴击等级+40；急速等级+48,法术强度+84；暴击等级+41；急速等级+44,法术强度×1.0909；暴击等级×1.0250；急速等级×0.9167,5,288,275,1.0145,1,黄色,,0,,,,,143,,47586,巫师的珠玉护腕,245,4,1,9,无,,34434,赦免护腕,48321,4,154,70,
100025,索拉查之护腕,护甲,法系输出,4,1,9,腕部,240,耐力+55；智力+55,法术强度+85；命中等级+36；暴击等级+55,法术强度+84；命中等级+39；暴击等级+53,法术强度×0.9882；命中等级×1.0833；暴击等级×0.9636,5,301,286,1.0000,1,蓝色,,0,,,,,143,,47306,黑暗精粹腕轮,245,4,1,9,无,,34436,凶星护腕,48349,4,154,70,
100026,炽焰·护臂,护甲,法系输出,4,1,9,腕部,240,耐力+64；智力+53；精神+48,法术强度+76；急速等级+39,法术强度+83；急速等级+36,法术强度×1.0921；急速等级×0.9231,5,277,280,1.0143,1,红色,,0,,,,,142,,45446,理智之握,239,4,1,9,无,,34447,风暴护腕,48316,4,154,70,
100027,余烬降临护腕,护甲,法系输出,4,1,9,腕部,240,耐力+53；智力+55,法术强度+77；命中等级+31；急速等级+54,法术强度+83；命中等级+31；急速等级+49,法术强度×1.0779；命中等级×1.0000；急速等级×0.9074,5,283,270,1.0037,1,黄色,,0,,,,,143,,48000,邪火护腕,245,4,1,9,无,,35168,护卫者的鬼纹护腕,48684,4,154,70,
100028,圣贤降临护手,护甲,法系输出,4,1,10,手部,240,耐力+73；智力+73,法术强度+93；暴击等级+65；急速等级+75,法术强度+89；暴击等级+71；急速等级+82,法术强度×0.9570；暴击等级×1.0923；急速等级×1.0933,5,374,379,1.0237,2,黄色,蓝色,0,,,,,204,,45665,灯塔手套,239,4,1,10,无,,34342,黎明护手,48305,4,164,70,
100029,铸魂者护手,护甲,法系输出,4,1,10,手部,240,耐力+73；智力+73,法术强度+104；命中等级+56；暴击等级+64,法术强度+106；命中等级+59；暴击等级+62,法术强度×1.0192；命中等级×1.0536；暴击等级×0.9688,5,389,370,1.0081,2,蓝色,红色,0,,,,,204,,48096,萨布拉的凯旋裹手,245,4,1,10,无,,34344,诸界亵渎护手,48306,4,164,70,
100030,灼热护手,护甲,法系输出,4,1,10,手部,240,耐力+73；智力+73；精神+56,法术强度+104；急速等级+64,法术强度+110；急速等级+58,法术强度×1.0577；急速等级×0.9062,5,389,370,1.0000,1,红色,,0,,,,,204,,48066,萨布拉的凯旋兜帽,245,4,1,10,无,,34406,泰莉的强能手套,48387,4,164,70,
100031,通灵学院手甲,护甲,法系输出,4,1,10,手部,240,耐力+73；智力+73,法术强度+104；命中等级+56；暴击等级+64,法术强度+112；命中等级+60；暴击等级+66,法术强度×1.0769；命中等级×1.0714；暴击等级×1.0312,5,389,370,1.0378,0,,,0,,,,,204,,48077,维伦的凯旋裹手,245,4,1,10,无,,34366,阳炎护手,48923,4,159,70,
100032,面甲·峥嵘,护甲,法系输出,4,2,1,头部,240,智力+74；耐力+85,暴击等级+81；急速等级+81；法术强度+144,暴击等级+78；急速等级+79；法术强度+140,暴击等级×0.9630；急速等级×0.9753；法术强度×0.9722,5,486,465,0.9806,2,混沌,红色,0,,,,,499,,49472,怒风头环,245,4,2,1,无,,42550,弱点分析眼镜,45779,4,200,72,
100033,达拉然之头冠,护甲,法系输出,4,2,1,头部,240,耐力+98；智力+98,法术强度+125；命中等级+78；暴击等级+70,法术强度+121；命中等级+77；暴击等级+72,法术强度×0.9680；命中等级×0.9872；暴击等级×1.0286,5,493,469,0.9936,3,混沌,黄色,0,,,,,499,,48181,符文图腾的凯旋头巾,245,4,2,1,无,,42554,绿色视界护目镜,45780,4,200,72,黄色
100034,达拉然之面甲,护甲,法系输出,4,2,1,头部,240,耐力+98；智力+98；精神+78,法术强度+125；急速等级+71,法术强度+129；急速等级+71,法术强度×1.0320；急速等级×1.0000,5,493,470,1.0085,2,混沌,蓝色,0,,,,,499,,47691,盎然生机面罩,245,4,2,1,无,,34244,狡诈之盔,48020,4,164,70,
100035,泰坦监护者焚天头冠,护甲,法系输出,4,2,1,头部,240,耐力+98；智力+98,法术强度+125；命中等级+78；暴击等级+70,法术强度+131；命中等级+73；暴击等级+67,法术强度×1.0480；命中等级×0.9359；暴击等级×0.9571,5,493,469,0.9957,2,混沌,黄色,0,,,,,499,,48164,玛法里奥的凯旋头巾,245,4,2,1,无,,34245,智者乌索尔之帽,48019,4,164,70,
100036,暴风城霜痕肩甲,护甲,法系输出,4,2,3,肩部,240,耐力+66；智力+71,法术强度+95；急速等级+57；暴击等级+64,法术强度+103；急速等级+60；暴击等级+67,法术强度×1.0842；急速等级×1.0526；暴击等级×1.0469,5,369,353,1.0397,1,黄色,,0,,,,,460,,47996,极地野兽护肩,245,4,2,3,无,,34195,盛怒护肩,47999,4,159,70,
100037,秘术肩铠,护甲,法系输出,4,2,3,肩部,240,耐力+83；智力+70；精神+57,法术强度+94；暴击等级+56,法术强度+103；暴击等级+59,法术强度×1.0957；暴击等级×1.0536,5,355,360,1.0333,0,,,0,,,,,458,,45136,潜在能量护肩,239,4,2,3,无,,34209,拓荒护肩,48005,4,159,70,
100038,回响肩甲,护甲,法系输出,4,2,3,肩部,240,耐力+73；智力+73；精神+56,法术强度+104；急速等级+64,法术强度+102；急速等级+70,法术强度×0.9808；急速等级×1.0938,5,389,370,1.0108,2,红色,黄色,0,,,,,460,,48148,符文图腾的凯旋肩铠,245,4,2,3,无,,34392,魔牙护肩,48052,4,159,70,
100039,苍穹之肩卫,护甲,法系输出,4,2,3,肩部,240,耐力+73；智力+73；精神+64,法术强度+104；暴击等级+56,法术强度+95；暴击等级+55,法术强度×0.9135；暴击等级×0.9821,5,389,370,0.9730,1,黄色,,0,,,,,460,,48178,符文图腾的凯旋护肩,245,4,2,3,无,,35001,野蛮角斗士的龙皮护肩,48591,4,159,70,
100040,游侠将军战衣,护甲,法系输出,4,2,20,胸部,240,耐力+98；智力+98,法术强度+134；急速等级+86；暴击等级+70,法术强度+124；急速等级+78；暴击等级+74,法术强度×0.9254；急速等级×0.9070；暴击等级×1.0571,5,510,486,0.9712,0,,,0,,,,,614,,48179,符文图腾的凯旋护胸,245,4,2,20,无,,34211,野兽本能外套,48011,4,159,70,
100041,血精灵魔导师胸甲,护甲,法系输出,4,2,20,胸部,240,耐力+98；智力+98,法术强度+134；急速等级+86；暴击等级+70,法术强度+125；急速等级+92；暴击等级+73,法术强度×0.9328；急速等级×1.0698；暴击等级×1.0429,5,510,486,1.0000,0,,,0,,,,,614,,48166,玛法里奥的凯旋护胸,245,4,2,20,无,,34212,阳光外衣,48012,4,159,70,
100042,索拉查胸甲,护甲,法系输出,4,2,20,胸部,240,耐力+75；智力+93；精神+79,法术强度+123；急速等级+70,法术强度+116；急速等级+75,法术强度×0.9431；急速等级×1.0714,5,435,440,0.9955,1,红色,,0,,,,,611,,45519,盲眼者的外衣,239,4,2,20,无,,34369,烈日暗影甲冑,48912,4,159,70,
100043,游侠将军焚天胸甲,护甲,法系输出,4,2,20,胸部,240,耐力+98；智力+98；精神+78,法术强度+134；暴击等级+78,法术强度+122；暴击等级+83,法术强度×0.9104；暴击等级×1.0641,5,510,486,0.9856,1,黄色,,0,,,,,614,,48149,符文图腾的凯旋法袍,245,4,2,20,无,,34371,骄阳之皮革胸甲,48916,4,159,70,
100044,太古之扣带,护甲,法系输出,4,2,6,腰部,240,耐力+73；智力+72,法术强度+99；暴击等级+63；急速等级+52,法术强度+105；暴击等级+66；急速等级+54,法术强度×1.0606；暴击等级×1.0476；急速等级×1.0385,5,450,359,1.0306,1,黄色,,0,,,,,349,,50994,石化藤条腰带,264,4,2,6,无,,35152,护卫者的龙皮腰带,48676,4,159,70,
100045,血精灵魔导师之腰甲,护甲,法系输出,4,2,6,腰部,240,耐力+73；智力+73；精神+61,法术强度+95；暴击等级+49,法术强度+88；暴击等级+52,法术强度×0.9263；暴击等级×1.0612,5,368,351,0.9886,0,,,0,,,,,345,,48002,血蹄使者束带,245,4,2,6,无,,35156,护卫者的皮甲腰带,48677,4,159,70,
100046,星轨·腰带,护甲,法系输出,4,2,6,腰部,240,耐力+83；智力+70；精神+48,法术强度+93；急速等级+64,法术强度+97；急速等级+59,法术强度×1.0430；急速等级×0.9219,5,354,358,0.9972,1,红色,,0,,,,,344,,45616,星珠束腰,239,4,2,6,无,,34554,雷霆之心腰带,48352,4,154,70,
100047,血月御风腰带,护甲,法系输出,4,2,6,腰部,240,耐力+73；智力+73；精神+61,法术强度+95；暴击等级+49,法术强度+90；暴击等级+45,法术强度×0.9474；暴击等级×0.9184,5,368,351,0.9744,2,黄色,蓝色,0,,,,,345,,47929,冬至腰带,245,4,2,6,无,,34558,刺杀者腰带,48357,4,154,70,
100048,腿铠·生长,护甲,法系输出,4,2,7,腿部,240,耐力+98；智力+98,法术强度+134；急速等级+86；暴击等级+70,法术强度+127；急速等级+79；暴击等级+72,法术强度×0.9478；急速等级×0.9186；暴击等级×1.0286,5,510,486,0.9753,2,黄色,蓝色,0,,,,,537,,47318,苏醒护腿,245,4,2,7,无,,34169,自然侵攻护腿,47975,4,159,70,
100049,安戈洛之腿铠,护甲,法系输出,4,2,7,腿部,240,耐力+98；智力+97,法术强度+136；暴击等级+86；命中等级+72,法术强度+149；暴击等级+90；命中等级+69,法术强度×1.0956；暴击等级×1.0465；命中等级×0.9583,5,543,489,1.0286,0,,,0,,,,,540,,50820,树纹长裤,251,4,2,7,无,,34188,永恒长夜护腿,47995,4,159,70,
100050,源质破夜护腿,护甲,法系输出,4,2,7,腿部,240,耐力+98；智力+98；精神+70,法术强度+134；命中等级+86,法术强度+147；命中等级+81,法术强度×1.0970；命中等级×0.9419,5,510,486,1.0165,0,,,0,,,,,537,,48180,符文图腾的凯旋长裤,245,4,2,7,无,,35000,野蛮角斗士的龙皮护腿,48603,4,159,70,
100051,祖达克腿铠,护甲,法系输出,4,2,7,腿部,240,耐力+98；智力+98；精神+70,法术强度+134；命中等级+86,法术强度+137；命中等级+85,法术强度×1.0224；命中等级×0.9884,5,510,486,1.0041,2,黄色,蓝色,0,,,,,537,,48165,玛法里奥的凯旋长裤,245,4,2,7,无,,35034,野蛮角斗士的皮甲护腿,48597,4,159,70,
100052,踏靴·天火,护甲,法系输出,4,2,8,脚部,240,耐力+73；智力+72,法术强度+96；急速等级+69；暴击等级+41,法术强度+87；急速等级+70；暴击等级+39,法术强度×0.9062；急速等级×1.0145；暴击等级×0.9512,5,390,351,0.9715,1,黄色,,0,,,,,423,,50783,霜籽长靴,251,4,2,8,无,,35137,护卫者的龙皮长靴,48678,4,159,70,
100053,潮汐之战靴,护甲,法系输出,4,2,8,脚部,240,耐力+71；智力+75,暴击等级+77；命中等级+42；法术强度+110,暴击等级+73；命中等级+46；法术强度+105,暴击等级×0.9481；命中等级×1.0952；法术强度×0.9545,5,308,375,0.9867,1,蓝色,,0,,,,,427,,47504,树皮长靴,219,4,2,8,无,,35141,护卫者的皮甲长靴,48679,4,159,70,
100054,幽暗城战靴,护甲,法系输出,4,2,8,脚部,240,耐力+84；智力+70；精神+64,法术强度+112；急速等级+63,法术强度+113；急速等级+60,法术强度×1.0089；急速等级×0.9524,5,342,393,0.9949,0,,,0,,,,,431,,45378,石化森林之靴,225,4,2,8,无,,34571,雷霆之心长靴,48363,4,154,70,
100055,星陨足甲,护甲,法系输出,4,2,8,脚部,240,耐力+71；智力+75,暴击等级+77；命中等级+42；法术强度+110,暴击等级+75；命中等级+38；法术强度+101,暴击等级×0.9740；命中等级×0.9048；法术强度×0.9182,5,308,375,0.9600,0,,,0,,,,,427,,47504,树皮长靴,219,4,2,8,无,,34573,雷霆之心战靴,48362,4,154,70,
100056,命轮臂甲,护甲,法系输出,4,2,9,腕部,240,耐力+55；智力+53,法术强度+80；暴击等级+47；急速等级+43,法术强度+82；暴击等级+48；急速等级+42,法术强度×1.0250；暴击等级×1.0213；急速等级×0.9767,5,370,278,1.0072,2,黄色,蓝色,0,,,,,272,,53134,相位移形者护腕,271,4,2,9,无,,34444,雷霆之心腕甲,48311,4,154,70,
100057,仲裁者之护臂,护甲,法系输出,4,2,9,腕部,240,耐力+55；智力+55；精神+48,法术强度+77；暴击等级+40,法术强度+78；暴击等级+36,法术强度×1.0130；暴击等级×0.9000,5,288,275,0.9891,1,蓝色,,0,,,,,268,,47584,月影臂甲,245,4,2,9,无,,34445,雷霆之心护腕,48322,4,154,70,
100058,燃烬者护腕,护甲,法系输出,4,2,9,腕部,240,耐力+55；智力+55；精神+48,法术强度+85；急速等级+48,法术强度+90；急速等级+51,法术强度×1.0588；急速等级×1.0625,5,305,291,1.0275,1,红色,,0,,,,,268,,47277,秋木束腕,245,4,2,9,无,,34448,刺杀者护腕,48324,4,154,70,
100059,御风者守护护腕,护甲,法系输出,4,2,9,腕部,240,耐力+55；智力+55；精神+48,法术强度+77；暴击等级+40,法术强度+74；暴击等级+43,法术强度×0.9610；暴击等级×1.0750,5,288,275,1.0000,1,黄色,,0,,,,,268,,47583,月影臂甲,245,4,2,9,无,,35167,护卫者的龙皮护腕,48681,4,154,70,
100060,织法者之手甲,护甲,法系输出,4,2,10,手部,240,耐力+73；智力+72,法术强度+98；暴击等级+57；急速等级+59,法术强度+96；暴击等级+54；急速等级+60,法术强度×0.9796；暴击等级×0.9474；急速等级×1.0169,5,422,359,0.9889,0,,,0,,,,,386,,53117,变形手套,258,4,2,10,无,,34234,暗影爆发护手,48018,4,159,70,
100061,血色修道院幻光拳甲,护甲,法系输出,4,2,10,手部,240,耐力+73；智力+72,法术强度+105；暴击等级+64；命中等级+56,法术强度+104；暴击等级+61；命中等级+55,法术强度×0.9905；暴击等级×0.9531；命中等级×0.9821,5,412,370,0.9865,0,,,0,,,,,386,,50822,树纹手套,251,4,2,10,无,,34372,骄阳之皮革护手,48917,4,159,70,
100062,银河碎星手甲,护甲,法系输出,4,2,10,手部,240,耐力+73；智力+73；精神+56,法术强度+104；急速等级+64,法术强度+107；急速等级+62,法术强度×1.0288；急速等级×0.9688,5,389,370,1.0027,2,红色,黄色,0,,,,,383,,48182,符文图腾的凯旋手套,245,4,2,10,无,,34408,森林流浪者手套,48059,4,159,70,
100063,暮星之护手,护甲,法系输出,4,2,10,手部,240,耐力+72；智力+74；精神+55,法术强度+102；命中等级+66,法术强度+95；命中等级+60,法术强度×0.9314；命中等级×0.9091,5,322,369,0.9648,0,,,0,,,,,384,,46189,征服者的夜歌手套,226,4,2,10,无,,34998,野蛮角斗士的龙皮手套,49966,4,159,70,
100064,大地·面甲,护甲,法系输出,4,3,1,头部,240,耐力+98；智力+98,法术强度+125；暴击等级+76；急速等级+81,法术强度+132；暴击等级+72；急速等级+88,法术强度×1.0560；暴击等级×0.9474；急速等级×1.0864,5,501,478,1.0209,3,混沌,黄色,0,,,,,1108,,48333,萨尔的凯旋头盔,245,4,3,1,无,,42551,真视冰雪眼罩,53564,4,200,72,红色
100065,源质头冠,护甲,法系输出,4,3,1,头部,240,智力+60；耐力+102,法术强度+135；暴击等级+90；命中等级+83,法术强度+146；暴击等级+86；命中等级+81,法术强度×1.0815；暴击等级×0.9556；命中等级×0.9759,5,492,470,1.0106,3,混沌,蓝色,0,,,,,1108,,49468,无尽风暴头盔,245,4,3,1,无,,34332,古尔丹的兜帽,48025,4,164,70,蓝色
100066,巨魔祭司战盔,护甲,法系输出,4,3,1,头部,240,耐力+98；智力+98,法术强度+125；暴击等级+76；急速等级+81,法术强度+125；暴击等级+76；急速等级+79,法术强度×1.0000；暴击等级×1.0000；急速等级×0.9753,5,501,478,0.9958,2,混沌,蓝色,0,,,,,1108,,48318,努波顿的凯旋头盔,245,4,3,1,无,,34333,奥蕾莉亚的头盔,48024,4,164,70,
100067,断岳面甲,护甲,法系输出,4,3,1,头部,240,智力+59；耐力+101,法术强度+133；暴击等级+89；命中等级+82,法术强度+145；暴击等级+82；命中等级+81,法术强度×1.0902；暴击等级×0.9213；命中等级×0.9878,5,430,464,1.0086,3,混沌,黄色,0,,,,,1102,,49331,无尽风暴衬帽,232,4,3,1,无,,34355,闪电蚀刻护目镜,45778,4,159,70,蓝色
100068,肩甲·钢铁,护甲,法系输出,4,3,3,肩部,240,耐力+73；智力+73,法术强度+104；急速等级+64；暴击等级+56,法术强度+110；急速等级+58；暴击等级+53,法术强度×1.0577；急速等级×0.9062；暴击等级×0.9464,5,389,370,0.9919,0,,,0,,,,,1023,,48331,萨尔的凯旋衬肩,245,4,3,3,无,,34194,金色森林护肩,47998,4,159,70,
100069,黑暗神殿玄铁肩铠,护甲,法系输出,4,3,3,肩部,240,耐力+96；智力+66,暴击等级+37；命中等级+74；法术强度+102,暴击等级+38；命中等级+80；法术强度+110,暴击等级×1.0270；命中等级×1.0811；法术强度×1.0784,5,307,375,1.0400,1,蓝色,,0,,,,,1035,,47250,嚎风衬肩,219,4,3,3,无,,34208,均衡肩饰,48004,4,159,70,
100070,秘银之披肩,护甲,法系输出,4,3,3,肩部,240,耐力+73；智力+73,法术强度+104；急速等级+64；暴击等级+56,法术强度+104；急速等级+63；暴击等级+60,法术强度×1.0000；急速等级×0.9844；暴击等级×1.0714,5,389,370,1.0081,1,红色,,0,,,,,1023,,48320,努波顿的凯旋衬肩,245,4,3,3,无,,34994,野蛮角斗士的链甲护肩,48609,4,159,70,
100071,奥杜尔之肩卫,护甲,法系输出,4,3,3,肩部,240,耐力+96；智力+66,暴击等级+37；命中等级+74；法术强度+102,暴击等级+36；命中等级+71；法术强度+95,暴击等级×0.9730；命中等级×0.9595；法术强度×0.9314,5,307,375,0.9707,0,,,0,,,,,1035,,47250,嚎风衬肩,219,4,3,3,无,,35046,野蛮角斗士的鳞甲护肩,48616,4,159,70,
100072,红龙军团之胸甲,护甲,法系输出,4,3,20,胸部,240,耐力+114；智力+93,暴击等级+81；急速等级+66；法术强度+131,暴击等级+84；急速等级+70；法术强度+131,暴击等级×1.0370；急速等级×1.0606；法术强度×1.0000,5,480,485,1.0144,1,黄色,,0,,,,,1392,,45867,塑石者的胸铠,239,4,3,5,无,,34228,邪恶陆行鸟胸甲,48014,4,159,70,
100073,虚空风暴护胸,护甲,法系输出,4,3,20,胸部,240,耐力+98；智力+98,法术强度+134；急速等级+79；命中等级+78,法术强度+133；急速等级+75；命中等级+81,法术强度×0.9925；急速等级×0.9494；命中等级×1.0385,5,510,487,0.9959,2,蓝色,红色,0,,,,,1364,,48335,萨尔的凯旋胸铠,245,4,3,5,无,,34229,静谧海岸外衣,48013,4,159,70,
100074,熔火之心护胸,护甲,法系输出,4,3,20,胸部,240,耐力+98；智力+98,法术强度+134；急速等级+79；命中等级+78,法术强度+124；急速等级+75；命中等级+85,法术强度×0.9254；急速等级×0.9494；命中等级×1.0897,5,510,487,0.9856,1,红色,,0,,,,,1364,,48316,努波顿的凯旋胸铠,245,4,3,5,无,,34373,凤凰的拥抱,48913,4,159,70,
100075,霜狼酋长之战衣,护甲,法系输出,4,3,20,胸部,240,耐力+99；智力+100,法术强度+131；急速等级+77；命中等级+78,法术强度+125；急速等级+71；命中等级+82,法术强度×0.9542；急速等级×0.9221；命中等级×1.0513,5,450,485,0.9835,2,黄色,蓝色,0,,,,,1356,,48336,萨尔的征服胸铠,232,4,3,5,无,,34375,炙日鳞片胸甲,48918,4,159,70,
100076,圣殿骑士腰甲,护甲,法系输出,4,3,6,腰部,240,耐力+83；智力+68,法术强度+113；暴击等级+56；急速等级+71,法术强度+107；暴击等级+51；急速等级+74,法术强度×0.9469；暴击等级×0.9107；急速等级×1.0423,5,363,391,0.9795,1,黄色,,0,,,,,776,,45151,陨落巨龙腰带,232,4,3,6,无,,35151,护卫者的链甲束带,48671,4,159,70,
100077,赞加沼泽腰甲,护甲,法系输出,4,3,6,腰部,240,耐力+83；智力+68,法术强度+113；暴击等级+56；急速等级+71,法术强度+106；暴击等级+61；急速等级+71,法术强度×0.9381；暴击等级×1.0893；急速等级×1.0000,5,363,391,0.9949,1,蓝色,,0,,,,,776,,45151,陨落巨龙腰带,232,4,3,6,无,,35157,护卫者的鳞甲束带,48674,4,159,70,
100078,安戈洛腰带,护甲,法系输出,4,3,6,腰部,240,耐力+73；智力+72,法术强度+99；暴击等级+63；急速等级+52,法术强度+99；暴击等级+67；急速等级+50,法术强度×1.0000；暴击等级×1.0635；急速等级×0.9615,5,450,359,1.0056,2,红色,黄色,0,,,,,775,,50992,绝望腰带,264,4,3,6,无,,34542,破天裹腰,48358,4,154,70,
100079,霸主裁断扣带,护甲,法系输出,4,3,6,腰部,240,耐力+73；智力+72,法术强度+100；暴击等级+52；急速等级+66,法术强度+107；暴击等级+57；急速等级+68,法术强度×1.0700；暴击等级×1.0962；急速等级×1.0303,5,483,363,1.0386,0,,,0,,,,,778,,53488,分形腰带,271,4,3,6,无,,34549,戈隆追猎者腰带,48353,4,154,70,
100080,青铜·腿铠,护甲,法系输出,4,3,7,腿部,240,耐力+98；智力+97,法术强度+127；急速等级+77；暴击等级+75,法术强度+126；急速等级+80；暴击等级+74,法术强度×0.9921；急速等级×1.0390；暴击等级×0.9867,5,526,474,1.0021,1,黄色,,0,,,,,1198,,51019,血肉涟漪褶裙,251,4,3,7,无,,34168,逐星者护腿,47990,4,159,70,
100081,星轨之腿甲,护甲,法系输出,4,3,7,腿部,240,耐力+98；智力+98,法术强度+134；暴击等级+70；命中等级+86,法术强度+137；暴击等级+76；命中等级+90,法术强度×1.0224；暴击等级×1.0857；命中等级×1.0465,5,510,486,1.0267,1,蓝色,,0,,,,,1194,,48332,萨尔的凯旋褶裙,245,4,3,7,无,,34186,雷暴锁链护腿,47993,4,159,70,
100082,破晓之腿甲,护甲,法系输出,4,3,7,腿部,240,耐力+98；智力+98,法术强度+134；暴击等级+70；命中等级+86,法术强度+131；暴击等级+71；命中等级+94,法术强度×0.9776；暴击等级×1.0143；命中等级×1.0930,5,510,486,1.0123,0,,,0,,,,,1194,,48319,努波顿的凯旋褶裙,245,4,3,7,无,,34383,灵魂重铸褶裙,48050,4,159,70,
100083,天火腿甲,护甲,法系输出,4,3,7,腿部,240,耐力+99；智力+100,法术强度+131；暴击等级+69；命中等级+87,法术强度+138；暴击等级+66；命中等级+83,法术强度×1.0534；暴击等级×0.9565；命中等级×0.9540,5,450,486,1.0000,1,黄色,,0,,,,,1187,,48339,萨尔的征服褶裙,232,4,3,7,无,,34993,野蛮角斗士的链甲护腿,48608,4,159,70,
100084,秩序·战靴,护甲,法系输出,4,3,8,脚部,240,耐力+73；智力+73,法术强度+104；急速等级+64；暴击等级+56,法术强度+98；急速等级+67；暴击等级+52,法术强度×0.9423；急速等级×1.0469；暴击等级×0.9286,5,389,370,0.9811,1,黄色,,0,,,,,937,,47295,震地马靴,245,4,3,8,无,,35136,护卫者的链甲战靴,48672,4,159,70,
100085,青铜龙焚天足甲,护甲,法系输出,4,3,8,脚部,240,耐力+73；智力+73,法术强度+104；急速等级+64；暴击等级+56,法术强度+102；急速等级+62；暴击等级+58,法术强度×0.9808；急速等级×0.9688；暴击等级×1.0357,5,389,370,0.9946,0,,,0,,,,,937,,47090,震地长靴,245,4,3,8,无,,35142,护卫者的鳞甲战靴,48675,4,159,70,
100086,足甲·雷霆,护甲,法系输出,4,3,8,脚部,240,耐力+84；智力+69,法术强度+113；急速等级+61；暴击等级+66,法术强度+113；急速等级+63；暴击等级+72,法术强度×1.0000；急速等级×1.0328；暴击等级×1.0909,5,365,393,1.0204,0,,,0,,,,,932,,50283,泥流之靴,232,4,3,8,无,,34565,破天长靴,48370,4,154,70,
100087,青铜足甲,护甲,法系输出,4,3,8,脚部,240,耐力+73；智力+73,法术强度+104；急速等级+64；暴击等级+56,法术强度+109；急速等级+62；暴击等级+58,法术强度×1.0481；急速等级×0.9688；暴击等级×1.0357,5,389,370,1.0135,1,黄色,,0,,,,,937,,47295,震地马靴,245,4,3,8,无,,34570,戈隆追猎者长靴,48364,4,154,70,
100088,荣光臂甲,护甲,法系输出,4,3,9,腕部,240,耐力+62；智力+52,法术强度+76；暴击等级+48；急速等级+39,法术强度+70；暴击等级+46；急速等级+42,法术强度×0.9211；暴击等级×0.9583；急速等级×1.0769,5,274,277,0.9819,0,,,0,,,,,594,,45460,寒冬强风束腕,239,4,3,9,无,,34437,破天腕环,48325,4,154,70,
100089,极光·腕铠,护甲,法系输出,4,3,9,腕部,240,耐力+60；智力+54,暴击等级+43；命中等级+52；法术强度+84,暴击等级+47；命中等级+56；法术强度+90,暴击等级×1.0930；命中等级×1.0769；法术强度×1.0714,5,240,293,1.0478,1,蓝色,,0,,,,,604,,49787,风雷七晨,219,4,3,9,无,,34439,破天腕甲,48326,4,154,70,
100090,断空护腕,护甲,法系输出,4,3,9,腕部,240,耐力+62；智力+52,法术强度+76；暴击等级+48；急速等级+39,法术强度+80；暴击等级+49；急速等级+38,法术强度×1.0526；暴击等级×1.0208；急速等级×0.9744,5,274,277,1.0144,1,红色,,0,,,,,594,,45460,寒冬强风束腕,239,4,3,9,无,,34443,戈隆追猎者护腕,48315,4,154,70,
100091,奥术腕铠,护甲,法系输出,4,3,9,腕部,240,耐力+60；智力+54,暴击等级+43；命中等级+52；法术强度+84,暴击等级+42；命中等级+52；法术强度+88,暴击等级×0.9767；命中等级×1.0000；法术强度×1.0476,5,240,293,1.0102,0,,,0,,,,,604,,49787,风雷七晨,219,4,3,9,无,,35166,护卫者的链甲护腕,48670,4,154,70,
100092,符文·手甲,护甲,法系输出,4,3,10,手部,240,耐力+83；智力+72,法术强度+102；暴击等级+46；急速等级+73,法术强度+105；暴击等级+45；急速等级+72,法术强度×1.0294；暴击等级×0.9783；急速等级×0.9863,5,349,376,1.0027,0,,,0,,,,,862,,45239,符文塑造者的手套,232,4,3,10,无,,34343,萨拉斯游侠护手,48034,4,164,70,
100093,混沌断岳护手,护甲,法系输出,4,3,10,手部,240,耐力+73；智力+72,法术强度+105；暴击等级+64；命中等级+56,法术强度+101；暴击等级+62；命中等级+56,法术强度×0.9619；暴击等级×0.9688；命中等级×1.0000,5,412,370,0.9838,2,蓝色,红色,0,,,,,855,,50842,霜巫手套,251,4,3,10,无,,34374,凤凰飞羽手套,48914,4,159,70,
100094,圣殿骑士拳甲,护甲,法系输出,4,3,10,手部,240,耐力+73；智力+73,法术强度+104；急速等级+57；命中等级+64,法术强度+108；急速等级+62；命中等级+68,法术强度×1.0385；急速等级×1.0877；命中等级×1.0625,5,389,371,1.0350,1,红色,,0,,,,,853,,48334,萨尔的凯旋手套,245,4,3,10,无,,34376,炙日鳞片手套,48919,4,159,70,
100095,手套·苍穹,护甲,法系输出,4,3,10,手部,240,耐力+73；智力+73,法术强度+104；急速等级+57；命中等级+64,法术强度+110；急速等级+60；命中等级+63,法术强度×1.0577；急速等级×1.0526；命中等级×0.9844,5,389,371,1.0216,2,黄色,蓝色,0,,,,,853,,48317,努波顿的凯旋手套,245,4,3,10,无,,34409,上古霜狼护手,48060,4,159,70,
100096,梦境镇海战盔,护甲,法系输出,4,4,1,头部,240,智力+84；耐力+92,急速等级+83；暴击等级+66；法术强度+144,急速等级+83；暴击等级+60；法术强度+150,急速等级×1.0000；暴击等级×0.9091；法术强度×1.0417,5,490,469,1.0000,3,混沌,红色,0,,,,,1980,,49476,审判法冠,245,4,4,1,无,,42549,装甲泰坦神铁护目镜,43886,4,200,72,黄色
100097,赞加沼泽面罩,护甲,法系输出,4,4,1,头部,240,耐力+98；智力+98,法术强度+125；暴击等级+70；急速等级+79,法术强度+128；暴击等级+67；急速等级+79,法术强度×1.0240；暴击等级×0.9571；急速等级×1.0000,5,493,470,1.0000,3,混沌,红色,0,,,,,1980,,48592,莉亚德琳的凯旋头饰,245,4,4,1,无,,44949,牢固治疗增幅器,45782,4,200,72,黄色
100098,面甲·永夜,护甲,法系输出,4,4,1,头部,240,耐力+98；智力+98,法术强度+125；暴击等级+70；急速等级+79,法术强度+131；暴击等级+76；急速等级+86,法术强度×1.0480；暴击等级×1.0857；急速等级×1.0886,5,493,470,1.0404,3,混沌,红色,0,,,,,1980,,48577,图拉扬的凯旋头饰,245,4,4,1,无,,34243,燃烧的正义,48022,4,164,70,红色
100099,黑翼之巢之战盔,护甲,法系输出,4,4,1,头部,240,智力+84；耐力+89,急速等级+81；暴击等级+65；法术强度+141,急速等级+74；暴击等级+66；法术强度+138,急速等级×0.9136；暴击等级×1.0154；法术强度×0.9787,5,428,460,0.9804,2,混沌,黄色,0,,,,,1970,,49323,审判圣盔,232,4,4,1,无,,34345,安纳斯特里亚的王冠,48033,4,164,70,
100100,肩胄·咒纹,护甲,法系输出,4,4,3,肩部,240,耐力+73；智力+73,法术强度+104；暴击等级+64；急速等级+57,法术强度+97；暴击等级+64；急速等级+52,法术强度×0.9327；暴击等级×1.0000；急速等级×0.9123,5,389,371,0.9677,1,黄色,,0,,,,,1827,,48590,莉亚德琳的凯旋护肩,245,4,4,3,无,,34192,坚定肩铠,50016,4,159,70,
100101,缚霜者镇海肩卫,护甲,法系输出,4,4,3,肩部,240,耐力+73；智力+73,法术强度+104；暴击等级+64；急速等级+57,法术强度+109；暴击等级+59；急速等级+53,法术强度×1.0481；暴击等级×0.9219；急速等级×0.9298,5,389,371,0.9892,1,蓝色,,0,,,,,1827,,48579,图拉扬的凯旋护肩,245,4,4,3,无,,34193,萨拉斯救世主护肩,50017,4,159,70,
100102,秘法肩铠,护甲,法系输出,4,4,3,肩部,240,耐力+73；智力+73,法术强度+104；暴击等级+56；急速等级+64,法术强度+98；暴击等级+51；急速等级+67,法术强度×0.9423；暴击等级×0.9107；急速等级×1.0469,5,389,370,0.9784,0,,,0,,,,,1827,,47702,骑兵护肩,245,4,4,3,无,,34388,狂暴肩铠,50015,4,159,70,
100103,涅槃·肩胄,护甲,法系输出,4,4,3,肩部,240,耐力+73；智力+73,法术强度+104；暴击等级+56；急速等级+64,法术强度+102；暴击等级+55；急速等级+61,法术强度×0.9808；暴击等级×0.9821；急速等级×0.9531,5,389,370,0.9838,0,,,0,,,,,1827,,47701,骑兵肩铠,245,4,4,3,无,,35031,野蛮角斗士的板层甲护肩,50003,4,159,70,
100104,净世胸甲,护甲,法系输出,4,4,5,胸部,240,耐力+112；智力+93,法术强度+132；暴击等级+77；急速等级+58,法术强度+138；暴击等级+80；急速等级+59,法术强度×1.0455；暴击等级×1.0390；急速等级×1.0172,5,468,472,1.0212,1,黄色,,0,,,,,2427,,45445,虔诚者胸铠,239,4,4,5,无,,34215,鲁莽怒火战甲,48015,4,159,70,
100105,嚎风峡湾天火战衣,护甲,法系输出,4,4,5,胸部,240,耐力+98；智力+98,法术强度+134；急速等级+86；暴击等级+70,法术强度+143；急速等级+94；暴击等级+64,法术强度×1.0672；急速等级×1.0930；暴击等级×0.9143,5,510,486,1.0226,0,,,0,,,,,2437,,47310,冰湖胸甲,245,4,4,5,无,,34216,英勇仲裁者胸甲,48016,4,159,70,
100106,胸铠·凛冽,护甲,法系输出,4,4,5,胸部,240,耐力+98；智力+98,法术强度+134；急速等级+86；暴击等级+70,法术强度+144；急速等级+84；暴击等级+68,法术强度×1.0746；急速等级×0.9767；暴击等级×0.9714,5,510,486,1.0123,1,红色,,0,,,,,2437,,47142,冰湖护胸,245,4,4,5,无,,34377,硬化氪金战甲,48927,4,159,70,
100107,星海·战衣,护甲,法系输出,4,4,5,胸部,240,耐力+99；智力+100,法术强度+141；暴击等级+78；急速等级+86,法术强度+135；暴击等级+81；急速等级+85,法术强度×0.9574；暴击等级×1.0385；急速等级×0.9884,5,468,504,0.9921,1,黄色,,0,,,,,2425,,50294,谋反胸甲,232,4,4,5,无,,34379,圣日胸甲,48928,4,159,70,
100108,风暴之腰甲,护甲,法系输出,4,4,6,腰部,240,耐力+77；智力+69,法术强度+104；急速等级+74；暴击等级+43,法术强度+105；急速等级+68；暴击等级+46,法术强度×1.0096；急速等级×0.9189；暴击等级×1.0698,5,385,367,0.9946,0,,,0,,,,,1371,,47997,冻土束带,245,4,4,6,无,,35155,护卫者的板层甲腰带,48660,4,159,70,
100109,余烬·扣带,护甲,法系输出,4,4,6,腰部,240,耐力+77；智力+69,法术强度+104；急速等级+74；暴击等级+43,法术强度+100；急速等级+68；暴击等级+45,法术强度×0.9615；急速等级×0.9189；暴击等级×1.0465,5,385,367,0.9782,0,,,0,,,,,1371,,47924,冰冻疆土腰带,245,4,4,6,无,,35161,护卫者的板甲腰带,48661,4,159,70,
100110,黑锋骑士御风战带,护甲,法系输出,4,4,6,腰部,240,耐力+78；智力+72,法术强度+113；急速等级+73；暴击等级+49,法术强度+103；急速等级+73；暴击等级+45,法术强度×0.9115；急速等级×1.0000；暴击等级×0.9184,5,356,385,0.9636,0,,,0,,,,,1363,,47858,冻土束带,232,4,4,6,无,,34485,光明使者护腰,48355,4,154,70,
100111,奥义扣带,护甲,法系输出,4,4,6,腰部,240,耐力+78；智力+72,法术强度+113；急速等级+73；暴击等级+49,法术强度+108；急速等级+66；暴击等级+48,法术强度×0.9558；急速等级×0.9041；暴击等级×0.9796,5,356,385,0.9662,1,黄色,,0,,,,,1363,,47615,冻土腰带,232,4,4,6,无,,34546,冲锋腰带,48360,4,154,70,
100112,石爪山腿甲,护甲,法系输出,4,4,7,腿部,240,耐力+98；智力+98,法术强度+134；暴击等级+76；急速等级+81,法术强度+138；暴击等级+80；急速等级+87,法术强度×1.0299；暴击等级×1.0526；急速等级×1.0741,5,510,487,1.0287,1,黄色,,0,,,,,2133,,47279,陨落圣光护腿,245,4,4,7,无,,34167,神圣信仰腿铠,47988,4,159,70,
100113,卡拉赞之护腿,护甲,法系输出,4,4,7,腿部,240,耐力+98；智力+98,法术强度+134；暴击等级+76；急速等级+81,法术强度+134；暴击等级+73；急速等级+87,法术强度×1.0000；暴击等级×0.9605；急速等级×1.0741,5,510,487,1.0062,1,蓝色,,0,,,,,2133,,47057,陨落圣光腿铠,245,4,4,7,无,,34180,魔怒腿铠,47991,4,159,70,
100114,奥术之护腿,护甲,法系输出,4,4,7,腿部,240,耐力+98；智力+97,法术强度+127；暴击等级+73；急速等级+79,法术强度+121；暴击等级+72；急速等级+74,法术强度×0.9528；暴击等级×0.9863；急速等级×0.9367,5,526,474,0.9747,0,,,0,,,,,2141,,50775,蚀银腿甲,251,4,4,7,无,,34381,魔能力量腿铠,48043,4,159,70,
100115,涅槃镇岳腿甲,护甲,法系输出,4,4,7,腿部,240,耐力+98；智力+98,法术强度+134；暴击等级+76；急速等级+81,法术强度+140；暴击等级+81；急速等级+77,法术强度×1.0448；暴击等级×1.0658；急速等级×0.9506,5,510,487,1.0144,2,黄色,蓝色,0,,,,,2133,,47279,陨落圣光护腿,245,4,4,7,无,,34382,仲裁者护腿,48045,4,159,70,
100116,青铜镇岳足铠,护甲,法系输出,4,4,8,脚部,240,耐力+73；智力+73,法术强度+104；暴击等级+56；急速等级+64,法术强度+102；暴击等级+54；急速等级+59,法术强度×0.9808；暴击等级×0.9643；急速等级×0.9219,5,389,370,0.9757,1,黄色,,0,,,,,1676,,47263,英勇战靴,245,4,4,8,无,,35140,护卫者的板层甲护胫,48663,4,159,70,
100117,地狱火半岛之战靴,护甲,法系输出,4,4,8,脚部,240,耐力+73；智力+73,法术强度+104；暴击等级+56；急速等级+64,法术强度+100；暴击等级+51；急速等级+68,法术强度×0.9615；暴击等级×0.9107；急速等级×1.0625,5,389,370,0.9865,1,蓝色,,0,,,,,1676,,46985,英勇长靴,245,4,4,8,无,,35146,护卫者的板甲护胫,48669,4,159,70,
100118,黑锋骑士断空战靴,护甲,法系输出,4,4,8,脚部,240,耐力+73；智力+73,法术强度+104；暴击等级+56；急速等级+64,法术强度+112；暴击等级+57；急速等级+67,法术强度×1.0769；暴击等级×1.0179；急速等级×1.0469,5,389,370,1.0324,0,,,0,,,,,1676,,47263,英勇战靴,245,4,4,8,无,,34559,光明使者轻靴,48366,4,154,70,
100119,蓝龙军团之战靴,护甲,法系输出,4,4,8,脚部,240,耐力+73；智力+73,法术强度+104；暴击等级+56；急速等级+64,法术强度+106；暴击等级+59；急速等级+58,法术强度×1.0192；暴击等级×1.0536；急速等级×0.9062,5,389,370,0.9973,1,黄色,,0,,,,,1676,,46985,英勇长靴,245,4,4,8,无,,34568,冲锋战靴,48372,4,154,70,
100120,纳格兰腕铠,护甲,法系输出,4,4,9,腕部,240,耐力+62；智力+53,暴击等级+49；急速等级+48；法术强度+84,暴击等级+45；急速等级+45；法术强度+83,暴击等级×0.9184；急速等级×0.9375；法术强度×0.9881,5,244,296,0.9730,1,黄色,,0,,,,,1080,,49797,无星之夜护腕,219,4,4,9,无,,34431,光明使者腕环,48313,4,154,70,
100121,月刃护臂,护甲,法系输出,4,4,9,腕部,240,耐力+55；智力+54,法术强度+79；暴击等级+41；急速等级+49,法术强度+75；暴击等级+40；急速等级+52,法术强度×0.9494；暴击等级×0.9756；急速等级×1.0612,5,347,278,0.9928,2,蓝色,红色,0,,,,,1077,,50175,镇墓人护腕,264,4,4,9,无,,34432,光明使者护腕,48312,4,154,70,
100122,虚空腕甲,护甲,法系输出,4,4,9,腕部,240,耐力+62；智力+53,暴击等级+49；急速等级+48；法术强度+84,暴击等级+46；急速等级+49；法术强度+77,暴击等级×0.9388；急速等级×1.0208；法术强度×0.9167,5,244,296,0.9696,1,红色,,0,,,,,1080,,49797,无星之夜护腕,219,4,4,9,无,,34433,光明使者腕甲,48314,4,154,70,
100123,天火之腕甲,护甲,法系输出,4,4,9,腕部,240,耐力+55；智力+54,法术强度+79；暴击等级+41；急速等级+49,法术强度+81；暴击等级+45；急速等级+50,法术强度×1.0253；暴击等级×1.0976；急速等级×1.0204,5,347,278,1.0252,2,黄色,蓝色,0,,,,,1077,,50175,镇墓人护腕,264,4,4,9,无,,34441,冲锋护腕,48347,4,154,70,
100124,霜狼酋长之手甲,护甲,法系输出,4,4,10,手部,240,耐力+58；智力+65,法术强度+112；暴击等级+47；急速等级+61,法术强度+109；暴击等级+49；急速等级+55,法术强度×0.9732；暴击等级×1.0426；急速等级×0.9016,5,301,343,0.9796,1,黄色,,0,,,,,1528,,45928,雷神护手,226,4,4,10,无,,34341,边疆手套,48032,4,164,70,
100125,唤星者拳甲,护甲,法系输出,4,4,10,手部,240,耐力+73；智力+72,法术强度+99；暴击等级+63；急速等级+52,法术强度+100；暴击等级+68；急速等级+53,法术强度×1.0101；暴击等级×1.0794；急速等级×1.0192,5,450,359,1.0195,1,蓝色,,0,,,,,1539,,50976,白炽护手,264,4,4,10,无,,34240,宁静灵魂护手,48905,4,159,70,
100126,臂铠·山岳,护甲,法系输出,4,4,10,手部,240,耐力+73；智力+72,法术强度+99；暴击等级+63；急速等级+52,法术强度+98；暴击等级+67；急速等级+50,法术强度×0.9899；暴击等级×1.0635；急速等级×0.9615,5,450,359,1.0028,1,红色,,0,,,,,1539,,49995,阵亡领主的手甲,264,4,4,10,无,,34378,硬化氪金拳甲,48926,4,159,70,
100127,奥杜尔玄铁护手,护甲,法系输出,4,4,10,手部,240,耐力+58；智力+65,法术强度+112；暴击等级+47；急速等级+61,法术强度+117；暴击等级+51；急速等级+65,法术强度×1.0446；暴击等级×1.0851；急速等级×1.0656,5,301,343,1.0379,0,,,0,,,,,1528,,45928,雷神护手,226,4,4,10,无,,35028,野蛮角斗士的板层甲手套,48640,4,159,70,
100128,救赎兜帽,护甲,治疗,4,1,1,头部,240,耐力+112；智力+93；精神+71,法术强度+132；暴击等级+70,法术强度+129；暴击等级+75,法术强度×0.9773；暴击等级×1.0714,5,473,478,1.0042,2,混沌,红色,0,,,,,264,,45497,萤光之冠,239,4,1,1,无,,34847,湮灭全视护目镜,43891,4,159,70,
100129,血色修道院之头饰,护甲,治疗,4,1,1,头部,240,耐力+98；智力+97；精神+79,法术强度+136；急速等级+66,法术强度+146；急速等级+64,法术强度×1.0735；急速等级×0.9697,5,527,476,1.0168,2,混沌,黄色,0,,,,,266,,50807,魔术师的龟裂兜帽,251,4,1,1,无,,35004,野蛮角斗士的鬼纹软帽,50005,4,159,70,
100130,铁炉堡源质面罩,护甲,治疗,4,1,1,头部,240,智力+85；精神+94；耐力+87,暴击等级+52；法术强度+144,暴击等级+57；法术强度+154,暴击等级×1.0962；法术强度×1.0694,5,484,462,1.0325,2,混沌,红色,0,,,,,265,,49484,复仇骨帽,245,4,1,1,无,,35054,野蛮角斗士的月布软帽,50007,4,159,70,
100131,镇海头冠,护甲,治疗,4,1,1,头部,240,耐力+114；智力+91；精神+56,急速等级+76；法术强度+127,急速等级+70；法术强度+139,急速等级×0.9211；法术强度×1.0945,5,404,464,1.0129,3,混沌,红色,0,,,,,272,,45289,生命火花面甲,225,4,1,1,无,,35097,野蛮角斗士的丝质罩帽,50008,4,159,70,黄色
100132,紫电·肩饰,护甲,治疗,4,1,3,肩部,240,耐力+73；智力+73；精神+64,法术强度+104；暴击等级+56,法术强度+103；暴击等级+57,法术强度×0.9904；暴击等级×1.0179,5,389,370,1.0000,1,蓝色,,0,,,,,244,,48092,萨布拉的凯旋衬肩,245,4,1,3,无,,35056,野蛮角斗士的月布衬肩,50010,4,159,70,
100133,巨魔祭司披肩,护甲,治疗,4,1,3,肩部,240,耐力+73；智力+73；精神+64,法术强度+104；急速等级+57,法术强度+98；急速等级+62,法术强度×0.9423；急速等级×1.0877,5,389,371,0.9973,0,,,0,,,,,244,,47715,人性敬畏衬肩,245,4,1,3,无,,35096,野蛮角斗士的丝质护肩,50011,4,159,70,
100134,不朽断岳披肩,护甲,治疗,4,1,3,肩部,240,耐力+73；智力+73；精神+64,法术强度+104；暴击等级+56,法术强度+95；暴击等级+54,法术强度×0.9135；暴击等级×0.9643,5,389,370,0.9703,0,,,0,,,,,244,,48081,维伦的凯旋衬肩,245,4,1,3,无,,31054,凶星衬肩,45676,4,146,70,
100135,夜幕之肩巾,护甲,治疗,4,1,3,肩部,240,耐力+96；智力+64；精神+71,法术强度+113；急速等级+56,法术强度+113；急速等级+58,法术强度×1.0000；急速等级×1.0357,5,371,400,1.0050,1,蓝色,,0,,,,,248,,45253,心绪波动衬肩,232,4,1,3,无,,31059,风暴衬肩,45126,4,146,70,
100136,青铜龙之法衣,护甲,治疗,4,1,20,胸部,240,耐力+98；智力+98；精神+78,法术强度+134；暴击等级+78,法术强度+129；暴击等级+80,法术强度×0.9627；暴击等级×1.0256,5,510,486,0.9938,2,蓝色,黄色,0,,,,,326,,48063,萨布拉的凯旋法袍,245,4,1,20,无,,35007,野蛮角斗士的鬼纹长袍,49954,4,159,70,
100137,黑暗神殿衣袍,护甲,治疗,4,1,20,胸部,240,耐力+98；智力+98；精神+78,法术强度+134；急速等级+79,法术强度+128；急速等级+83,法术强度×0.9552；急速等级×1.0506,5,510,487,0.9959,0,,,0,,,,,326,,48080,维伦的凯旋法衣,245,4,1,20,无,,35057,野蛮角斗士的月布长袍,49963,4,159,70,
100138,晶歌森林烈日法衣,护甲,治疗,4,1,20,胸部,240,耐力+98；智力+98；精神+78,法术强度+134；暴击等级+78,法术强度+121；暴击等级+76,法术强度×0.9030；暴击等级×0.9744,5,510,486,0.9691,0,,,0,,,,,326,,47986,维伦的凯旋法袍,245,4,1,20,无,,35099,野蛮角斗士的丝质外衣,49958,4,159,70,
100139,风暴峭壁长袍,护甲,治疗,4,1,20,胸部,240,耐力+98；智力+98；精神+86,法术强度+134；急速等级+71,法术强度+137；急速等级+72,法术强度×1.0224；急速等级×1.0141,5,510,487,1.0082,2,蓝色,黄色,0,,,,,326,,47264,晋升罗袍,245,4,1,20,无,,34233,幻化光芒长袍,48300,4,154,70,
100140,先驱者之腰链,护甲,治疗,4,1,6,腰部,240,耐力+83；智力+70；精神+65,法术强度+93；暴击等级+47,法术强度+91；暴击等级+44,法术强度×0.9785；暴击等级×0.9362,5,354,358,0.9860,0,,,0,,,,,183,,45619,观星者的护腕,239,4,1,6,无,,34541,凶星腰带,48359,4,154,70,
100141,黑翼之巢潮汐束腰,护甲,治疗,4,1,6,腰部,240,耐力+73；智力+73；精神+64,法术强度+104；急速等级+57,法术强度+113；急速等级+56,法术强度×1.0865；急速等级×0.9825,5,389,371,1.0216,0,,,0,,,,,183,,47258,黑雾腰带,245,4,1,6,无,,34557,风暴腰带,48354,4,154,70,
100142,腰链·圣光,护甲,治疗,4,1,6,腰部,240,耐力+73；智力+69；精神+69,法术强度+113；暴击等级+45,法术强度+117；暴击等级+45,法术强度×1.0354；暴击等级×1.0000,5,387,369,1.0108,1,红色,,0,,,,,183,,48054,永恒束带,245,4,1,6,无,,33882,守备官的鬼纹腰带,47412,4,146,70,
100143,陨星·束带,护甲,治疗,4,1,6,腰部,240,耐力+73；智力+73；精神+64,法术强度+104；急速等级+57,法术强度+97；急速等级+62,法术强度×0.9327；急速等级×1.0877,5,389,371,0.9946,1,蓝色,,0,,,,,183,,46972,黑雾束带,245,4,1,6,无,,33900,守备官的月布腰带,47421,4,146,70,
100144,纳格兰战裙,护甲,治疗,4,1,7,腿部,240,耐力+114；智力+85；精神+85,法术强度+144；暴击等级+68,法术强度+156；暴击等级+62,法术强度×1.0833；暴击等级×0.9118,5,518,496,1.0121,1,蓝色,,0,,,,,286,,48004,恶魔信使裹腿,245,4,1,7,无,,35013,野蛮角斗士的邪纹长裤,49955,4,159,70,
100145,冻结裤腿,护甲,治疗,4,1,7,腿部,240,耐力+98；智力+98；精神+78,法术强度+134；急速等级+79,法术强度+135；急速等级+72,法术强度×1.0075；急速等级×0.9114,5,510,487,0.9877,1,黄色,,0,,,,,286,,48064,萨布拉的凯旋护腿,245,4,1,7,无,,35055,野蛮角斗士的月布护腿,49964,4,159,70,
100146,铸魂者之裤腿,护甲,治疗,4,1,7,腿部,240,耐力+114；智力+85；精神+85,法术强度+144；暴击等级+68,法术强度+150；暴击等级+65,法术强度×1.0417；暴击等级×0.9559,5,518,496,1.0060,1,红色,,0,,,,,286,,47931,恶魔信使护腿,245,4,1,7,无,,35100,野蛮角斗士的丝质长裤,49959,4,159,70,
100147,纳格兰天启腿甲,护甲,治疗,4,1,7,腿部,240,耐力+98；智力+98；精神+78,法术强度+134；急速等级+79,法术强度+147；急速等级+86,法术强度×1.0970；急速等级×1.0886,5,510,487,1.0411,0,,,0,,,,,286,,47985,维伦的凯旋护腿,245,4,1,7,无,,30912,永恒护腿,45218,4,151,70,
100148,幽魂之地虚空长靴,护甲,治疗,4,1,8,脚部,240,耐力+73；智力+73；精神+49,法术强度+104；暴击等级+69,法术强度+103；暴击等级+70,法术强度×0.9904；暴击等级×1.0145,5,386,368,1.0000,0,,,0,,,,,225,,49234,哀魂长靴,245,4,1,8,无,,34563,赦免软靴,48368,4,154,70,
100149,恒金守望布靴,护甲,治疗,4,1,8,脚部,240,耐力+73；智力+73；精神+64,法术强度+104；急速等级+57,法术强度+105；急速等级+55,法术强度×1.0096；急速等级×0.9649,5,389,371,0.9973,1,黄色,,0,,,,,225,,47293,孀妇便鞋,245,4,1,8,无,,34564,凶星长靴,48371,4,154,70,
100150,破界布靴,护甲,治疗,4,1,8,脚部,240,耐力+73；智力+73；精神+49,法术强度+104；暴击等级+69,法术强度+112；暴击等级+70,法术强度×1.0769；暴击等级×1.0145,5,386,368,1.0245,2,红色,蓝色,0,,,,,225,,49233,哀魂便鞋,245,4,1,8,无,,34574,风暴长靴,48365,4,154,70,
100151,降临足具,护甲,治疗,4,1,8,脚部,240,耐力+73；智力+73；精神+64,法术强度+104；急速等级+57,法术强度+95；急速等级+53,法术强度×0.9135；急速等级×0.9298,5,389,371,0.9650,1,蓝色,,0,,,,,225,,47092,孀妇长靴,245,4,1,8,无,,33884,守备官的鬼纹便鞋,47414,4,146,70,
100152,万法王之护腕,护甲,治疗,4,1,9,腕部,240,耐力+55；智力+55；精神+48,法术强度+77；暴击等级+40,法术强度+83；暴击等级+44,法术强度×1.0779；暴击等级×1.1000,5,288,275,1.0364,1,蓝色,,0,,,,,143,,47588,皇家月幕护腕,245,4,1,9,无,,35174,护卫者的月布护腕,48687,4,154,70,
100153,黎明·护臂,护甲,治疗,4,1,9,腕部,240,耐力+55；智力+55；精神+48,法术强度+85；急速等级+48,法术强度+78；急速等级+52,法术强度×0.9176；急速等级×1.0833,5,305,291,0.9897,1,黄色,,0,,,,,143,,47324,苍白圣徒护腕,245,4,1,9,无,,35179,护卫者的丝质护腕,48690,4,154,70,
100154,先驱者冲击腕饰,护甲,治疗,4,1,9,腕部,240,耐力+55；智力+55；精神+48,法术强度+77；暴击等级+40,法术强度+72；暴击等级+43,法术强度×0.9351；暴击等级×1.0750,5,288,275,0.9927,0,,,0,,,,,143,,47587,皇家月幕护腕,245,4,1,9,无,,30870,崩坏腕甲,45745,4,141,70,
100155,龙骨荒野腕轮,护甲,治疗,4,1,9,腕部,240,耐力+55；智力+55；精神+48,法术强度+85；急速等级+48,法术强度+83；急速等级+51,法术强度×0.9765；急速等级×1.0625,5,305,291,1.0034,0,,,0,,,,,143,,47203,苍白圣徒腕甲,245,4,1,9,无,,30871,殉难护腕,45743,4,141,70,
100156,灰熊丘陵龙焰手甲,护甲,治疗,4,1,10,手部,240,耐力+73；智力+73；精神+52,法术强度+93；暴击等级+60,法术强度+88；暴击等级+64,法术强度×0.9462；暴击等级×1.0667,5,346,351,0.9972,1,蓝色,,0,,,,,204,,45520,警戒裹手,239,4,1,10,无,,34367,永恒光芒之手,48920,4,159,70,
100157,执剑者手饰,护甲,治疗,4,1,10,手部,240,耐力+73；智力+73；精神+56,法术强度+104；急速等级+64,法术强度+104；急速等级+64,法术强度×1.0000；急速等级×1.0000,5,389,370,1.0000,1,黄色,,0,,,,,204,,47983,维伦的凯旋兜帽,245,4,1,10,无,,35003,野蛮角斗士的鬼纹手套,48618,4,159,70,
100158,苍穹·手甲,护甲,治疗,4,1,10,手部,240,耐力+73；智力+74；精神+62,法术强度+113；暴击等级+66,法术强度+105；暴击等级+67,法术强度×0.9292；暴击等级×1.0152,5,359,388,0.9820,0,,,0,,,,,203,,50299,奇软护手,232,4,1,10,无,,35053,野蛮角斗士的月布手套,49960,4,159,70,
100159,破晓者之手饰,护甲,治疗,4,1,10,手部,240,耐力+73；智力+74；精神+56,法术强度+103；急速等级+64,法术强度+94；急速等级+70,法术强度×0.9126；急速等级×1.0938,5,344,370,0.9919,2,蓝色,黄色,0,,,,,203,,48067,萨布拉的征服兜帽,232,4,1,10,无,,35098,野蛮角斗士的丝质护手,49957,4,159,70,
100160,雷霆崖头盔,护甲,治疗,4,2,1,头部,240,智力+83；精神+84；耐力+81,暴击等级+66；法术强度+144,暴击等级+66；法术强度+133,暴击等级×1.0000；法术强度×0.9236,5,479,458,0.9760,2,混沌,蓝色,0,,,,,499,,49473,怒风罩帽,245,4,2,1,无,,34999,野蛮角斗士的龙皮头盔,48601,4,159,70,
100161,断岳战盔,护甲,治疗,4,2,1,头部,240,耐力+98；智力+98；精神+78,法术强度+125；急速等级+71,法术强度+126；急速等级+68,法术强度×1.0080；急速等级×0.9577,5,493,470,0.9957,2,混沌,红色,0,,,,,499,,47690,盎然生长头盔,245,4,2,1,无,,35023,野蛮角斗士的科多皮头盔,48602,4,159,70,
100162,幽暗城头冠,护甲,治疗,4,2,1,头部,240,耐力+98；智力+98；精神+70,法术强度+125；暴击等级+78,法术强度+129；暴击等级+78,法术强度×1.0320；暴击等级×1.0000,5,493,469,1.0085,3,混沌,蓝色,0,,,,,499,,48151,符文图腾的凯旋头饰,245,4,2,1,无,,35033,野蛮角斗士的皮甲头盔,48739,4,159,70,红色
100163,寒星焚烧战盔,护甲,治疗,4,2,1,头部,240,耐力+113；智力+93；精神+69,法术强度+131；急速等级+67,法术强度+119；急速等级+72,法术强度×0.9084；急速等级×1.0746,5,440,473,0.9852,2,混沌,红色,0,,,,,504,,45439,坚毅的凝视,232,4,2,1,无,,32235,萨格拉斯的诅咒视界,52634,4,151,70,
100164,披肩·永夜,护甲,治疗,4,2,3,肩部,240,耐力+73；智力+73；精神+64,法术强度+104；暴击等级+56,法术强度+110；暴击等级+61,法术强度×1.0577；暴击等级×1.0893,5,389,370,1.0297,0,,,0,,,,,460,,48167,玛法里奥的凯旋护肩,245,4,2,3,无,,35035,野蛮角斗士的皮甲护肩,48598,4,159,70,
100165,驭雷者肩卫,护甲,治疗,4,2,3,肩部,240,耐力+73；智力+73；精神+56,法术强度+104；急速等级+64,法术强度+107；急速等级+67,法术强度×1.0288；急速等级×1.0469,5,389,370,1.0162,1,黄色,,0,,,,,460,,48137,玛法里奥的凯旋肩铠,245,4,2,3,无,,31030,刺杀者护肩,45436,4,146,70,
100166,大地肩卫,护甲,治疗,4,2,3,肩部,240,耐力+73；智力+73；精神+64,法术强度+104；暴击等级+56,法术强度+107；暴击等级+51,法术强度×1.0288；暴击等级×0.9107,5,389,370,0.9946,2,红色,蓝色,0,,,,,460,,47712,命运协奏护肩,245,4,2,3,无,,31047,雷霆之心肩甲,45667,4,146,70,
100167,紫电破天肩铠,护甲,治疗,4,2,3,肩部,240,耐力+73；智力+74；精神+56,法术强度+103；急速等级+64,法术强度+106；急速等级+58,法术强度×1.0291；急速等级×0.9062,5,344,370,0.9919,1,蓝色,,0,,,,,457,,48157,符文图腾的征服肩铠,232,4,2,3,无,,33674,复仇角斗士的龙皮护肩,46944,4,146,70,
100168,亘古之护胸,护甲,治疗,4,2,20,胸部,240,耐力+98；智力+98；精神+78,法术强度+134；暴击等级+78,法术强度+143；暴击等级+85,法术强度×1.0672；暴击等级×1.0897,5,510,486,1.0329,1,蓝色,,0,,,,,614,,48136,玛法里奥的凯旋法袍,245,4,2,20,无,,34397,混沌刀锋外套,48054,4,159,70,
100169,轮回之胸甲,护甲,治疗,4,2,20,胸部,240,耐力+98；智力+98；精神+86,法术强度+134；急速等级+71,法术强度+127；急速等级+71,法术强度×0.9478；急速等级×1.0000,5,510,487,0.9856,0,,,0,,,,,614,,47292,反目长袍,245,4,2,20,无,,34398,艾露恩的幻想外套,48055,4,159,70,
100170,生长战衣,护甲,治疗,4,2,20,胸部,240,耐力+98；智力+98；精神+78,法术强度+125；暴击等级+70,法术强度+124；暴击等级+67,法术强度×0.9920；暴击等级×0.9571,5,493,469,0.9915,1,红色,,0,,,,,614,,47602,月蚀长袍,245,4,2,20,无,,35002,野蛮角斗士的龙皮外套,49968,4,159,70,
100171,达拉然之战衣,护甲,治疗,4,2,20,胸部,240,耐力+98；智力+98；精神+86,法术强度+134；急速等级+71,法术强度+135；急速等级+67,法术强度×1.0075；急速等级×0.9437,5,510,487,0.9938,0,,,0,,,,,614,,47094,反目外衣,245,4,2,20,无,,35036,野蛮角斗士的皮甲外套,48599,4,159,70,
100172,腰甲·日蚀,护甲,治疗,4,2,6,腰部,240,耐力+73；智力+74；精神+65,法术强度+103；暴击等级+52,法术强度+109；暴击等级+54,法术强度×1.0583；暴击等级×1.0385,5,340,367,1.0218,0,,,0,,,,,343,,47863,血蹄使者束带,232,4,2,6,无,,33879,守备官的龙皮腰带,47409,4,146,70,
100173,蓝龙军团之腰甲,护甲,治疗,4,2,6,腰部,240,耐力+73；智力+73；精神+64,法术强度+104；急速等级+57,法术强度+97；急速等级+56,法术强度×0.9327；急速等级×0.9825,5,389,371,0.9784,0,,,0,,,,,345,,47308,灰棘腰带,245,4,2,6,无,,33891,守备官的皮甲腰带,47900,4,146,70,
100174,照夜战带,护甲,治疗,4,2,6,腰部,240,耐力+73；智力+74；精神+65,法术强度+103；暴击等级+52,法术强度+111；暴击等级+57,法术强度×1.0777；暴击等级×1.0962,5,340,367,1.0354,2,红色,蓝色,0,,,,,343,,47669,冬至腰带,232,4,2,6,无,,30879,阿加多的腰带,45245,4,141,70,
100175,破军者之腰带,护甲,治疗,4,2,6,腰部,240,耐力+73；智力+73；精神+64,法术强度+104；急速等级+57,法术强度+97；急速等级+56,法术强度×0.9327；急速等级×0.9825,5,389,371,0.9784,1,蓝色,,0,,,,,345,,47140,灰棘束带,245,4,2,6,无,,30914,新月腰带,45244,4,141,70,
100176,苍穹护腿,护甲,治疗,4,2,7,腿部,240,耐力+97；智力+99；精神+87,法术强度+130；暴击等级+68,法术强度+127；暴击等级+67,法术强度×0.9769；暴击等级×0.9853,5,421,481,0.9917,1,蓝色,,0,,,,,538,,46185,征服者的夜歌护腿,226,4,2,7,无,,31029,刺杀者护腿,45428,4,146,70,
100177,灰熊丘陵之腿铠,护甲,治疗,4,2,7,腿部,240,耐力+98；智力+98；精神+78,法术强度+134；急速等级+79,法术强度+146；急速等级+75,法术强度×1.0896；急速等级×0.9494,5,510,487,1.0164,0,,,0,,,,,537,,48150,符文图腾的凯旋护腿,245,4,2,7,无,,31044,雷霆之心护腿,45665,4,146,70,
100178,赤霞腿甲,护甲,治疗,4,2,7,腿部,240,耐力+97；智力+99；精神+78,法术强度+130；暴击等级+77,法术强度+128；暴击等级+80,法术强度×0.9846；暴击等级×1.0390,5,421,481,1.0021,0,,,0,,,,,538,,45847,荒野行者护腿,226,4,2,7,无,,31045,雷霆之心腿甲,45666,4,146,70,
100179,幽暗城腿甲,护甲,治疗,4,2,7,腿部,240,耐力+98；智力+98；精神+78,法术强度+134；急速等级+79,法术强度+128；急速等级+73,法术强度×0.9552；急速等级×0.9241,5,510,487,0.9754,0,,,0,,,,,537,,48135,玛法里奥的凯旋护腿,245,4,2,7,无,,33673,复仇角斗士的龙皮护腿,46946,4,146,70,
100180,风暴领主足甲,护甲,治疗,4,2,8,脚部,240,耐力+73；智力+73；精神+56,法术强度+104；暴击等级+64,法术强度+107；暴击等级+60,法术强度×1.0288；暴击等级×0.9375,5,389,370,0.9973,0,,,0,,,,,422,,47262,严冬长靴,245,4,2,8,无,,34575,刺杀者战靴,48369,4,154,70,
100181,足甲·静潮,护甲,治疗,4,2,8,脚部,240,耐力+73；智力+72；精神+57,法术强度+99；急速等级+59,法术强度+107；急速等级+60,法术强度×1.0808；急速等级×1.0169,5,450,360,1.0250,1,黄色,,0,,,,,426,,49894,塞纳里奥祝福之靴,264,4,2,8,无,,33880,守备官的龙皮长靴,47428,4,146,70,
100182,夜幕之护足,护甲,治疗,4,2,8,脚部,240,耐力+73；智力+73；精神+56,法术强度+104；暴击等级+64,法术强度+99；暴击等级+70,法术强度×0.9519；暴击等级×1.0938,5,389,370,1.0027,2,红色,蓝色,0,,,,,422,,46988,无尽风暴长靴,245,4,2,8,无,,33892,守备官的皮甲长靴,47403,4,146,70,
100183,混沌之足甲,护甲,治疗,4,2,8,脚部,240,耐力+84；智力+70；精神+64,法术强度+112；急速等级+63,法术强度+108；急速等级+57,法术强度×0.9643；急速等级×0.9048,5,342,393,0.9746,0,,,0,,,,,431,,45378,石化森林之靴,225,4,2,8,无,,30886,魔化皮质便鞋,45238,4,141,70,
100184,泰坦监护者焚天护腕,护甲,治疗,4,2,9,腕部,240,智力+55；耐力+55；精神+44,法术强度+84；暴击等级+50,法术强度+83；暴击等级+53,法术强度×0.9881；暴击等级×1.0600,5,267,288,1.0069,0,,,0,,,,,267,,50318,鬼魅裹腕,232,4,2,9,无,,35171,护卫者的皮甲护腕,48682,4,154,70,
100185,魔铁臂甲,护甲,治疗,4,2,9,腕部,240,耐力+55；智力+55；精神+48,法术强度+85；急速等级+48,法术强度+77；急速等级+52,法术强度×0.9059；急速等级×1.0833,5,305,291,0.9863,1,黄色,,0,,,,,268,,47055,秋木护腕,245,4,2,9,无,,30863,致命腕甲,45746,4,141,70,
100186,永夜陨星护臂,护甲,治疗,4,2,9,腕部,240,耐力+55；智力+55；精神+50,法术强度+77；暴击等级+37,法术强度+75；暴击等级+34,法术强度×0.9740；暴击等级×0.9189,5,304,274,0.9818,0,,,0,,,,,269,,50985,剧毒冲击护腕,251,4,2,9,无,,30868,回春护腕,45753,4,141,70,
100187,纳克萨玛斯之腕铠,护甲,治疗,4,2,9,腕部,240,耐力+61；智力+53；精神+53,法术强度+84；急速等级+41,法术强度+84；急速等级+38,法术强度×1.0000；急速等级×0.9268,5,271,292,0.9897,0,,,0,,,,,272,,45149,龙母护腕,232,4,2,9,无,,32324,阴险护腕,47436,4,141,70,
100188,仁心手甲,护甲,治疗,4,2,10,手部,240,耐力+85；智力+70；精神+57,法术强度+93；暴击等级+56,法术强度+94；暴击等级+55,法术强度×1.0108；暴击等级×0.9821,5,356,361,1.0000,0,,,0,,,,,382,,45462,冰冻林地手套,239,4,2,10,无,,35032,野蛮角斗士的皮甲手套,49965,4,159,70,
100189,冬拥湖惊雷手甲,护甲,治疗,4,2,10,手部,240,耐力+73；智力+73；精神+56,法术强度+104；急速等级+64,法术强度+113；急速等级+64,法术强度×1.0865；急速等级×1.0000,5,389,370,1.0243,1,黄色,,0,,,,,383,,48163,玛法里奥的凯旋手套,245,4,2,10,无,,34351,稳固王权护手,48039,4,154,70,
100190,燃烬者之手甲,护甲,治疗,4,2,10,手部,240,耐力+80；智力+71；精神+66,暴击等级+64；法术强度+112,暴击等级+68；法术强度+120,暴击等级×1.0625；法术强度×1.0714,5,388,393,1.0305,2,红色,蓝色,0,,,,,391,,45293,强效治愈护手,239,4,2,10,无,,31026,刺杀者护手,45426,4,146,70,
100191,虚空之手套,护甲,治疗,4,2,10,手部,240,耐力+78；智力+72；精神+67,法术强度+113；急速等级+59,法术强度+102；急速等级+60,法术强度×0.9027；急速等级×1.0169,5,360,389,0.9743,1,蓝色,,0,,,,,382,,50212,欲望精华手套,232,4,2,10,无,,31032,雷霆之心手套,45664,4,146,70,
100192,深渊之战盔,护甲,治疗,4,3,1,头部,240,智力+82；耐力+103,暴击等级+54；每5秒法力回复+43；法术强度+144,暴击等级+57；每5秒法力回复+39；法术强度+152,暴击等级×1.0556；每5秒法力回复×0.9070；法术强度×1.0556,5,446,426,1.0164,2,混沌,红色,0,,,,,1108,,49470,无尽风暴护盔,245,4,3,1,无,,34356,必中护目镜V3.0,45783,4,159,70,
100193,祖尔法拉克之兜帽,护甲,治疗,4,3,1,头部,240,耐力+98；智力+98,法术强度+125；急速等级+63；每5秒法力回复+43,法术强度+137；急速等级+58；每5秒法力回复+47,法术强度×1.0960；急速等级×0.9206；每5秒法力回复×1.0930,5,448,427,1.0258,2,混沌,红色,0,,,,,1108,,47687,热情蕴藏头甲,245,4,3,1,无,,34992,野蛮角斗士的链甲头盔,48606,4,159,70,
100194,亘古·头冠,护甲,治疗,4,3,1,头部,240,耐力+98；智力+98,法术强度+125；暴击等级+72；每5秒法力回复+38,法术强度+128；暴击等级+77；每5秒法力回复+39,法术强度×1.0240；暴击等级×1.0694；每5秒法力回复×1.0263,5,453,431,1.0209,2,混沌,黄色,0,,,,,1108,,48302,萨尔的凯旋头饰,245,4,3,1,无,,35044,野蛮角斗士的鳞甲头盔,48613,4,159,70,
100195,破晓者驭天面甲,护甲,治疗,4,3,1,头部,240,耐力+98；智力+98,法术强度+125；急速等级+63；每5秒法力回复+43,法术强度+120；急速等级+69；每5秒法力回复+40,法术强度×0.9600；急速等级×1.0952；每5秒法力回复×0.9302,5,448,427,0.9953,3,混沌,黄色,0,,,,,1108,,47686,热情蕴藏头盔,245,4,3,1,无,,35079,野蛮角斗士的环甲头盔,48614,4,159,70,蓝色
100196,神圣肩甲,护甲,治疗,4,3,3,肩部,240,耐力+73；智力+73,法术强度+104；暴击等级+56；每5秒法力回复+32,法术强度+111；暴击等级+56；每5秒法力回复+34,法术强度×1.0673；暴击等级×1.0000；每5秒法力回复×1.0625,5,356,338,1.0266,2,蓝色,黄色,0,,,,,1023,,47707,碎地者护肩,245,4,3,3,无,,31006,戈隆追猎者护肩,45682,4,146,70,
100197,仁心肩卫,护甲,治疗,4,3,3,肩部,240,耐力+83；智力+70,法术强度+93；急速等级+48；每5秒法力回复+31,法术强度+94；急速等级+46；每5秒法力回复+29,法术强度×1.0108；急速等级×0.9583；每5秒法力回复×0.9355,5,322,325,0.9908,2,黄色,红色,0,,,,,1018,,45474,斗士的肩铠,239,4,3,3,无,,31022,破天肩垫,45672,4,146,70,
100198,银月城月刃肩甲,护甲,治疗,4,3,3,肩部,240,耐力+73；智力+73,法术强度+104；暴击等级+56；每5秒法力回复+32,法术强度+111；暴击等级+55；每5秒法力回复+31,法术强度×1.0673；暴击等级×0.9821；每5秒法力回复×0.9688,5,356,338,1.0148,1,红色,,0,,,,,1023,,47706,碎地者肩饰,245,4,3,3,无,,33668,复仇角斗士的链甲护肩,46881,4,146,70,
100199,红龙肩铠,护甲,治疗,4,3,3,肩部,240,耐力+73；智力+73,法术强度+104；急速等级+57；每5秒法力回复+32,法术强度+94；急速等级+55；每5秒法力回复+31,法术强度×0.9038；急速等级×0.9649；每5秒法力回复×0.9688,5,356,339,0.9617,2,蓝色,黄色,0,,,,,1023,,48304,萨尔的凯旋护肩,245,4,3,3,无,,33710,复仇角斗士的鳞甲护肩,46890,4,146,70,
100200,圣光·护甲,护甲,治疗,4,3,20,胸部,240,耐力+98；智力+98,法术强度+134；暴击等级+70；每5秒法力回复+43,法术强度+122；暴击等级+72；每5秒法力回复+43,法术强度×0.9104；暴击等级×1.0286；每5秒法力回复×1.0000,5,465,443,0.9774,1,蓝色,,0,,,,,1364,,47325,元素流动胄甲,245,4,3,5,无,,34990,野蛮角斗士的链甲护胸,48604,4,159,70,
100201,幻光照夜护甲,护甲,治疗,4,3,20,胸部,240,耐力+98；智力+98,法术强度+125；急速等级+63；每5秒法力回复+43,法术强度+135；急速等级+59；每5秒法力回复+47,法术强度×1.0800；急速等级×0.9365；每5秒法力回复×1.0930,5,448,427,1.0234,1,黄色,,0,,,,,1364,,47598,诱魔胸铠,245,4,3,5,无,,35042,野蛮角斗士的鳞甲护胸,49969,4,159,70,
100202,辉光胸甲,护甲,治疗,4,3,20,胸部,240,耐力+98；智力+98,法术强度+134；暴击等级+70；每5秒法力回复+43,法术强度+136；暴击等级+65；每5秒法力回复+44,法术强度×1.0149；暴击等级×0.9286；每5秒法力回复×1.0233,5,465,443,0.9955,2,红色,蓝色,0,,,,,1364,,47204,元素流动胸甲,245,4,3,5,无,,30907,狂热追击锁甲,46356,4,151,70,
100203,神圣胸甲,护甲,治疗,4,3,20,胸部,240,耐力+98；智力+98,法术强度+125；急速等级+63；每5秒法力回复+43,法术强度+137；急速等级+58；每5秒法力回复+41,法术强度×1.0960；急速等级×0.9206；每5秒法力回复×0.9535,5,448,427,1.0117,0,,,0,,,,,1364,,47597,诱魔胸铠,245,4,3,5,无,,23565,扭曲虚空的拥抱,45807,4,146,70,
100204,镇魂使之腰带,护甲,治疗,4,3,6,腰部,240,耐力+72；智力+67,法术强度+104；暴击等级+49；每5秒法力回复+36,法术强度+94；暴击等级+47；每5秒法力回复+35,法术强度×0.9038；暴击等级×0.9592；每5秒法力回复×0.9722,5,344,328,0.9604,0,,,0,,,,,767,,48005,暗矛仪祭缚带,245,4,3,6,无,,33877,守备官的链甲束带,47406,4,146,70,
100205,赤霞之腰甲,护甲,治疗,4,3,6,腰部,240,耐力+73；智力+72,法术强度+96；急速等级+68；每5秒法力回复+22,法术强度+94；急速等级+67；每5秒法力回复+23,法术强度×0.9792；急速等级×0.9853；每5秒法力回复×1.0455,5,367,331,0.9940,0,,,0,,,,,770,,50784,亡语信徒腰带,251,4,3,6,无,,33895,守备官的鳞甲束带,47419,4,146,70,
100206,寒冰皇冠源质腰带,护甲,治疗,4,3,6,腰部,240,耐力+72；智力+67,法术强度+104；暴击等级+49；每5秒法力回复+36,法术强度+110；暴击等级+47；每5秒法力回复+33,法术强度×1.0577；暴击等级×0.9592；每5秒法力回复×0.9167,5,344,328,1.0030,0,,,0,,,,,767,,47932,先知束带,245,4,3,6,无,,30919,峡谷猎手腰带,45247,4,141,70,
100207,风暴·扣带,护甲,治疗,4,3,6,腰部,240,耐力+96；智力+65,法术强度+113；急速等级+67；每5秒法力回复+29,法术强度+102；急速等级+64；每5秒法力回复+27,法术强度×0.9027；急速等级×0.9552；每5秒法力回复×0.9310,5,325,370,0.9568,1,蓝色,,0,,,,,770,,45828,寒风护腕,226,4,3,6,无,,32258,自然庇护腰带,45765,4,141,70,
100208,祖尔法拉克晨星腿甲,护甲,治疗,4,3,7,腿部,240,耐力+98；智力+98,法术强度+134；暴击等级+80；每5秒法力回复+38,法术强度+127；暴击等级+84；每5秒法力回复+38,法术强度×0.9478；暴击等级×1.0500；每5秒法力回复×1.0000,5,470,448,0.9933,1,蓝色,,0,,,,,1194,,48303,萨尔的凯旋腿甲,245,4,3,7,无,,35045,野蛮角斗士的鳞甲护腿,48615,4,159,70,
100209,祖尔格拉布之腿铠,护甲,治疗,4,3,7,腿部,240,耐力+98；智力+98,法术强度+134；急速等级+71；每5秒法力回复+43,法术强度+135；急速等级+76；每5秒法力回复+46,法术强度×1.0075；急速等级×1.0704；每5秒法力回复×1.0698,5,465,444,1.0203,1,黄色,,0,,,,,1194,,47289,仇恨深藏护腿,245,4,3,7,无,,31005,戈隆追猎者护腿,45681,4,146,70,
100210,潮汐·腿铠,护甲,治疗,4,3,7,腿部,240,耐力+98；智力+98,法术强度+134；暴击等级+80；每5秒法力回复+38,法术强度+129；暴击等级+82；每5秒法力回复+39,法术强度×0.9627；暴击等级×1.0250；每5秒法力回复×1.0263,5,470,448,0.9955,1,红色,,0,,,,,1194,,48288,努波顿的凯旋腿甲,245,4,3,7,无,,31019,破天护腿,45671,4,146,70,
100211,执剑者护腿,护甲,治疗,4,3,7,腿部,240,耐力+98；智力+98,法术强度+134；急速等级+71；每5秒法力回复+43,法术强度+134；急速等级+71；每5秒法力回复+46,法术强度×1.0000；急速等级×1.0000；每5秒法力回复×1.0698,5,465,444,1.0068,1,蓝色,,0,,,,,1194,,47083,仇恨深藏腿甲,245,4,3,7,无,,33667,复仇角斗士的链甲护腿,46882,4,146,70,
100212,奥妮克希亚秘法战靴,护甲,治疗,4,3,8,脚部,240,耐力+83；智力+70,法术强度+93；暴击等级+57；每5秒法力回复+28,法术强度+97；暴击等级+59；每5秒法力回复+27,法术强度×1.0430；暴击等级×1.0351；每5秒法力回复×0.9643,5,327,331,1.0151,0,,,0,,,,,934,,45615,位面行者之靴,239,4,3,8,无,,33878,守备官的链甲战靴,47408,4,146,70,
100213,剃刀高地战靴,护甲,治疗,4,3,8,脚部,240,耐力+96；智力+64,法术强度+113；急速等级+71；每5秒法力回复+28,法术强度+116；急速等级+65；每5秒法力回复+29,法术强度×1.0265；急速等级×0.9155；每5秒法力回复×1.0357,5,345,372,0.9946,2,黄色,红色,0,,,,,948,,45513,遗忘深渊长靴,232,4,3,8,无,,33896,守备官的鳞甲战靴,47420,4,146,70,
100214,万法王降世足甲,护甲,治疗,4,3,8,脚部,240,耐力+73；智力+73,法术强度+95；每5秒法力回复+25；暴击等级+64,法术强度+87；每5秒法力回复+24；暴击等级+65,法术强度×0.9158；每5秒法力回复×0.9600；暴击等级×1.0156,5,346,330,0.9758,1,红色,,0,,,,,937,,49238,炼狱长靴,245,4,3,8,无,,30873,止水长靴,45240,4,141,70,
100215,圣殿骑士破云踏靴,护甲,治疗,4,3,8,脚部,240,耐力+73；智力+72,法术强度+96；每5秒法力回复+31；急速等级+50,法术强度+92；每5秒法力回复+31；急速等级+47,法术强度×0.9583；每5秒法力回复×1.0000；急速等级×0.9400,5,358,322,0.9783,1,蓝色,,0,,,,,941,,51006,躲闪之靴,251,4,3,8,无,,30880,疾步长靴,45239,4,141,70,
100216,护臂·新月,护甲,治疗,4,3,9,腕部,240,耐力+55；智力+55,法术强度+85；每5秒法力回复+24；暴击等级+48,法术强度+80；每5秒法力回复+25；暴击等级+47,法术强度×0.9412；每5秒法力回复×1.0417；暴击等级×0.9792,5,280,267,0.9813,2,蓝色,黄色,0,,,,,596,,47280,溷沌预兆裹腕,245,4,3,9,无,,35172,护卫者的鳞甲护腕,48673,4,154,70,
100217,黑翼之巢紫电腕铠,护甲,治疗,4,3,9,腕部,240,耐力+55；智力+55,法术强度+77；急速等级+48；每5秒法力回复+16,法术强度+73；急速等级+46；每5秒法力回复+17,法术强度×0.9481；急速等级×0.9583；每5秒法力回复×1.0625,5,263,251,0.9801,1,黄色,,0,,,,,596,,47580,黑甲护腕,245,4,3,9,无,,30864,寻路者护腕,45744,4,141,70,
100218,苍穹王座寒霜护臂,护甲,治疗,4,3,9,腕部,240,耐力+55；智力+55,法术强度+85；每5秒法力回复+24；暴击等级+48,法术强度+83；每5秒法力回复+22；暴击等级+48,法术强度×0.9765；每5秒法力回复×0.9167；暴击等级×1.0000,5,280,267,0.9850,2,红色,蓝色,0,,,,,596,,47056,溷沌预兆护腕,245,4,3,9,无,,30869,嚎风护腕,45750,4,141,70,
100219,无尽·护臂,护甲,治疗,4,3,9,腕部,240,耐力+55；智力+55,法术强度+77；急速等级+48；每5秒法力回复+16,法术强度+78；急速等级+47；每5秒法力回复+17,法术强度×1.0130；急速等级×0.9792；每5秒法力回复×1.0625,5,263,251,1.0040,0,,,0,,,,,596,,47579,黑甲护腕,245,4,3,9,无,,32251,精准腕甲,45358,4,141,70,
100220,拳甲·天启,护甲,治疗,4,3,10,手部,240,耐力+73；智力+73,每5秒法力回复+22；暴击等级+67；法术强度+95,每5秒法力回复+20；暴击等级+70；法术强度+87,每5秒法力回复×0.9091；暴击等级×1.0448；法术强度×0.9158,5,346,330,0.9788,0,,,0,,,,,853,,48038,森金村仪祭者手套,245,4,3,10,无,,34991,野蛮角斗士的链甲手套,48605,4,159,70,
100221,霸主之护手,护甲,治疗,4,3,10,手部,240,耐力+73；智力+73,法术强度+104；急速等级+57；每5秒法力回复+32,法术强度+101；急速等级+52；每5秒法力回复+35,法术强度×0.9712；急速等级×0.9123；每5秒法力回复×1.0938,5,356,339,0.9853,0,,,0,,,,,853,,48301,萨尔的凯旋手甲,245,4,3,10,无,,35043,野蛮角斗士的鳞甲手套,48611,4,159,70,
100222,魔铁裁断护手,护甲,治疗,4,3,10,手部,240,耐力+73；智力+73,每5秒法力回复+22；暴击等级+67；法术强度+95,每5秒法力回复+22；暴击等级+64；法术强度+87,每5秒法力回复×1.0000；暴击等级×0.9552；法术强度×0.9158,5,346,330,0.9667,1,红色,,0,,,,,853,,47961,碧空先知手套,245,4,3,10,无,,34350,上古影月护手,48037,4,154,70,
100223,冬拥湖之手套,护甲,治疗,4,3,10,手部,240,耐力+73；智力+73,法术强度+104；急速等级+57；每5秒法力回复+32,法术强度+113；急速等级+52；每5秒法力回复+32,法术强度×1.0865；急速等级×0.9123；每5秒法力回复×1.0000,5,356,339,1.0118,0,,,0,,,,,853,,48286,努波顿的凯旋手甲,245,4,3,10,无,,31001,戈隆追猎者手套,45679,4,146,70,
100224,破晓者之面甲,护甲,治疗,4,4,1,头部,240,耐力+98；智力+98,法术强度+125；暴击等级+63；每5秒法力回复+43,法术强度+118；暴击等级+63；每5秒法力回复+43,法术强度×0.9440；暴击等级×1.0000；每5秒法力回复×1.0000,5,448,427,0.9836,2,混沌,红色,0,,,,,1980,,47682,无眠守望头盔,245,4,4,1,无,,34400,达斯雷玛之冠,48058,4,159,70,
100225,熔火之心之面甲,护甲,治疗,4,4,1,头部,240,耐力+98；智力+98,法术强度+125；暴击等级+63；每5秒法力回复+43,法术强度+123；暴击等级+67；每5秒法力回复+40,法术强度×0.9840；暴击等级×1.0635；每5秒法力回复×0.9302,5,448,427,0.9977,2,混沌,蓝色,0,,,,,1980,,47681,无眠守望重盔,245,4,4,1,无,,34401,乌瑟尔的决心之盔,48057,4,159,70,
100226,星语者降世面罩,护甲,治疗,4,4,1,头部,240,耐力+98；智力+98,法术强度+125；暴击等级+63；每5秒法力回复+43,法术强度+117；暴击等级+67；每5秒法力回复+40,法术强度×0.9360；暴击等级×1.0635；每5秒法力回复×0.9302,5,448,427,0.9836,2,混沌,蓝色,0,,,,,1980,,47682,无眠守望头盔,245,4,4,1,无,,35029,野蛮角斗士的板层甲头盔,48740,4,159,70,
100227,钢铁之面甲,护甲,治疗,4,4,1,头部,240,耐力+98；智力+98,法术强度+125；暴击等级+63；每5秒法力回复+43,法术强度+116；暴击等级+63；每5秒法力回复+46,法术强度×0.9280；暴击等级×1.0000；每5秒法力回复×1.0698,5,448,427,0.9859,2,混沌,黄色,0,,,,,1980,,47681,无眠守望重盔,245,4,4,1,无,,35068,野蛮角斗士的板甲头盔,49685,4,159,70,
100228,裁断肩胄,护甲,治疗,4,4,3,肩部,240,耐力+73；智力+72,法术强度+96；暴击等级+49；每5秒法力回复+32,法术强度+97；暴击等级+48；每5秒法力回复+29,法术强度×1.0104；暴击等级×0.9796；每5秒法力回复×0.9062,5,359,322,0.9907,1,蓝色,,0,,,,,1835,,51586,翡翠圣徒肩铠,251,4,4,3,无,,35070,野蛮角斗士的板甲护肩,49995,4,159,70,
100229,永夜肩卫,护甲,治疗,4,4,3,肩部,240,耐力+73；智力+75,法术强度+113；急速等级+67；每5秒法力回复+28,法术强度+111；急速等级+62；每5秒法力回复+27,法术强度×0.9823；急速等级×0.9254；每5秒法力回复×0.9643,5,331,356,0.9775,1,黄色,,0,,,,,1849,,45140,锋鳞护肩,232,4,4,3,无,,30979,冲锋肩刃,45661,4,146,70,
100230,红龙军团穿云肩甲,护甲,治疗,4,4,3,肩部,240,耐力+73；智力+74,暴击等级+49；每5秒法力回复+37；法术强度+110,暴击等级+45；每5秒法力回复+35；法术强度+111,暴击等级×0.9184；每5秒法力回复×0.9459；法术强度×1.0091,5,282,343,0.9854,1,红色,,0,,,,,1850,,49829,瓦伦弗斯的锈蚀肩甲,219,4,4,3,无,,30996,光明使者护肩,45884,4,146,70,
100231,晨辉之肩铠,护甲,治疗,4,4,3,肩部,240,耐力+73；智力+75,法术强度+113；急速等级+67；每5秒法力回复+28,法术强度+120；急速等级+63；每5秒法力回复+28,法术强度×1.0619；急速等级×0.9403；每5秒法力回复×1.0000,5,331,356,1.0084,1,蓝色,,0,,,,,1849,,45140,锋鳞护肩,232,4,4,3,无,,33699,复仇角斗士的板层甲护肩,46953,4,146,70,
100232,胸铠·山岳,护甲,治疗,4,4,5,胸部,240,耐力+98；智力+98,法术强度+134；暴击等级+70；每5秒法力回复+43,法术强度+137；暴击等级+68；每5秒法力回复+40,法术强度×1.0224；暴击等级×0.9714；每5秒法力回复×0.9302,5,465,443,0.9955,2,蓝色,黄色,0,,,,,2437,,48594,莉亚德琳的凯旋护胸,245,4,4,5,无,,34395,尊贵仲裁者胸甲,48053,4,159,70,
100233,仲裁者御风胸甲,护甲,治疗,4,4,5,胸部,240,耐力+98；智力+130,法术强度+115；每5秒法力回复+37；急速等级+75,法术强度+119；每5秒法力回复+40；急速等级+80,法术强度×1.0348；每5秒法力回复×1.0811；急速等级×1.0667,5,396,455,1.0264,2,黄色,红色,0,,,,,2490,,45305,冥界胸铠,225,4,4,5,无,,35027,野蛮角斗士的板层甲护胸,50001,4,159,70,
100234,自然胸铠,护甲,治疗,4,4,5,胸部,240,耐力+98；智力+98,法术强度+134；暴击等级+70；每5秒法力回复+43,法术强度+129；暴击等级+76；每5秒法力回复+46,法术强度×0.9627；暴击等级×1.0857；每5秒法力回复×1.0698,5,465,443,1.0090,0,,,0,,,,,2437,,48575,图拉扬的凯旋护胸,245,4,4,5,无,,35066,野蛮角斗士的板甲护胸,49999,4,159,70,
100235,死亡骑士驭天胸甲,护甲,治疗,4,4,5,胸部,240,耐力+98；智力+130,法术强度+115；每5秒法力回复+37；急速等级+75,法术强度+107；每5秒法力回复+38；急速等级+76,法术强度×0.9304；每5秒法力回复×1.0270；急速等级×1.0133,5,396,455,0.9868,1,蓝色,,0,,,,,2490,,45305,冥界胸铠,225,4,4,5,无,,30904,救世胸铠,46351,4,151,70,
100236,青铜破云腰铠,护甲,治疗,4,4,6,腰部,240,耐力+73；智力+73,法术强度+104；暴击等级+56；每5秒法力回复+32,法术强度+95；暴击等级+60；每5秒法力回复+33,法术强度×0.9135；暴击等级×1.0714；每5秒法力回复×1.0312,5,356,338,0.9882,1,蓝色,,0,,,,,1371,,47323,遗忘殉难者束带,245,4,4,6,无,,34547,冲锋束腰,48361,4,154,70,
100237,灰烬之战带,护甲,治疗,4,4,6,腰部,240,耐力+73；智力+75,法术强度+113；急速等级+63；每5秒法力回复+32,法术强度+105；急速等级+59；每5秒法力回复+33,法术强度×0.9292；急速等级×0.9365；每5秒法力回复×1.0312,5,331,356,0.9691,2,黄色,红色,0,,,,,1387,,45505,执着希望腰带,232,4,4,6,无,,33811,守备官的板甲腰带,47047,4,146,70,
100238,咒纹腰铠,护甲,治疗,4,4,6,腰部,240,耐力+73；智力+73,法术强度+104；暴击等级+56；每5秒法力回复+32,法术强度+94；暴击等级+56；每5秒法力回复+33,法术强度×0.9038；暴击等级×1.0000；每5秒法力回复×1.0312,5,356,338,0.9734,1,红色,,0,,,,,1371,,47195,遗忘殉难者腰带,245,4,4,6,无,,33888,守备官的板层甲腰带,47415,4,146,70,
100239,扣带·苍穹,护甲,治疗,4,4,6,腰部,240,耐力+73；智力+72,法术强度+96；急速等级+65；每5秒法力回复+25,法术强度+93；急速等级+64；每5秒法力回复+23,法术强度×0.9688；急速等级×0.9846；每5秒法力回复×0.9200,5,367,331,0.9819,0,,,0,,,,,1376,,51555,紧致腰带,251,4,4,6,无,,30897,希望束带,48291,4,141,70,
100240,灰烬腿铠,护甲,治疗,4,4,7,腿部,240,耐力+98；智力+98,法术强度+134；暴击等级+70；每5秒法力回复+43,法术强度+137；暴击等级+76；每5秒法力回复+43,法术强度×1.0224；暴击等级×1.0857；每5秒法力回复×1.0000,5,465,443,1.0203,1,蓝色,,0,,,,,2133,,48591,莉亚德琳的凯旋胫甲,245,4,4,7,无,,35030,野蛮角斗士的板层甲护腿,50002,4,159,70,
100241,血月腿胄,护甲,治疗,4,4,7,腿部,240,耐力+99；智力+95,法术强度+141；急速等级+81；每5秒法力回复+43,法术强度+140；急速等级+83；每5秒法力回复+43,法术强度×0.9929；急速等级×1.0247；每5秒法力回复×1.0000,5,428,459,1.0022,1,黄色,,0,,,,,2122,,50229,寒冰深渊腿甲,232,4,4,7,无,,35069,野蛮角斗士的板甲护腿,49996,4,159,70,
100242,凛冬腿铠,护甲,治疗,4,4,7,腿部,240,耐力+98；智力+98,法术强度+134；暴击等级+70；每5秒法力回复+43,法术强度+124；暴击等级+77；每5秒法力回复+46,法术强度×0.9254；暴击等级×1.1000；每5秒法力回复×1.0698,5,465,443,1.0000,0,,,0,,,,,2133,,48578,图拉扬的凯旋胫甲,245,4,4,7,无,,30903,无尽怒气腿甲,46359,4,151,70,
100243,奥妮克希亚腿铠,护甲,治疗,4,4,7,腿部,240,耐力+97；智力+99,法术强度+130；急速等级+84；每5秒法力回复+44,法术强度+135；急速等级+85；每5秒法力回复+46,法术强度×1.0385；急速等级×1.0119；每5秒法力回复×1.0455,5,399,454,1.0176,1,蓝色,,0,,,,,2139,,46181,征服者的庇护胫甲,226,4,4,7,无,,30977,冲锋护腿,45660,4,146,70,
100244,辉光护足,护甲,治疗,4,4,8,脚部,240,智力+72；耐力+78,法术强度+113；暴击等级+65；每5秒法力回复+32,法术强度+109；暴击等级+65；每5秒法力回复+30,法术强度×0.9646；暴击等级×1.0000；每5秒法力回复×0.9375,5,333,360,0.9833,1,蓝色,,0,,,,,1667,,50215,复还圣匣长靴,232,4,4,8,无,,33812,守备官的板甲护胫,44735,4,146,70,
100245,仁爱护足,护甲,治疗,4,4,8,脚部,240,耐力+83；智力+69,法术强度+91；急速等级+55；每5秒法力回复+28,法术强度+99；急速等级+56；每5秒法力回复+30,法术强度×1.0879；急速等级×1.0182；每5秒法力回复×1.0714,5,287,326,1.0337,0,,,0,,,,,1681,,45561,命运之靴,226,4,4,8,无,,33890,守备官的板层甲护胫,47417,4,146,70,
100246,救赎足铠,护甲,治疗,4,4,8,脚部,240,耐力+83；智力+72,法术强度+102；暴击等级+55；每5秒法力回复+32,法术强度+107；暴击等级+53；每5秒法力回复+33,法术强度×1.0490；暴击等级×0.9636；每5秒法力回复×1.0312,5,319,344,1.0116,0,,,0,,,,,1695,,45434,岩石治愈胫甲,232,4,4,8,无,,32956,Tom's Boots 3,29863,4,145,70,
100247,冰冠堡垒之护足,护甲,治疗,4,4,8,脚部,240,耐力+83；智力+69,法术强度+91；急速等级+55；每5秒法力回复+28,法术强度+88；急速等级+53；每5秒法力回复+28,法术强度×0.9670；急速等级×0.9636；每5秒法力回复×1.0000,5,287,326,0.9847,1,蓝色,,0,,,,,1681,,45561,命运之靴,226,4,4,8,无,,32243,珍珠镶饰长靴,45332,4,141,70,
100248,苍穹王座护臂,护甲,治疗,4,4,9,腕部,240,耐力+55；智力+55,法术强度+85；暴击等级+48；每5秒法力回复+24,法术强度+90；暴击等级+51；每5秒法力回复+23,法术强度×1.0588；暴击等级×1.0625；每5秒法力回复×0.9583,5,280,267,1.0262,1,蓝色,,0,,,,,1066,,47294,碎约护腕,245,4,4,9,无,,34442,冲锋腕甲,48348,4,154,70,
100249,铸魂者穿云腕甲,护甲,治疗,4,4,9,腕部,240,耐力+55；智力+55,法术强度+77；急速等级+48；每5秒法力回复+16,法术强度+71；急速等级+46；每5秒法力回复+15,法术强度×0.9221；急速等级×0.9583；每5秒法力回复×0.9375,5,263,251,0.9641,2,黄色,红色,0,,,,,1066,,47575,烈阳熔铸护腕,245,4,4,9,无,,35170,护卫者的板层甲护腕,48662,4,154,70,
100250,纳克萨玛斯臂甲,护甲,治疗,4,4,9,腕部,240,耐力+55；智力+55,法术强度+85；暴击等级+48；每5秒法力回复+24,法术强度+85；暴击等级+44；每5秒法力回复+25,法术强度×1.0000；暴击等级×0.9167；每5秒法力回复×1.0417,5,280,267,0.9888,2,红色,蓝色,0,,,,,1066,,47093,碎约护臂,245,4,4,9,无,,35176,护卫者的板甲护腕,48664,4,154,70,
100251,缚霜者护臂,护甲,治疗,4,4,9,腕部,240,耐力+55；智力+55,法术强度+77；急速等级+48；每5秒法力回复+16,法术强度+72；急速等级+48；每5秒法力回复+16,法术强度×0.9351；急速等级×1.0000；每5秒法力回复×1.0000,5,263,251,0.9801,1,蓝色,,0,,,,,1066,,47574,烈阳熔铸护腕,245,4,4,9,无,,32959,Tom's Bracer 3,29859,4,145,70,
100252,游侠将军冲击臂铠,护甲,治疗,4,4,10,手部,240,耐力+73；智力+74,法术强度+113；暴击等级+65；每5秒法力回复+32,法术强度+110；暴击等级+65；每5秒法力回复+33,法术强度×0.9735；暴击等级×1.0000；每5秒法力回复×1.0312,5,331,357,0.9944,1,蓝色,,0,,,,,1515,,50284,锈蚀的冰封护手,232,4,4,10,无,,35067,野蛮角斗士的板甲手套,49998,4,159,70,
100253,银色北伐军臂铠,护甲,治疗,4,4,10,手部,240,耐力+73；智力+73,法术强度+104；急速等级+64；每5秒法力回复+29,法术强度+101；急速等级+58；每5秒法力回复+27,法术强度×0.9712；急速等级×0.9062；每5秒法力回复×0.9310,5,360,343,0.9679,1,黄色,,0,,,,,1523,,48593,莉亚德琳的凯旋手套,245,4,4,10,无,,34352,堡垒手套,48036,4,156,70,
100254,星陨御风臂铠,护甲,治疗,4,4,10,手部,240,耐力+73；智力+75,法术强度+113；暴击等级+56；每5秒法力回复+35,法术强度+114；暴击等级+58；每5秒法力回复+35,法术强度×1.0088；暴击等级×1.0357；每5秒法力回复×1.0000,5,326,352,1.0085,0,,,0,,,,,1540,,45268,神圣卫士手套,232,4,4,10,无,,30969,冲锋护手,45659,4,146,70,
100255,钢铁断岳臂铠,护甲,治疗,4,4,10,手部,240,耐力+73；智力+73,法术强度+104；急速等级+64；每5秒法力回复+29,法术强度+110；急速等级+61；每5秒法力回复+27,法术强度×1.0577；急速等级×0.9531；每5秒法力回复×0.9310,5,360,343,1.0029,0,,,0,,,,,1523,,48576,图拉扬的凯旋手套,245,4,4,10,无,,30982,光明使者护手,45685,4,146,70,
100256,碎星头冠,护甲,敏捷输出,4,2,1,头部,240,敏捷+116；耐力+86,攻击强度+176；暴击等级+51；急速等级+96,攻击强度+178；暴击等级+56；急速等级+101,攻击强度×1.0114；暴击等级×1.0980；急速等级×1.0521,5,488,525,1.0229,3,混沌,黄色,0,,,,,496,,50206,磨损的恶徒皮帽,232,4,2,1,无,,31027,刺杀者头盔,45434,4,146,70,蓝色
100257,追猎头盔,护甲,敏捷输出,4,2,1,头部,240,敏捷+120；耐力+81,攻击强度+184；暴击等级+65；护甲穿透等级+82,攻击强度+178；暴击等级+69；护甲穿透等级+87,攻击强度×0.9674；暴击等级×1.0615；护甲穿透等级×1.0610,5,557,532,1.0056,2,混沌,黄色,0,,,,,499,,49477,血牙兜帽,245,4,2,1,无,,31037,雷霆之心头盔,45663,4,146,70,
100258,雷霆崖之面甲,护甲,敏捷输出,4,2,1,头部,240,敏捷+131；耐力+90,暴击等级+75；命中等级+79；攻击强度+163,暴击等级+73；命中等级+72；攻击强度+162,暴击等级×0.9733；命中等级×0.9114；攻击强度×0.9939,5,439,538,0.9814,3,混沌,红色,0,,,,,505,,47529,遥远回忆面罩,219,4,2,1,无,,33672,复仇角斗士的龙皮头盔,48262,4,146,70,蓝色
100259,潮汐·兜帽,护甲,敏捷输出,4,2,1,头部,240,敏捷+117；耐力+87,攻击强度+188；急速等级+73；护甲穿透等级+80,攻击强度+187；急速等级+72；护甲穿透等级+78,攻击强度×0.9947；急速等级×0.9863；护甲穿透等级×0.9750,5,603,545,0.9927,2,混沌,蓝色,0,,,,,501,,51013,废弃的内脏口袋,251,4,2,1,无,,33691,复仇角斗士的科多皮头盔,48261,4,146,70,
100260,生命之肩卫,护甲,敏捷输出,4,2,3,肩部,240,敏捷+85；耐力+75,攻击强度+128；急速等级+66；暴击等级+50,攻击强度+134；急速等级+63；暴击等级+53,攻击强度×1.0469；急速等级×0.9545；暴击等级×1.0600,5,423,404,1.0149,1,红色,,0,,,,,460,,48049,雪山强盗护肩,245,4,2,3,无,,33703,复仇角斗士的皮甲护肩,46938,4,146,70,
100261,山岳·披肩,护甲,敏捷输出,4,2,3,肩部,240,敏捷+87；耐力+96,攻击强度+131；暴击等级+64；护甲穿透等级+57,攻击强度+121；暴击等级+64；护甲穿透等级+59,攻击强度×0.9237；暴击等级×1.0000；护甲穿透等级×1.0351,5,455,435,0.9816,0,,,0,,,,,460,,47709,踏暮者肩铠,245,4,2,3,无,,30917,刀锋怒火护肩,45752,4,141,70,
100262,照夜肩铠,护甲,敏捷输出,4,2,3,肩部,240,敏捷+99；耐力+84,攻击强度+135；暴击等级+66；命中等级+62,攻击强度+139；暴击等级+63；命中等级+67,攻击强度×1.0296；暴击等级×0.9545；命中等级×1.0806,5,413,446,1.0135,0,,,0,,,,,457,,50293,黑色背叛肩甲,232,4,2,3,无,,32377,黑暗护肩,45816,4,141,70,
100263,肩卫·时空,护甲,敏捷输出,4,2,3,肩部,240,敏捷+87；耐力+96,攻击强度+131；急速等级+64；护甲穿透等级+57,攻击强度+120；急速等级+65；护甲穿透等级+62,攻击强度×0.9160；急速等级×1.0156；护甲穿透等级×1.0877,5,455,435,0.9885,2,红色,黄色,0,,,,,460,,48208,玛法里奥的凯旋肩甲,245,4,2,3,无,,32518,旋叶护肩,45758,4,141,70,
100264,混沌裂地护甲,护甲,敏捷输出,4,2,5,胸部,240,敏捷+114；耐力+128,攻击强度+141；暴击等级+71；急速等级+86,攻击强度+133；暴击等级+75；急速等级+78,攻击强度×0.9433；暴击等级×1.0563；急速等级×0.9070,5,534,540,0.9778,1,红色,,0,,,,,611,,45473,角斗士的拥抱,239,4,2,5,无,,30905,午夜胸甲,46352,4,151,70,
100265,霸主之护胸,护甲,敏捷输出,4,2,5,胸部,240,敏捷+118；耐力+102,攻击强度+157；暴击等级+89；护甲穿透等级+64,攻击强度+146；暴击等级+81；护甲穿透等级+63,攻击强度×0.9299；暴击等级×0.9101；护甲穿透等级×0.9844,5,555,530,0.9623,0,,,0,,,,,614,,48026,流影甲冑,245,4,2,5,无,,31028,刺杀者胸甲,45425,4,146,70,
100266,驭雷者破云护甲,护甲,敏捷输出,4,2,5,胸部,240,敏捷+112；耐力+130,攻击强度+160；暴击等级+86；命中等级+78,攻击强度+159；暴击等级+79；命中等级+73,攻击强度×0.9938；暴击等级×0.9186；命中等级×0.9359,5,593,566,0.9770,2,蓝色,红色,0,,,,,614,,48242,迦罗娜的凯旋胸甲,245,4,2,5,无,,31041,雷霆之心外套,45662,4,146,70,
100267,大地之战衣,护甲,敏捷输出,4,2,5,胸部,240,敏捷+114；耐力+84,攻击强度+186；急速等级+90；护甲穿透等级+72,攻击强度+187；急速等级+98；护甲穿透等级+79,攻击强度×1.0054；急速等级×1.0889；护甲穿透等级×1.0972,5,603,546,1.0293,1,红色,,0,,,,,616,,50780,极寒绞索胸甲,251,4,2,5,无,,33675,复仇角斗士的龙皮外套,46945,4,146,70,
100268,潮汐扣带,护甲,敏捷输出,4,2,6,腰部,240,敏捷+91；耐力+96,攻击强度+128；暴击等级+50；急速等级+63,攻击强度+133；暴击等级+50；急速等级+62,攻击强度×1.0391；暴击等级×1.0000；急速等级×0.9841,5,397,428,1.0093,1,红色,,0,,,,,350,,45491,创世者的腰带,232,4,2,6,无,,32265,暗影行者腰带,45730,4,141,70,
100269,秘法腰带,护甲,敏捷输出,4,2,6,腰部,240,敏捷+75；耐力+96,攻击强度+138；暴击等级+63；护甲穿透等级+52,攻击强度+147；暴击等级+60；护甲穿透等级+50,攻击强度×1.0652；暴击等级×0.9524；护甲穿透等级×0.9615,5,529,424,1.0094,0,,,0,,,,,349,,50067,阿斯崔瑞安的缝合腰带,264,4,2,6,无,,32339,原始王权腰带,45264,4,141,70,
100270,驭雷者战带,护甲,敏捷输出,4,2,6,腰部,240,敏捷+78；耐力+73,攻击强度+151；命中等级+41；暴击等级+68,攻击强度+165；命中等级+39；暴击等级+65,攻击强度×1.0927；命中等级×0.9512；暴击等级×0.9559,5,456,411,1.0219,1,蓝色,,0,,,,,347,,50778,窃魂者的织带,251,4,2,6,无,,34929,寂静路途腰带,48483,4,141,70,
100271,镇压战带,护甲,敏捷输出,4,2,6,腰部,240,敏捷+86；耐力+96,攻击强度+110；急速等级+52；护甲穿透等级+65,攻击强度+108；急速等级+57；护甲穿透等级+59,攻击强度×0.9818；急速等级×1.0962；护甲穿透等级×0.9077,5,513,409,0.9927,2,红色,黄色,0,,,,,349,,50995,复仇腰索,264,4,2,6,无,,30106,百亡腰带,42636,4,138,70,
100272,诅咒之地之战裙,护甲,敏捷输出,4,2,7,腿部,240,敏捷+134；耐力+99,攻击强度+193；暴击等级+86；急速等级+86,攻击强度+177；暴击等级+87；急速等级+94,攻击强度×0.9171；暴击等级×1.0116；急速等级×1.0930,5,555,598,0.9883,2,红色,黄色,0,,,,,534,,50269,缝合场护腿,232,4,2,7,无,,33702,复仇角斗士的皮甲护腿,46937,4,146,70,
100273,追猎战裙,护甲,敏捷输出,4,2,7,腿部,240,敏捷+114；耐力+128,攻击强度+153；暴击等级+79；护甲穿透等级+67,攻击强度+165；暴击等级+86；护甲穿透等级+66,攻击强度×1.0784；暴击等级×1.0886；护甲穿透等级×0.9851,5,535,541,1.0333,1,黄色,,0,,,,,535,,45536,狡诈欺瞒护腿,239,4,2,7,无,,30898,秘密商人长裤,45227,4,141,70,
100274,裂地战裙,护甲,敏捷输出,4,2,7,腿部,240,敏捷+112；耐力+130,攻击强度+144；暴击等级+86；命中等级+70,攻击强度+146；暴击等级+93；命中等级+76,攻击强度×1.0139；暴击等级×1.0814；命中等级×1.0857,5,569,542,1.0277,1,蓝色,,0,,,,,537,,48210,玛法里奥的凯旋腿甲,245,4,2,7,无,,32271,不朽自然褶裙,45724,4,141,70,
100275,迅影护腿,护甲,敏捷输出,4,2,7,腿部,240,敏捷+112；耐力+130,攻击强度+160；命中等级+70；护甲穿透等级+79,攻击强度+165；命中等级+64；护甲穿透等级+84,攻击强度×1.0312；命中等级×0.9143；护甲穿透等级×1.0633,5,577,551,1.0073,1,红色,,0,,,,,537,,48239,迦罗娜的凯旋腿甲,245,4,2,7,无,,34901,巡林者护腿,48449,4,141,70,
100276,希利苏斯护足,护甲,敏捷输出,4,2,8,脚部,240,敏捷+100；耐力+83,攻击强度+124；暴击等级+71；急速等级+63,攻击强度+128；暴击等级+67；急速等级+64,攻击强度×1.0323；暴击等级×0.9437；急速等级×1.0159,5,410,441,1.0023,1,红色,,0,,,,,427,,45162,踏火之靴,232,4,2,8,无,,30891,黑羽之靴,45800,4,141,70,
100277,余烬之足甲,护甲,敏捷输出,4,2,8,脚部,240,敏捷+79；耐力+76；智力+49,攻击强度+121；暴击等级+63；护甲穿透等级+42,攻击强度+115；暴击等级+60；护甲穿透等级+45,攻击强度×0.9504；暴击等级×0.9524；护甲穿透等级×1.0714,6,655,430,0.9860,2,黄色,蓝色,0,,,,,955,,54577,回归之足音,284,4,2,8,无,,32352,自然护卫者之靴,45326,4,141,70,
100278,黑暗神殿之战靴,护甲,敏捷输出,4,2,8,脚部,240,敏捷+84；耐力+73,攻击强度+125；暴击等级+64；命中等级+55,攻击强度+124；暴击等级+65；命中等级+51,攻击强度×0.9920；暴击等级×1.0156；命中等级×0.9273,5,351,401,0.9900,0,,,0,,,,,423,,45564,沉寂足垫,226,4,2,8,无,,32366,暗影主宰之靴,45729,4,141,70,
100279,寒冰皇冠之踏靴,护甲,敏捷输出,4,2,8,脚部,240,敏捷+87；耐力+96,攻击强度+131；命中等级+64；护甲穿透等级+57,攻击强度+130；命中等级+63；护甲穿透等级+56,攻击强度×0.9924；命中等级×0.9844；护甲穿透等级×0.9825,5,455,435,0.9931,1,红色,,0,,,,,422,,47284,踏冰者皮靴,245,4,2,8,无,,32593,兽穴领袖之靴,45352,4,141,70,
100280,洪荒·护臂,护甲,敏捷输出,4,2,9,腕部,240,敏捷+75；耐力+72,攻击强度+94；急速等级+50；暴击等级+44,攻击强度+98；急速等级+49；暴击等级+40,攻击强度×1.0426；急速等级×0.9800；暴击等级×0.9091,5,311,335,0.9970,0,,,0,,,,,272,,45108,机械师的护腕,232,4,2,9,无,,32351,艾露恩神力护腕,45288,4,141,70,
100281,青铜·护臂,护甲,敏捷输出,4,2,9,腕部,240,敏捷+65；耐力+72,攻击强度+90；暴击等级+41；护甲穿透等级+49,攻击强度+96；暴击等级+43；护甲穿透等级+52,攻击强度×1.0667；暴击等级×1.0488；护甲穿透等级×1.0612,5,397,317,1.0347,1,黄色,,0,,,,,271,,50333,托斯克的巨型腕甲,264,4,2,9,无,,32580,迅捷打击护腕,45775,4,141,70,
100282,唤星者照夜臂甲,护甲,敏捷输出,4,2,9,腕部,240,敏捷+71；耐力+73,攻击强度+98；命中等级+48；暴击等级+48,攻击强度+107；命中等级+44；暴击等级+48,攻击强度×1.0918；命中等级×0.9167；暴击等级×1.0000,5,353,338,1.0148,2,蓝色,红色,0,,,,,268,,47313,黑暗决心臂甲,245,4,2,9,无,,32582,新生护腕,45401,4,141,70,
100283,裂地臂甲,护甲,敏捷输出,4,2,9,腕部,240,敏捷+64；耐力+73,攻击强度+98；急速等级+48；护甲穿透等级+40,攻击强度+104；急速等级+45；护甲穿透等级+43,攻击强度×1.0612；急速等级×0.9375；护甲穿透等级×1.0750,5,337,323,1.0186,0,,,0,,,,,268,,47582,迅杀护腕,245,4,2,9,无,,33881,守备官的龙皮护腕,47411,4,141,70,
100284,奥术·拳甲,护甲,敏捷输出,4,2,10,手部,240,敏捷+92；耐力+96,攻击强度+117；暴击等级+64；急速等级+57,攻击强度+114；暴击等级+62；急速等级+59,攻击强度×0.9744；暴击等级×0.9688；急速等级×1.0351,5,474,426,0.9930,1,红色,,0,,,,,386,,50088,影刃护手,251,4,2,10,无,,33671,复仇角斗士的龙皮手套,46941,4,146,70,
100285,驭龙者缚龙手甲,护甲,敏捷输出,4,2,10,手部,240,敏捷+91；耐力+54,攻击强度+140；暴击等级+58；护甲穿透等级+59,攻击强度+145；暴击等级+63；护甲穿透等级+55,攻击强度×1.0357；暴击等级×1.0862；护甲穿透等级×0.9322,5,421,402,1.0149,0,,,0,,,,,383,,48017,夺日者杀手护腕,245,4,2,10,无,,33700,复仇角斗士的皮甲手套,46940,4,146,70,
100286,破晓护手,护甲,敏捷输出,4,2,10,手部,240,敏捷+94；耐力+96,攻击强度+115；暴击等级+64；命中等级+56,攻击强度+105；暴击等级+68；命中等级+51,攻击强度×0.9130；暴击等级×1.0625；命中等级×0.9107,5,447,425,0.9741,1,蓝色,,0,,,,,383,,48241,迦罗娜的凯旋护手,245,4,2,10,无,,32328,植物学者的生长手套,45707,4,141,70,
100287,御风手甲,护甲,敏捷输出,4,2,10,手部,240,敏捷+92；耐力+96,攻击强度+117；护甲穿透等级+65；急速等级+57,攻击强度+122；护甲穿透等级+71；急速等级+52,攻击强度×1.0427；护甲穿透等级×1.0923；急速等级×0.9123,5,474,427,1.0141,0,,,0,,,,,386,,50827,树纹裹手,251,4,2,10,无,,32347,诅咒之握,45718,4,141,70,
100288,暴风城之头冠,护甲,敏捷输出,4,3,1,头部,240,敏捷+120；智力+58；耐力+67,攻击强度+189；暴击等级+66；急速等级+60,攻击强度+206；暴击等级+66；急速等级+55,攻击强度×1.0899；暴击等级×1.0000；急速等级×0.9167,6,586,560,1.0214,3,混沌,蓝色,0,,,,,1108,,49469,无尽风暴头冠,245,4,3,1,无,,31003,戈隆追猎者头盔,45680,4,146,70,蓝色
100289,远征军兜帽,护甲,敏捷输出,4,3,1,头部,240,敏捷+117；智力+63；耐力+66,暴击等级+82；护甲穿透等级+67；攻击强度+125,暴击等级+78；护甲穿透等级+68；攻击强度+124,暴击等级×0.9512；护甲穿透等级×1.0149；攻击强度×0.9920,6,545,520,0.9923,2,混沌,黄色,0,,,,,1108,,49480,巨龙追猎者头盔,245,4,3,1,无,,31012,破天头盔,45669,4,146,70,
100290,兜帽·暮光,护甲,敏捷输出,4,3,1,头部,240,敏捷+71；耐力+101；智力+69,攻击强度+225；暴击等级+70；命中等级+67,攻击强度+226；暴击等级+74；命中等级+61,攻击强度×1.0044；暴击等级×1.0571；命中等级×0.9104,6,597,603,0.9983,3,混沌,黄色,0,,,,,1103,,45610,无限的注视,239,4,3,1,无,,33666,复仇角斗士的链甲头盔,47951,4,146,70,蓝色
100291,镇魂使面甲,护甲,敏捷输出,4,3,1,头部,240,敏捷+112；耐力+102；智力+67,攻击强度+144；护甲穿透等级+86；急速等级+53,攻击强度+150；护甲穿透等级+87；急速等级+58,攻击强度×1.0417；护甲穿透等级×1.0116；急速等级×1.0943,6,592,564,1.0213,2,混沌,红色,0,,,,,1108,,47685,雏龙头盔,245,4,3,1,无,,33708,复仇角斗士的鳞甲头盔,46894,4,146,70,
100292,风暴峭壁之披肩,护甲,敏捷输出,4,3,3,肩部,240,敏捷+94；耐力+85；智力+37,攻击强度+124；暴击等级+50；急速等级+39,攻击强度+114；暴击等级+54；急速等级+36,攻击强度×0.9194；暴击等级×1.0800；急速等级×0.9231,6,451,429,0.9790,0,,,0,,,,,1023,,48046,暗影猎手护肩,245,4,3,3,无,,42668,复仇斗士环甲肩甲,41149,4,146,70,
100293,血色修道院梦境肩甲,护甲,敏捷输出,4,3,3,肩部,240,敏捷+66；耐力+72；智力+75,护甲穿透等级+46；暴击等级+64；攻击强度+123,护甲穿透等级+43；暴击等级+65；攻击强度+114,护甲穿透等级×0.9348；暴击等级×1.0156；攻击强度×0.9268,6,441,446,0.9753,1,黄色,,0,,,,,1044,,45300,炽热复仇衬肩,239,4,3,3,无,,30892,驯兽者护肩,45735,4,141,70,
100294,掠影肩铠,护甲,敏捷输出,4,3,3,肩部,240,敏捷+55；耐力+76；智力+50,攻击强度+180；暴击等级+64；命中等级+50,攻击强度+188；暴击等级+67；命中等级+49,攻击强度×1.0444；暴击等级×1.0469；命中等级×0.9800,6,498,475,1.0211,1,蓝色,,0,,,,,1023,,48361,萨尔的凯旋肩甲,245,4,3,3,无,,32264,隐藏猎手护肩,45731,4,141,70,
100295,艾萨拉生命肩铠,护甲,敏捷输出,4,3,3,肩部,240,敏捷+92；耐力+76；智力+44,攻击强度+104；护甲穿透等级+57；急速等级+40,攻击强度+113；护甲穿透等级+56；急速等级+37,攻击强度×1.0865；护甲穿透等级×0.9825；急速等级×0.9250,6,458,413,1.0121,1,红色,,0,,,,,1027,,50792,失落希望护肩,251,4,3,3,无,,32517,波浪治愈护肩,45757,4,141,70,
100296,织法者之护胸,护甲,敏捷输出,4,3,5,胸部,240,敏捷+69；耐力+102；智力+67,攻击强度+262；暴击等级+78；急速等级+60,攻击强度+250；暴击等级+73；急速等级+64,攻击强度×0.9542；暴击等级×0.9359；急速等级×1.0667,6,668,638,0.9796,1,红色,,0,,,,,1364,,48365,萨尔的凯旋胸甲,245,4,3,5,无,,31004,戈隆追猎者护胸,45678,4,146,70,
100297,星芒之护胸,护甲,敏捷输出,4,3,5,胸部,240,敏捷+124；耐力+102；智力+68,攻击强度+148；暴击等级+79；护甲穿透等级+62,攻击强度+141；暴击等级+85；护甲穿透等级+57,攻击强度×0.9527；暴击等级×1.0759；护甲穿透等级×0.9194,6,648,583,0.9897,1,黄色,,0,,,,,1369,,50118,安卡哈猎血外套,251,4,3,5,无,,31016,破天护胸,45668,4,146,70,
100298,安戈洛冰封战衣,护甲,敏捷输出,4,3,5,胸部,240,敏捷+69；耐力+102；智力+67,攻击强度+262；暴击等级+78；命中等级+60,攻击强度+260；暴击等级+80；命中等级+55,攻击强度×0.9924；暴击等级×1.0256；命中等级×0.9167,6,668,638,0.9922,1,蓝色,,0,,,,,1364,,48274,风行者的凯旋外套,245,4,3,5,无,,33664,复仇角斗士的链甲护胸,46880,4,146,70,
100299,矮人锻造师之护胸,护甲,敏捷输出,4,3,5,胸部,240,敏捷+112；耐力+102；智力+67,攻击强度+144；护甲穿透等级+79；急速等级+60,攻击强度+154；护甲穿透等级+81；急速等级+63,攻击强度×1.0694；护甲穿透等级×1.0253；急速等级×1.0500,6,592,564,1.0266,0,,,0,,,,,1364,,47596,十字军的龙鳞胸甲,245,4,3,5,无,,33706,复仇角斗士的鳞甲护胸,46891,4,146,70,
100300,余烬扣带,护甲,敏捷输出,4,3,6,腰部,240,敏捷+58；耐力+75；智力+51,攻击强度+151；暴击等级+56；急速等级+49,攻击强度+138；暴击等级+60；急速等级+53,攻击强度×0.9139；暴击等级×1.0714；急速等级×1.0816,6,389,440,0.9886,1,红色,,0,,,,,770,,45553,巨龙腰带,226,4,3,6,无,,32276,闪火腰带,45763,4,141,70,
100301,蓝龙军团擎天扣带,护甲,敏捷输出,4,3,6,腰部,240,敏捷+67；耐力+77；智力+49,攻击强度+190；暴击等级+51；护甲穿透等级+63,攻击强度+189；暴击等级+55；护甲穿透等级+64,攻击强度×0.9947；暴击等级×1.0784；护甲穿透等级×1.0159,6,462,497,1.0080,1,黄色,,0,,,,,776,,45467,背弃腰带,232,4,3,6,无,,32346,骨纹束带,45277,4,141,70,
100302,虚空风暴之腰甲,护甲,敏捷输出,4,3,6,腰部,240,敏捷+78；耐力+76；智力+50,攻击强度+132；命中等级+36；暴击等级+64,攻击强度+127；命中等级+34；暴击等级+58,攻击强度×0.9621；命中等级×0.9444；暴击等级×0.9062,6,484,436,0.9702,2,蓝色,红色,0,,,,,770,,50762,天谴椎骨链带,251,4,3,6,无,,34932,抚慰轻风腰带,48490,4,141,70,
100303,守望者镇世腰甲,护甲,敏捷输出,4,3,6,腰部,240,敏捷+78；耐力+76；智力+44,攻击强度+132；急速等级+40；护甲穿透等级+65,攻击强度+123；急速等级+43；护甲穿透等级+64,攻击强度×0.9318；急速等级×1.0750；护甲穿透等级×0.9846,6,481,435,0.9839,1,红色,,0,,,,,770,,51325,饮血者束带,251,4,3,6,无,,32797,老兵的链甲束带,46052,4,136,70,
100304,利爪护腿,护甲,敏捷输出,4,3,7,腿部,240,敏捷+124；耐力+102；智力+68,攻击强度+148；暴击等级+79；急速等级+62,攻击强度+143；暴击等级+78；急速等级+59,攻击强度×0.9662；暴击等级×0.9873；急速等级×0.9516,6,648,583,0.9846,2,红色,黄色,0,,,,,1198,,50116,安卡哈猎血腿甲,251,4,3,7,无,,33709,复仇角斗士的鳞甲护腿,46895,4,146,70,
100305,暮星·腿甲,护甲,敏捷输出,4,3,7,腿部,240,敏捷+112；耐力+68；智力+102,攻击强度+144；暴击等级+86；护甲穿透等级+68,攻击强度+145；暴击等级+91；护甲穿透等级+68,攻击强度×1.0069；暴击等级×1.0581；护甲穿透等级×1.0000,6,608,580,1.0103,1,黄色,,0,,,,,1194,,48271,风行者的凯旋腿甲,245,4,3,7,无,,42667,复仇斗士环甲护腿,41148,4,146,70,
100306,血月战裙,护甲,敏捷输出,4,3,7,腿部,240,敏捷+112；耐力+68；智力+102,攻击强度+144；暴击等级+86；命中等级+68,攻击强度+145；暴击等级+91；命中等级+69,攻击强度×1.0069；暴击等级×1.0581；命中等级×1.0147,6,608,580,1.0121,0,,,0,,,,,1194,,48362,萨尔的凯旋战争褶裙,245,4,3,7,无,,30893,阳炎锁链护腿,45229,4,141,70,
100307,暮光腿铠,护甲,敏捷输出,4,3,7,腿部,240,敏捷+112；耐力+68；智力+102,攻击强度+144；暴击等级+86；护甲穿透等级+68,攻击强度+131；暴击等级+93；护甲穿透等级+65,攻击强度×0.9097；暴击等级×1.0814；护甲穿透等级×0.9559,6,608,580,0.9845,1,红色,,0,,,,,1194,,48258,风行者的凯旋腿甲,245,4,3,7,无,,30900,弯弓护腿,47778,4,141,70,
100308,护足·凛冬,护甲,敏捷输出,4,3,8,脚部,240,敏捷+94；耐力+76；智力+47,攻击强度+131；急速等级+37；暴击等级+50,攻击强度+121；急速等级+38；暴击等级+53,攻击强度×0.9237；急速等级×1.0270；暴击等级×1.0600,6,457,435,0.9862,1,红色,,0,,,,,937,,48006,战歌偷猎者胫甲,245,4,3,8,无,,32242,海洋之怒长靴,45278,4,141,70,
100309,金曦焚烧足甲,护甲,敏捷输出,4,3,8,脚部,240,敏捷+99；耐力+73；智力+44,攻击强度+143；护甲穿透等级+50；暴击等级+54,攻击强度+145；护甲穿透等级+51；暴击等级+53,攻击强度×1.0140；护甲穿透等级×1.0200；暴击等级×0.9815,6,431,463,1.0043,1,黄色,,0,,,,,932,,50295,尖刺猎靴,232,4,3,8,无,,32510,追踪软靴,45733,4,141,70,
100310,足甲·荣光,护甲,敏捷输出,4,3,8,脚部,240,敏捷+70；耐力+56；智力+49,攻击强度+115；暴击等级+42；命中等级+42,攻击强度+106；暴击等级+40；命中等级+43,攻击强度×0.9217；暴击等级×0.9524；命中等级×1.0238,6,371,374,0.9733,1,蓝色,,0,,,,,934,,45244,迅捷复仇胫甲,239,4,3,8,无,,30104,毒蛇长靴,45845,4,138,70,
100311,踏靴·奥术,护甲,敏捷输出,4,3,8,脚部,240,敏捷+100；耐力+75；智力+52,攻击强度+128；护甲穿透等级+64；急速等级+48,攻击强度+120；护甲穿透等级+70；急速等级+45,攻击强度×0.9375；护甲穿透等级×1.0938；急速等级×0.9375,6,434,467,0.9893,0,,,0,,,,,948,,45249,铜丝战靴,232,4,3,8,无,,32785,老兵的链甲战靴,46053,4,136,70,
100312,护腕·龙骨,护甲,敏捷输出,4,3,9,腕部,240,敏捷+79；耐力+55；智力+35,急速等级+37；暴击等级+40；攻击强度+103,急速等级+39；暴击等级+37；攻击强度+95,急速等级×1.0541；暴击等级×0.9250；攻击强度×0.9223,6,286,349,0.9742,1,红色,,0,,,,,604,,49820,古德利亚的幽灵护腕,219,4,3,9,无,,32259,风暴降临护腕,45762,4,141,70,
100313,索拉查臂甲,护甲,敏捷输出,4,3,9,腕部,240,敏捷+71；耐力+38；智力+38,攻击强度+98；暴击等级+48；护甲穿透等级+38,攻击强度+100；暴击等级+45；护甲穿透等级+35,攻击强度×1.0204；暴击等级×0.9375；护甲穿透等级×0.9211,6,347,331,0.9879,0,,,0,,,,,596,,47281,无声屠戮护腕,245,4,3,9,无,,32574,闪电反射护腕,45399,4,141,70,
100314,星环护腕,护甲,敏捷输出,4,3,9,腕部,240,敏捷+64；耐力+38；智力+38,攻击强度+98；暴击等级+48；命中等级+30,攻击强度+101；暴击等级+45；命中等级+29,攻击强度×1.0306；暴击等级×0.9375；命中等级×0.9667,6,331,316,0.9968,2,蓝色,红色,0,,,,,596,,47577,十字军的龙鳞护腕,245,4,3,9,无,,32577,生命之地护腕,45403,4,141,70,
100315,时空臂甲,护甲,敏捷输出,4,3,9,腕部,240,敏捷+65；耐力+38；智力+38,攻击强度+86；命中等级+48；急速等级+35,攻击强度+81；命中等级+47；急速等级+33,攻击强度×0.9419；命中等级×0.9792；急速等级×0.9429,6,325,310,0.9742,0,,,0,,,,,596,,47989,北地追猎者护腕,245,4,3,9,无,,33876,守备官的链甲护腕,47405,4,141,70,
100316,燃烬者降世手套,护甲,敏捷输出,4,3,10,手部,240,敏捷+87；耐力+76；智力+50,攻击强度+131；暴击等级+56；急速等级+51,攻击强度+134；暴击等级+58；急速等级+51,攻击强度×1.0229；暴击等级×1.0357；急速等级×1.0000,6,473,451,1.0111,0,,,0,,,,,853,,48273,风行者的凯旋手甲,245,4,3,10,无,,31007,破天手套,45670,4,146,70,
100317,护手·天轨,护甲,敏捷输出,4,3,10,手部,240,敏捷+105；耐力+56；智力+46,暴击等级+48；攻击强度+130；护甲穿透等级+55,暴击等级+45；攻击强度+139；护甲穿透等级+55,暴击等级×0.9375；攻击强度×1.0692；护甲穿透等级×1.0000,6,360,440,1.0136,1,黄色,,0,,,,,863,,47561,黑暗流亡手套,219,4,3,10,无,,33665,复仇角斗士的链甲护手,46883,4,146,70,
100318,银色北伐军之手套,护甲,敏捷输出,4,3,10,手部,240,敏捷+80；耐力+76；智力+49,攻击强度+107；暴击等级+56；命中等级+51,攻击强度+107；暴击等级+60；命中等级+52,攻击强度×1.0000；暴击等级×1.0714；命中等级×1.0196,6,414,419,1.0119,1,蓝色,,0,,,,,848,,45444,稳固手套,239,4,3,10,无,,33707,复仇角斗士的鳞甲护手,46892,4,146,70,
100319,生长拳甲,护甲,敏捷输出,4,3,10,手部,240,敏捷+99；耐力+77；智力+51,攻击强度+128；护甲穿透等级+51；急速等级+63,攻击强度+133；护甲穿透等级+48；急速等级+65,攻击强度×1.0391；护甲穿透等级×0.9412；急速等级×1.0317,6,435,469,1.0085,0,,,0,,,,,862,,45109,烈焰巨兽手套,232,4,3,10,无,,42665,复仇斗士环甲护手,41145,4,146,70,
100320,天轨之头冠,护甲,力量输出,4,4,1,头部,240,力量+123；耐力+146,暴击等级+87；命中等级+62,暴击等级+85；命中等级+68,暴击等级×0.9770；命中等级×1.0968,4,414,418,1.0096,2,混沌,蓝色,0,,,,,1972,,45472,勇士的战盔,239,4,4,1,无,,35185,审判者护目镜3000型,43889,4,159,70,
100321,红龙之面甲,护甲,力量输出,4,4,1,头部,240,力量+126；耐力+125,暴击等级+85；急速等级+73,暴击等级+93；急速等级+67,暴击等级×1.0941；急速等级×0.9178,4,429,409,1.0049,3,混沌,黄色,0,,,,,1980,,49474,审判兜帽,245,4,4,1,无,,32521,铁壁面甲,46205,4,151,70,蓝色
100322,战神面罩,护甲,力量输出,4,4,1,头部,240,耐力+134；力量+134,暴击等级+74；护甲穿透等级+67,暴击等级+78；护甲穿透等级+71,暴击等级×1.0541；护甲穿透等级×1.0597,4,429,409,1.0196,3,混沌,蓝色,0,,,,,1980,,49478,愤怒战盔,245,4,4,1,无,,30972,冲锋战盔,49684,4,146,70,黄色
100323,达拉然生长面罩,护甲,力量输出,4,4,1,头部,240,力量+124；耐力+148,暴击等级+78；精准等级+71,暴击等级+81；精准等级+72,暴击等级×1.0385；精准等级×1.0141,4,442,421,1.0095,3,混沌,蓝色,0,,,,,1980,,48498,库尔迪拉的凯旋头盔,245,4,4,1,无,,30987,光明使者面甲,45684,4,146,70,黄色
100324,龙骨荒野恒金肩铠,护甲,力量输出,4,4,3,肩部,240,力量+102；耐力+110,暴击等级+64；命中等级+56,暴击等级+59；命中等级+59,暴击等级×0.9219；命中等级×1.0536,4,348,332,0.9940,2,红色,黄色,0,,,,,1827,,48622,莉亚德琳的凯旋肩铠,245,4,4,3,无,,33732,复仇角斗士的板甲护肩,46865,4,146,70,
100325,寒冰皇冠精金肩甲,护甲,力量输出,4,4,3,肩部,240,力量+111；耐力+110,暴击等级+58；急速等级+67,暴击等级+60；急速等级+64,暴击等级×1.0345；急速等级×0.9552,4,321,346,0.9971,1,黄色,,0,,,,,1819,,50208,吞噬者护肩,232,4,4,3,无,,30866,染血肩铠,45759,4,141,70,
100326,恒金肩卫,护甲,力量输出,4,4,3,肩部,240,力量+102；耐力+110,暴击等级+64；护甲穿透等级+57,暴击等级+68；护甲穿透等级+60,暴击等级×1.0625；护甲穿透等级×1.0526,4,348,333,1.0210,2,蓝色,红色,0,,,,,1827,,48395,地狱咆哮的凯旋肩甲,245,4,4,3,无,,30878,闪光的钢铁护肩,45212,4,141,70,
100327,风暴峭壁肩胄,护甲,力量输出,4,4,3,肩部,240,力量+102；耐力+110,暴击等级+64；命中等级+56,暴击等级+58；命中等级+59,暴击等级×0.9062；命中等级×1.0536,4,348,332,0.9910,2,红色,黄色,0,,,,,1827,,48611,图拉扬的凯旋肩铠,245,4,4,3,无,,32250,深渊愤怒肩铠,45760,4,141,70,
100328,安其拉之胸铠,护甲,力量输出,4,4,5,胸部,240,力量+130；耐力+147,命中等级+91；暴击等级+56,命中等级+95；暴击等级+51,命中等级×1.0440；暴击等级×0.9107,4,370,424,0.9976,1,红色,,0,,,,,2445,,46228,征服者神御战甲,226,4,4,5,无,,28485,列王壁垒,39659,4,146,70,
100329,哀嚎洞穴之战衣,护甲,力量输出,4,4,5,胸部,240,力量+132；耐力+148,暴击等级+78；急速等级+79,暴击等级+80；急速等级+73,暴击等级×1.0256；急速等级×0.9241,4,458,437,0.9908,1,黄色,,0,,,,,2437,,48500,库尔迪拉的凯旋胸铠,245,4,4,5,无,,30975,冲锋胸甲,45658,4,146,70,
100330,屠龙者胸甲,护甲,力量输出,4,4,5,胸部,240,力量+132；耐力+148,暴击等级+78；护甲穿透等级+79,暴击等级+74；护甲穿透等级+86,暴击等级×0.9487；护甲穿透等级×1.0886,4,458,437,1.0069,1,蓝色,,0,,,,,2437,,48626,莉亚德琳的凯旋战甲,245,4,4,5,无,,30990,光明使者胸铠,46350,4,146,70,
100331,残月之胸铠,护甲,力量输出,4,4,5,胸部,240,力量+139；耐力+148,暴击等级+94；精准等级+66,暴击等级+86；精准等级+63,暴击等级×0.9149；精准等级×0.9545,4,413,447,0.9754,1,红色,,0,,,,,2466,,45225,断钢者的拥抱,232,4,4,5,无,,30991,光明使者护胸,45683,4,146,70,
100332,天穹之腰甲,护甲,力量输出,4,4,6,腰部,240,力量+94；耐力+109,暴击等级+65；命中等级+47,暴击等级+71；命中等级+46,暴击等级×1.0923；命中等级×0.9787,4,312,315,1.0159,1,红色,,0,,,,,1365,,45241,巨像怒火腰带,239,4,4,6,无,,30915,沸腾怒火腰带,45243,4,141,70,
100333,永夜·扣带,护甲,力量输出,4,4,6,腰部,240,力量+112；耐力+110,暴击等级+58；急速等级+67,暴击等级+63；急速等级+65,暴击等级×1.0862；急速等级×0.9701,4,283,347,1.0086,2,黄色,蓝色,0,,,,,1388,,49808,曲金腰带,219,4,4,6,无,,32333,稳固腰带,45299,4,141,70,
100334,玄冰断岳扣带,护甲,力量输出,4,4,6,腰部,240,力量+113；耐力+110,暴击等级+68；护甲穿透等级+56,暴击等级+71；护甲穿透等级+52,暴击等级×1.0441；护甲穿透等级×0.9286,4,321,347,0.9971,1,蓝色,,0,,,,,1387,,45161,余烬束带,232,4,4,6,无,,32342,坚定意志束带,45298,4,141,70,
100335,斯坦索姆霜痕腰甲,护甲,力量输出,4,4,6,腰部,240,力量+102；耐力+110,暴击等级+56；精准等级+64,暴击等级+59；精准等级+60,暴击等级×1.0536；精准等级×0.9375,4,348,332,0.9970,1,红色,,0,,,,,1371,,47268,血洗束带,245,4,4,6,无,,32512,洛丹伦亡者腰带,44866,4,141,70,
100336,霸主护腿,护甲,力量输出,4,4,7,腿部,240,力量+130；耐力+147,命中等级+67；暴击等级+85,命中等级+63；暴击等级+88,命中等级×0.9403；暴击等级×1.0353,4,374,429,0.9977,0,,,0,,,,,2139,,46222,征服者神御腿铠,226,4,4,7,无,,30993,光明使者腿铠,45686,4,146,70,
100337,卡拉赞梦境护腿,护甲,力量输出,4,4,7,腿部,240,力量+123；耐力+146,暴击等级+86；急速等级+63,暴击等级+88；急速等级+57,暴击等级×1.0233；急速等级×0.9048,4,414,418,0.9904,1,黄色,,0,,,,,2123,,45134,毁灭之板甲护腿,239,4,4,7,无,,33698,复仇角斗士的板层甲护腿,46951,4,146,70,
100338,地狱火半岛腿甲,护甲,力量输出,4,4,7,腿部,240,力量+132；耐力+148,暴击等级+78；护甲穿透等级+79,暴击等级+81；护甲穿透等级+85,暴击等级×1.0385；护甲穿透等级×1.0759,4,458,437,1.0206,1,蓝色,,0,,,,,2133,,48497,库尔迪拉的凯旋腿铠,245,4,4,7,无,,33731,复仇角斗士的板甲护腿,46866,4,146,70,
100339,星海·腿铠,护甲,力量输出,4,4,7,腿部,240,力量+132；耐力+148,暴击等级+78；精准等级+78,暴击等级+81；精准等级+71,暴击等级×1.0385；精准等级×0.9103,4,458,436,0.9908,1,红色,,0,,,,,2133,,48623,莉亚德琳的凯旋腿铠,245,4,4,7,无,,32419,Tom's Legs 3,40487,4,145,70,
100340,虚空轰雷护足,护甲,力量输出,4,4,8,脚部,240,力量+113；耐力+110,暴击等级+68；命中等级+56,暴击等级+68；命中等级+61,暴击等级×1.0000；命中等级×1.0893,4,321,347,1.0144,2,红色,黄色,0,,,,,1695,,45501,地底族群之靴,232,4,4,8,无,,32245,踏潮者胫甲,45349,4,141,70,
100341,战靴·奥术,护甲,力量输出,4,4,8,脚部,240,力量+94；耐力+109,暴击等级+65；急速等级+47,暴击等级+69；急速等级+51,暴击等级×1.0615；急速等级×1.0851,4,312,315,1.0254,0,,,0,,,,,1668,,45599,寂夜战靴,239,4,4,8,无,,32268,侍从战靴,45324,4,141,70,
100342,太阳之井之足铠,护甲,力量输出,4,4,8,脚部,240,力量+111；耐力+110,暴击等级+69；护甲穿透等级+56,暴击等级+74；护甲穿透等级+53,暴击等级×1.0725；护甲穿透等级×0.9464,4,320,346,1.0058,1,蓝色,,0,,,,,1667,,50305,狞笑之颅长靴,232,4,4,8,无,,32345,军团恐怖战靴,45287,4,141,70,
100343,灰熊丘陵之踏靴,护甲,力量输出,4,4,8,脚部,240,力量+102；耐力+110,暴击等级+64；精准等级+56,暴击等级+66；精准等级+55,暴击等级×1.0312；精准等级×0.9821,4,348,332,1.0030,1,红色,,0,,,,,1676,,47312,邪铁堡垒胫甲,245,4,4,8,无,,34947,正义卫士胫甲,48472,4,141,70,
100344,腕甲·圣光,护甲,力量输出,4,4,9,腕部,240,力量+82；耐力+82,暴击等级+49；命中等级+49,暴击等级+53；命中等级+45,暴击等级×1.0816；命中等级×0.9184,4,242,262,1.0000,2,红色,黄色,0,,,,,1060,,50230,轻盈追踪臂铠,232,4,4,9,无,,30861,狂暴镣铐,45748,4,141,70,
100345,奥妮克希亚之腕甲,护甲,力量输出,4,4,9,腕部,240,力量+75；耐力+82,暴击等级+48；急速等级+40,暴击等级+44；急速等级+39,暴击等级×0.9167；急速等级×0.9750,4,243,245,0.9796,1,黄色,,0,,,,,1062,,45663,疯乱臂甲,239,4,4,9,无,,30862,神圣精金护腕,45741,4,141,70,
100346,索拉查腕甲,护甲,力量输出,4,4,9,腕部,240,力量+74；耐力+82,暴击等级+34；护甲穿透等级+52,暴击等级+31；护甲穿透等级+53,暴击等级×0.9118；护甲穿透等级×1.0192,4,254,242,0.9917,1,蓝色,,0,,,,,1066,,48008,虚空领主腕甲,245,4,4,9,无,,32232,恒金外壳护腕,45289,4,141,70,
100347,影月谷梦境腕铠,护甲,力量输出,4,4,9,腕部,240,力量+82；耐力+82,暴击等级+48；精准等级+48,暴击等级+50；精准等级+46,暴击等级×1.0417；精准等级×0.9583,4,272,260,1.0000,2,红色,黄色,0,,,,,1066,,47253,碎骨臂铠冑,245,4,4,9,无,,32279,搜寻者的腕甲,45347,4,141,70,
100348,熔火之心之臂铠,护甲,力量输出,4,4,10,手部,240,力量+102；耐力+110,暴击等级+64；命中等级+56,暴击等级+70；命中等级+54,暴击等级×1.0938；命中等级×0.9643,4,348,332,1.0120,0,,,0,,,,,1523,,48625,莉亚德琳的凯旋护手,245,4,4,10,无,,30983,光明使者手套,46357,4,146,70,
100349,红龙军团之臂铠,护甲,力量输出,4,4,10,手部,240,力量+111；耐力+110,急速等级+71；暴击等级+53,急速等级+76；暴击等级+56,急速等级×1.0704；暴击等级×1.0566,4,319,345,1.0232,1,黄色,,0,,,,,1515,,50194,低泣护手,232,4,4,10,无,,33696,复仇角斗士的板层甲护手,46949,4,146,70,
100350,生长破天护手,护甲,力量输出,4,4,10,手部,240,力量+102；耐力+110,暴击等级+64；护甲穿透等级+57,暴击等级+64；护甲穿透等级+56,暴击等级×1.0000；护甲穿透等级×0.9825,4,348,333,0.9970,1,蓝色,,0,,,,,1523,,47330,雪恨手甲,245,4,4,10,无,,33729,复仇角斗士的板甲护手,46868,4,146,70,
100351,幽暗城星芒手甲,护甲,力量输出,4,4,10,手部,240,力量+104；耐力+116,暴击等级+69；精准等级+43,暴击等级+65；精准等级+45,暴击等级×0.9420；精准等级×1.0465,4,290,332,0.9940,1,红色,,0,,,,,1528,,46219,征服者神御护手,226,4,4,10,无,,32278,沉默的公正,46487,4,141,70,
100352,太古之战盔,护甲,坦克,4,4,1,头部,240,耐力+174；力量+119,防御等级+57；躲闪等级+41；招架等级+73,防御等级+54；躲闪等级+45；招架等级+70,防御等级×0.9474；躲闪等级×1.0976；招架等级×0.9589,5,487,464,0.9957,3,混沌,蓝色,0,,,,,1980,,49479,愤怒护盔,245,4,4,1,无,,30988,光明使者巨盔,46358,4,146,70,红色
100353,巨魔祭司轰雷面甲,护甲,坦克,4,4,1,头部,240,力量+73；耐力+190,防御等级+86；躲闪等级+60；命中等级+71,防御等级+80；躲闪等级+65；命中等级+65,防御等级×0.9302；躲闪等级×1.0833；命中等级×0.9155,5,503,480,0.9854,2,混沌,红色,0,,,,,1980,,49475,审判重盔,245,4,4,1,无,,33697,复仇角斗士的板层甲头盔,47759,4,146,70,
100354,青霜面甲,护甲,坦克,4,4,1,头部,240,力量+98；耐力+160,防御等级+78；精准等级+66；躲闪等级+71,防御等级+73；精准等级+70；躲闪等级+75,防御等级×0.9359；精准等级×1.0606；躲闪等级×1.0563,5,496,473,1.0063,2,混沌,黄色,0,,,,,1980,,47678,荣光头盔,245,4,4,1,无,,33730,复仇角斗士的板甲头盔,49686,4,146,70,
100355,回响战盔,护甲,坦克,4,4,1,头部,240,力量+105；耐力+164,防御等级+75；精准等级+45；招架等级+65,防御等级+76；精准等级+48；招架等级+67,防御等级×1.0133；精准等级×1.0667；招架等级×1.0308,5,351,454,1.0132,3,混沌,红色,0,,,,,2019,,40565,勇猛的天谴苦痛面甲,213,4,4,1,无,,32354,命运皇冠,45843,4,141,70,红色
100356,肩胄·腐化,护甲,坦克,4,4,3,肩部,240,力量+96；耐力+133,防御等级+51；躲闪等级+43；招架等级+51,防御等级+47；躲闪等级+44；招架等级+48,防御等级×0.9216；躲闪等级×1.0233；招架等级×0.9412,5,391,374,0.9840,1,蓝色,,0,,,,,1827,,47699,秩序刚魂肩甲,245,4,4,3,无,,32570,迅钢护肩,45413,4,141,70,
100357,永夜之肩胄,护甲,坦克,4,4,3,肩部,240,力量+97；耐力+144,防御等级+54；躲闪等级+50；命中等级+49,防御等级+50；躲闪等级+49；命中等级+50,防御等级×0.9259；躲闪等级×0.9800；命中等级×1.0204,5,365,394,0.9898,0,,,0,,,,,1849,,45251,拆解者肩铠,232,4,4,3,无,,32573,晨钢护肩,45407,4,141,70,
100358,紫电破界肩胄,护甲,坦克,4,4,3,肩部,240,力量+73；耐力+133,防御等级+64；躲闪等级+65；精准等级+41,防御等级+67；躲闪等级+67；精准等级+43,防御等级×1.0469；躲闪等级×1.0308；精准等级×1.0488,5,393,376,1.0186,1,黄色,,0,,,,,1827,,48661,莉亚德琳的凯旋肩甲,245,4,4,3,无,,30490,残酷角斗士的板甲护肩,45970,4,136,70,
100359,红龙军团之肩胄,护甲,坦克,4,4,3,肩部,240,力量+75；耐力+129,防御等级+55；招架等级+68；精准等级+38,防御等级+54；招架等级+62；精准等级+36,防御等级×0.9818；招架等级×0.9118；精准等级×0.9474,5,283,365,0.9753,0,,,0,,,,,1863,,39704,暴毙肩铠,213,4,4,3,无,,31996,残酷角斗士的板层甲护肩,46012,4,136,70,
100360,余烬·胸铠,护甲,坦克,4,4,5,胸部,240,力量+129；耐力+172,防御等级+68；招架等级+60；躲闪等级+61,防御等级+69；招架等级+57；躲闪等级+63,防御等级×1.0147；招架等级×0.9500；躲闪等级×1.0328,5,513,490,1.0000,1,蓝色,,0,,,,,2437,,48657,莉亚德琳的凯旋胸甲,245,4,4,5,无,,33695,复仇角斗士的板层甲护胸,47949,4,146,70,
100361,黎明之战衣,护甲,坦克,4,4,5,胸部,240,力量+96；耐力+195,命中等级+73；防御等级+75；躲闪等级+91,命中等级+71；防御等级+78；躲闪等级+90,命中等级×0.9726；防御等级×1.0400；躲闪等级×0.9890,5,492,530,1.0000,1,红色,,0,,,,,2425,,50285,冰缚铜甲,232,4,4,5,无,,33728,复仇角斗士的板甲护胸,46867,4,146,70,
100362,燃烬者之战衣,护甲,坦克,4,4,5,胸部,240,力量+98；耐力+172,防御等级+86；精准等级+66；躲闪等级+71,防御等级+86；精准等级+68；躲闪等级+75,防御等级×1.0000；精准等级×1.0303；躲闪等级×1.0563,5,516,493,1.0122,1,黄色,,0,,,,,2437,,47254,巨兽胸铠,245,4,4,5,无,,30896,防御者的荣耀,45222,4,141,70,
100363,胸铠·符文,护甲,坦克,4,4,5,胸部,240,力量+93；耐力+168,防御等级+92；招架等级+57；精准等级+75,防御等级+87；招架等级+62；精准等级+71,防御等级×0.9457；招架等级×1.0877；精准等级×0.9467,5,425,485,0.9918,0,,,0,,,,,2445,,46039,永恒胸铠,226,4,4,5,无,,32365,裂心胸铠,45311,4,141,70,
100364,破夜扣带,护甲,坦克,4,4,6,腰部,240,力量+92；耐力+133,防御等级+47；躲闪等级+62；招架等级+32,防御等级+43；躲闪等级+56；招架等级+30,防御等级×0.9149；躲闪等级×0.9032；招架等级×0.9375,5,383,366,0.9672,1,蓝色,,0,,,,,1371,,48009,虚空勇士腰带,245,4,4,6,无,,34941,无畏者腰带,42651,4,141,70,
100365,祖达克之腰铠,护甲,坦克,4,4,6,腰部,240,力量+66；耐力+145,防御等级+55；躲闪等级+67；命中等级+64,防御等级+55；躲闪等级+61；命中等级+66,防御等级×1.0000；躲闪等级×0.9104；命中等级×1.0312,5,349,397,0.9899,0,,,0,,,,,1376,,45825,持盾护卫束带,226,4,4,6,无,,34944,沸腾怒气护腰,48477,4,141,70,
100366,腰甲·蓝龙,护甲,坦克,4,4,6,腰部,240,力量+92；耐力+133,防御等级+47；躲闪等级+62；招架等级+32,防御等级+51；躲闪等级+61；招架等级+30,防御等级×1.0851；躲闪等级×0.9839；招架等级×0.9375,5,383,366,1.0027,1,黄色,,0,,,,,1371,,47937,虚空勇士束带,245,4,4,6,无,,32801,老兵的板层甲腰带,46042,4,136,70,
100367,蓝龙军团腰铠,护甲,坦克,4,4,6,腰部,240,力量+96；耐力+133,防御等级+51；躲闪等级+43；招架等级+51,防御等级+47；躲闪等级+41；招架等级+51,防御等级×0.9216；躲闪等级×0.9535；招架等级×1.0000,5,391,374,0.9840,1,蓝色,,0,,,,,1371,,47283,血痕腰带,245,4,4,6,无,,32805,老兵的板甲腰带,46039,4,136,70,
100368,星轨碎星护腿,护甲,坦克,4,4,7,腿部,240,力量+129；耐力+157,防御等级+60；躲闪等级+51；招架等级+68,防御等级+63；躲闪等级+55；招架等级+62,防御等级×1.0500；躲闪等级×1.0784；招架等级×0.9118,5,461,465,1.0022,2,蓝色,红色,0,,,,,2123,,45594,无尽虚空腿铠,239,4,4,7,无,,32263,执政官护腿,45334,4,141,70,
100369,卡拉赞命轮护腿,护甲,坦克,4,4,7,腿部,240,力量+96；耐力+165,防御等级+74；躲闪等级+90；命中等级+58,防御等级+73；躲闪等级+92；命中等级+58,防御等级×0.9865；躲闪等级×1.0222；命中等级×1.0000,5,604,483,1.0021,2,红色,黄色,0,,,,,2155,,49964,失落希望腿甲,264,4,4,7,无,,32341,神圣惩戒护腿,46488,4,141,70,
100370,符文镇海腿胄,护甲,坦克,4,4,7,腿部,240,力量+97；耐力+172,防御等级+87；躲闪等级+74；精准等级+66,防御等级+93；躲闪等级+69；精准等级+61,防御等级×1.0690；躲闪等级×0.9324；精准等级×0.9242,5,549,496,0.9919,2,黄色,蓝色,0,,,,,2141,,50861,光誓腿甲,251,4,4,7,无,,34922,镇静腿甲,48470,4,141,70,
100371,缚霜者缚龙腿胄,护甲,坦克,4,4,7,腿部,240,力量+93；耐力+182,防御等级+81；招架等级+78；精准等级+76,防御等级+86；招架等级+76；精准等级+71,防御等级×1.0617；招架等级×0.9744；精准等级×0.9342,5,504,510,0.9961,2,蓝色,红色,0,,,,,2176,,45295,镀金精钢腿铠,239,4,4,7,无,,34940,太阳卫士腿铠,45220,4,141,70,
100372,破军者护足,护甲,坦克,4,4,8,脚部,240,力量+96；耐力+133,防御等级+51；招架等级+51；躲闪等级+43,防御等级+51；招架等级+46；躲闪等级+44,防御等级×1.0000；招架等级×0.9020；躲闪等级×1.0233,5,391,374,0.9893,1,蓝色,,0,,,,,1676,,47269,破晓者战靴,245,4,4,8,无,,32789,老兵的板层甲护胫,46044,4,136,70,
100373,净世战靴,护甲,坦克,4,4,8,脚部,240,力量+61；耐力+144,防御等级+37；躲闪等级+74；命中等级+45,防御等级+38；躲闪等级+67；命中等级+47,防御等级×1.0270；躲闪等级×0.9054；命中等级×1.0444,5,378,361,0.9889,1,红色,,0,,,,,1676,,48024,徊流胫甲,245,4,4,8,无,,32793,老兵的板甲护胫,46041,4,136,70,
100374,精金守护足铠,护甲,坦克,4,4,8,脚部,240,力量+72；耐力+125,防御等级+65；躲闪等级+60；精准等级+43,防御等级+67；躲闪等级+59；精准等级+47,防御等级×1.0308；躲闪等级×0.9833；精准等级×1.0930,5,454,365,1.0137,1,黄色,,0,,,,,1693,,50190,狞笑之颅重靴,264,4,4,8,无,,32402,影钢战靴,45785,4,130,70,
100375,纳克萨玛斯之战靴,护甲,坦克,4,4,8,脚部,240,力量+63；耐力+116,防御等级+57；招架等级+65；精准等级+49,防御等级+61；招架等级+61；精准等级+45,防御等级×1.0702；招架等级×0.9385；精准等级×0.9184,5,307,350,0.9886,2,蓝色,红色,0,,,,,1681,,45988,钢铁军队胫甲,226,4,4,8,无,,30027,无尽勇气之靴,44966,4,128,70,
100376,暮光护臂,护甲,坦克,4,4,9,腕部,240,力量+70；耐力+99,防御等级+39；招架等级+32；躲闪等级+40,防御等级+40；招架等级+31；躲闪等级+40,防御等级×1.0256；招架等级×0.9688；躲闪等级×1.0000,5,350,280,1.0000,1,蓝色,,0,,,,,1077,,49960,黑暗清算护腕,264,4,4,9,无,,32568,迅钢护腕,45404,4,141,70,
100377,坚壁护臂,护甲,坦克,4,4,9,腕部,240,力量+55；耐力+97,防御等级+48；命中等级+36；躲闪等级+40,防御等级+50；命中等级+33；躲闪等级+42,防御等级×1.0417；命中等级×0.9167；躲闪等级×1.0500,5,290,276,1.0036,1,红色,,0,,,,,1066,,47571,萨隆邪铁断剑护腕,245,4,4,9,无,,32571,晨钢护腕,45402,4,141,70,
100378,坚壁臂甲,护甲,坦克,4,4,9,腕部,240,力量+55；耐力+97,防御等级+48；命中等级+36；躲闪等级+40,防御等级+49；命中等级+34；躲闪等级+37,防御等级×1.0208；命中等级×0.9444；躲闪等级×0.9250,5,290,276,0.9855,0,,,0,,,,,1066,,47570,萨隆邪铁断剑护腕,245,4,4,9,无,,33813,守备官的板甲护腕,47092,4,141,70,
100379,银辉断空臂甲,护甲,坦克,4,4,9,腕部,240,力量+55；耐力+109,防御等级+48；精准等级+36；招架等级+48,防御等级+49；精准等级+33；招架等级+52,防御等级×1.0208；精准等级×0.9167；招架等级×1.0833,5,310,296,1.0068,0,,,0,,,,,1066,,47298,盾卫臂甲,245,4,4,9,无,,33889,守备官的板层甲护腕,47416,4,141,70,
100380,征途之护手,护甲,坦克,4,4,10,手部,240,力量+85；耐力+128,防御等级+44；躲闪等级+44；招架等级+46,防御等级+40；躲闪等级+47；招架等级+42,防御等级×0.9091；躲闪等级×1.0682；招架等级×0.9130,5,345,347,0.9856,1,蓝色,,0,,,,,1516,,45487,新兴护手,239,4,4,10,无,,32280,强制护手,45715,4,141,70,
100381,符文大师护手,护甲,坦克,4,4,10,手部,240,力量+69；耐力+131,防御等级+54；躲闪等级+63；命中等级+56,防御等级+54；躲闪等级+64；命中等级+51,防御等级×1.0000；躲闪等级×1.0159；命中等级×0.9107,5,329,373,0.9893,0,,,0,,,,,1528,,46164,征服者的突围手甲,226,4,4,10,无,,32608,掠夺护手,45728,4,141,70,
100382,冰冠堡垒拳甲,护甲,坦克,4,4,10,手部,240,力量+68；耐力+123,防御等级+64；躲闪等级+51；精准等级+56,防御等级+64；躲闪等级+50；精准等级+61,防御等级×1.0000；躲闪等级×0.9804；精准等级×1.0893,5,400,362,1.0110,2,黄色,蓝色,0,,,,,1529,,51556,血脉挫灭者护手,251,4,4,10,无,,29998,银月皇家护手,46076,4,138,70,
100383,符文之拳甲,护甲,坦克,4,4,10,手部,240,力量+72；耐力+146,防御等级+57；招架等级+64；精准等级+44,防御等级+58；招架等级+68；精准等级+47,防御等级×1.0175；招架等级×1.0625；精准等级×1.0682,5,335,383,1.0209,2,蓝色,红色,0,,,,,1528,,46236,征服者黑暗符文手甲,226,4,4,10,无,,30112,波浪荣耀护手,46079,4,138,70,
100384,圣光之焚烧,通用槽位,法系输出,4,0,2,颈部,240,耐力+55；智力+55,法术强度+85；暴击等级+55；急速等级+36,法术强度+82；暴击等级+52；急速等级+37,法术强度×0.9647；暴击等级×0.9455；急速等级×1.0278,5,301,286,0.9825,0,,,0,,,,,,,47307,瓦格里的恸哭,245,4,0,2,无,,17782,束缚坠饰,6494,5,80,60,
100385,蓝龙之守护,通用槽位,法系输出,4,0,2,颈部,240,耐力+52；智力+55,法术强度+77；暴击等级+50；命中等级+40,法术强度+78；暴击等级+45；命中等级+42,法术强度×1.0130；暴击等级×0.9000；命中等级×1.0500,5,286,274,0.9927,1,蓝色,,0,,,,,,,48030,黑暗死亡护符,245,4,0,2,无,,34358,硬化氪金项链,39214,4,159,70,
100386,陨星·链坠,通用槽位,法系输出,4,0,2,颈部,240,耐力+59；智力+41；精神+42,急速等级+45；法术强度+85,急速等级+46；法术强度+78,急速等级×1.0222；法术强度×0.9176,5,270,272,0.9779,2,红色,黄色,0,,,,,,,45447,警惕之眼,239,4,0,2,无,,34359,阳炎坠饰,45351,4,159,70,
100387,御风项圈,通用槽位,法系输出,4,0,2,颈部,240,耐力+62；智力+52,法术强度+76；命中等级+46；急速等级+41,法术强度+82；命中等级+42；急速等级+43,法术强度×1.0789；命中等级×0.9130；急速等级×1.0488,5,274,277,1.0144,1,黄色,,0,,,,,,,45133,炽热灾难坠饰,239,4,0,2,无,,34177,终结锁链,48511,4,154,70,
100388,黑暗神殿的咒纹,通用槽位,法系输出,4,0,11,戒指,240,耐力+72；智力+48,法术强度+84；急速等级+41；暴击等级+53,法术强度+77；急速等级+39；暴击等级+56,法术强度×0.9167；急速等级×0.9512；暴击等级×1.0566,5,276,298,0.9799,0,,,0,,,,,,,45168,火光之环,232,4,0,11,无,,52572,无尽力量灰烬指环,63958,4,277,1,
100389,腐化之断岳,通用槽位,法系输出,4,0,11,戒指,240,耐力+52；智力+56,法术强度+77；命中等级+53；暴击等级+31,法术强度+74；命中等级+52；暴击等级+33,法术强度×0.9610；命中等级×0.9811；暴击等级×1.0645,5,282,269,0.9926,1,蓝色,,0,,,,,,,48001,火焰风暴指环,245,4,0,11,无,,34361,硬化氪金指环,39126,4,159,70,
100390,幻影玺戒,通用槽位,法系输出,4,0,11,戒指,240,耐力+52；智力+48；精神+39,法术强度+76；急速等级+55,法术强度+83；急速等级+56,法术强度×1.0921；急速等级×1.0182,5,269,270,1.0296,0,,,0,,,,,,,45495,导能封印,239,4,0,11,无,,34362,熔铸能量指环,31616,4,159,70,
100391,艾萨拉的夜幕,通用槽位,法系输出,4,0,11,戒指,240,耐力+72；智力+48；精神+25,命中等级+48；法术强度+85,命中等级+44；法术强度+90,命中等级×0.9167；法术强度×1.0588,5,276,278,1.0036,0,,,0,,,,,,,45297,闪烁徽记,239,4,0,11,无,,34166,光棱指环,39123,4,154,70,
100392,冲击指环,通用槽位,法系输出,4,0,11,戒指,240,耐力+70；智力+48,法术强度+85；暴击等级+48；急速等级+49,法术强度+88；暴击等级+50；急速等级+50,法术强度×1.0353；暴击等级×1.0417；急速等级×1.0204,5,333,300,1.0200,2,蓝色,红色,0,,,,,,,51557,肯瑞托符文徽记,251,4,0,11,无,,34189,灾难指环,31655,4,154,70,
100393,轮回·指环,通用槽位,法系输出,4,0,11,戒指,240,耐力+52；智力+56,法术强度+77；命中等级+53；暴击等级+31,法术强度+77；命中等级+56；暴击等级+33,法术强度×1.0000；命中等级×1.0566；暴击等级×1.0645,5,282,269,1.0186,1,红色,,0,,,,,,,47928,火焰风暴之戒,245,4,0,11,无,,34213,坚定决心指环,45948,4,154,70,
100394,黑锋骑士之披肩,通用槽位,法系输出,4,1,16,披风,240,智力+51；耐力+63,法术强度+85；暴击等级+48；急速等级+34,法术强度+86；暴击等级+45；急速等级+33,法术强度×1.0118；暴击等级×0.9375；急速等级×0.9706,5,294,281,0.9893,0,,,0,,,,,164,,49491,轻盈的萨菲隆斗篷,245,4,1,16,无,,34241,原罪披风,48868,4,164,70,
100395,天启之斗篷,通用槽位,法系输出,4,1,16,披风,240,耐力+62；智力+52,法术强度+76；命中等级+41；暴击等级+43,法术强度+77；命中等级+41；暴击等级+41,法术强度×1.0132；命中等级×1.0000；暴击等级×0.9535,5,271,274,0.9964,1,蓝色,,0,,,,,162,,45242,灭亡斗篷,239,4,1,16,无,,34242,安东尼达斯的破碎斗篷,48871,4,164,70,
100396,天启·缚龙,通用槽位,法系输出,4,1,16,披风,240,耐力+71；智力+48；精神+48,法术强度+76；急速等级+39,法术强度+70；急速等级+39,法术强度×0.9211；急速等级×1.0000,5,280,282,0.9787,2,红色,黄色,0,,,,,162,,45618,阳光披风,239,4,1,16,无,,41591,军士的强固斗篷,27088,4,156,70,
100397,镇魂使之暮星,通用槽位,法系输出,4,1,16,披风,240,耐力+55；智力+55,法术强度+85；急速等级+48；命中等级+48,法术强度+90；急速等级+44；命中等级+44,法术强度×1.0588；急速等级×0.9167；命中等级×0.9167,5,305,291,0.9897,0,,,0,,,,,164,,47291,偏移斗篷,245,4,1,16,无,,34190,血色珍珠披风,48869,4,154,70,
100398,奥妮克希亚的紫电,通用槽位,力量输出,4,0,2,颈部,240,力量+82；耐力+82,暴击等级+48；命中等级+48,暴击等级+46；命中等级+47,暴击等级×0.9583；命中等级×0.9792,4,272,260,0.9885,2,红色,黄色,0,,,,,,,47297,刽子手的恶行,245,4,0,2,无,,34178,深渊领主颈圈,48507,4,154,70,
100399,泰坦之印记,通用槽位,力量输出,4,0,2,颈部,240,力量+82；耐力+82,暴击等级+53；急速等级+41,暴击等级+55；急速等级+38,暴击等级×1.0377；急速等级×0.9268,4,239,258,0.9961,2,黄色,蓝色,0,,,,,,,45193,无尽的热情,232,4,0,2,无,,34184,贵族精灵的胸针,48509,4,154,70,
100400,奥格瑞玛的翡翠,通用槽位,力量输出,4,0,2,颈部,240,力量+84；耐力+83,暴击等级+55；护甲穿透等级+36,暴击等级+60；护甲穿透等级+34,暴击等级×1.0909；护甲穿透等级×0.9444,4,211,258,1.0116,0,,,0,,,,,,,49818,苦痛刺圈,219,4,0,2,无,,34204,自由魔法项链,48512,4,154,70,
100401,永夜的潮汐,通用槽位,力量输出,4,0,2,颈部,240,力量+64；耐力+108,暴击等级+48；精准等级+41,暴击等级+47；精准等级+44,暴击等级×0.9792；精准等级×1.0732,4,290,261,1.0077,2,红色,黄色,0,,,,,,,53502,Flamelash Amulet,251,4,0,2,无,,35132,护卫者的征服坠饰,39162,4,154,70,
100402,不朽·之戒,通用槽位,力量输出,4,0,11,戒指,240,力量+75；耐力+82,暴击等级+48；命中等级+40,暴击等级+44；命中等级+37,暴击等级×0.9167；命中等级×0.9250,4,243,245,0.9714,1,红色,,0,,,,,,,45534,背弃国王的徽记之戒,239,4,0,11,无,,34230,全能之戒,44358,4,154,70,
100403,奥杜尔的新月,通用槽位,力量输出,4,0,11,戒指,240,力量+82；耐力+82,暴击等级+48；急速等级+48,暴击等级+51；急速等级+49,暴击等级×1.0625；急速等级×1.0208,4,272,260,1.0154,0,,,0,,,,,,,47252,暴戾指环,245,4,0,11,无,,35129,护卫者的统御指环,39129,4,154,70,
100404,希利苏斯的圣辉,通用槽位,力量输出,4,0,11,戒指,240,力量+82；耐力+82,暴击等级+53；护甲穿透等级+41,暴击等级+57；护甲穿透等级+39,暴击等级×1.0755；护甲穿透等级×0.9512,4,239,258,1.0078,0,,,0,,,,,,,45106,机械之力,232,4,0,11,无,,32497,怒风徽记之戒,45362,4,151,70,
100405,岩心·裂地,通用槽位,力量输出,4,0,11,戒指,240,力量+82；耐力+82,暴击等级+51；精准等级+43,暴击等级+52；精准等级+43,暴击等级×1.0196；精准等级×1.0000,4,239,258,1.0039,2,红色,黄色,0,,,,,,,50306,风行者的诺言,232,4,0,11,无,,34837,至尊二戒,31800,4,143,70,
100406,秩序玺戒,通用槽位,力量输出,4,0,11,戒指,240,力量+84；耐力+82,命中等级+43；护甲穿透等级+51,命中等级+45；护甲穿透等级+53,命中等级×1.0465；护甲穿透等级×1.0392,4,225,260,1.0154,1,黄色,,0,,,,,,,45675,能量强化指环,225,4,0,11,无,,32261,深渊领主指环,44357,4,141,70,
100407,玄铁之降世,通用槽位,力量输出,4,0,11,戒指,240,力量+83；耐力+82,命中等级+53；精准等级+41,命中等级+55；精准等级+44,命中等级×1.0377；精准等级×1.0732,4,226,259,1.0193,2,蓝色,红色,0,,,,,,,45540,持剑者的徽记之戒,226,4,0,11,无,,32335,凶猛进攻指环,44841,4,141,70,
100408,奥术之破夜,通用槽位,力量输出,4,1,16,披风,240,力量+65；耐力+107,暴击等级+47；命中等级+37,暴击等级+46；命中等级+38,暴击等级×0.9787；命中等级×1.0270,4,254,256,1.0000,0,,,0,,,,,162,,45588,天界斗篷,239,4,1,16,无,,34205,救赎灵魂披风,48870,4,154,70,
100409,晨辉之碎星,通用槽位,力量输出,4,1,16,披风,240,力量+74；耐力+82,暴击等级+29；急速等级+56,暴击等级+28；急速等级+53,暴击等级×0.9655；急速等级×0.9464,4,267,241,0.9834,1,黄色,,0,,,,,164,,50791,萨隆邪铁石像鬼披风,251,4,1,16,无,,32524,贵族精灵斗篷,45476,4,151,70,
100410,纳克萨玛斯的群星,通用槽位,力量输出,4,1,16,披风,240,力量+82；耐力+82,暴击等级+53；护甲穿透等级+41,暴击等级+54；护甲穿透等级+39,暴击等级×1.0189；护甲穿透等级×0.9512,4,239,258,0.9961,1,蓝色,,0,,,,,165,,45138,龙骑士披风,232,4,1,16,无,,32323,影月毁灭者斗篷,45886,4,141,70,
100411,恒金之镇渊,通用槽位,力量输出,4,1,16,披风,240,力量+82；耐力+82,暴击等级+49；精准等级+48,暴击等级+52；精准等级+51,暴击等级×1.0612；精准等级×1.0625,4,242,261,1.0230,0,,,0,,,,,163,,54803,冰霜领主的战斗裹尸布,232,4,1,16,无,,32331,伊利达雷议会披风,45885,4,141,70,
100412,夜幕·项链,通用槽位,敏捷输出,4,0,2,颈部,240,敏捷+65；耐力+71,攻击强度+87；暴击等级+48；急速等级+41,攻击强度+82；暴击等级+45；急速等级+41,攻击强度×0.9425；暴击等级×0.9375；急速等级×1.0000,5,309,312,0.9744,1,红色,,0,,,,,,,45517,无限钟摆,239,4,0,2,无,,32362,泰坦坠饰,4841,4,141,70,
100413,混沌之裁断,通用槽位,敏捷输出,4,0,2,颈部,240,敏捷+65；耐力+62,攻击强度+103；暴击等级+50；护甲穿透等级+38,攻击强度+95；暴击等级+48；护甲穿透等级+38,攻击强度×0.9223；暴击等级×0.9600；护甲穿透等级×1.0000,5,333,318,0.9686,2,黄色,蓝色,0,,,,,,,47988,永劫苦痛项圈,245,4,0,2,无,,32370,纳蒂娜的纯洁坠饰,39212,4,141,70,
100414,掠影项圈,通用槽位,敏捷输出,4,0,2,颈部,240,敏捷+71；耐力+55,命中等级+46；暴击等级+50；攻击强度+93,命中等级+44；暴击等级+52；攻击强度+96,命中等级×0.9565；暴击等级×1.0400；攻击强度×1.0323,5,330,315,1.0095,0,,,0,,,,,,,49485,闪耀的奥妮克希亚龙牙坠饰,245,4,0,2,无,,32589,地狱火坠饰,31899,4,141,70,
100415,森罗之破夜,通用槽位,敏捷输出,4,0,2,颈部,240,敏捷+65；耐力+72,攻击强度+90；护甲穿透等级+49；急速等级+43,攻击强度+82；护甲穿透等级+49；急速等级+45,攻击强度×0.9111；护甲穿透等级×1.0000；急速等级×1.0465,5,397,319,0.9812,1,红色,,0,,,,,,,50421,辛达苟萨之爪,264,4,0,2,无,,32591,锯齿利刃项圈,39210,4,141,70,
100416,生命之戒,通用槽位,敏捷输出,4,0,11,戒指,240,敏捷+72；耐力+60,暴击等级+51；急速等级+36；攻击强度+87,暴击等级+49；急速等级+35；攻击强度+92,暴击等级×0.9608；急速等级×0.9722；攻击强度×1.0575,5,303,306,1.0065,2,红色,黄色,0,,,,,,,45456,敏捷之环,239,4,0,11,无,,34887,安格莉丝塔的复仇,49005,4,141,70,
100417,暗影戒律,通用槽位,敏捷输出,4,0,11,戒指,240,敏捷+65；耐力+62,攻击强度+97；暴击等级+43；护甲穿透等级+33,攻击强度+88；暴击等级+46；护甲穿透等级+31,攻击强度×0.9072；暴击等级×1.0698；护甲穿透等级×0.9394,5,297,300,0.9733,1,黄色,,0,,,,,,,45608,布莱恩的徽记之戒,239,4,0,11,无,,34890,安薇娜的触摸,43095,4,141,70,
100418,泰坦之指环,通用槽位,敏捷输出,4,0,11,戒指,240,敏捷+69；耐力+63,攻击强度+106；暴击等级+48；命中等级+47,攻击强度+105；暴击等级+45；命中等级+43,攻击强度×0.9906；暴击等级×0.9375；命中等级×0.9149,5,370,333,0.9760,1,蓝色,,0,,,,,,,50376,复仇之灰烬指环,251,4,0,11,无,,30109,无尽盘蛇之戒,33534,4,138,70,
100419,命轮之戒指,通用槽位,敏捷输出,4,0,11,戒指,240,敏捷+71；耐力+73,攻击强度+98；护甲穿透等级+48；急速等级+48,攻击强度+94；护甲穿透等级+48；急速等级+48,攻击强度×0.9592；护甲穿透等级×1.0000；急速等级×1.0000,5,353,338,0.9882,2,红色,黄色,0,,,,,,,47730,灵巧明石戒指,245,4,0,11,无,,33987,Indalamar's Ring of 200 Spell Crit,26537,4,130,70,
100420,命轮之裁断,通用槽位,敏捷输出,4,0,11,戒指,240,敏捷+55；耐力+72,攻击强度+140；暴击等级+48；精准等级+41,攻击强度+147；暴击等级+49；精准等级+39,攻击强度×1.0500；暴击等级×1.0208；精准等级×0.9512,5,331,356,1.0169,2,黄色,蓝色,0,,,,,,,45525,屠神徽记,232,4,0,11,无,,29920,浴火凤凰之戒,35472,4,128,70,
100421,灵光·守望,通用槽位,敏捷输出,4,0,11,戒指,240,敏捷+71；耐力+73,攻击强度+98；暴击等级+51；急速等级+42,攻击强度+89；暴击等级+50；急速等级+43,攻击强度×0.9082；暴击等级×0.9804；急速等级×1.0238,5,351,335,0.9731,1,蓝色,,0,,,,,,,47282,无情侵掠指环,245,4,0,11,无,,29922,奥之指环,39120,4,128,70,
100422,神祇之守望,通用槽位,敏捷输出,4,1,16,披风,240,敏捷+71；耐力+73,攻击强度+98；暴击等级+48；急速等级+48,攻击强度+93；暴击等级+46；急速等级+46,攻击强度×0.9490；暴击等级×0.9583；急速等级×0.9583,5,353,338,0.9734,2,红色,黄色,0,,,,,164,,47257,凶兽披风,245,4,1,16,无,,32337,宽恕披风,46490,4,141,70,
100423,临世披风,通用槽位,敏捷输出,4,1,16,披风,240,敏捷+64；耐力+63,护甲穿透等级+34；攻击强度+101；暴击等级+46,护甲穿透等级+35；攻击强度+101；暴击等级+50,护甲穿透等级×1.0294；攻击强度×1.0000；暴击等级×1.0870,5,270,308,1.0162,1,黄色,,0,,,,,164,,46032,无面者将军斗篷,226,4,1,16,无,,32590,空灵披风,46124,4,141,70,
100424,潜踪大氅,通用槽位,敏捷输出,4,1,16,披风,240,耐力+62；敏捷+77,暴击等级+54；命中等级+39；攻击强度+100,暴击等级+53；命中等级+39；攻击强度+94,暴击等级×0.9815；命中等级×1.0000；攻击强度×0.9400,5,289,332,0.9789,0,,,0,,,,,166,,45704,碎裂巨人披风,225,4,1,16,无,,34010,镇定斗篷,47249,4,141,70,
100425,龙焰·裁断,通用槽位,敏捷输出,4,1,16,披风,240,敏捷+65；耐力+71,攻击强度+103；命中等级+40；急速等级+41,攻击强度+113；命中等级+39；急速等级+40,攻击强度×1.0971；命中等级×0.9750；急速等级×0.9756,5,317,320,1.0250,0,,,0,,,,,162,,45461,冰冷意图披风,239,4,1,16,无,,34012,决战披风,47252,4,141,70,
100426,源质链坠,通用槽位,治疗,4,0,2,颈部,240,耐力+53；智力+49；精神+47,法术强度+84；暴击等级+56,法术强度+78；暴击等级+52,法术强度×0.9286；暴击等级×0.9286,5,267,289,0.9654,1,蓝色,,0,,,,,,,45236,坚定之眼,232,4,0,2,无,,33466,诅咒骨环,9852,4,133,70,
100427,复苏护符,通用槽位,治疗,4,0,2,颈部,240,耐力+71；智力+48；精神+47,法术强度+76；急速等级+35,法术强度+79；急速等级+38,法术强度×1.0395；急速等级×1.0857,5,275,277,1.0217,1,黄色,,0,,,,,,,45243,蓝宝石治愈护符,239,4,0,2,无,,30008,流失岁月坠饰,31889,4,128,70,
100428,复苏项圈,通用槽位,治疗,4,0,2,颈部,240,耐力+56；智力+54,法术强度+77；暴击等级+48；每5秒法力回复+20,法术强度+73；暴击等级+49；每5秒法力回复+20,法术强度×0.9481；暴击等级×1.0208；每5秒法力回复×1.0000,5,267,255,0.9882,2,红色,蓝色,0,,,,,,,48003,元素禁锢坠饰,245,4,0,2,无,,30022,危机坠饰,34204,4,128,70,
100429,破军者之璀璨,通用槽位,治疗,4,0,2,颈部,240,耐力+62；智力+52,法术强度+76；急速等级+40；每5秒法力回复+24,法术强度+82；急速等级+42；每5秒法力回复+23,法术强度×1.0789；急速等级×1.0500；每5秒法力回复×0.9583,5,251,254,1.0276,1,蓝色,,0,,,,,,,45443,谨慎抉择符咒,239,4,0,2,无,,30059,凶兽之怒项圈,33906,4,128,70,
100430,圣贤之之戒,通用槽位,治疗,4,0,11,戒指,240,智力+53；精神+34；耐力+58,暴击等级+50；法术强度+85,暴击等级+53；法术强度+86,暴击等级×1.0600；法术强度×1.0118,5,295,280,1.0143,2,蓝色,黄色,0,,,,,,,49486,抛光的屠龙者的徽记,245,4,0,11,无,,30028,提瑞斯法安宁指环,28733,4,128,70,
100431,辉光印戒,通用槽位,治疗,4,0,11,戒指,240,耐力+55；智力+55；精神+48,法术强度+85；急速等级+48,法术强度+86；急速等级+47,法术强度×1.0118；急速等级×0.9792,5,305,291,1.0000,0,,,0,,,,,,,47732,唤魔者指环,245,4,0,11,无,,30061,远古征服指环,31908,4,128,70,
100432,苍翠·轰雷,通用槽位,治疗,4,0,11,戒指,240,耐力+55；智力+55,法术强度+85；暴击等级+48；每5秒法力回复+24,法术强度+81；暴击等级+52；每5秒法力回复+23,法术强度×0.9529；暴击等级×1.0833；每5秒法力回复×0.9583,5,280,267,0.9963,1,红色,,0,,,,,,,47733,愈心者头环,245,4,0,11,无,,30083,裂魂之戒,24646,4,128,70,
100433,缚霜者之恒金,通用槽位,治疗,4,0,11,戒指,240,耐力+62；智力+52,法术强度+76；急速等级+39；每5秒法力回复+24,法术强度+76；急速等级+38；每5秒法力回复+26,法术强度×1.0000；急速等级×0.9744；每5秒法力回复×1.0833,5,250,253,1.0040,1,蓝色,,0,,,,,,,45614,星光之环,239,4,0,11,无,,33054,丹扎拉尔徽记,31657,4,128,70,
100434,青铜玺戒,通用槽位,治疗,4,0,11,戒指,240,耐力+55；智力+55；精神+42,法术强度+85；暴击等级+51,法术强度+90；暴击等级+52,法术强度×1.0588；暴击等级×1.0196,5,303,288,1.0208,1,黄色,,0,,,,,,,47327,血红显像之戒,245,4,0,11,无,,33058,警醒指环,31905,4,128,70,
100435,星云·戒律,通用槽位,治疗,4,0,11,戒指,240,耐力+52；智力+48；精神+39,法术强度+76；急速等级+55,法术强度+80；急速等级+60,法术强度×1.0526；急速等级×1.0909,5,269,270,1.0333,2,红色,蓝色,0,,,,,,,45495,导能封印,239,4,0,11,无,,28757,千印之戒,33864,4,125,70,
100436,矮人锻造师之生长,通用槽位,治疗,4,1,16,披风,240,耐力+53；智力+53；精神+56,法术强度+84；暴击等级+41,法术强度+82；暴击等级+44,法术强度×0.9762；暴击等级×1.0732,5,266,287,1.0035,1,蓝色,,0,,,,,165,,45529,鬼魅记忆斗篷,232,4,1,16,无,,29989,太阳光芒披风,46123,4,138,70,
100437,夜幕·穿云,通用槽位,治疗,4,1,16,披风,240,耐力+55；智力+55；精神+48,法术强度+85；急速等级+48,法术强度+87；急速等级+52,法术强度×1.0235；急速等级×1.0833,5,305,291,1.0206,1,黄色,,0,,,,,164,,47256,清风斗篷,245,4,1,16,无,,29994,萨拉斯荒野披风,46125,4,138,70,
100438,炽焰之披肩,通用槽位,治疗,4,1,16,披风,240,耐力+62；智力+52,法术强度+76；暴击等级+40；每5秒法力回复+24,法术强度+72；暴击等级+43；每5秒法力回复+26,法术强度×0.9474；暴击等级×1.0750；每5秒法力回复×1.0833,5,251,254,1.0039,1,红色,,0,,,,,162,,45486,忧郁女神斗篷,239,4,1,16,无,,33304,压制能量披风,46812,4,136,70,
100439,永恒·斗篷,通用槽位,治疗,4,1,16,披风,240,耐力+55；智力+55,法术强度+77；急速等级+41；每5秒法力回复+24,法术强度+73；急速等级+38；每5秒法力回复+23,法术强度×0.9481；急速等级×0.9268；每5秒法力回复×0.9583,5,279,252,0.9683,1,蓝色,,0,,,,,164,,51382,悲痛抚平者斗篷,251,4,1,16,无,,33333,卡尔玛的希望披风,43292,4,136,70,
100440,执剑者之天轨,通用槽位,坦克,4,0,2,颈部,240,力量+72；耐力+97,防御等级+37；躲闪等级+30；招架等级+37,防御等级+38；躲闪等级+32；招架等级+40,防御等级×1.0270；躲闪等级×1.0667；招架等级×1.0811,5,271,273,1.0220,0,,,0,,,,,,,45485,瓦尼尔的青铜坠饰,239,4,0,2,无,,30099,溺水者之链,43599,4,128,70,
100441,山脉坠饰,通用槽位,坦克,4,0,2,颈部,240,力量+48；耐力+107,防御等级+46；躲闪等级+48；命中等级+48,防御等级+47；躲闪等级+52；命中等级+48,防御等级×1.0217；躲闪等级×1.0833；命中等级×1.0000,5,262,297,1.0168,1,红色,,0,,,,,,,51806,极乐碎片,226,4,0,2,无,,33296,灵巧胸针,46805,4,128,70,
100442,玄冰护符,通用槽位,坦克,4,0,2,颈部,240,耐力+109；力量+55,躲闪等级+48；精准等级+36；防御等级+48,躲闪等级+46；精准等级+33；防御等级+46,躲闪等级×0.9583；精准等级×0.9167；防御等级×0.9583,5,310,296,0.9764,1,黄色,,0,,,,,,,49492,艾斯卡达尔铰链,245,4,0,2,无,,33297,蛮族项圈,43701,4,128,70,
100443,天火之轰雷,通用槽位,坦克,4,0,2,颈部,240,力量+38；耐力+109,防御等级+44；躲闪等级+48；精准等级+44,防御等级+40；躲闪等级+47；精准等级+44,防御等级×0.9091；躲闪等级×0.9792；精准等级×1.0000,5,296,283,0.9823,1,蓝色,,0,,,,,,,48011,地狱刚毅项圈,245,4,0,2,无,,28762,灵魂窃取项链,35358,4,125,70,
100444,银月城的轮回,通用槽位,坦克,4,0,11,戒指,240,力量+72；耐力+109,防御等级+38；躲闪等级+39；招架等级+38,防御等级+38；躲闪等级+37；招架等级+38,防御等级×1.0000；躲闪等级×0.9487；招架等级×1.0000,5,310,296,0.9932,2,蓝色,红色,0,,,,,,,47315,叛君指环,245,4,0,11,无,,28763,永生之翡翠指环,9847,4,125,70,
100445,亘古·戒律,通用槽位,坦克,4,0,11,戒指,240,力量+44；耐力+97,命中等级+42；躲闪等级+52；防御等级+44,命中等级+44；躲闪等级+48；防御等级+42,命中等级×1.0476；躲闪等级×0.9231；防御等级×0.9545,5,309,279,0.9857,2,红色,黄色,0,,,,,,,50790,憎恶血戒,251,4,0,11,无,,30738,逆转指环,9834,4,120,70,
100446,自然之戒指,通用槽位,坦克,4,0,11,戒指,240,力量+52；耐力+97,防御等级+48；躲闪等级+39；精准等级+41,防御等级+46；躲闪等级+36；精准等级+39,防御等级×0.9583；躲闪等级×0.9231；精准等级×0.9512,5,275,277,0.9747,1,黄色,,0,,,,,,,45471,命运的约束,239,4,0,11,无,,28649,迦萝娜的徽记指环,33728,4,115,70,
100447,时空印戒,通用槽位,坦克,4,0,11,戒指,240,力量+45；耐力+83,招架等级+40；精准等级+25,招架等级+42；精准等级+27,招架等级×1.0500；精准等级×1.0800,4,192,193,1.0207,0,,,0,,,,,474,,45871,奥杜尔的徽记,239,4,0,11,无,,28675,谢尔曼指环,26001,4,115,70,
100448,奥术戒指,通用槽位,坦克,4,0,11,戒指,240,力量+72；耐力+109,防御等级+38；躲闪等级+39；招架等级+38,防御等级+40；躲闪等级+38；招架等级+38,防御等级×1.0526；躲闪等级×0.9744；招架等级×1.0000,5,310,296,1.0034,0,,,0,,,,,,,47149,叛君徽记,245,4,0,11,无,,28753,循环之戒,9846,4,115,70,
100449,余烬·临世,通用槽位,坦克,4,0,11,戒指,240,力量+72；耐力+109,防御等级+38；躲闪等级+39；招架等级+38,防御等级+37；躲闪等级+39；招架等级+41,防御等级×0.9737；躲闪等级×1.0000；招架等级×1.0789,5,310,296,1.0068,0,,,0,,,,,,,33499,末日防御者徽记,245,4,0,11,无,,31399,自然屏障,44086,4,115,70,
100450,幻光·披风,通用槽位,坦克,4,1,16,披风,240,力量+64；耐力+97,防御等级+41；躲闪等级+34；招架等级+38,防御等级+38；躲闪等级+34；招架等级+36,防御等级×0.9268；躲闪等级×1.0000；招架等级×0.9474,5,304,274,0.9818,2,蓝色,红色,0,,,,,164,,50859,千皮斗篷,251,4,1,16,无,,33484,多莉的拥抱,47589,4,136,70,
100451,镇岳披肩,通用槽位,坦克,4,1,16,披风,240,力量+53；耐力+107,防御等级+48；躲闪等级+46；命中等级+41,防御等级+44；躲闪等级+42；命中等级+42,防御等级×0.9167；躲闪等级×0.9130；命中等级×1.0244,5,274,295,0.9763,2,红色,黄色,0,,,,,165,,45319,造物者披风,232,4,1,16,无,,32420,夜色之末,45480,4,130,70,
100452,远征军之风暴,通用槽位,坦克,4,1,16,披风,240,力量+55；耐力+109,防御等级+48；躲闪等级+48；精准等级+36,防御等级+44；躲闪等级+51；精准等级+38,防御等级×0.9167；躲闪等级×1.0625；精准等级×1.0556,5,310,296,1.0034,0,,,0,,,,,164,,47275,恶魔领主的荣傲披风,245,4,1,16,无,,29925,凤翼披风,46126,4,128,70,
100453,星芒大氅,通用槽位,坦克,4,1,16,披风,240,力量+48；耐力+97,防御等级+72；命中等级+24；精准等级+31,防御等级+75；命中等级+23；精准等级+31,防御等级×1.0417；命中等级×0.9583；精准等级×1.0000,5,270,272,1.0074,0,,,0,,,,,162,,45496,泰坦外皮披风,239,4,1,16,无,,30098,锋鳞作战披风,43597,4,128,70,
100454,大领主之圣契,副手,法系输出,4,0,23,副手物品,240,智力+37；耐力+58,急速等级+53；法术强度+84；暴击等级+55,急速等级+52；法术强度+88；暴击等级+50,急速等级×0.9811；法术强度×1.0476；暴击等级×0.9091,5,267,287,0.9930,1,黄色,,0,,,,,,,50309,枯萎之心,232,4,0,23,无,,38322,铁箍之书,23171,4,200,77,
100455,唤潮者之洪荒,副手,法系输出,4,0,23,副手物品,240,耐力+52；智力+56,法术强度+85；暴击等级+41；命中等级+52,法术强度+79；暴击等级+37；命中等级+56,法术强度×0.9294；暴击等级×0.9024；命中等级×1.0769,5,283,286,0.9790,1,蓝色,,0,,,,,,,45617,宇宙,239,4,0,23,无,,35008,野蛮角斗士的决战,39505,4,159,70,
100456,岩心之圣契,副手,法系输出,4,0,23,副手物品,240,耐力+55；智力+52,法术强度+77；命中等级+41；急速等级+49,法术强度+83；命中等级+40；急速等级+48,法术强度×1.0779；命中等级×0.9756；急速等级×0.9796,5,287,274,1.0146,0,,,0,,,,,,,48032,光明邪使的专注,245,4,0,23,无,,34179,深渊之心,48894,4,154,70,
100457,轮回·圣契,副手,法系输出,4,0,23,副手物品,240,耐力+55；智力+52,法术强度+77；命中等级+41；急速等级+49,法术强度+75；命中等级+40；急速等级+46,法术强度×0.9740；命中等级×0.9756；急速等级×0.9388,5,287,274,0.9781,0,,,0,,,,,,,47958,降福圣杯,245,4,0,23,无,,34206,贵族精灵的赞美诗,48895,4,154,70,
100458,晨辉宝珠,副手,治疗,4,0,23,副手物品,240,耐力+55；智力+55；精神+48,法术强度+85；暴击等级+48,法术强度+86；暴击等级+45,法术强度×1.0118；暴击等级×0.9375,5,305,291,0.9931,0,,,0,,,,,,,47309,幻变咒符,245,4,0,23,无,,30911,净化节杖,39420,4,151,70,
100459,铸魂者之圣典,副手,治疗,4,0,23,副手物品,240,耐力+61；智力+54；精神+52,法术强度+84；急速等级+41,法术强度+81；急速等级+41,法术强度×0.9643；急速等级×1.0000,5,271,292,0.9897,1,黄色,,0,,,,,,,45271,愈石者,232,4,0,23,无,,30872,黑暗秘密编年史,45211,4,141,70,
100460,屠龙者之静潮,副手,治疗,4,0,23,副手物品,240,耐力+55；智力+55；精神+48,法术强度+85；暴击等级+48,法术强度+89；暴击等级+49,法术强度×1.0471；暴击等级×1.0208,5,305,291,1.0172,0,,,0,,,,,,,47138,炽光圣杯,245,4,0,23,无,,32350,灵感之触,41453,4,141,70,
100461,复苏法球,副手,治疗,4,0,23,副手物品,240,耐力+61；智力+54；精神+52,法术强度+84；急速等级+41,法术强度+76；急速等级+40,法术强度×0.9048；急速等级×0.9756,5,271,292,0.9692,1,蓝色,,0,,,,,,,45271,愈石者,232,4,0,23,无,,32361,盲眼先知圣像,45275,4,141,70,
100462,织法者坚盾,盾牌,法系输出,4,6,14,盾牌,240,耐力+71；智力+48,法术强度+76；急速等级+47；暴击等级+40,法术强度+75；急速等级+47；暴击等级+39,法术强度×0.9868；急速等级×1.0000；暴击等级×0.9750,5,280,282,0.9929,1,黄色,,0,,,,,8154,229,45470,智慧的坚持,239,4,6,14,无,,30314,相位壁垒,40867,5,175,70,
100463,大领主盾牌,盾牌,法系输出,4,6,14,盾牌,240,耐力+55；智力+55,法术强度+85；急速等级+48；暴击等级+48,法术强度+83；急速等级+51；暴击等级+52,法术强度×0.9765；急速等级×1.0625；暴击等级×1.0833,5,305,291,1.0172,1,蓝色,,0,,,,,8189,224,47287,决心壁垒,245,4,6,14,无,,34986,野蛮角斗士的屏障,49154,4,159,70,
100464,奥义塔盾,盾牌,法系输出,4,6,14,盾牌,240,耐力+55；智力+55,法术强度+85；急速等级+48；暴击等级+48,法术强度+78；急速等级+51；暴击等级+52,法术强度×0.9176；急速等级×1.0625；暴击等级×1.0833,5,305,291,1.0000,1,红色,,0,,,,,8189,224,47079,圣洁壁垒,245,4,6,14,无,,35073,野蛮角斗士的壁垒,49153,4,159,70,
100465,梦境·坚盾,盾牌,法系输出,4,6,14,盾牌,240,耐力+71；智力+48,法术强度+76；急速等级+47；暴击等级+40,法术强度+70；急速等级+43；暴击等级+41,法术强度×0.9211；急速等级×0.9149；暴击等级×1.0250,5,280,282,0.9681,2,黄色,蓝色,0,,,,,8154,229,45470,智慧的坚持,239,4,6,14,无,,35094,野蛮角斗士的墙盾,49155,4,159,70,
100466,暮星大盾,盾牌,治疗,4,6,14,盾牌,240,耐力+52；智力+48,每5秒法力回复+26；暴击等级+42；法术强度+77,每5秒法力回复+27；暴击等级+39；法术强度+70,每5秒法力回复×1.0385；暴击等级×0.9286；法术强度×0.9091,5,256,245,0.9633,1,蓝色,,0,,,,,8189,224,48040,库卡隆的荣耀,245,4,6,14,无,,34185,折戟壁垒,48907,4,154,70,
100467,苍翠盾牌,盾牌,治疗,4,6,14,盾牌,240,耐力+54；智力+56,每5秒法力回复+22；急速等级+51；法术强度+84,每5秒法力回复+22；急速等级+49；法术强度+79,每5秒法力回复×1.0000；急速等级×0.9608；法术强度×0.9405,5,248,267,0.9738,0,,,0,,,,,8147,236,45887,覆冰屏障,232,4,6,14,无,,34231,天使命运之盾,48906,4,154,70,
100468,冰冠堡垒之大盾,盾牌,治疗,4,6,14,盾牌,240,耐力+52；智力+48,每5秒法力回复+26；暴击等级+42；法术强度+77,每5秒法力回复+26；暴击等级+42；法术强度+75,每5秒法力回复×1.0000；暴击等级×1.0000；法术强度×0.9740,5,256,245,0.9918,1,红色,,0,,,,,8189,224,47963,警觉护盾,245,4,6,14,无,,30909,安东尼达斯的专注纹章盾,45204,4,151,70,
100469,苍翠塔盾,盾牌,治疗,4,6,14,盾牌,240,耐力+55；智力+55,法术强度+85；急速等级+48；每5秒法力回复+24,法术强度+85；急速等级+45；每5秒法力回复+22,法术强度×1.0000；急速等级×0.9375；每5秒法力回复×0.9167,5,296,267,0.9813,1,蓝色,,0,,,,,8221,219,51791,蓝龙军团的失落之盾,251,4,6,14,无,,32375,埃辛诺斯壁垒,45653,4,151,70,
100470,恒金之壁垒,盾牌,坦克,4,6,14,盾牌,240,力量+72；耐力+97,防御等级+38；躲闪等级+29；格挡等级+37,防御等级+40；躲闪等级+28；格挡等级+39,防御等级×1.0526；躲闪等级×0.9655；格挡等级×1.0541,5,271,273,1.0110,0,,,0,,,,,8154,229,45587,奥尔加隆的壁垒,239,4,6,14,无,,33661,复仇角斗士的屏障,42376,4,146,70,
100471,潮汐·护盾,盾牌,坦克,4,6,14,盾牌,240,力量+42；耐力+99,防御等级+38；格挡等级+35；招架等级+40,防御等级+41；格挡等级+35；招架等级+41,防御等级×1.0789；格挡等级×1.0000；招架等级×1.0250,5,236,254,1.0157,0,,,0,,,,,8147,236,45877,北风卫士,232,4,6,14,无,,30882,圣光壁垒,44863,4,141,70,
100472,剃刀高地之塔盾,盾牌,坦克,4,6,14,盾牌,240,力量+48；耐力+107,防御等级+72；命中等级+32；精准等级+32,防御等级+66；命中等级+34；精准等级+33,防御等级×0.9167；命中等级×1.0625；精准等级×1.0312,5,270,291,0.9897,1,黄色,,0,,,,,8285,234,45450,北地屏障,232,4,6,14,无,,30889,卡兹洛加之心,44865,4,141,70,
100473,永夜之壁垒,盾牌,坦克,4,6,14,盾牌,240,力量+72；耐力+97,防御等级+38；躲闪等级+29；格挡等级+37,防御等级+36；躲闪等级+27；格挡等级+34,防御等级×0.9474；躲闪等级×0.9310；格挡等级×0.9189,5,271,273,0.9744,0,,,0,,,,,8154,229,45587,奥尔加隆的壁垒,239,4,6,14,无,,32255,魔石壁垒,44869,4,141,70,
100474,精金之利斧,武器,力量输出,2,0,13,单手武器,240,力量+43；耐力+83,暴击等级+35；命中等级+28；精准等级+39,暴击等级+35；命中等级+27；精准等级+37,暴击等级×1.0000；命中等级×0.9643；精准等级×0.9487,5,199,228,0.9868,1,红色,,0,212.96-395.97,1600,190.29,,,,40402,最后的笑容,226,2,0,13,同子类坦克评级等价替换,防御等级→暴击等级；招架等级→精准等级,34995,野蛮角斗士的切碎者,49150,4,154,70,
100475,艾萨拉之利斧,武器,力量输出,2,0,13,单手武器,240,力量+56；耐力+83,暴击等级+29；护甲穿透等级+23；急速等级+33,暴击等级+28；护甲穿透等级+22；急速等级+32,暴击等级×0.9655；护甲穿透等级×0.9565；急速等级×0.9697,5,208,224,0.9866,1,黄色,,0,212.20-394.69,1600,189.65,,,,50290,法瑞克的断腕斧,232,2,0,13,同子类坦克评级等价替换,防御等级→暴击等级；招架等级→护甲穿透等级；格挡等级→急速等级,35110,野蛮角斗士的战斧,49152,4,154,70,
100476,龙鳞·短斧,武器,力量输出,2,0,13,单手武器,240,力量+55；耐力+84,精准等级+30；暴击等级+31；急速等级+26,精准等级+31；暴击等级+31；急速等级+26,精准等级×1.0333；暴击等级×1.0000；急速等级×1.0000,5,267,226,1.0044,1,蓝色,,0,211.82-394.75,1600,189.55,,,,51795,托格拜恩，冰霜之王的战斧,258,2,0,13,同子类坦克评级等价替换,防御等级→精准等级；招架等级→暴击等级；躲闪等级→急速等级,33669,复仇角斗士的利斧,46962,4,146,70,
100477,冰封·短斧,武器,敏捷输出,2,0,13,单手武器,240,敏捷+47；耐力+42,攻击强度+86；暴击等级+41；急速等级+23,攻击强度+89；暴击等级+42；急速等级+21,攻击强度×1.0349；暴击等级×1.0244；急速等级×0.9130,5,250,239,1.0084,1,红色,,0,344.03-640.84,2600,189.40,,,,48043,冰锋,245,2,0,13,无,,32236,涨潮,44959,4,141,70,
100478,自然·利斧,武器,敏捷输出,2,0,13,单手武器,240,敏捷+54；耐力+55,攻击强度+75；暴击等级+37；护甲穿透等级+37,攻击强度+74；暴击等级+37；护甲穿透等级+37,攻击强度×0.9867；暴击等级×1.0000；护甲穿透等级×1.0000,5,272,258,0.9961,2,黄色,蓝色,0,198.52-370.05,1500,189.52,,,,47266,血怒,245,2,0,13,无,,32254,残酷者,44960,4,141,70,
100479,唤潮者之利斧,武器,敏捷输出,2,0,13,单手武器,240,敏捷+32；耐力+63,攻击强度+106；暴击等级+32；命中等级+42,攻击强度+101；暴击等级+30；命中等级+46,攻击强度×0.9528；暴击等级×0.9375；命中等级×1.0952,5,228,275,0.9891,1,蓝色,,0,346.94-644.82,2600,190.72,,,,46031,疯狂之触,219,2,0,13,无,,33476,无情利斧,46999,4,138,70,
100480,凛冬之利斧,武器,坦克,2,0,13,单手武器,240,力量+55；耐力+84,防御等级+30；招架等级+31；躲闪等级+26,防御等级+30；招架等级+30；躲闪等级+26,防御等级×1.0000；招架等级×0.9677；躲闪等级×1.0000,5,267,226,0.9956,2,蓝色,红色,0,211.82-394.75,1600,189.55,,,,51795,托格拜恩，冰霜之王的战斧,258,2,0,13,无,,28433,邪恶位面战斧,41630,4,136,70,
100481,破晓战斧,武器,坦克,2,0,13,单手武器,240,力量+43；耐力+83,防御等级+35；命中等级+28；招架等级+39,防御等级+35；命中等级+28；招架等级+42,防御等级×1.0000；命中等级×1.0000；招架等级×1.0769,5,199,228,1.0132,0,,,0,212.96-395.97,1600,190.29,,,,40402,最后的笑容,226,2,0,13,无,,31965,残酷角斗士的利斧,41559,4,136,70,
100482,新月断空战斧,武器,坦克,2,0,13,单手武器,240,力量+48；耐力+83,防御等级+27；招架等级+29；躲闪等级+25,防御等级+29；招架等级+31；躲闪等级+24,防御等级×1.0741；招架等级×1.0690；躲闪等级×0.9600,5,284,212,1.0142,1,黄色,,0,212.26-395.90,1600,190.05,,,,51947,托格班恩，霜育王之斧,271,2,0,13,无,,29924,虚空梦魇,42177,4,134,70,
100483,仲裁者之重斧,武器,力量输出,2,1,17,双手武器,240,力量+140；耐力+148,命中等级+67；暴击等级+81,命中等级+73；暴击等级+80,命中等级×1.0896；暴击等级×0.9877,4,457,436,1.0115,2,红色,黄色,0,708.71-1064.03,3600,246.21,,,,48713,洛萨战斧,245,2,1,17,无,,30316,毁灭,41560,5,175,70,
100484,无畏战斧,武器,力量输出,2,1,17,双手武器,240,力量+148；耐力+147,精准等级+94；急速等级+75,精准等级+96；急速等级+78,精准等级×1.0213；急速等级×1.0400,4,455,464,1.0108,1,黄色,,0,670.05-1006.09,3400,246.49,,,,45165,开天,238,2,1,17,无,,34997,野蛮角斗士的斩首斧,49149,4,154,70,
100485,红龙之战斧,武器,力量输出,2,1,17,双手武器,240,力量+140；耐力+148,暴击等级+86；护甲穿透等级+79,暴击等级+86；护甲穿透等级+78,暴击等级×1.0000；护甲穿透等级×0.9873,4,474,453,0.9978,0,,,0,708.71-1064.03,3600,246.21,,,,47285,双刃屠斧,245,2,1,17,无,,33670,复仇角斗士的斩首斧,47732,4,146,70,
100486,魔铁破城斧,武器,力量输出,2,1,17,双手武器,240,力量+140；耐力+148,命中等级+67；暴击等级+81,命中等级+66；暴击等级+73,命中等级×0.9851；暴击等级×0.9012,4,457,436,0.9794,0,,,0,708.71-1064.03,3600,246.21,,,,48695,莫克什，舐血者,245,2,1,17,无,,34014,复仇角斗士的战斧,47771,4,146,70,
100487,铸魂者强弓,武器,敏捷输出,2,2,15,弓,240,敏捷+41；耐力+39,攻击强度+58；暴击等级+27；急速等级+23,攻击强度+53；暴击等级+27；急速等级+21,攻击强度×0.9138；暴击等级×1.0000；急速等级×0.9130,5,184,188,0.9628,0,,,0,414.69-709.87,2800,200.81,,25,,45327,海妖的悲鸣,238,2,2,15,无,,30318,灵弦长弓,41875,5,175,70,
100488,破晓者强弓,武器,敏捷输出,2,2,15,弓,240,敏捷+36；耐力+31,攻击强度+55；护甲穿透等级+23；命中等级+23,攻击强度+53；护甲穿透等级+23；命中等级+25,攻击强度×0.9636；护甲穿透等级×1.0000；命中等级×1.0870,5,176,168,1.0000,1,黄色,,0,422.06-705.64,2800,201.38,,,,48711,洛克夏拉，暗影诛灭者,245,2,2,15,无,,34334,索利达尔，群星之怒,48902,5,164,70,
100489,破天战弓,武器,敏捷输出,2,2,15,弓,240,敏捷+39；耐力+31,攻击强度+64；暴击等级+28；命中等级+25,攻击强度+69；暴击等级+30；命中等级+27,攻击强度×1.0781；暴击等级×1.0714；命中等级×1.0800,5,207,187,1.0481,2,蓝色,红色,0,437.02-724.52,2900,200.27,,,,50776,海洋之神骨弓,251,2,2,15,无,,23051,防御者之刃,35450,5,86,60,
100490,降临强弓,武器,敏捷输出,2,2,15,弓,240,敏捷+36；耐力+31,攻击强度+55；护甲穿透等级+23；命中等级+23,攻击强度+59；护甲穿透等级+23；命中等级+22,攻击强度×1.0727；护甲穿透等级×1.0000；命中等级×0.9565,5,176,168,1.0179,0,,,0,422.06-705.64,2800,201.38,,,,48697,狂击长弓,245,2,2,15,无,,34196,奎尔萨拉斯金弓,48294,4,154,70,
100491,潮汐破界火枪,武器,敏捷输出,2,3,26,远程武器,240,敏捷+38；耐力+41,攻击强度+44；暴击等级+27；急速等级+21,攻击强度+45；暴击等级+26；急速等级+20,攻击强度×1.0227；暴击等级×0.9630；急速等级×0.9524,5,201,171,0.9942,0,,,0,436.39-717.40,2900,198.93,,,,47523,菲斯克的自动火炮,258,2,3,26,无,,35075,野蛮角斗士的步枪,49393,4,154,70,
100492,铸魂者步枪,武器,敏捷输出,2,3,26,远程武器,240,敏捷+41；耐力+36,攻击强度+58；急速等级+29；护甲穿透等级+22,攻击强度+55；急速等级+27；护甲穿透等级+22,攻击强度×0.9483；急速等级×0.9310；护甲穿透等级×1.0000,5,183,186,0.9731,1,黄色,,0,430.01-735.41,2900,200.93,,25,,45261,巨人之灾,238,2,3,26,无,,34530,复仇角斗士的步枪,48183,4,146,70,
100493,追猎者之铳枪,武器,敏捷输出,2,3,26,远程武器,240,敏捷+37；耐力+22,攻击强度+64；暴击等级+29；命中等级+17,攻击强度+59；暴击等级+27；命中等级+17,攻击强度×0.9219；暴击等级×0.9310；命中等级×1.0000,5,177,169,0.9586,0,,,0,422.06-705.64,2800,201.38,,,,48022,大口径燧石火枪,245,2,3,26,无,,32325,坚韧卫士火枪,44962,4,141,70,
100494,秩序之铳枪,武器,敏捷输出,2,3,26,远程武器,240,敏捷+39；耐力+29,攻击强度+65；护甲穿透等级+28；急速等级+26,攻击强度+61；护甲穿透等级+28；急速等级+24,攻击强度×0.9385；护甲穿透等级×1.0000；急速等级×0.9231,5,206,187,0.9679,0,,,0,445.92-744.10,3000,198.34,,,,51385,打桩枪,251,2,3,26,无,,29949,奥金气枪,42178,4,134,70,
100495,守望钉锤,武器,力量输出,2,4,21,主手武器,240,耐力+84；力量+39,命中等级+25；精准等级+36；暴击等级+29,命中等级+24；精准等级+35；暴击等级+30,命中等级×0.9600；精准等级×0.9722；暴击等级×1.0345,5,197,213,0.9953,1,红色,,0,212.20-394.69,1600,189.65,,,,45876,战栗,232,2,4,13,同子类坦克评级等价替换,招架等级→精准等级；防御等级→暴击等级,30317,宇宙灌注者,41873,5,175,70,
100496,钢铁权杖,武器,力量输出,2,4,21,主手武器,240,力量+40；耐力+71,暴击等级+29；护甲穿透等级+36；精准等级+32,暴击等级+30；护甲穿透等级+39；精准等级+33,暴击等级×1.0345；护甲穿透等级×1.0833；精准等级×1.0312,5,207,208,1.0240,1,黄色,,0,211.56-394.91,1600,189.52,,,,45442,索萨利斯，守护者之锤,239,2,4,13,同子类坦克评级等价替换,防御等级→暴击等级；招架等级→护甲穿透等级,34335,圣灵之锤,48029,4,164,70,
100497,织法者之钉锤,武器,力量输出,2,4,21,主手武器,240,耐力+73；力量+55,急速等级+28；暴击等级+22；精准等级+31,急速等级+26；暴击等级+23；精准等级+34,急速等级×0.9286；暴击等级×1.0455；精准等级×1.0968,5,218,209,1.0096,0,,,0,212.01-394.14,1600,189.42,,,,48714,忠烈之锤,245,2,4,13,同子类坦克评级等价替换,躲闪等级→急速等级；招架等级→暴击等级；防御等级→精准等级,34176,哀难,47992,4,154,70,
100498,苍穹王座权杖,武器,坦克,2,4,21,主手武器,240,耐力+73；力量+55,躲闪等级+28；招架等级+22；防御等级+31,躲闪等级+26；招架等级+21；防御等级+29,躲闪等级×0.9286；招架等级×0.9545；防御等级×0.9355,5,218,209,0.9761,1,蓝色,,0,212.01-394.14,1600,189.42,,,,48699,鲜血与荣耀,245,2,4,13,无,,34199,执政官之槌,48908,4,154,70,
100499,裂地钉锤,武器,坦克,2,4,21,主手武器,240,耐力+83；力量+38,躲闪等级+41；命中等级+35；防御等级+33,躲闪等级+38；命中等级+37；防御等级+30,躲闪等级×0.9268；命中等级×1.0571；防御等级×0.9091,5,253,230,0.9826,2,红色,黄色,0,224.92-418.50,1700,189.24,,,,50760,断骨权杖,251,2,4,13,无,,34988,野蛮角斗士的碎骨锤,49136,4,154,70,
100500,破夜战锤,武器,坦克,2,4,21,主手武器,240,耐力+84；力量+43,躲闪等级+40；精准等级+28；防御等级+31,躲闪等级+39；精准等级+28；防御等级+30,躲闪等级×0.9750；精准等级×1.0000；防御等级×0.9677,5,197,226,0.9912,0,,,0,225.72-420.15,1700,189.96,,,,45892,雷霆的传承,225,2,4,13,无,,35014,野蛮角斗士的木槌,49135,4,154,70,
100501,灵能短锤,武器,法系输出,2,4,21,主手武器,240,耐力+36；智力+55,暴击等级+34；急速等级+52；法术强度+595,暴击等级+33；急速等级+55；法术强度+599,暴击等级×0.9706；急速等级×1.0577；法术强度×1.0067,5,807,772,1.0078,0,,,0,77.67-248.36,1500,108.68,,,,48709,碎心者,245,2,4,21,无,,35082,野蛮角斗士的拯救,49146,4,154,70,
100502,烈焰之短锤,武器,法系输出,2,4,21,主手武器,240,耐力+36；智力+55,暴击等级+34；急速等级+52；法术强度+595,暴击等级+33；急速等级+56；法术强度+616,暴击等级×0.9706；急速等级×1.0769；法术强度×1.0353,5,807,772,1.0311,2,蓝色,红色,0,77.67-248.36,1500,108.68,,,,48693,破心者,245,2,4,21,无,,32500,卡拉波水晶之塔,45365,4,151,70,
100503,泰坦监护者权杖,武器,法系输出,2,4,21,主手武器,240,耐力+55；智力+55,法术强度+595；急速等级+56；暴击等级+37,法术强度+640；急速等级+60；暴击等级+39,法术强度×1.0756；急速等级×1.0714；暴击等级×1.0541,5,834,798,1.0639,2,红色,黄色,0,93.02-297.27,1800,108.41,,,,47322,苦难之末,245,2,4,21,无,,33662,复仇角斗士的碎骨锤,47606,4,146,70,
100504,冰封镇海战锤,武器,治疗,2,4,21,主手武器,240,耐力+55；智力+56,法术强度+592；暴击等级+29；每5秒法力回复+24,法术强度+632；暴击等级+27；每5秒法力回复+23,法术强度×1.0676；暴击等级×0.9310；每5秒法力回复×0.9583,5,749,756,1.0489,0,,,0,94.79-300.51,1800,109.81,,,,45612,星座,239,2,4,21,无,,33687,复仇角斗士的木槌,47740,4,146,70,
100505,凛冬短锤,武器,治疗,2,4,21,主手武器,240,耐力+39；智力+52,法术强度+592；急速等级+53；每5秒法力回复+20,法术强度+580；急速等级+48；每5秒法力回复+21,法术强度×0.9797；急速等级×0.9057；每5秒法力回复×1.0500,5,743,756,0.9788,1,黄色,,0,100.67-307.11,1800,113.27,,,,45147,指路星,238,2,4,21,无,,34896,纳鲁赐福之槌,49111,4,146,70,
100506,深渊裂云钉锤,武器,治疗,2,4,21,主手武器,240,耐力+40；智力+43,法术强度+595；每5秒法力回复+24；暴击等级+48,法术强度+646；每5秒法力回复+22；暴击等级+52,法术强度×1.0857；每5秒法力回复×0.9167；暴击等级×1.0833,5,783,750,1.0707,1,红色,,0,93.02-297.27,1800,108.41,,,,48039,大地酋长之锤,245,2,4,21,无,,30108,浅水权杖,47438,4,141,70,
100507,符文镇压重锤,武器,力量输出,2,5,17,双手武器,240,力量+148；耐力+148,暴击等级+94；命中等级+75,暴击等级+93；命中等级+72,暴击等级×0.9894；命中等级×0.9600,4,456,465,0.9914,0,,,0,710.66-1064.97,3600,246.62,,,,45521,辟地,238,2,5,17,无,,17182,萨弗拉斯，炎魔拉格纳罗斯之手,29698,5,80,60,
100508,血色修道院战锤,武器,力量输出,2,5,17,双手武器,240,力量+135；耐力+113,暴击等级+120；急速等级+63,暴击等级+118；急速等级+58,暴击等级×0.9833；急速等级×0.9206,4,353,431,0.9838,0,,,0,716.06-1074.68,3600,248.71,,,,49802,千钧,219,2,5,17,无,,34989,野蛮角斗士的碾骨锤,49993,4,154,70,
100509,守望者破甲锤,武器,力量输出,2,5,17,双手武器,240,力量+129；耐力+153,暴击等级+84；护甲穿透等级+101,暴击等级+90；护甲穿透等级+108,暴击等级×1.0714；护甲穿透等级×1.0693,4,406,467,1.0278,2,蓝色,红色,0,693.29-1041.61,3500,247.84,,,,45282,铁魂,225,2,5,17,无,,33663,复仇角斗士的碾骨锤,47742,4,146,70,
100510,大地之重锤,武器,力量输出,2,5,17,双手武器,240,力量+132；耐力+148,暴击等级+85；精准等级+69,暴击等级+81；精准等级+72,暴击等级×0.9529；精准等级×1.0435,4,483,434,0.9977,1,红色,,0,688.34-1033.44,3500,245.97,,,,51562,公牛之心,251,2,5,17,无,,32332,诅咒火炬,45350,4,141,70,
100511,裂空长戟,武器,力量输出,2,6,17,双手武器,240,力量+140；耐力+148,命中等级+67；暴击等级+81,命中等级+67；暴击等级+84,命中等级×1.0000；暴击等级×1.0370,4,457,436,1.0069,1,红色,,0,708.71-1064.03,3600,246.21,,,,33492,托尔贝恩,245,2,1,17,同手位力量双手预算,,34183,魔脊之枪,47996,4,154,70,
100512,强攻战戟,武器,力量输出,2,6,17,双手武器,240,力量+147；耐力+148,暴击等级+89；急速等级+83,暴击等级+93；急速等级+82,暴击等级×1.0449；急速等级×0.9880,4,518,467,1.0064,1,黄色,,0,707.67-1062.88,3600,245.91,,,,50048,奎尔德拉，信仰之力,251,2,8,17,同手位力量双手预算,,35064,野蛮角斗士的痛苦之锯,49142,4,154,70,
100513,奥格瑞玛三叉戟,武器,力量输出,2,6,17,双手武器,240,力量+131；耐力+146,暴击等级+87；护甲穿透等级+70,暴击等级+82；护甲穿透等级+76,暴击等级×0.9425；护甲穿透等级×1.0857,4,430,434,1.0023,1,蓝色,,0,709.34-1065.02,3600,246.44,,,,45516,沃德雷萨，黑暗湮灭之剑,239,2,8,17,同手位力量双手预算,,33727,复仇角斗士的痛苦之锯,40368,4,146,70,
100514,烈日·长戟,武器,敏捷输出,2,6,17,双手武器,240,敏捷+85；耐力+135,暴击等级+93；急速等级+75；攻击强度+247,暴击等级+90；急速等级+74；攻击强度+238,暴击等级×0.9677；急速等级×0.9867；攻击强度×0.9636,5,556,635,0.9795,2,红色,黄色,0,633.93-952.01,3200,247.80,,,,45311,无情之刃,225,2,6,17,无,,32248,荒芜之戟,45318,4,141,70,
100515,不朽长矛,武器,敏捷输出,2,6,17,双手武器,240,敏捷+112；耐力+120,攻击强度+152；暴击等级+70；护甲穿透等级+85,攻击强度+162；暴击等级+71；护甲穿透等级+91,攻击强度×1.0658；暴击等级×1.0143；护甲穿透等级×1.0706,5,565,539,1.0315,0,,,0,610.49-915.74,3100,246.17,,,,49496,强化的暗影之击,245,2,6,17,无,,32025,残酷角斗士的痛苦之锯,41562,4,136,70,
100516,岩心之三叉戟,武器,敏捷输出,2,6,17,双手武器,240,耐力+99；敏捷+125,攻击强度+193；暴击等级+71；命中等级+91,攻击强度+209；暴击等级+76；命中等级+95,攻击强度×1.0829；暴击等级×1.0704；命中等级×1.0440,5,537,579,1.0432,0,,,0,671.38-1008.13,3400,246.99,,,,50296,逆戟鲸猎叉,232,2,6,17,无,,28774,深渊巨刃,40366,4,125,70,
100517,费伍德之利剑,武器,力量输出,2,7,21,主手武器,240,力量+40；耐力+84,暴击等级+38；精准等级+36；命中等级+31,暴击等级+38；精准等级+33；命中等级+30,暴击等级×1.0000；精准等级×0.9167；命中等级×0.9677,5,212,229,0.9825,2,红色,黄色,0,212.20-394.69,1600,189.65,,,,45110,泰坦禁卫,232,2,7,13,同子类坦克评级等价替换,防御等级→暴击等级；招架等级→精准等级,30311,迁跃切割者,41867,5,175,70,
100518,破云佩剑,武器,力量输出,2,7,21,主手武器,240,力量+55；耐力+73,暴击等级+30；命中等级+13,暴击等级+28；命中等级+13,暴击等级×0.9333；命中等级×1.0000,4,179,171,0.9883,1,黄色,,0,198.52-370.05,1500,189.52,,514,,48044,热情护卫者,245,2,7,13,同子类坦克评级等价替换,防御等级→暴击等级；躲闪等级→命中等级,32837,埃辛诺斯战刃,45479,5,156,70,
100519,唤星者佩剑,武器,力量输出,2,7,21,主手武器,240,力量+55；耐力+73,精准等级+30；急速等级+13,精准等级+30；急速等级+12,精准等级×1.0000；急速等级×0.9231,4,179,171,0.9942,1,蓝色,,0,198.52-370.05,1500,189.52,,514,,47967,十字军的荣耀,245,2,7,13,同子类坦克评级等价替换,防御等级→精准等级；躲闪等级→急速等级,32838,埃辛诺斯战刃,45481,5,156,70,
100520,蓝龙军团佩剑,武器,坦克,2,7,21,主手武器,240,力量+56；耐力+83,防御等级+29；招架等级+23；躲闪等级+33,防御等级+27；招架等级+22；躲闪等级+31,防御等级×0.9310；招架等级×0.9565；躲闪等级×0.9394,5,208,224,0.9777,1,蓝色,,0,225.99-420.15,1700,190.04,,,,50268,霜牙之爪,232,2,7,13,无,,22736,安杜尼苏斯，灵魂的收割者,35152,5,100,60,
100521,奥格瑞玛之利剑,武器,坦克,2,7,21,主手武器,240,力量+56；耐力+83,防御等级+29；躲闪等级+20,防御等级+29；躲闪等级+20,防御等级×1.0000；躲闪等级×1.0000,4,175,188,1.0000,1,红色,,0,198.41-370.29,1500,189.57,,459,,47899,热情护卫者,232,2,7,13,无,,19019,雷霆之怒，逐风者的祝福之剑,30606,5,80,60,
100522,诅咒之城之军刀,武器,坦克,2,7,21,主手武器,240,力量+56；耐力+83,防御等级+29；躲闪等级+20,防御等级+30；躲闪等级+20,防御等级×1.0345；躲闪等级×1.0000,4,175,188,1.0053,1,黄色,,0,198.41-370.29,1500,189.57,,459,,47810,十字军的荣耀,232,2,7,13,无,,61040,主-阿兹加洛战刃·绿,420106,5,70,70,
100523,深渊利剑,武器,法系输出,2,7,21,主手武器,240,耐力+53；智力+53,法术强度+597；暴击等级+49；急速等级+45,法术强度+655；暴击等级+50；急速等级+43,法术强度×1.0972；暴击等级×1.0204；急速等级×0.9556,5,878,797,1.0715,1,黄色,,0,109.42-345.60,2100,108.34,,,,50047,奎尔德拉，心灵之镜,251,2,7,21,无,,61041,副-阿兹加洛战刃·绿,421039,5,70,70,
100524,逐日者之短剑,武器,法系输出,2,7,21,主手武器,240,智力+60；耐力+42,暴击等级+49；法术强度+595；命中等级+42,暴击等级+45；法术强度+616；命中等级+46,暴击等级×0.9184；法术强度×1.0353；命中等级×1.0952,5,823,788,1.0266,1,蓝色,,0,125.62-397.96,2400,109.08,,,,49499,流光碧空之歌,245,2,7,21,无,,61042,主-阿兹加洛战刃·红,420108,5,70,70,
100525,命运·军刀,武器,法系输出,2,7,21,主手武器,240,耐力+49；智力+55,法术强度+595；命中等级+30；急速等级+50,法术强度+633；命中等级+28；急速等级+53,法术强度×1.0639；命中等级×0.9333；急速等级×1.0600,5,814,779,1.0501,2,红色,黄色,0,93.02-297.27,1800,108.41,,,,48708,魔法风暴,245,2,7,21,无,,61043,副-阿兹加洛战刃·红,421042,5,70,70,
100526,逐风佩剑,武器,敏捷输出,2,7,21,主手武器,240,敏捷+57；耐力+55,攻击强度+81；暴击等级+40；急速等级+32,攻击强度+78；暴击等级+40；急速等级+31,攻击强度×0.9630；暴击等级×1.0000；急速等级×0.9688,5,259,265,0.9849,0,,,0,331.88-617.07,2500,189.79,,,,45266,恶毒,238,2,7,13,无,,34164,龙鳞,48078,4,154,70,
100527,追猎军刀,武器,敏捷输出,2,7,21,主手武器,240,敏捷+54；耐力+49,攻击强度+65；护甲穿透等级+41；暴击等级+23,攻击强度+59；护甲穿透等级+37；暴击等级+22,攻击强度×0.9077；护甲穿透等级×0.9024；暴击等级×0.9565,5,243,232,0.9526,2,黄色,蓝色,0,198.52-370.05,1500,189.52,,,,48048,遗忘刻骨者,245,2,7,13,无,,34214,村正,48079,4,154,70,
100528,苍白佩剑,武器,敏捷输出,2,7,21,主手武器,240,敏捷+58；耐力+55,命中等级+39；暴击等级+22；攻击强度+76,命中等级+36；暴击等级+20；攻击强度+70,命中等级×0.9231；暴击等级×0.9091；攻击强度×0.9211,5,231,250,0.9560,1,蓝色,,0,198.41-370.29,1500,189.57,,,,46036,虚空弯刀,232,2,7,13,无,,35072,野蛮角斗士的迅捷之刃,49143,4,154,70,
100529,血月·阔剑,武器,力量输出,2,8,17,双手武器,240,力量+139；耐力+148,暴击等级+68；命中等级+92,暴击等级+72；命中等级+89,暴击等级×1.0588；命中等级×0.9674,4,499,447,1.0022,2,红色,黄色,0,669.02-1003.99,3400,246.03,,,,50761,堡垒卫士的巨剑,251,2,8,17,无,,13262,灰烬使者,23875,5,76,60,
100530,星海守护阔剑,武器,力量输出,2,8,17,双手武器,240,力量+147；耐力+148,暴击等级+89；急速等级+83,暴击等级+84；急速等级+80,暴击等级×0.9438；急速等级×0.9639,4,518,467,0.9829,2,黄色,蓝色,0,707.67-1062.88,3600,245.91,,,,50048,奎尔德拉，信仰之力,251,2,8,17,无,,50442,Ashbringer (Extra Effects),64030,5,76,60,
100531,银色北伐军之巨剑,武器,力量输出,2,8,17,双手武器,240,力量+123；耐力+154,护甲穿透等级+70；暴击等级+88,护甲穿透等级+69；暴击等级+82,护甲穿透等级×0.9857；暴击等级×0.9318,4,455,435,0.9839,0,,,0,708.71-1063.07,3600,246.08,,,,45868,艾塞尔之刃,245,2,8,17,无,,61030,天启·蓝,421007,5,32,27,
100532,祖达克之阔剑,武器,力量输出,2,8,17,双手武器,240,力量+139；耐力+171,精准等级+98；暴击等级+66,精准等级+90；暴击等级+70,精准等级×0.9184；暴击等级×1.0606,4,497,474,0.9916,1,红色,,0,688.49-1034.18,3500,246.10,,,,49498,锋锐的黑曜石之刃,245,2,8,17,无,,61031,天启·红,421009,5,32,27,
100533,寒冰皇冠权杖,武器,法系输出,2,10,17,双手武器,240,耐力+98；智力+114,法术强度+595；暴击等级+90；急速等级+123,法术强度+566；暴击等级+91；急速等级+126,法术强度×0.9513；暴击等级×1.0111；急速等级×1.0244,5,1067,1020,0.9755,1,黄色,,0,243.66-449.90,2100,165.13,,,,48045,黄泉法杖,245,2,10,17,无,,30313,瓦解法杖,41895,5,175,70,
100534,铸魂者之手杖,武器,法系输出,2,10,17,双手武器,240,耐力+98；智力+114,法术强度+597；暴击等级+91；命中等级+122,法术强度+568；暴击等级+97；命中等级+117,法术强度×0.9514；暴击等级×1.0659；命中等级×0.9590,5,1131,1022,0.9726,2,蓝色,红色,0,301.16-554.86,2600,164.62,,,,51582,席瓦娜的苍穹法杖,251,2,10,17,无,,22589,埃提耶什，守护者的传说之杖,35632,5,90,60,
100535,山岳守望权杖,武器,法系输出,2,10,17,双手武器,240,耐力+129；智力+131；精神+87,法术强度+592；急速等级+129,法术强度+598；急速等级+136,法术强度×1.0101；急速等级×1.0543,5,1049,1068,1.0122,0,,,0,252.16-460.60,2100,169.70,,,,45479,生命的缚誓者,238,2,10,17,无,,22630,埃提耶什，守护者的传说之杖,35631,5,90,60,
100536,死亡骑士之秘杖,武器,法系输出,2,10,17,双手武器,240,耐力+113；智力+131；精神+93,法术强度+592；命中等级+130,法术强度+556；命中等级+123,法术强度×0.9392；命中等级×0.9462,5,1039,1059,0.9594,2,黄色,蓝色,0,252.16-460.60,2100,169.70,,,,45171,热情,238,2,10,17,无,,22631,埃提耶什，守护者的传说之杖,35634,5,90,60,
100537,生命法杖,武器,治疗,2,10,17,双手武器,240,耐力+112；智力+129；精神+85,法术强度+592；暴击等级+105,法术强度+602；暴击等级+115,法术强度×1.0169；暴击等级×1.0952,5,1014,1023,1.0196,1,蓝色,,0,246.04-453.76,2100,166.62,,,,45457,无尽寒冬法杖,239,2,10,17,无,,22632,埃提耶什，守护者的传说之杖,35633,5,90,60,
100538,血月冻结权杖,武器,治疗,2,10,17,双手武器,240,耐力+120；智力+121；精神+91,急速等级+99；法术强度+589,急速等级+99；法术强度+633,急速等级×1.0000；法术强度×1.0747,5,950,1020,1.0431,1,黄色,,0,246.89-456.37,2100,167.44,,,,45886,冰核法杖,232,2,10,17,无,,61036,安东尼达斯法杖·紫,420603,5,70,70,
100539,青铜·权杖,武器,治疗,2,10,17,双手武器,240,耐力+129；智力+129；精神+131,法术强度+592；暴击等级+88,法术强度+618；暴击等级+92,法术强度×1.0439；暴击等级×1.0455,5,1049,1069,1.0281,0,,,0,252.16-460.60,2100,169.70,,,,45234,专注,238,2,10,17,无,,61037,安东尼达斯法杖·红,420604,5,70,70,
100540,先知权杖,武器,治疗,2,10,17,双手武器,240,耐力+87；智力+90；精神+122,法术强度+597；急速等级+124,法术强度+636；急速等级+130,法术强度×1.0653；急速等级×1.0484,5,1127,1020,1.0441,2,蓝色,黄色,0,358.65-661.63,3100,164.56,,,,50805,玛格汉大酋长的法杖,251,2,10,17,无,,34337,辛多雷金杖,48030,4,164,70,
100541,铁炉堡之神杖,武器,敏捷输出,2,10,17,双手武器,240,敏捷+105；耐力+130,攻击强度+250；暴击等级+65；急速等级+84,攻击强度+243；暴击等级+69；急速等级+78,攻击强度×0.9720；暴击等级×1.0615；急速等级×0.9286,5,561,634,0.9858,1,红色,,0,475.76-713.63,2400,247.79,,,,40388,旅途的终结,226,2,10,17,无,,34182,大魔导师的洪流法杖,49132,4,154,70,
100542,余烬之手杖,武器,敏捷输出,2,10,17,双手武器,240,敏捷+107；耐力+117,攻击强度+192；暴击等级+82；护甲穿透等级+77,攻击强度+187；暴击等级+83；护甲穿透等级+78,攻击强度×0.9740；暴击等级×1.0122；护甲穿透等级×1.0130,5,679,575,0.9948,1,黄色,,0,471.33-707.87,2400,245.67,,,,51797,诺达希尔的污染嫩枝,258,2,10,17,无,,34198,远古本能之柱,48290,4,154,70,
100543,夜幕秘杖,武器,敏捷输出,2,10,17,双手武器,240,敏捷+131；耐力+130,攻击强度+171；命中等级+75；暴击等级+93,攻击强度+176；命中等级+78；暴击等级+89,攻击强度×1.0292；命中等级×1.0400；暴击等级×0.9570,5,589,600,1.0067,1,蓝色,,0,473.10-710.66,2400,246.62,,,,45256,扭曲的面容,238,2,10,17,无,,34987,野蛮角斗士的战斗法杖,47994,4,154,70,
100544,天启缚龙铁拳,武器,敏捷输出,2,13,21,主手武器,240,敏捷+52；耐力+42,暴击等级+38；急速等级+36；攻击强度+89,暴击等级+36；急速等级+38；攻击强度+81,暴击等级×0.9474；急速等级×1.0556；攻击强度×0.9101,5,303,257,0.9689,0,,,0,393.87-591.69,2600,189.53,,,,51801,普尤斯，抗争之拳,258,2,13,21,无,,34331,欺诈者之手,48028,4,164,70,
100545,御风利爪,武器,敏捷输出,2,13,21,主手武器,240,敏捷+35；耐力+55,攻击强度+95；护甲穿透等级+37；暴击等级+27,攻击强度+98；护甲穿透等级+35；暴击等级+28,攻击强度×1.0316；护甲穿透等级×0.9459；暴击等级×1.0370,5,247,249,1.0080,1,黄色,,0,198.46-369.73,1500,189.40,,,,45494,狂乱之触,239,2,13,22,无,,34203,玛诺洛斯之握,48002,4,154,70,
100546,风暴领主利爪,武器,敏捷输出,2,13,21,主手武器,240,敏捷+45；耐力+49,命中等级+37；暴击等级+32；攻击强度+88,命中等级+34；暴击等级+31；攻击强度+93,命中等级×0.9189；暴击等级×0.9688；攻击强度×1.0568,5,263,251,1.0040,1,蓝色,,0,408.60-613.86,2700,189.34,,,,45449,切碎者,245,2,13,21,无,,34346,复仇,48038,4,154,70,
100547,余烬拳套,武器,敏捷输出,2,13,22,副手武器,240,敏捷+52；耐力+42,暴击等级+38；急速等级+36；攻击强度+89,暴击等级+36；急速等级+33；攻击强度+93,暴击等级×0.9474；急速等级×0.9167；攻击强度×1.0449,5,303,257,0.9961,0,,,0,393.87-591.69,2600,189.53,,,,51801,普尤斯，抗争之拳,258,2,13,21,无,,35037,野蛮角斗士的左拳套,49139,4,154,70,
100548,星陨镇渊拳刃,武器,敏捷输出,2,13,22,副手武器,240,敏捷+54；耐力+42,护甲穿透等级+30；暴击等级+37；攻击强度+71,护甲穿透等级+33；暴击等级+39；攻击强度+66,护甲穿透等级×1.1000；暴击等级×1.0541；攻击强度×0.9296,5,245,234,1.0000,2,黄色,蓝色,0,394.14-591.69,2600,189.58,,,,48712,碎脊之拳,245,2,13,21,无,,35076,野蛮角斗士的右拳刃,49145,4,154,70,
100549,峥嵘铁拳,武器,敏捷输出,2,13,22,副手武器,240,敏捷+58；耐力+55,攻击强度+84；暴击等级+27；命中等级+37,攻击强度+80；暴击等级+28；命中等级+35,攻击强度×0.9524；暴击等级×1.0370；命中等级×0.9459,5,242,261,0.9808,2,蓝色,红色,0,394.69-592.04,2600,189.76,,,,50315,七指之爪,232,2,13,21,无,,33705,复仇角斗士的左拳刃,46967,4,146,70,
100550,暮光审判官尖刺,武器,敏捷输出,2,15,21,主手武器,240,敏捷+48；耐力+55,攻击强度+81；暴击等级+29；急速等级+24,攻击强度+79；暴击等级+31；急速等级+24,攻击强度×0.9753；暴击等级×1.0690；急速等级×1.0000,5,234,237,1.0000,0,,,0,273.01-410.02,1800,189.73,,,,45607,湮灭之牙,239,2,15,13,无,,30312,无尽之刃,41872,5,175,70,
100551,缚霜者之刺刀,武器,敏捷输出,2,15,21,主手武器,240,敏捷+49；耐力+36,暴击等级+39；护甲穿透等级+35；攻击强度+72,暴击等级+42；护甲穿透等级+33；攻击强度+76,暴击等级×1.0769；护甲穿透等级×0.9429；攻击强度×1.0556,5,241,231,1.0216,2,黄色,蓝色,0,272.72-409.56,1800,189.52,,,,48025,天罚,245,2,15,13,无,,17142,污染者碎片,29097,5,70,60,
100552,燃烬者尖刺,武器,敏捷输出,2,15,21,主手武器,240,敏捷+61；耐力+43,命中等级+33；攻击强度+80；暴击等级+40,命中等级+32；攻击强度+87；暴击等级+39,命中等级×0.9697；攻击强度×1.0875；暴击等级×0.9750,5,211,257,1.0195,0,,,0,274.52-412.36,1800,190.80,,,,49682,黑骑士的挽歌之刃,219,2,15,13,无,,34329,天启,48026,4,164,70,
100553,远征军之尖刺,武器,法系输出,2,15,21,主手武器,240,耐力+58；智力+53,法术强度+592；急速等级+52；暴击等级+31,法术强度+628；急速等级+56；暴击等级+28,法术强度×1.0608；急速等级×1.0769；暴击等级×0.9032,5,772,786,1.0471,1,黄色,,0,100.67-307.11,1800,113.27,,,,45527,灵魂之痕,238,2,15,21,无,,34336,日灸,48031,4,164,70,
100554,紫电短刃,武器,法系输出,2,15,21,主手武器,240,耐力+40；智力+55,法术强度+597；暴击等级+42；命中等级+55,法术强度+622；暴击等级+40；命中等级+53,法术强度×1.0419；暴击等级×0.9524；命中等级×0.9636,5,870,789,1.0266,2,蓝色,红色,0,93.92-296.36,1800,108.41,,,,51788,考达拉寒风匕首,251,2,15,21,无,,34165,卡雷苟斯之牙,49970,4,154,70,
100555,寒霜短刃,武器,法系输出,2,15,21,主手武器,240,耐力+40；智力+56；精神+43,法术强度+592；命中等级+39,法术强度+538；命中等级+42,法术强度×0.9088；命中等级×1.0769,5,764,770,0.9338,2,红色,黄色,0,94.79-300.51,1800,109.81,,,,45620,星辰碎片之刃,239,2,15,21,无,,34197,放血剃刀,49971,4,154,70,
100556,万法王之短刃,武器,治疗,2,15,21,主手武器,240,耐力+41；智力+56；精神+57,暴击等级+43；法术强度+586,暴击等级+47；法术强度+540,暴击等级×1.0930；法术强度×0.9215,5,685,783,0.9464,0,,,0,102.07-310.73,1800,114.67,,,,45685,等离子薄片,225,2,15,21,无,,35058,野蛮角斗士的切割者,49141,4,154,70,
100557,秘银之利刃,武器,治疗,2,15,21,主手武器,240,耐力+40；智力+43；精神+42,急速等级+63；法术强度+586,急速等级+62；法术强度+567,急速等级×0.9841；法术强度×0.9676,5,679,774,0.9742,1,黄色,,0,102.07-310.73,1800,114.67,,,,45332,风暴之刺,225,2,15,21,无,,35102,野蛮角斗士的法术之刃,49147,4,154,70,
100558,山岳尖刺,武器,治疗,2,15,21,主手武器,240,智力+55；耐力+38,暴击等级+44；法术强度+595；每5秒法力回复+28,暴击等级+44；法术强度+563；每5秒法力回复+27,暴击等级×1.0000；法术强度×0.9462；每5秒法力回复×0.9643,5,794,760,0.9566,0,,,0,77.67-248.36,1500,108.68,,,,49494,砺亮的秘法之牙,245,2,15,21,无,,32471,埃辛诺斯碎片,45487,4,151,70,
100559,掠影短刃,武器,敏捷输出,2,15,22,副手武器,240,敏捷+56；耐力+48,攻击强度+64；急速等级+37；暴击等级+28,攻击强度+68；急速等级+39；暴击等级+29,攻击强度×1.0625；急速等级×1.0541；暴击等级×1.0357,5,232,233,1.0300,2,红色,黄色,0,185.37-345.55,1400,189.61,,,,45484,扭曲之刃,239,2,15,13,无,,33754,复仇角斗士的军刺,47733,4,146,70,
100560,刀锋山刺刀,武器,敏捷输出,2,15,22,副手武器,240,敏捷+49；耐力+36,暴击等级+39；护甲穿透等级+35；攻击强度+72,暴击等级+42；护甲穿透等级+37；攻击强度+75,暴击等级×1.0769；护甲穿透等级×1.0571；攻击强度×1.0417,5,241,231,1.0346,0,,,0,272.72-409.56,1800,189.52,,,,47953,冰瀑匕首,245,2,15,13,无,,33763,复仇角斗士的法术之刃,46973,4,146,70,
100561,星语者短刃,武器,敏捷输出,2,15,22,副手武器,240,敏捷+61；耐力+43,命中等级+33；攻击强度+80；暴击等级+40,命中等级+30；攻击强度+72；暴击等级+42,命中等级×0.9091；攻击强度×0.9000；暴击等级×1.0500,5,211,257,0.9650,2,蓝色,红色,0,274.52-412.36,1800,190.80,,,,49682,黑骑士的挽歌之刃,219,2,15,13,无,,34894,锯刃,48888,4,146,70,
100562,黑暗神殿之标枪,武器,敏捷输出,2,16,25,投掷武器,240,敏捷+42；耐力+36,攻击强度+57；暴击等级+28；急速等级+25,攻击强度+62；暴击等级+26；急速等级+25,攻击强度×1.0877；暴击等级×0.9286；急速等级×1.0000,5,174,188,1.0160,2,红色,黄色,0,354.97-532.99,1800,246.66,,,,50169,老爹的最新款飞刀,232,2,16,25,无,,34349,死亡飞刀,48035,4,154,70,
100563,穿云标枪,武器,敏捷输出,2,16,25,投掷武器,240,敏捷+40；耐力+41,攻击强度+55；精准等级+27；护甲穿透等级+27,攻击强度+52；精准等级+29；护甲穿透等级+28,攻击强度×0.9455；精准等级×1.0741；护甲穿透等级×1.0370,5,199,190,1.0000,1,黄色,,0,354.92-532.38,1800,246.47,,,,47659,血色之星,245,2,16,25,无,,35108,野蛮角斗士的战刃,38679,4,154,70,
100564,森罗回响飞斧,武器,敏捷输出,2,16,25,投掷武器,240,敏捷+39；耐力+37,攻击强度+60；暴击等级+28；命中等级+25,攻击强度+59；暴击等级+29；命中等级+23,攻击强度×0.9833；暴击等级×1.0357；命中等级×0.9200,5,209,189,0.9894,0,,,0,354.61-532.83,1800,246.51,,,,50999,格拉斯的玩具刀,251,2,16,25,无,,32326,萨拉克的扭曲飞刀,45738,4,141,70,
100565,镇渊重弩,武器,敏捷输出,2,18,26,远程武器,240,敏捷+33；耐力+41,攻击强度+55；暴击等级+29；急速等级+17,攻击强度+57；暴击等级+28；急速等级+16,攻击强度×1.0364；暴击等级×0.9655；急速等级×0.9412,5,183,175,1.0000,0,,,0,485.60-680.98,2900,201.13,,,,48052,暗喉之弩,245,2,18,26,无,,35018,野蛮角斗士的重弩,49138,4,154,70,
100566,守护弩炮,武器,敏捷输出,2,18,26,远程武器,240,敏捷+38；耐力+35,攻击强度+61；暴击等级+27；护甲穿透等级+28,攻击强度+59；暴击等级+28；护甲穿透等级+28,攻击强度×0.9672；暴击等级×1.0370；护甲穿透等级×1.0000,5,223,189,0.9947,2,黄色,蓝色,0,499.20-694.25,3000,198.91,,,,51802,风行者的穿心弩,258,2,18,26,无,,33006,复仇角斗士的重弩,46964,4,146,70,
100567,霜痕·重弩,武器,敏捷输出,2,18,26,远程武器,240,敏捷+41；耐力+40,攻击强度+58；暴击等级+28；命中等级+23,攻击强度+56；暴击等级+26；命中等级+23,攻击强度×0.9655；暴击等级×0.9286；命中等级×1.0000,5,189,190,0.9789,1,蓝色,,0,470.96-663.99,2800,202.67,,,,45570,天铸之弩,239,2,18,26,无,,34892,无情打击之弩,49114,4,146,70,
100568,涅槃镇压重弩,武器,敏捷输出,2,18,26,远程武器,240,敏捷+40；耐力+41,攻击强度+55；急速等级+27；护甲穿透等级+27,攻击强度+58；急速等级+26；护甲穿透等级+25,攻击强度×1.0545；急速等级×0.9630；护甲穿透等级×0.9259,5,199,190,1.0000,1,红色,,0,469.48-658.22,2800,201.38,,,,47267,亡颅强弩,245,2,18,26,无,,32253,军团杀手,45491,4,141,70,
100569,守望者之星珠,武器,法系输出,2,19,26,远程武器,240,耐力+38；智力+28,暴击等级+30；急速等级+23；法术强度+48,暴击等级+27；急速等级+24；法术强度+48,暴击等级×0.9000；急速等级×1.0435；法术强度×1.0000,5,174,167,0.9880,0,,,0,438.15-814.67,1800,348.01,,,,47995,灵魂囚禁节杖,245,2,19,26,无,,34347,魔魂手杖,48040,4,154,70,
100570,天启者之咒珠,武器,法系输出,2,19,26,远程武器,240,耐力+36；智力+29,暴击等级+24；命中等级+29；法术强度+47,暴击等级+26；命中等级+27；法术强度+48,暴击等级×1.0833；命中等级×0.9310；法术强度×1.0213,5,153,165,1.0061,1,蓝色,,0,513.06-953.89,2100,349.27,,,,50291,碎魂者,232,2,19,26,无,,34348,净化光芒魔杖,48042,4,154,70,
100571,新月断空灵珠,武器,法系输出,2,19,26,远程武器,240,耐力+36；智力+27；精神+25,法术强度+48；命中等级+30,法术强度+44；命中等级+27,法术强度×0.9167；命中等级×0.9000,5,162,166,0.9578,1,红色,,0,420.30-780.70,1800,333.61,,,,45257,石英水晶魔杖,238,2,19,26,无,,34985,野蛮角斗士的光明法杖,46606,4,154,70,
100572,紫电之咒珠,武器,法系输出,2,19,26,远程武器,240,耐力+31；智力+30；精神+27,法术强度+48；命中等级+27,法术强度+51；命中等级+26,法术强度×1.0625；命中等级×0.9630,5,170,163,1.0123,1,黄色,,0,438.15-814.67,1800,348.01,,,,47658,硫磺燃杖,245,2,19,26,无,,32343,棱光聚焦魔杖,45357,4,141,70,
100573,冻结咒珠,武器,治疗,2,19,26,远程武器,240,耐力+42；智力+28；精神+27,法术强度+48；暴击等级+25,法术强度+51；暴击等级+23,法术强度×1.0625；暴击等级×0.9200,5,166,170,1.0059,1,蓝色,,0,467.00-868.00,2000,333.75,,,,45170,创世权杖,238,2,19,26,无,,32363,纳鲁生命魔杖,41668,4,141,70,
100574,生命星珠,武器,治疗,2,19,26,远程武器,240,耐力+37；智力+30；精神+27,法术强度+47；急速等级+26,法术强度+50；急速等级+27,法术强度×1.0638；急速等级×1.0385,5,137,167,1.0240,1,黄色,,0,442.92-822.57,1800,351.52,,,,49852,棺钉,219,2,19,26,无,,29982,遗忘之星,42181,4,134,70,
100575,救赎灵珠,武器,治疗,2,19,26,远程武器,240,耐力+39；智力+28；精神+30,暴击等级+22；法术强度+48,暴击等级+20；法术强度+52,暴击等级×0.9091；法术强度×1.0833,5,185,167,1.0120,2,红色,蓝色,0,534.71-993.95,2200,347.42,,,,51553,兰娜瑟尔的染血之指,251,2,19,26,无,,33192,雕刻过的巫医之杖,48216,4,132,70,
100576,寒冰皇冠法珠,武器,治疗,2,19,26,远程武器,240,耐力+37；智力+30；精神+27,法术强度+47；急速等级+26,法术强度+47；急速等级+28,法术强度×1.0000；急速等级×1.0769,5,137,167,1.0120,2,蓝色,黄色,0,442.92-822.57,1800,351.52,,,,49852,棺钉,219,2,19,26,无,,32482,Touch of Victory,41367,4,130,70,
100577,迅影巨锤,武器,猫德,2,5,17,双手武器,240,敏捷+124；耐力+130,攻击强度+178；暴击等级+93；精准等级+76,攻击强度+175；暴击等级+96；精准等级+73,攻击强度×0.9831；暴击等级×1.0323；精准等级×0.9605,5,666,601,0.9950,2,红色,黄色,0,629.45-944.17,3200,245.88,2675,,,50052,圣光之塔,251,2,5,17,无,,28442,风暴使者,39584,4,136,70,
100578,疾影重锤,武器,猫德,2,5,17,双手武器,240,敏捷+124；耐力+130,攻击强度+178；暴击等级+93；精准等级+76,攻击强度+163；暴击等级+97；精准等级+76,攻击强度×0.9157；暴击等级×1.0430；精准等级×1.0000,5,666,601,0.9817,1,黄色,,0,629.45-944.17,3200,245.88,2675,,,50052,圣光之塔,251,2,5,17,无,,31959,残酷角斗士的碾骨锤,41558,4,136,70,
100579,屠龙者之长矛,武器,猫德,2,6,17,双手武器,240,敏捷+117；耐力+129,攻击强度+157；暴击等级+86；急速等级+75,攻击强度+162；暴击等级+86；急速等级+75,攻击强度×1.0318；暴击等级×1.0000；急速等级×1.0000,5,708,564,1.0089,0,,,0,668.15-1003.48,3400,245.83,2674,,,50178,血瀑,264,2,6,17,无,,32184,Chancellor's Painsaw,42086,4,105,70,
100580,泰坦监护者长枪,武器,猫德,2,6,17,双手武器,240,耐力+99；敏捷+125,攻击强度+193；暴击等级+71；命中等级+91,攻击强度+190；暴击等级+71；命中等级+97,攻击强度×0.9845；暴击等级×1.0000；命中等级×1.0659,5,537,579,1.0052,1,黄色,,0,671.38-1008.13,3400,246.99,2690,,,50296,逆戟鲸猎叉,232,2,6,17,无,,30830,流放部族之戟,42906,4,100,70,
100581,疾影长矛,武器,猫德,2,6,17,双手武器,240,敏捷+120；耐力+130,攻击强度+160；暴击等级+86；护甲穿透等级+86,攻击强度+172；暴击等级+89；护甲穿透等级+92,攻击强度×1.0750；暴击等级×1.0349；护甲穿透等级×1.0698,5,609,582,1.0361,2,蓝色,红色,0,688.49-1034.18,3500,246.10,2678,,,47329,恶徒长戟,245,2,6,17,无,,23039,蛛魔之眼,35259,4,83,60,
100582,生长降世秘杖,武器,猫德,2,10,17,双手武器,240,敏捷+105；耐力+110,攻击强度+184；暴击等级+86；急速等级+88,攻击强度+176；暴击等级+84；急速等级+91,攻击强度×0.9565；暴击等级×0.9767；急速等级×1.0341,5,716,573,0.9878,1,红色,,0,471.30-708.19,2400,245.73,2673,,,50040,天涯,264,2,10,17,无,,35103,野蛮角斗士的法杖,49148,4,154,70,
100583,新月·手杖,武器,猫德,2,10,17,双手武器,240,敏捷+117；耐力+116,攻击强度+189；暴击等级+86；命中等级+79,攻击强度+206；暴击等级+89；命中等级+86,攻击强度×1.0899；暴击等级×1.0349；命中等级×1.0886,5,652,587,1.0460,1,黄色,,0,472.09-708.59,2400,245.97,2676,,,50998,冰河之柱,251,2,10,17,无,,30908,阿古斯的使徒,45205,4,151,70,
100584,天火之秘杖,武器,猫德,2,10,17,双手武器,240,敏捷+97；耐力+117,攻击强度+199；暴击等级+81；护甲穿透等级+75,攻击强度+203；暴击等级+78；护甲穿透等级+74,攻击强度×1.0201；暴击等级×0.9630；护甲穿透等级×0.9867,5,755,569,1.0000,1,蓝色,,0,472.33-708.90,2400,246.09,2678,,,51945,受污染的嫩枝，诺达希尔,271,2,10,17,无,,32374,扎尔杜姆，吞噬者的法杖,45161,4,151,70,
100585,暮光之巨锤,武器,熊T,2,5,17,双手武器,240,敏捷+124；耐力+130,攻击强度+178；暴击等级+93；精准等级+76,攻击强度+170；暴击等级+99；精准等级+77,攻击强度×0.9551；暴击等级×1.0645；精准等级×1.0132,5,666,601,0.9983,1,蓝色,,0,629.45-944.17,3200,245.88,2675,,,50052,圣光之塔,251,2,5,17,无,,28800,纳鲁之锤,43531,4,125,70,
100586,奥妮克希亚破甲锤,武器,熊T,2,5,17,双手武器,240,敏捷+124；耐力+130,攻击强度+178；暴击等级+93；精准等级+76,攻击强度+180；暴击等级+84；精准等级+79,攻击强度×1.0112；暴击等级×0.9032；精准等级×1.0395,5,666,601,0.9933,0,,,0,629.45-944.17,3200,245.88,2675,,,50052,圣光之塔,251,2,5,17,无,,28441,惊雷,39583,4,123,70,
100587,烈焰之长矛,武器,熊T,2,6,17,双手武器,240,敏捷+114；耐力+130,攻击强度+165；命中等级+65；急速等级+86,攻击强度+165；命中等级+63；急速等级+87,攻击强度×1.0000；命中等级×0.9692；急速等级×1.0116,5,554,560,0.9982,0,,,0,690.20-1035.80,3500,246.57,2685,,,45533,堕落黑暗之刃,239,2,6,17,无,,18869,大元帅的长刀,31761,4,78,60,
100588,守护者之长枪,武器,熊T,2,6,17,双手武器,240,耐力+99；敏捷+125,攻击强度+193；暴击等级+71；命中等级+91,攻击强度+201；暴击等级+73；命中等级+85,攻击强度×1.0415；暴击等级×1.0282；命中等级×0.9341,5,537,579,1.0069,1,红色,,0,671.38-1008.13,3400,246.99,2690,,,50296,逆戟鲸猎叉,232,2,6,17,无,,18871,高阶督军的赶猪棒,31766,4,78,60,
100589,星陨焚烧战戟,武器,熊T,2,6,17,双手武器,240,敏捷+83；耐力+172,精准等级+68；攻击强度+184；急速等级+60,精准等级+64；攻击强度+170；急速等级+54,精准等级×0.9412；攻击强度×0.9239；急速等级×0.9000,5,593,567,0.9577,0,,,0,610.49-915.74,3100,246.17,2679,,,49497,强化的雷霆之击,245,2,6,17,无,,21635,沙漠掠夺者之刺,34250,4,77,60,
100590,镇魂使之法杖,武器,熊T,2,10,17,双手武器,240,敏捷+98；耐力+141,攻击强度+215；暴击等级+79；命中等级+61,攻击强度+234；暴击等级+83；命中等级+60,攻击强度×1.0884；暴击等级×1.0506；命中等级×0.9836,5,552,594,1.0370,0,,,0,553.46-830.73,2800,247.18,2693,,,46033,苦痛之地,232,2,10,17,无,,33716,复仇角斗士的法杖,47744,4,146,70,
100591,失落·神杖,武器,熊T,2,10,17,双手武器,240,敏捷+131；耐力+130,攻击强度+171；命中等级+75；暴击等级+93,攻击强度+174；命中等级+70；暴击等级+89,攻击强度×1.0175；命中等级×0.9333；暴击等级×0.9570,5,589,600,0.9900,1,红色,,0,473.10-710.66,2400,246.62,2685,,,45256,扭曲的面容,238,2,10,17,无,,33766,复仇角斗士的作战法杖,47743,4,146,70,
100592,星海·神杖,武器,熊T,2,10,17,双手武器,240,敏捷+105；耐力+117,攻击强度+196；暴击等级+86；命中等级+72,攻击强度+215；暴击等级+79；命中等级+67,攻击强度×1.0969；暴击等级×0.9186；命中等级×0.9306,5,721,576,1.0122,1,黄色,,0,471.30-708.19,2400,245.73,2673,,,51881,冰河之柱,264,2,10,17,无,,34898,森林之王的法杖,48935,4,146,70,
