entry,名称,分组,定位,class,subclass,InventoryType,槽位,装等,白字属性,绿字归一值,绿字最终值,绿字最终随机系数,属性条数,模板原始属性总和,230归一属性总和,随机前后总属性比,插槽数量,插槽1颜色,插槽2颜色,插槽Bonus,伤害,攻速毫秒,DPS,护甲,格挡值,基准entry,基准名称,基准装等,基准class,基准subclass,基准InventoryType,预算回退方式,等价词条映射,外观entry,外观名称,displayid,外观品质,外观物品装等,外观需求等级
99423,暮光审判官临世头巾,护甲,法系输出,4,1,1,头部,230,智力+63；耐力+88,暴击等级+71；急速等级+63；法术强度+130,暴击等级+77；急速等级+68；法术强度+135,暴击等级×1.0845；急速等级×1.0794；法术强度×1.0385,5,422,415,1.0386,0,,,0,,,,257,,49317,卓越头冠,232,4,1,1,无,,42553,外观液化护目镜,44949,4,200,72
99424,潮汐之兜帽,护甲,法系输出,4,1,1,头部,230,智力+79；耐力+69,命中等级+55；暴击等级+73；法术强度+130,命中等级+60；暴击等级+72；法术强度+130,命中等级×1.0909；暴击等级×0.9863；法术强度×1.0000,5,413,406,1.0099,1,蓝色,,0,,,,257,,49318,灵风头巾,232,4,1,1,无,,34339,纯净圣光兜帽,50018,4,164,70
99425,秘术面罩,护甲,法系输出,4,1,1,头部,230,智力+82；耐力+79,命中等级+61；急速等级+77；法术强度+120,命中等级+62；急速等级+71；法术强度+123,命中等级×1.0164；急速等级×0.9221；法术强度×1.0250,5,426,419,0.9952,1,红色,,0,,,,257,,50298,盲目之冠,232,4,1,1,无,,34340,黑暗咒术之环,50019,4,164,70
99426,咒术头冠,护甲,法系输出,4,1,1,头部,230,耐力+90；智力+90；精神+63,法术强度+111；命中等级+71,法术强度+113；命中等级+77,法术强度×1.0180；命中等级×1.0845,5,433,425,1.0188,1,黄色,,0,,,,257,,48098,萨布拉的征服头环,232,4,1,1,无,,34405,奥术纯净头盔,50020,4,164,70
99427,风暴峭壁肩饰,护甲,法系输出,4,1,3,肩部,230,耐力+67；智力+67,法术强度+94；暴击等级+51；急速等级+59,法术强度+101；暴击等级+51；急速等级+59,法术强度×1.0745；暴击等级×1.0000；急速等级×1.0000,5,344,338,1.0207,0,,,0,,,,237,,47777,逐日者的征服衬肩,232,4,1,3,无,,34202,奇迹披肩,50013,4,159,70
99428,蓝龙军团肩饰,护甲,法系输出,4,1,3,肩部,230,耐力+67；智力+66,法术强度+96；暴击等级+51；命中等级+58,法术强度+87；暴击等级+48；命中等级+62,法术强度×0.9062；暴击等级×0.9412；命中等级×1.0690,5,389,338,0.9763,1,蓝色,,0,,,,237,,47714,灾降衬肩,245,4,1,3,无,,34210,唤魔师护肩,50012,4,159,70
99429,御风者降临衬肩,护甲,法系输出,4,1,3,肩部,230,耐力+67；智力+67,法术强度+103；命中等级+61；急速等级+54,法术强度+100；命中等级+60；急速等级+49,法术强度×0.9709；命中等级×0.9836；急速等级×0.9074,5,358,352,0.9744,0,,,0,,,,237,,50193,潮人护肩,232,4,1,3,无,,34393,求知护肩,50014,4,159,70
99430,诅咒之城肩巾,护甲,法系输出,4,1,3,肩部,230,耐力+67；智力+68；精神+51,法术强度+93；命中等级+54,法术强度+101；命中等级+59,法术强度×1.0860；命中等级×1.0926,5,339,333,1.0390,2,黄色,蓝色,0,,,,241,,45186,煤烟衬肩,232,4,1,3,无,,35006,野蛮角斗士的鬼纹护肩,50009,4,159,70
99431,黎明·长袍,护甲,法系输出,4,1,20,胸部,230,耐力+88；智力+89,法术强度+128；急速等级+86；暴击等级+60,法术强度+118；急速等级+81；暴击等级+55,法术强度×0.9219；急速等级×0.9419；暴击等级×0.9167,5,459,451,0.9557,1,黄色,,0,,,,320,,45272,阴暗蛮族长袍,232,4,1,20,无,,34232,魔能征服者外衣,48299,4,159,70
99432,凛冽·衣袍,护甲,法系输出,4,1,20,胸部,230,耐力+90；智力+86,法术强度+130；命中等级+84；暴击等级+64,法术强度+135；命中等级+77；暴击等级+66,法术强度×1.0385；命中等级×0.9167；暴击等级×1.0312,5,463,454,1.0000,1,蓝色,,0,,,,315,,47906,无眠法袍,232,4,1,20,无,,34364,阳炎之袍,48925,4,159,70
99433,幻光衣袍,护甲,法系输出,4,1,20,胸部,230,耐力+90；智力+90,法术强度+139；命中等级+60；急速等级+90,法术强度+140；命中等级+58；急速等级+85,法术强度×1.0072；命中等级×0.9667；急速等级×0.9444,5,478,469,0.9872,2,红色,黄色,0,,,,315,,50266,上古冰熊之皮,232,4,1,20,无,,34365,永恒光芒长袍,48921,4,159,70
99434,驭龙者之法衣,护甲,法系输出,4,1,20,胸部,230,耐力+90；智力+90；精神+71,法术强度+120；命中等级+71,法术强度+128；命中等级+70,法术强度×1.0667；命中等级×0.9859,5,450,442,1.0158,1,黄色,,0,,,,315,,48743,科尔苏加德的长袍,232,4,1,20,无,,34399,幽怨之袍,48384,4,159,70
99435,擎天腰链,护甲,法系输出,4,1,6,腰部,230,耐力+67；智力+67,法术强度+103；暴击等级+54；急速等级+61,法术强度+102；暴击等级+59；急速等级+66,法术强度×0.9903；暴击等级×1.0926；急速等级×1.0820,5,358,352,1.0256,2,黄色,蓝色,0,,,,177,,50314,悔恨束带,232,4,1,6,无,,35153,护卫者的鬼纹腰带,48683,4,159,70
99436,秩序之腰链,护甲,法系输出,4,1,6,腰部,230,耐力+67；智力+66,法术强度+96；暴击等级+62；命中等级+44,法术强度+98；暴击等级+57；命中等级+43,法术强度×1.0208；暴击等级×0.9194；命中等级×0.9773,5,386,335,0.9881,1,蓝色,,0,,,,178,,47286,凛冬腰带,245,4,1,6,无,,35159,护卫者的月布腰带,48686,4,159,70
99437,破晓腰带,护甲,法系输出,4,1,6,腰部,230,耐力+77；智力+63；精神+59,法术强度+103；急速等级+59,法术强度+95；急速等级+56,法术强度×0.9223；急速等级×0.9492,5,367,361,0.9695,0,,,0,,,,177,,50263,降魔束带,232,4,1,6,无,,35164,护卫者的丝质腰带,48689,4,159,70
99438,秘法之腰带,护甲,法系输出,4,1,6,腰部,230,耐力+67；智力+62,法术强度+94；急速等级+59；命中等级+56,法术强度+100；急速等级+61；命中等级+57,法术强度×1.0638；急速等级×1.0339；命中等级×1.0179,5,344,338,1.0266,0,,,0,,,,177,,47855,冰吼束带,232,4,1,6,无,,34527,赦免腰带,48356,4,154,70
99439,战争领主战裙,护甲,法系输出,4,1,7,腿部,230,耐力+90；智力+90,法术强度+120；暴击等级+78；急速等级+63,法术强度+123；暴击等级+76；急速等级+67,法术强度×1.0250；暴击等级×0.9744；急速等级×1.0635,5,450,441,1.0113,1,黄色,,0,,,,276,,47800,古尔丹的征服护腿,232,4,1,7,无,,34170,止战马裤,48295,4,159,70
99440,圣贤长裤,护甲,法系输出,4,1,7,腿部,230,耐力+79；智力+85,暴击等级+77；命中等级+69；法术强度+127,暴击等级+81；命中等级+64；法术强度+130,暴击等级×1.0519；命中等级×0.9275；法术强度×1.0236,5,421,437,1.0046,1,蓝色,,0,,,,278,,46133,征服者的肯瑞托护腿,226,4,1,7,无,,34181,灾难护腿,48296,4,159,70
99441,荣光裤腿,护甲,法系输出,4,1,7,腿部,230,耐力+90；智力+90,法术强度+120；急速等级+63；命中等级+78,法术强度+124；急速等级+58；命中等级+73,法术强度×1.0333；急速等级×0.9206；命中等级×0.9359,5,450,441,0.9864,1,红色,,0,,,,276,,48099,萨布拉的征服长裤,232,4,1,7,无,,34386,激战长裤,48307,4,159,70
99442,生长战裙,护甲,法系输出,4,1,7,腿部,230,耐力+90；智力+90,法术强度+120；急速等级+63；命中等级+78,法术强度+113；急速等级+64；命中等级+75,法术强度×0.9417；急速等级×1.0159；命中等级×0.9615,5,450,441,0.9796,1,黄色,,0,,,,276,,48074,维伦的征服长裤,232,4,1,7,无,,35005,野蛮角斗士的鬼纹护腿,49952,4,159,70
99443,寒霜布靴,护甲,法系输出,4,1,8,脚部,230,耐力+75；智力+63,法术强度+85；急速等级+44；暴击等级+56,法术强度+93；急速等级+43；暴击等级+51,法术强度×1.0941；急速等级×0.9773；暴击等级×0.9107,5,351,323,1.0062,2,黄色,蓝色,0,,,,217,,45537,伪神之靴,239,4,1,8,无,,35138,护卫者的鬼纹软靴,48685,4,159,70
99444,安戈洛之护足,护甲,法系输出,4,1,8,脚部,230,耐力+63；智力+68,法术强度+98；命中等级+39；暴击等级+63,法术强度+107；命中等级+40；暴击等级+68,法术强度×1.0918；命中等级×1.0256；暴击等级×1.0794,5,337,331,1.0453,0,,,0,,,,217,,47873,夺日者法师软鞋,232,4,1,8,无,,35144,护卫者的月布便鞋,48688,4,159,70
99445,冬拥湖足具,护甲,法系输出,4,1,8,脚部,230,耐力+67；智力+67；精神+60,法术强度+103；急速等级+56,法术强度+94；急速等级+58,法术强度×0.9126；急速等级×1.0357,5,359,353,0.9802,1,红色,,0,,,,217,,50286,主教的雪鞋,232,4,1,8,无,,35149,护卫者的丝质裹足,48691,4,159,70
99446,魔铁长靴,护甲,法系输出,4,1,8,脚部,230,耐力+63；智力+68,法术强度+98；命中等级+39；暴击等级+63,法术强度+107；命中等级+36；暴击等级+63,法术强度×1.0918；命中等级×0.9231；暴击等级×1.0000,5,337,331,1.0181,0,,,0,,,,217,,47721,银色大法师便鞋,232,4,1,8,无,,34562,赦免长靴,48367,4,154,70
99447,命轮·腕轮,护甲,法系输出,4,1,9,腕部,230,耐力+50；智力+50,法术强度+70；暴击等级+36；急速等级+44,法术强度+77；暴击等级+39；急速等级+43,法术强度×1.1000；暴击等级×1.0833；急速等级×0.9773,5,288,250,1.0360,0,,,0,,,,139,,47586,巫师的珠玉护腕,245,4,1,9,无,,34434,赦免护腕,48321,4,154,70
99448,护臂·蓝龙,护甲,法系输出,4,1,9,腕部,230,耐力+50；智力+50,法术强度+77；命中等级+42；暴击等级+44,法术强度+73；命中等级+45；暴击等级+48,法术强度×0.9481；命中等级×1.0714；暴击等级×1.0909,5,268,263,1.0114,1,蓝色,,0,,,,138,,50292,烂齿护腕,232,4,1,9,无,,34436,凶星护腕,48349,4,154,70
99449,卡拉赞日蚀护臂,护甲,法系输出,4,1,9,腕部,230,耐力+48；智力+50,法术强度+77；命中等级+35；急速等级+49,法术强度+76；命中等级+37；急速等级+52,法术强度×0.9870；命中等级×1.0571；急速等级×1.0612,5,264,259,1.0154,1,红色,,0,,,,138,,47861,邪火护腕,232,4,1,9,无,,34447,风暴护腕,48316,4,154,70
99450,幽影镇海腕轮,护甲,法系输出,4,1,9,腕部,230,耐力+48；智力+50,法术强度+77；命中等级+35；急速等级+49,法术强度+81；命中等级+32；急速等级+45,法术强度×1.0519；命中等级×0.9143；急速等级×0.9184,5,264,259,0.9884,0,,,0,,,,138,,47663,邪火束腕,232,4,1,9,无,,35168,护卫者的鬼纹护腕,48684,4,154,70
99451,冰封护手,护甲,法系输出,4,1,10,手部,230,耐力+67；智力+67,法术强度+94；暴击等级+59；急速等级+51,法术强度+100；暴击等级+64；急速等级+46,法术强度×1.0638；暴击等级×1.0847；急速等级×0.9020,5,344,338,1.0178,0,,,0,,,,197,,47773,逐日者的征服护手,232,4,1,10,无,,34342,黎明护手,48305,4,164,70
99452,镇魂使之手套,护甲,法系输出,4,1,10,手部,230,耐力+67；智力+67,法术强度+94；命中等级+51；暴击等级+59,法术强度+88；命中等级+54；暴击等级+55,法术强度×0.9362；命中等级×1.0588；暴击等级×0.9322,5,344,338,0.9793,1,蓝色,,0,,,,197,,48097,萨布拉的征服裹手,232,4,1,10,无,,34344,诸界亵渎护手,48306,4,164,70
99453,神恩之手套,护甲,法系输出,4,1,10,手部,230,耐力+67；智力+67；精神+51,法术强度+94；急速等级+59,法术强度+99；急速等级+54,法术强度×1.0532；急速等级×0.9153,5,344,338,1.0000,0,,,0,,,,197,,48067,萨布拉的征服兜帽,232,4,1,10,无,,34406,泰莉的强能手套,48387,4,164,70
99454,天启者净世手套,护甲,法系输出,4,1,10,手部,230,耐力+67；智力+67,法术强度+94；命中等级+51；暴击等级+59,法术强度+89；命中等级+51；暴击等级+63,法术强度×0.9468；命中等级×1.0000；暴击等级×1.0678,5,344,338,0.9970,1,黄色,,0,,,,197,,48072,维伦的征服裹手,232,4,1,10,无,,34366,阳炎护手,48923,4,159,70
99455,破界头盔,护甲,法系输出,4,2,1,头部,230,智力+67；耐力+75,暴击等级+74；急速等级+71；法术强度+130,暴击等级+73；急速等级+72；法术强度+131,暴击等级×0.9865；急速等级×1.0141；法术强度×1.0077,5,423,417,1.0024,2,黄色,蓝色,0,,,,482,,49327,怒风角冠,232,4,2,1,无,,42550,弱点分析眼镜,45779,4,200,72
99456,祖尔法拉克月刃战盔,护甲,法系输出,4,2,1,头部,230,耐力+90；智力+90,法术强度+111；命中等级+71；暴击等级+63,法术强度+113；命中等级+73；暴击等级+66,法术强度×1.0180；命中等级×1.0282；暴击等级×1.0476,5,433,425,1.0165,0,,,0,,,,482,,48184,符文图腾的征服头巾,232,4,2,1,无,,42554,绿色视界护目镜,45780,4,200,72
99457,风暴峭壁晨星面甲,护甲,法系输出,4,2,1,头部,230,耐力+103；智力+84；精神+63,法术强度+120；急速等级+62,法术强度+127；急速等级+59,法术强度×1.0583；急速等级×0.9516,5,440,432,1.0093,1,红色,,0,,,,489,,45439,坚毅的凝视,232,4,2,1,无,,34244,狡诈之盔,48020,4,164,70
99458,精金头盔,护甲,法系输出,4,2,1,头部,230,耐力+90；智力+90,法术强度+111；命中等级+71；暴击等级+63,法术强度+119；命中等级+78；暴击等级+64,法术强度×1.0721；命中等级×1.0986；暴击等级×1.0159,5,433,425,1.0376,1,黄色,,0,,,,482,,48158,玛法里奥的征服头巾,232,4,2,1,无,,34245,智者乌索尔之帽,48019,4,164,70
99459,月刃之披肩,护甲,法系输出,4,2,3,肩部,230,耐力+59；智力+65,法术强度+85；急速等级+51；暴击等级+59,法术强度+83；急速等级+51；暴击等级+61,法术强度×0.9765；急速等级×1.0000；暴击等级×1.0339,5,324,319,1.0000,1,黄色,,0,,,,444,,47857,极地野兽护肩,232,4,2,3,无,,34195,盛怒护肩,47999,4,159,70
99460,赞加沼泽天火披肩,护甲,法系输出,4,2,3,肩部,230,耐力+67；智力+67；精神+59,法术强度+94；暴击等级+51,法术强度+97；暴击等级+51,法术强度×1.0319；暴击等级×1.0000,5,344,338,1.0089,1,蓝色,,0,,,,444,,48783,符文图腾的斗篷,232,4,2,3,无,,34209,拓荒护肩,48005,4,159,70
99461,守望者之肩甲,护甲,法系输出,4,2,3,肩部,230,耐力+67；智力+67；精神+51,法术强度+94；急速等级+59,法术强度+98；急速等级+57,法术强度×1.0426；急速等级×0.9661,5,344,338,1.0059,1,红色,,0,,,,444,,48157,符文图腾的征服肩铠,232,4,2,3,无,,34392,魔牙护肩,48052,4,159,70
99462,天穹冻结肩铠,护甲,法系输出,4,2,3,肩部,230,耐力+67；智力+67；精神+59,法术强度+94；暴击等级+51,法术强度+103；暴击等级+49,法术强度×1.0957；暴击等级×0.9608,5,344,338,1.0207,0,,,0,,,,444,,48187,符文图腾的征服护肩,232,4,2,3,无,,35001,野蛮角斗士的龙皮护肩,48591,4,159,70
99463,凛冬战衣,护甲,法系输出,4,2,20,胸部,230,耐力+90；智力+90,法术强度+120；急速等级+79；暴击等级+63,法术强度+124；急速等级+81；暴击等级+65,法术强度×1.0333；急速等级×1.0253；暴击等级×1.0317,5,450,442,1.0181,1,黄色,,0,,,,593,,48186,符文图腾的征服护胸,232,4,2,20,无,,34211,野兽本能外套,48011,4,159,70
99464,自然·胸甲,护甲,法系输出,4,2,20,胸部,230,耐力+90；智力+90,法术强度+120；急速等级+79；暴击等级+63,法术强度+132；急速等级+86；暴击等级+59,法术强度×1.1000；急速等级×1.0886；暴击等级×0.9365,5,450,442,1.0339,1,蓝色,,0,,,,593,,48159,玛法里奥的征服护胸,232,4,2,20,无,,34212,阳光外衣,48012,4,159,70
99465,源质胸甲,护甲,法系输出,4,2,20,胸部,230,耐力+95；智力+87；精神+78,法术强度+130；急速等级+71,法术强度+141；急速等级+72,法术强度×1.0846；急速等级×1.0141,5,470,461,1.0260,0,,,0,,,,593,,50312,断枝胸甲,232,4,2,5,无,,34369,烈日暗影甲冑,48912,4,159,70
99466,轮回降世战衣,护甲,法系输出,4,2,20,胸部,230,耐力+90；智力+90；精神+71,法术强度+120；暴击等级+71,法术强度+112；暴击等级+67,法术强度×0.9333；暴击等级×0.9437,5,450,442,0.9729,1,黄色,,0,,,,593,,48156,符文图腾的征服法袍,232,4,2,20,无,,34371,骄阳之皮革胸甲,48916,4,159,70
99467,咒纹腰带,护甲,法系输出,4,2,6,腰部,230,耐力+67；智力+65,法术强度+91；暴击等级+57；急速等级+48,法术强度+99；暴击等级+55；急速等级+52,法术强度×1.0879；暴击等级×0.9649；急速等级×1.0833,5,450,328,1.0305,2,黄色,蓝色,0,,,,339,,50994,石化藤条腰带,264,4,2,6,无,,35152,护卫者的龙皮腰带,48676,4,159,70
99468,苍穹·战带,护甲,法系输出,4,2,6,腰部,230,耐力+67；智力+67；精神+59,法术强度+94；暴击等级+47,法术强度+88；暴击等级+44,法术强度×0.9362；暴击等级×0.9362,5,340,334,0.9731,2,蓝色,红色,0,,,,333,,47863,血蹄使者束带,232,4,2,6,无,,35156,护卫者的皮甲腰带,48677,4,159,70
99469,玄冰扣带,护甲,法系输出,4,2,6,腰部,230,耐力+76；智力+62；精神+58,法术强度+104；急速等级+58,法术强度+113；急速等级+56,法术强度×1.0865；急速等级×0.9655,5,345,358,1.0196,0,,,0,,,,337,,45830,生命森林腰带,226,4,2,6,无,,34554,雷霆之心腰带,48352,4,154,70
99470,裁决者腰带,护甲,法系输出,4,2,6,腰部,230,耐力+67；智力+67；精神+59,法术强度+94；暴击等级+47,法术强度+89；暴击等级+47,法术强度×0.9468；暴击等级×1.0000,5,340,334,0.9850,1,黄色,,0,,,,333,,47669,冬至腰带,232,4,2,6,无,,34558,刺杀者腰带,48357,4,154,70
99471,晶歌森林玄铁护腿,护甲,法系输出,4,2,7,腿部,230,耐力+92；智力+89,暴击等级+58；急速等级+76；法术强度+136,暴击等级+54；急速等级+74；法术强度+132,暴击等级×0.9310；急速等级×0.9737；法术强度×0.9706,5,408,451,0.9778,1,黄色,,0,,,,528,,47249,雪棘护腿,219,4,2,7,无,,34169,自然侵攻护腿,47975,4,159,70
99472,咒纹·战裙,护甲,法系输出,4,2,7,腿部,230,耐力+88；智力+90,法术强度+119；暴击等级+79；命中等级+61,法术强度+115；暴击等级+81；命中等级+57,法术强度×0.9664；暴击等级×1.0253；命中等级×0.9344,5,421,437,0.9863,2,蓝色,红色,0,,,,523,,46192,征服者的夜歌长裤,226,4,2,7,无,,34188,永恒长夜护腿,47995,4,159,70
99473,潜行者缚龙护腿,护甲,法系输出,4,2,7,腿部,230,耐力+90；智力+90；精神+63,法术强度+120；命中等级+78,法术强度+123；命中等级+77,法术强度×1.0250；命中等级×0.9872,5,450,441,1.0045,1,红色,,0,,,,519,,48185,符文图腾的征服长裤,232,4,2,7,无,,35000,野蛮角斗士的龙皮护腿,48603,4,159,70
99474,织法者腿甲,护甲,法系输出,4,2,7,腿部,230,耐力+90；智力+90；精神+63,法术强度+120；命中等级+78,法术强度+121；命中等级+72,法术强度×1.0083；命中等级×0.9231,5,450,441,0.9887,1,黄色,,0,,,,519,,48160,玛法里奥的征服长裤,232,4,2,7,无,,35034,野蛮角斗士的皮甲护腿,48597,4,159,70
99475,灰熊丘陵群星战靴,护甲,法系输出,4,2,8,脚部,230,耐力+74；智力+62,急速等级+64；暴击等级+48；法术强度+104,急速等级+68；暴击等级+49；法术强度+100,急速等级×1.0625；暴击等级×1.0208；法术强度×0.9615,5,302,352,1.0028,1,黄色,,0,,,,418,,40519,玛里苟斯的脚步,213,4,2,8,无,,35137,护卫者的龙皮长靴,48678,4,159,70
99476,护足·奥术,护甲,法系输出,4,2,8,脚部,230,耐力+64；智力+68,暴击等级+70；命中等级+38；法术强度+101,暴击等级+64；命中等级+39；法术强度+111,暴击等级×0.9143；命中等级×1.0263；法术强度×1.0990,5,308,341,1.0147,1,蓝色,,0,,,,415,,47504,树皮长靴,219,4,2,8,无,,35141,护卫者的皮甲长靴,48679,4,159,70
99477,焚烧踏靴,护甲,法系输出,4,2,8,脚部,230,耐力+77；智力+63；精神+58,法术强度+102；急速等级+58,法术强度+95；急速等级+57,法术强度×0.9314；急速等级×0.9828,5,342,358,0.9777,2,红色,黄色,0,,,,419,,45378,石化森林之靴,225,4,2,8,无,,34571,雷霆之心长靴,48363,4,154,70
99478,秘术护足,护甲,法系输出,4,2,8,脚部,230,耐力+64；智力+68,暴击等级+70；命中等级+38；法术强度+101,暴击等级+76；命中等级+41；法术强度+109,暴击等级×1.0857；命中等级×1.0789；法术强度×1.0792,5,308,341,1.0499,1,黄色,,0,,,,415,,47504,树皮长靴,219,4,2,8,无,,34573,雷霆之心战靴,48362,4,154,70
99479,黑翼之巢血月臂甲,护甲,法系输出,4,2,9,腕部,230,耐力+50；智力+48,法术强度+73；暴击等级+43；急速等级+40,法术强度+75；暴击等级+41；急速等级+39,法术强度×1.0274；暴击等级×0.9535；急速等级×0.9750,5,370,254,0.9961,1,黄色,,0,,,,265,,53134,相位移形者护腕,271,4,2,9,无,,34444,雷霆之心腕甲,48311,4,154,70
99480,护臂·幻影,护甲,法系输出,4,2,9,腕部,230,智力+50；耐力+50；精神+40,法术强度+77；暴击等级+45,法术强度+80；暴击等级+46,法术强度×1.0390；暴击等级×1.0222,5,267,262,1.0153,1,蓝色,,0,,,,259,,50318,鬼魅裹腕,232,4,2,9,无,,34445,雷霆之心护腕,48322,4,154,70
99481,镇岳护臂,护甲,法系输出,4,2,9,腕部,230,耐力+56；智力+48；精神+48,法术强度+77；急速等级+37,法术强度+81；急速等级+37,法术强度×1.0519；急速等级×1.0000,5,271,266,1.0150,0,,,0,,,,264,,45149,龙母护腕,232,4,2,9,无,,34448,刺杀者护腕,48324,4,154,70
99482,地狱火半岛之护臂,护甲,法系输出,4,2,9,腕部,230,耐力+49；智力+47；精神+38,暴击等级+51；法术强度+77,暴击等级+47；法术强度+73,暴击等级×0.9216；法术强度×0.9481,5,251,262,0.9695,2,黄色,蓝色,0,,,,267,,46009,深渊束腕,225,4,2,9,无,,35167,护卫者的龙皮护腕,48681,4,154,70
99483,冰冠堡垒护手,护甲,法系输出,4,2,10,手部,230,耐力+57；智力+70,暴击等级+56；急速等级+59；法术强度+101,暴击等级+53；急速等级+62；法术强度+103,暴击等级×0.9464；急速等级×1.0508；法术强度×1.0198,5,310,343,1.0058,1,黄色,,0,,,,377,,47498,阴郁命运手套,219,4,2,10,无,,34234,暗影爆发护手,48018,4,159,70
99484,蚀日之手套,护甲,法系输出,4,2,10,手部,230,耐力+66；智力+65,法术强度+97；暴击等级+58；命中等级+51,法术强度+98；暴击等级+63；命中等级+50,法术强度×1.0103；暴击等级×1.0862；命中等级×0.9804,5,412,337,1.0148,2,蓝色,红色,0,,,,374,,50822,树纹手套,251,4,2,10,无,,34372,骄阳之皮革护手,48917,4,159,70
99485,冬拥湖之护手,护甲,法系输出,4,2,10,手部,230,耐力+71；智力+65；精神+61,法术强度+103；急速等级+54,法术强度+103；急速等级+56,法术强度×1.0000；急速等级×1.0370,5,360,354,1.0056,2,红色,黄色,0,,,,371,,50212,欲望精华手套,232,4,2,10,无,,34408,森林流浪者手套,48059,4,159,70
99486,赤焰破天手甲,护甲,法系输出,4,2,10,手部,230,耐力+65；智力+67；精神+50,法术强度+93；命中等级+59,法术强度+93；命中等级+57,法术强度×1.0000；命中等级×0.9661,5,322,334,0.9940,0,,,0,,,,373,,46189,征服者的夜歌手套,226,4,2,10,无,,34998,野蛮角斗士的龙皮手套,49966,4,159,70
99487,虚空风暴命轮面甲,护甲,法系输出,4,3,1,头部,230,耐力+79；智力+82,法术强度+120；急速等级+83；暴击等级+57,法术强度+111；急速等级+86；暴击等级+59,法术强度×0.9250；急速等级×1.0361；暴击等级×1.0351,5,428,421,0.9905,1,黄色,,0,,,,1071,,50214,灵魂冲击头盔,232,4,3,1,无,,42551,真视冰雪眼罩,53564,4,200,72
99488,兜帽·幻光,护甲,法系输出,4,3,1,头部,230,智力+53；耐力+92,法术强度+122；暴击等级+80；命中等级+74,法术强度+133；暴击等级+75；命中等级+76,法术强度×1.0902；暴击等级×0.9375；命中等级×1.0270,5,430,421,1.0190,0,,,0,,,,1071,,49331,无尽风暴衬帽,232,4,3,1,无,,34332,古尔丹的兜帽,48025,4,164,70
99489,奥术头冠,护甲,法系输出,4,3,1,头部,230,耐力+90；智力+90,法术强度+111；暴击等级+69；急速等级+73,法术强度+101；暴击等级+64；急速等级+78,法术强度×0.9099；暴击等级×0.9275；急速等级×1.0685,5,441,433,0.9769,1,红色,,0,,,,1071,,48338,萨尔的征服头盔,232,4,3,1,无,,34333,奥蕾莉亚的头盔,48024,4,164,70
99490,秘术头盔,护甲,法系输出,4,3,1,头部,230,耐力+88；智力+90,法术强度+119；命中等级+62；暴击等级+62,法术强度+123；命中等级+64；暴击等级+63,法术强度×1.0336；命中等级×1.0323；暴击等级×1.0161,5,406,421,1.0166,1,黄色,,0,,,,1079,,46209,征服者的世界击碎者头盔,226,4,3,1,无,,34355,闪电蚀刻护目镜,45778,4,159,70
99491,唤潮者镇渊肩卫,护甲,法系输出,4,3,3,肩部,230,耐力+67；智力+67,法术强度+94；急速等级+59；暴击等级+51,法术强度+93；急速等级+63；暴击等级+48,法术强度×0.9894；急速等级×1.0678；暴击等级×0.9412,5,344,338,1.0000,2,黄色,蓝色,0,,,,988,,48340,萨尔的征服衬肩,232,4,3,3,无,,34194,金色森林护肩,47998,4,159,70
99492,潜行者之肩卫,护甲,法系输出,4,3,3,肩部,230,耐力+88；智力+59,暴击等级+33；命中等级+67；法术强度+93,暴击等级+30；命中等级+65；法术强度+93,暴击等级×0.9091；命中等级×0.9701；法术强度×1.0000,5,307,340,0.9853,0,,,0,,,,1006,,47250,嚎风衬肩,219,4,3,3,无,,34208,均衡肩饰,48004,4,159,70
99493,屠龙者肩卫,护甲,法系输出,4,3,3,肩部,230,耐力+67；智力+67,法术强度+94；急速等级+59；暴击等级+51,法术强度+87；急速等级+61；暴击等级+52,法术强度×0.9255；急速等级×1.0339；暴击等级×1.0196,5,344,338,0.9882,0,,,0,,,,988,,48315,努波顿的征服衬肩,232,4,3,3,无,,34994,野蛮角斗士的链甲护肩,48609,4,159,70
99494,安戈洛肩铠,护甲,法系输出,4,3,3,肩部,230,耐力+88；智力+59,暴击等级+33；命中等级+67；法术强度+93,暴击等级+33；命中等级+66；法术强度+91,暴击等级×1.0000；命中等级×0.9851；法术强度×0.9785,5,307,340,0.9912,1,黄色,,0,,,,1006,,47250,嚎风衬肩,219,4,3,3,无,,35046,野蛮角斗士的鳞甲护肩,48616,4,159,70
99495,太古战衣,护甲,法系输出,4,3,20,胸部,230,耐力+90；智力+90,法术强度+120；急速等级+71；暴击等级+71,法术强度+120；急速等级+77；暴击等级+65,法术强度×1.0000；急速等级×1.0845；暴击等级×0.9155,5,450,442,1.0000,1,黄色,,0,,,,1317,,48295,萨尔的征服外套,232,4,3,5,无,,34228,邪恶陆行鸟胸甲,48014,4,159,70
99496,星轨护胸,护甲,法系输出,4,3,20,胸部,230,耐力+90；智力+90,法术强度+120；急速等级+71；命中等级+71,法术强度+128；急速等级+70；命中等级+77,法术强度×1.0667；急速等级×0.9859；命中等级×1.0845,5,450,442,1.0294,0,,,0,,,,1317,,48336,萨尔的征服胸铠,232,4,3,5,无,,34229,静谧海岸外衣,48013,4,159,70
99497,惊涛护甲,护甲,法系输出,4,3,20,胸部,230,耐力+90；智力+90,法术强度+120；急速等级+71；命中等级+71,法术强度+119；急速等级+70；命中等级+67,法术强度×0.9917；急速等级×0.9859；命中等级×0.9437,5,450,442,0.9864,1,红色,,0,,,,1317,,48310,努波顿的征服胸铠,232,4,3,5,无,,34373,凤凰的拥抱,48913,4,159,70
99498,祖达克天穹护胸,护甲,法系输出,4,3,20,胸部,230,耐力+88；智力+90,法术强度+119；命中等级+62；急速等级+78,法术强度+115；命中等级+62；急速等级+85,法术强度×0.9664；命中等级×1.0000；急速等级×1.0897,5,421,437,1.0069,1,黄色,,0,,,,1329,,46206,征服者的世界击碎者战甲,226,4,3,20,无,,34375,炙日鳞片胸甲,48918,4,159,70
99499,守护战带,护甲,法系输出,4,3,6,腰部,230,耐力+76；智力+62,法术强度+103；暴击等级+51；急速等级+65,法术强度+99；暴击等级+47；急速等级+59,法术强度×0.9612；暴击等级×0.9216；急速等级×0.9077,5,363,357,0.9608,0,,,0,,,,754,,45151,陨落巨龙腰带,232,4,3,6,无,,35151,护卫者的链甲束带,48671,4,159,70
99500,扣带·咒纹,护甲,法系输出,4,3,6,腰部,230,耐力+76；智力+62,法术强度+103；暴击等级+51；急速等级+65,法术强度+102；暴击等级+51；急速等级+71,法术强度×0.9903；暴击等级×1.0000；急速等级×1.0923,5,363,357,1.0140,2,蓝色,红色,0,,,,754,,45151,陨落巨龙腰带,232,4,3,6,无,,35157,护卫者的鳞甲束带,48674,4,159,70
99501,万法王之战带,护甲,法系输出,4,3,6,腰部,230,耐力+76；智力+62,法术强度+103；暴击等级+51；急速等级+65,法术强度+107；暴击等级+52；急速等级+68,法术强度×1.0388；暴击等级×1.0196；急速等级×1.0462,5,363,357,1.0224,2,红色,黄色,0,,,,754,,45151,陨落巨龙腰带,232,4,3,6,无,,34542,破天裹腰,48358,4,154,70
99502,战带·永恒,护甲,法系输出,4,3,6,腰部,230,耐力+67；智力+65,法术强度+91；暴击等级+57；急速等级+48,法术强度+88；暴击等级+61；急速等级+44,法术强度×0.9670；暴击等级×1.0702；急速等级×0.9167,5,450,328,0.9909,1,黄色,,0,,,,753,,50992,绝望腰带,264,4,3,6,无,,34549,戈隆追猎者腰带,48353,4,154,70
99503,泰罗卡森林腿铠,护甲,法系输出,4,3,7,腿部,230,耐力+89；智力+88,法术强度+117；急速等级+71；暴击等级+68,法术强度+120；急速等级+77；暴击等级+62,法术强度×1.0256；急速等级×1.0845；暴击等级×0.9118,5,526,433,1.0069,1,黄色,,0,,,,1164,,51019,血肉涟漪褶裙,251,4,3,7,无,,34168,逐星者护腿,47990,4,159,70
99504,秘术腿铠,护甲,法系输出,4,3,7,腿部,230,耐力+90；智力+90,法术强度+120；暴击等级+63；命中等级+78,法术强度+131；暴击等级+62；命中等级+83,法术强度×1.0917；暴击等级×0.9841；命中等级×1.0641,5,450,441,1.0340,2,蓝色,红色,0,,,,1153,,48339,萨尔的征服褶裙,232,4,3,7,无,,34186,雷暴锁链护腿,47993,4,159,70
99505,腿铠·翡翠,护甲,法系输出,4,3,7,腿部,230,耐力+90；智力+90,法术强度+120；暴击等级+63；命中等级+78,法术强度+128；暴击等级+69；命中等级+80,法术强度×1.0667；暴击等级×1.0952；命中等级×1.0256,5,450,441,1.0363,1,红色,,0,,,,1153,,48314,努波顿的征服褶裙,232,4,3,7,无,,34383,灵魂重铸褶裙,48050,4,159,70
99506,死亡骑士碎星战裙,护甲,法系输出,4,3,7,腿部,230,耐力+88；智力+90,法术强度+119；暴击等级+79；命中等级+62,法术强度+122；暴击等级+74；命中等级+60,法术强度×1.0252；暴击等级×0.9367；命中等级×0.9677,5,422,438,0.9909,1,黄色,,0,,,,1163,,46307,征服者碎界者褶裙,226,4,3,7,无,,34993,野蛮角斗士的链甲护腿,48608,4,159,70
99507,圣光镇渊战靴,护甲,法系输出,4,3,8,脚部,230,耐力+77；智力+63,法术强度+103；急速等级+56；暴击等级+60,法术强度+95；急速等级+54；暴击等级+57,法术强度×0.9223；急速等级×0.9643；暴击等级×0.9500,5,365,359,0.9638,1,黄色,,0,,,,906,,50283,泥流之靴,232,4,3,8,无,,35136,护卫者的链甲战靴,48672,4,159,70
99508,符文战靴,护甲,法系输出,4,3,8,脚部,230,耐力+77；智力+63,法术强度+103；急速等级+56；暴击等级+60,法术强度+105；急速等级+56；暴击等级+65,法术强度×1.0194；急速等级×1.0000；暴击等级×1.0833,5,365,359,1.0195,2,蓝色,红色,0,,,,906,,50283,泥流之靴,232,4,3,8,无,,35142,护卫者的鳞甲战靴,48675,4,159,70
99509,晶歌森林之踏靴,护甲,法系输出,4,3,8,脚部,230,耐力+67；智力+66,法术强度+96；急速等级+59；暴击等级+51,法术强度+101；急速等级+57；暴击等级+54,法术强度×1.0521；急速等级×0.9661；暴击等级×1.0588,5,389,339,1.0177,1,红色,,0,,,,911,,47295,震地马靴,245,4,3,8,无,,34565,破天长靴,48370,4,154,70
99510,霸主冻结踏靴,护甲,法系输出,4,3,8,脚部,230,耐力+67；智力+66,法术强度+96；急速等级+59；暴击等级+51,法术强度+97；急速等级+56；暴击等级+48,法术强度×1.0104；急速等级×0.9492；暴击等级×0.9412,5,389,339,0.9853,1,黄色,,0,,,,911,,47090,震地长靴,245,4,3,8,无,,34570,戈隆追猎者长靴,48364,4,154,70
99511,破晓者之腕铠,护甲,法系输出,4,3,9,腕部,230,耐力+56；智力+47,法术强度+69；暴击等级+44；急速等级+36,法术强度+68；暴击等级+44；急速等级+37,法术强度×0.9855；暴击等级×1.0000；急速等级×1.0278,5,274,252,1.0000,1,黄色,,0,,,,577,,45460,寒冬强风束腕,239,4,3,9,无,,34437,破天腕环,48325,4,154,70
99512,擎天护腕,护甲,法系输出,4,3,9,腕部,230,耐力+54；智力+49,暴击等级+39；命中等级+47；法术强度+77,暴击等级+42；命中等级+48；法术强度+78,暴击等级×1.0769；命中等级×1.0213；法术强度×1.0130,5,240,266,1.0188,1,蓝色,,0,,,,586,,49787,风雷七晨,219,4,3,9,无,,34439,破天腕甲,48326,4,154,70
99513,荣光·护臂,护甲,法系输出,4,3,9,腕部,230,耐力+56；智力+47,法术强度+69；暴击等级+44；急速等级+36,法术强度+65；暴击等级+47；急速等级+34,法术强度×0.9420；暴击等级×1.0682；急速等级×0.9444,5,274,252,0.9881,1,红色,,0,,,,577,,45460,寒冬强风束腕,239,4,3,9,无,,34443,戈隆追猎者护腕,48315,4,154,70
99514,圣殿骑士腕铠,护甲,法系输出,4,3,9,腕部,230,耐力+54；智力+49,暴击等级+39；命中等级+47；法术强度+77,暴击等级+36；命中等级+43；法术强度+83,暴击等级×0.9231；命中等级×0.9149；法术强度×1.0779,5,240,266,0.9962,1,黄色,,0,,,,586,,49787,风雷七晨,219,4,3,9,无,,35166,护卫者的链甲护腕,48670,4,154,70
99515,星芒之拳甲,护甲,法系输出,4,3,10,手部,230,耐力+76；智力+65,法术强度+93；暴击等级+42；急速等级+67,法术强度+84；暴击等级+39；急速等级+61,法术强度×0.9032；暴击等级×0.9286；急速等级×0.9104,5,349,343,0.9475,2,黄色,蓝色,0,,,,837,,45239,符文塑造者的手套,232,4,3,10,无,,34343,萨拉斯游侠护手,48034,4,164,70
99516,先驱者镇世护手,护甲,法系输出,4,3,10,手部,230,耐力+66；智力+65,法术强度+97；暴击等级+58；命中等级+51,法术强度+96；暴击等级+56；命中等级+55,法术强度×0.9897；暴击等级×0.9655；命中等级×1.0784,5,412,337,1.0030,0,,,0,,,,831,,50842,霜巫手套,251,4,3,10,无,,34374,凤凰飞羽手套,48914,4,159,70
99517,红龙焚天手套,护甲,法系输出,4,3,10,手部,230,耐力+67；智力+67,法术强度+94；急速等级+51；命中等级+59,法术强度+95；急速等级+54；命中等级+60,法术强度×1.0106；急速等级×1.0588；命中等级×1.0169,5,344,338,1.0148,0,,,0,,,,823,,48337,萨尔的征服手套,232,4,3,10,无,,34376,炙日鳞片手套,48919,4,159,70
99518,先知护手,护甲,法系输出,4,3,10,手部,230,耐力+67；智力+67,法术强度+94；急速等级+51；命中等级+59,法术强度+98；急速等级+47；命中等级+59,法术强度×1.0426；急速等级×0.9216；命中等级×1.0000,5,344,338,1.0000,1,黄色,,0,,,,823,,48312,努波顿的征服手套,232,4,3,10,无,,34409,上古霜狼护手,48060,4,159,70
99519,面甲·玄冰,护甲,法系输出,4,4,1,头部,230,智力+75；耐力+81,急速等级+75；暴击等级+59；法术强度+130,急速等级+68；暴击等级+55；法术强度+141,急速等级×0.9067；暴击等级×0.9322；法术强度×1.0846,5,428,420,1.0000,0,,,0,,,,1914,,49323,审判圣盔,232,4,4,1,无,,42549,装甲泰坦神铁护目镜,43886,4,200,72
99520,圣光之战盔,护甲,法系输出,4,4,1,头部,230,耐力+90；智力+90,法术强度+111；暴击等级+63；急速等级+71,法术强度+105；暴击等级+64；急速等级+69,法术强度×0.9459；暴击等级×1.0159；急速等级×0.9718,5,433,425,0.9835,0,,,0,,,,1914,,48597,莉亚德琳的征服头饰,232,4,4,1,无,,44949,牢固治疗增幅器,45782,4,200,72
99521,幽暗城月刃战盔,护甲,法系输出,4,4,1,头部,230,耐力+90；智力+90,法术强度+111；暴击等级+63；急速等级+71,法术强度+117；暴击等级+57；急速等级+71,法术强度×1.0541；暴击等级×0.9048；急速等级×1.0000,5,433,425,1.0000,1,红色,,0,,,,1914,,48564,图拉扬的征服头饰,232,4,4,1,无,,34243,燃烧的正义,48022,4,164,70
99522,裁决者面甲,护甲,法系输出,4,4,1,头部,230,耐力+103；智力+84,法术强度+120；暴击等级+70；急速等级+63,法术强度+110；暴击等级+74；急速等级+60,法术强度×0.9167；暴击等级×1.0571；急速等级×0.9524,5,448,440,0.9795,1,黄色,,0,,,,1947,,45226,远古铁盔,232,4,4,1,无,,34345,安纳斯特里亚的王冠,48033,4,164,70
99523,天穹之肩卫,护甲,法系输出,4,4,3,肩部,230,耐力+67；智力+67,法术强度+94；暴击等级+59；急速等级+51,法术强度+92；暴击等级+64；急速等级+52,法术强度×0.9787；暴击等级×1.0847；急速等级×1.0196,5,344,338,1.0118,2,黄色,蓝色,0,,,,1767,,48595,莉亚德琳的征服护肩,232,4,4,3,无,,34192,坚定肩铠,50016,4,159,70
99524,卡拉赞肩胄,护甲,法系输出,4,4,3,肩部,230,耐力+67；智力+67,法术强度+94；暴击等级+59；急速等级+51,法术强度+101；暴击等级+59；急速等级+56,法术强度×1.0745；暴击等级×1.0000；急速等级×1.0980,5,344,338,1.0355,1,蓝色,,0,,,,1767,,48572,图拉扬的征服护肩,232,4,4,3,无,,34193,萨拉斯救世主护肩,50017,4,159,70
99525,降世肩卫,护甲,法系输出,4,4,3,肩部,230,耐力+65；智力+67,法术强度+93；暴击等级+50；急速等级+59,法术强度+101；暴击等级+52；急速等级+62,法术强度×1.0860；暴击等级×1.0400；急速等级×1.0508,5,322,334,1.0389,1,红色,,0,,,,1782,,46182,征服者的庇护肩饰,226,4,4,3,无,,34388,狂暴肩铠,50015,4,159,70
99526,虚空肩卫,护甲,法系输出,4,4,3,肩部,230,耐力+89；智力+74,暴击等级+47；急速等级+38；法术强度+101,暴击等级+51；急速等级+40；法术强度+104,暴击等级×1.0851；急速等级×1.0526；法术强度×1.0297,5,333,349,1.0258,0,,,0,,,,1814,,45321,淬炼意志肩铠,225,4,4,3,无,,35031,野蛮角斗士的板层甲护肩,50003,4,159,70
99527,龙骨之胸铠,护甲,法系输出,4,4,5,胸部,230,耐力+90；智力+90,法术强度+130；暴击等级+71；急速等级+79,法术强度+126；暴击等级+71；急速等级+72,法术强度×0.9692；暴击等级×1.0000；急速等级×0.9114,5,468,460,0.9761,1,黄色,,0,,,,2355,,50294,谋反胸甲,232,4,4,5,无,,34215,鲁莽怒火战甲,48015,4,159,70
99528,奥义护胸,护甲,法系输出,4,4,5,胸部,230,耐力+102；智力+84,法术强度+121；暴击等级+70；急速等级+54,法术强度+128；暴击等级+75；急速等级+58,法术强度×1.0579；暴击等级×1.0714；急速等级×1.0741,5,468,431,1.0371,0,,,0,,,,2358,,45445,虔诚者胸铠,239,4,4,5,无,,34216,英勇仲裁者胸甲,48016,4,159,70
99529,龙骨荒野胸铠,护甲,法系输出,4,4,5,胸部,230,耐力+90；智力+90,法术强度+130；暴击等级+71；急速等级+79,法术强度+124；暴击等级+66；急速等级+80,法术强度×0.9538；暴击等级×0.9296；急速等级×1.0127,5,468,460,0.9783,1,红色,,0,,,,2355,,50294,谋反胸甲,232,4,4,5,无,,34377,硬化氪金战甲,48927,4,159,70
99530,混沌·胸铠,护甲,法系输出,4,4,5,胸部,230,耐力+89；智力+88,法术强度+123；急速等级+79；暴击等级+64,法术强度+114；急速等级+86；暴击等级+61,法术强度×0.9268；急速等级×1.0886；暴击等级×0.9531,5,510,443,0.9887,1,黄色,,0,,,,2368,,47310,冰湖胸甲,245,4,4,5,无,,34379,圣日胸甲,48928,4,159,70
99531,纳格兰之腰铠,护甲,法系输出,4,4,6,腰部,230,耐力+71；智力+65,法术强度+103；急速等级+67；暴击等级+44,法术强度+105；急速等级+71；暴击等级+43,法术强度×1.0194；急速等级×1.0597；暴击等级×0.9773,5,356,350,1.0143,1,黄色,,0,,,,1324,,47858,冻土束带,232,4,4,6,无,,35155,护卫者的板层甲腰带,48660,4,159,70
99532,腰甲·永恒,护甲,法系输出,4,4,6,腰部,230,耐力+71；智力+65,法术强度+103；急速等级+67；暴击等级+44,法术强度+96；急速等级+68；暴击等级+44,法术强度×0.9320；急速等级×1.0149；暴击等级×1.0000,5,356,350,0.9829,1,蓝色,,0,,,,1324,,47615,冻土腰带,232,4,4,6,无,,35161,护卫者的板甲腰带,48661,4,159,70
99533,幻光腰甲,护甲,法系输出,4,4,6,腰部,230,耐力+67；智力+63,暴击等级+62；急速等级+37；法术强度+101,暴击等级+56；急速等级+35；法术强度+109,暴击等级×0.9032；急速等级×0.9459；法术强度×1.0792,5,298,330,1.0000,0,,,0,,,,1348,,47510,真实之心束带,219,4,4,6,无,,34485,光明使者护腰,48355,4,154,70
99534,极光·扣带,护甲,法系输出,4,4,6,腰部,230,耐力+71；智力+65,法术强度+103；急速等级+67；暴击等级+44,法术强度+111；急速等级+64；暴击等级+48,法术强度×1.0777；急速等级×0.9552；暴击等级×1.0909,5,356,350,1.0257,1,黄色,,0,,,,1324,,47858,冻土束带,232,4,4,6,无,,34546,冲锋腰带,48360,4,154,70
99535,远征军之腿胄,护甲,法系输出,4,4,7,腿部,230,耐力+89；智力+88,法术强度+123；暴击等级+69；急速等级+74,法术强度+114；暴击等级+63；急速等级+76,法术强度×0.9268；暴击等级×0.9130；急速等级×1.0270,5,510,443,0.9707,1,黄色,,0,,,,2072,,47279,陨落圣光护腿,245,4,4,7,无,,34167,神圣信仰腿铠,47988,4,159,70
99536,寒霜之腿胄,护甲,法系输出,4,4,7,腿部,230,耐力+89；智力+88,法术强度+123；暴击等级+69；急速等级+74,法术强度+115；暴击等级+73；急速等级+81,法术强度×0.9350；暴击等级×1.0580；急速等级×1.0946,5,510,443,1.0068,2,蓝色,红色,0,,,,2072,,47057,陨落圣光腿铠,245,4,4,7,无,,34180,魔怒腿铠,47991,4,159,70
99537,净世腿胄,护甲,法系输出,4,4,7,腿部,230,耐力+89；智力+88,法术强度+117；暴击等级+66；急速等级+73,法术强度+116；暴击等级+63；急速等级+77,法术强度×0.9915；暴击等级×0.9545；急速等级×1.0548,5,526,433,1.0000,0,,,0,,,,2079,,50775,蚀银腿甲,251,4,4,7,无,,34381,魔能力量腿铠,48043,4,159,70
99538,符文大师之腿甲,护甲,法系输出,4,4,7,腿部,230,耐力+89；智力+88,法术强度+123；暴击等级+69；急速等级+74,法术强度+117；暴击等级+75；急速等级+73,法术强度×0.9512；暴击等级×1.0870；急速等级×0.9865,5,510,443,0.9977,1,黄色,,0,,,,2072,,47279,陨落圣光护腿,245,4,4,7,无,,34382,仲裁者护腿,48045,4,159,70
99539,破晓·踏靴,护甲,法系输出,4,4,8,脚部,230,耐力+67；智力+66,法术强度+96；暴击等级+51；急速等级+59,法术强度+94；暴击等级+54；急速等级+63,法术强度×0.9792；暴击等级×1.0588；急速等级×1.0678,5,389,339,1.0147,0,,,0,,,,1628,,47263,英勇战靴,245,4,4,8,无,,35140,护卫者的板层甲护胫,48663,4,159,70
99540,龙骨·护足,护甲,法系输出,4,4,8,脚部,230,耐力+67；智力+66,法术强度+96；暴击等级+51；急速等级+59,法术强度+96；暴击等级+51；急速等级+63,法术强度×1.0000；暴击等级×1.0000；急速等级×1.0678,5,389,339,1.0118,1,蓝色,,0,,,,1628,,46985,英勇长靴,245,4,4,8,无,,35146,护卫者的板甲护胫,48669,4,159,70
99541,驭天护足,护甲,法系输出,4,4,8,脚部,230,耐力+67；智力+66,法术强度+96；暴击等级+51；急速等级+59,法术强度+87；暴击等级+56；急速等级+59,法术强度×0.9062；暴击等级×1.0980；急速等级×1.0000,5,389,339,0.9882,1,红色,,0,,,,1628,,47263,英勇战靴,245,4,4,8,无,,34559,光明使者轻靴,48366,4,154,70
99542,先知之护足,护甲,法系输出,4,4,8,脚部,230,耐力+67；智力+66,法术强度+96；暴击等级+51；急速等级+59,法术强度+104；暴击等级+56；急速等级+58,法术强度×1.0833；暴击等级×1.0980；急速等级×0.9831,5,389,339,1.0354,1,黄色,,0,,,,1628,,46985,英勇长靴,245,4,4,8,无,,34568,冲锋战靴,48372,4,154,70
99543,护臂·霜裔,护甲,法系输出,4,4,9,腕部,230,耐力+57；智力+48,暴击等级+45；急速等级+44；法术强度+77,暴击等级+44；急速等级+47；法术强度+73,暴击等级×0.9778；急速等级×1.0682；法术强度×0.9481,5,244,271,0.9926,0,,,0,,,,1049,,49797,无星之夜护腕,219,4,4,9,无,,34431,光明使者腕环,48313,4,154,70
99544,腕铠·轮回,护甲,法系输出,4,4,9,腕部,230,耐力+57；智力+48,暴击等级+45；急速等级+44；法术强度+77,暴击等级+47；急速等级+41；法术强度+81,暴击等级×1.0444；急速等级×0.9318；法术强度×1.0519,5,244,271,1.0111,0,,,0,,,,1049,,49797,无星之夜护腕,219,4,4,9,无,,34432,光明使者护腕,48312,4,154,70
99545,腕甲·幽影,护甲,法系输出,4,4,9,腕部,230,耐力+50；智力+49,法术强度+72；暴击等级+37；急速等级+45,法术强度+66；暴击等级+34；急速等级+44,法术强度×0.9167；暴击等级×0.9189；急速等级×0.9778,5,347,253,0.9605,1,红色,,0,,,,1047,,50175,镇墓人护腕,264,4,4,9,无,,34433,光明使者腕甲,48314,4,154,70
99546,海加尔山生长臂甲,护甲,法系输出,4,4,9,腕部,230,耐力+57；智力+48,暴击等级+45；急速等级+44；法术强度+77,暴击等级+48；急速等级+43；法术强度+75,暴击等级×1.0667；急速等级×0.9773；法术强度×0.9740,5,244,271,1.0000,1,黄色,,0,,,,1049,,49797,无星之夜护腕,219,4,4,9,无,,34441,冲锋护腕,48347,4,154,70
99547,寒冰皇冠拳甲,护甲,法系输出,4,4,10,手部,230,耐力+53；智力+58,法术强度+102；暴击等级+43；急速等级+56,法术强度+111；暴击等级+45；急速等级+58,法术强度×1.0882；暴击等级×1.0465；急速等级×1.0357,5,301,312,1.0417,1,黄色,,0,,,,1484,,45928,雷神护手,226,4,4,10,无,,34341,边疆手套,48032,4,164,70
99548,灰熊丘陵灵光拳甲,护甲,法系输出,4,4,10,手部,230,耐力+53；智力+58,法术强度+102；暴击等级+43；急速等级+56,法术强度+93；暴击等级+39；急速等级+55,法术强度×0.9118；暴击等级×0.9070；急速等级×0.9821,5,301,312,0.9551,1,蓝色,,0,,,,1484,,45928,雷神护手,226,4,4,10,无,,34240,宁静灵魂护手,48905,4,159,70
99549,冰冠堡垒之手甲,护甲,法系输出,4,4,10,手部,230,耐力+53；智力+58,法术强度+102；暴击等级+43；急速等级+56,法术强度+106；暴击等级+45；急速等级+61,法术强度×1.0392；暴击等级×1.0465；急速等级×1.0893,5,301,312,1.0353,0,,,0,,,,1484,,45928,雷神护手,226,4,4,10,无,,34378,硬化氪金拳甲,48926,4,159,70
99550,战争领主之拳甲,护甲,法系输出,4,4,10,手部,230,耐力+67；智力+65,法术强度+91；暴击等级+57；急速等级+48,法术强度+83；暴击等级+53；急速等级+49,法术强度×0.9121；暴击等级×0.9298；急速等级×1.0208,5,450,328,0.9665,1,黄色,,0,,,,1495,,50976,白炽护手,264,4,4,10,无,,35028,野蛮角斗士的板层甲手套,48640,4,159,70
99551,影月谷星芒头饰,护甲,治疗,4,1,1,头部,230,智力+69；精神+76；耐力+83,暴击等级+65；法术强度+130,暴击等级+61；法术强度+138,暴击等级×0.9385；法术强度×1.0615,5,431,423,1.0095,1,蓝色,,0,,,,257,,49316,卓越饰环,232,4,1,1,无,,34847,湮灭全视护目镜,43891,4,159,70
99552,太阳之井头冠,护甲,治疗,4,1,1,头部,230,耐力+104；智力+82；精神+50,急速等级+70；法术强度+117,急速等级+68；法术强度+120,急速等级×0.9714；法术强度×1.0256,5,404,423,1.0024,0,,,0,,,,264,,45289,生命火花面甲,225,4,1,1,无,,35004,野蛮角斗士的鬼纹软帽,50005,4,159,70
99553,银月城头巾,护甲,治疗,4,1,1,头部,230,智力+75；精神+86；耐力+77,暴击等级+46；法术强度+130,暴击等级+44；法术强度+131,暴击等级×0.9565；法术强度×1.0077,5,422,414,0.9976,1,红色,,0,,,,257,,49315,复仇骨盔,232,4,1,1,无,,35054,野蛮角斗士的月布软帽,50007,4,159,70
99554,惊涛头巾,护甲,治疗,4,1,1,头部,230,耐力+90；智力+76；精神+74,急速等级+64；法术强度+115,急速等级+62；法术强度+112,急速等级×0.9688；法术强度×0.9739,5,378,419,0.9881,0,,,0,,,,261,,49849,破损的冰织兜帽,219,4,1,1,无,,35097,野蛮角斗士的丝质罩帽,50008,4,159,70
99555,圣贤御风披肩,护甲,治疗,4,1,3,肩部,230,耐力+67；智力+67；精神+59,法术强度+94；暴击等级+51,法术强度+93；暴击等级+54,法术强度×0.9894；暴击等级×1.0588,5,344,338,1.0059,0,,,0,,,,237,,48101,萨布拉的征服衬肩,232,4,1,3,无,,35056,野蛮角斗士的月布衬肩,50010,4,159,70
99556,守望肩巾,护甲,治疗,4,1,3,肩部,230,耐力+87；智力+58；精神+65,法术强度+103；急速等级+51,法术强度+98；急速等级+52,法术强度×0.9515；急速等级×1.0196,5,371,364,0.9890,1,黄色,,0,,,,241,,45253,心绪波动衬肩,232,4,1,3,无,,35096,野蛮角斗士的丝质护肩,50011,4,159,70
99557,破军者肩巾,护甲,治疗,4,1,3,肩部,230,耐力+67；智力+67；精神+59,法术强度+94；暴击等级+51,法术强度+95；暴击等级+55,法术强度×1.0106；暴击等级×1.0784,5,344,338,1.0148,1,红色,,0,,,,237,,48076,维伦的征服衬肩,232,4,1,3,无,,31054,凶星衬肩,45676,4,146,70
99558,破晓之披肩,护甲,治疗,4,1,3,肩部,230,耐力+67；智力+68；精神+43,急速等级+64；法术强度+93,急速等级+58；法术强度+85,急速等级×0.9062；法术强度×0.9140,5,323,335,0.9582,0,,,0,,,,239,,46255,征服者崇圣肩垫,226,4,1,3,无,,31059,风暴衬肩,45126,4,146,70
99559,陨星·衣袍,护甲,治疗,4,1,20,胸部,230,耐力+90；智力+90；精神+84,法术强度+139；暴击等级+69,法术强度+136；暴击等级+73,法术强度×0.9784；暴击等级×1.0580,5,481,472,1.0021,0,,,0,,,,315,,50213,墨德雷萨法袍,232,4,1,20,无,,35007,野蛮角斗士的鬼纹长袍,49954,4,159,70
99560,日蚀·外衣,护甲,治疗,4,1,20,胸部,230,耐力+90；智力+90；精神+71,法术强度+120；急速等级+71,法术强度+114；急速等级+65,法术强度×0.9500；急速等级×0.9155,5,450,442,0.9729,2,黄色,红色,0,,,,315,,48100,萨布拉的征服法衣,232,4,1,20,无,,35057,野蛮角斗士的月布长袍,49963,4,159,70
99561,仁心衣袍,护甲,治疗,4,1,20,胸部,230,耐力+90；智力+90；精神+71,法术强度+120；暴击等级+71,法术强度+131；暴击等级+71,法术强度×1.0917；暴击等级×1.0000,5,450,442,1.0249,0,,,0,,,,315,,48070,萨布拉的征服法袍,232,4,1,20,无,,35099,野蛮角斗士的丝质外衣,49958,4,159,70
99562,达拉然新月长袍,护甲,治疗,4,1,20,胸部,230,耐力+90；智力+90；精神+71,法术强度+120；急速等级+71,法术强度+111；急速等级+68,法术强度×0.9250；急速等级×0.9577,5,450,442,0.9729,0,,,0,,,,315,,48075,维伦的征服法衣,232,4,1,20,无,,34233,幻化光芒长袍,48300,4,154,70
99563,复苏腰链,护甲,治疗,4,1,6,腰部,230,耐力+67；智力+63；精神+63,法术强度+103；暴击等级+39,法术强度+101；暴击等级+39,法术强度×0.9806；暴击等级×1.0000,5,341,335,0.9940,0,,,0,,,,177,,47909,永恒束带,232,4,1,6,无,,34541,凶星腰带,48359,4,154,70
99564,蓝龙军团降临腰带,护甲,治疗,4,1,6,腰部,230,耐力+66；智力+67；精神+65,法术强度+103；急速等级+51,法术强度+101；急速等级+48,法术强度×0.9806；急速等级×0.9412,5,358,352,0.9858,1,黄色,,0,,,,181,,45119,巨兽之拥,232,4,1,6,无,,34557,风暴腰带,48354,4,154,70
99565,安戈洛之腰链,护甲,治疗,4,1,6,腰部,230,耐力+67；智力+63；精神+63,法术强度+103；暴击等级+39,法术强度+111；暴击等级+40,法术强度×1.0777；暴击等级×1.0256,5,341,335,1.0269,2,红色,蓝色,0,,,,177,,47837,永生束带,232,4,1,6,无,,33882,守备官的鬼纹腰带,47412,4,146,70
99566,腐化·束腰,护甲,治疗,4,1,6,腰部,230,耐力+69；智力+62；精神+50,急速等级+64；法术强度+107,急速等级+69；法术强度+97,急速等级×1.0781；法术强度×0.9065,5,339,352,0.9858,1,蓝色,,0,,,,179,,40561,狂妄魔法腰带,226,4,1,6,无,,33900,守备官的月布腰带,47421,4,146,70
99567,仁心腿甲,护甲,治疗,4,1,7,腿部,230,耐力+104；智力+84；精神+84,法术强度+130；暴击等级+61,法术强度+132；暴击等级+67,法术强度×1.0154；暴击等级×1.0984,5,472,463,1.0173,1,蓝色,,0,,,,276,,47865,恶魔信使裹腿,232,4,1,7,无,,35013,野蛮角斗士的邪纹长裤,49955,4,159,70
99568,诅咒之地无尽长裤,护甲,治疗,4,1,7,腿部,230,耐力+90；智力+90；精神+71,法术强度+120；急速等级+71,法术强度+118；急速等级+75,法术强度×0.9833；急速等级×1.0563,5,450,442,1.0045,0,,,0,,,,276,,48069,萨布拉的征服护腿,232,4,1,7,无,,35055,野蛮角斗士的月布护腿,49964,4,159,70
99569,纳克萨玛斯之长裤,护甲,治疗,4,1,7,腿部,230,耐力+90；智力+90；精神+63,法术强度+120；暴击等级+78,法术强度+118；暴击等级+79,法术强度×0.9833；暴击等级×1.0128,5,450,441,0.9977,2,红色,蓝色,0,,,,276,,47775,逐日者的征服护腿,232,4,1,7,无,,35100,野蛮角斗士的丝质长裤,49959,4,159,70
99570,自然之裤腿,护甲,治疗,4,1,7,腿部,230,耐力+90；智力+90；精神+71,法术强度+120；急速等级+71,法术强度+122；急速等级+67,法术强度×1.0167；急速等级×0.9437,5,450,442,0.9955,2,蓝色,黄色,0,,,,276,,47980,维伦的征服护腿,232,4,1,7,无,,30912,永恒护腿,45218,4,151,70
99571,沙塔斯长靴,护甲,治疗,4,1,8,脚部,230,耐力+67；智力+67；精神+51,法术强度+103；暴击等级+63,法术强度+108；暴击等级+58,法术强度×1.0485；暴击等级×0.9206,5,357,351,1.0000,1,蓝色,,0,,,,217,,49232,哀魂便鞋,232,4,1,8,无,,34563,赦免软靴,48368,4,154,70
99572,破军者裁断护足,护甲,治疗,4,1,8,脚部,230,耐力+76；智力+58；精神+50,法术强度+93；急速等级+65,法术强度+97；急速等级+63,法术强度×1.0430；急速等级×0.9692,5,348,342,1.0058,2,黄色,红色,0,,,,221,,45483,仆从之靴,232,4,1,8,无,,34564,凶星长靴,48371,4,154,70
99573,寒冰皇冠足具,护甲,治疗,4,1,8,脚部,230,耐力+67；智力+67；精神+51,法术强度+103；暴击等级+63,法术强度+97；暴击等级+61,法术强度×0.9417；暴击等级×0.9683,5,357,351,0.9772,1,红色,,0,,,,217,,49231,哀魂长靴,232,4,1,8,无,,34574,风暴长靴,48365,4,154,70
99574,血精灵魔导师之足具,护甲,治疗,4,1,8,脚部,230,耐力+65；智力+67；精神+43,法术强度+84；急速等级+58,法术强度+89；急速等级+61,法术强度×1.0595；急速等级×1.0517,5,305,317,1.0252,1,蓝色,,0,,,,219,,45566,法术爆发便鞋,226,4,1,8,无,,33884,守备官的鬼纹便鞋,47414,4,146,70
99575,冻结护臂,护甲,治疗,4,1,9,腕部,230,耐力+48；智力+43；精神+51,法术强度+77；暴击等级+43,法术强度+75；暴击等级+47,法术强度×0.9740；暴击等级×1.0930,5,267,262,1.0076,2,蓝色,黄色,0,,,,141,,45146,侍女镣铐,232,4,1,9,无,,35174,护卫者的月布护腕,48687,4,154,70
99576,暴风城之腕轮,护甲,治疗,4,1,9,腕部,230,耐力+56；智力+48；精神+44,法术强度+66；急速等级+35,法术强度+65；急速等级+32,法术强度×0.9848；急速等级×0.9143,5,240,249,0.9839,0,,,0,,,,140,,44008,清白裹腕,226,4,1,9,无,,35179,护卫者的丝质护腕,48690,4,154,70
99577,风暴·护臂,护甲,治疗,4,1,9,腕部,230,耐力+58；智力+46；精神+33,暴击等级+51；法术强度+76,暴击等级+50；法术强度+69,暴击等级×0.9804；法术强度×0.9079,5,252,264,0.9697,1,红色,,0,,,,142,,45423,符文之触裹手,225,4,1,9,无,,30870,崩坏腕甲,45745,4,141,70
99578,降临腕饰,护甲,治疗,4,1,9,腕部,230,耐力+58；智力+47；精神+44,法术强度+69；急速等级+36,法术强度+65；急速等级+35,法术强度×0.9420；急速等级×0.9722,5,277,254,0.9803,1,蓝色,,0,,,,138,,45446,理智之握,239,4,1,9,无,,30871,殉难护腕,45743,4,141,70
99579,霜痕手饰,护甲,治疗,4,1,10,手部,230,耐力+67；智力+67；精神+56,法术强度+103；暴击等级+60,法术强度+108；暴击等级+62,法术强度×1.0485；暴击等级×1.0333,5,359,353,1.0198,1,蓝色,,0,,,,197,,50299,奇软护手,232,4,1,10,无,,34367,永恒光芒之手,48920,4,159,70
99580,祖达克护手,护甲,治疗,4,1,10,手部,230,耐力+67；智力+67；精神+51,法术强度+94；急速等级+59,法术强度+98；急速等级+64,法术强度×1.0426；急速等级×1.0847,5,344,338,1.0266,0,,,0,,,,197,,47982,维伦的征服兜帽,232,4,1,10,无,,35003,野蛮角斗士的鬼纹手套,48618,4,159,70
99581,晨辉手饰,护甲,治疗,4,1,10,手部,230,耐力+76；智力+65；精神+55,法术强度+103；暴击等级+60,法术强度+100；暴击等级+56,法术强度×0.9709；暴击等级×0.9333,5,365,359,0.9805,1,红色,,0,,,,201,,45117,建造者的裹手,232,4,1,10,无,,35053,野蛮角斗士的月布手套,49960,4,159,70
99582,荣光护手,护甲,治疗,4,1,10,手部,230,耐力+76；智力+65；精神+58,法术强度+103；急速等级+58,法术强度+102；急速等级+56,法术强度×0.9903；急速等级×0.9655,5,366,360,0.9917,0,,,0,,,,201,,45273,丰饶治愈裹手,232,4,1,10,无,,35098,野蛮角斗士的丝质护手,49957,4,159,70
99583,时空之头盔,护甲,治疗,4,2,1,头部,230,智力+71；精神+77；耐力+79,暴击等级+60；法术强度+130,暴击等级+54；法术强度+130,暴击等级×0.9000；法术强度×1.0000,5,424,417,0.9856,1,蓝色,,0,,,,482,,49326,怒风罩帽,232,4,2,1,无,,34999,野蛮角斗士的龙皮头盔,48601,4,159,70
99584,战盔·生命,护甲,治疗,4,2,1,头部,230,耐力+88；智力+90；精神+62,法术强度+119；急速等级+61,法术强度+128；急速等级+67,法术强度×1.0756；急速等级×1.0984,5,405,420,1.0357,1,黄色,,0,,,,486,,46184,征服者的夜歌头饰,226,4,2,1,无,,35023,野蛮角斗士的科多皮头盔,48602,4,159,70
99585,石爪山之头冠,护甲,治疗,4,2,1,头部,230,耐力+90；智力+90；精神+63,法术强度+111；暴击等级+71,法术强度+102；暴击等级+73,法术强度×0.9189；暴击等级×1.0282,5,433,425,0.9835,1,红色,,0,,,,482,,48154,符文图腾的征服头饰,232,4,2,1,无,,35033,野蛮角斗士的皮甲头盔,48739,4,159,70
99586,破军者面甲,护甲,治疗,4,2,1,头部,230,耐力+101；智力+73；精神+50,急速等级+81；法术强度+117,急速等级+84；法术强度+111,急速等级×1.0370；法术强度×0.9487,5,403,422,0.9929,0,,,0,,,,495,,45864,守护者的罩帽,225,4,2,1,无,,32235,萨格拉斯的诅咒视界,52634,4,151,70
99587,暗影·肩甲,护甲,治疗,4,2,3,肩部,230,耐力+67；智力+67；精神+59,法术强度+94；暴击等级+51,法术强度+90；暴击等级+53,法术强度×0.9574；暴击等级×1.0392,5,344,338,0.9941,1,蓝色,,0,,,,444,,48161,玛法里奥的征服护肩,232,4,2,3,无,,35035,野蛮角斗士的皮甲护肩,48598,4,159,70
99588,凛冽之披肩,护甲,治疗,4,2,3,肩部,230,耐力+67；智力+67；精神+51,法术强度+94；急速等级+59,法术强度+85；急速等级+55,法术强度×0.9043；急速等级×0.9322,5,344,338,0.9615,1,黄色,,0,,,,444,,48131,玛法里奥的征服肩铠,232,4,2,3,无,,31030,刺杀者护肩,45436,4,146,70
99589,荣光之肩铠,护甲,治疗,4,2,3,肩部,230,耐力+65；智力+67；精神+51,法术强度+93；暴击等级+58,法术强度+84；暴击等级+62,法术强度×0.9032；暴击等级×1.0690,5,322,334,0.9850,1,红色,,0,,,,448,,46196,征服者的夜歌衬肩,226,4,2,3,无,,31047,雷霆之心肩甲,45667,4,146,70
99590,镇岳肩卫,护甲,治疗,4,2,3,肩部,230,耐力+67；智力+68；精神+58,法术强度+93；急速等级+50,法术强度+97；急速等级+45,法术强度×1.0430；急速等级×0.9000,5,342,336,0.9970,2,蓝色,黄色,0,,,,452,,45492,韧性钢纹衬肩,232,4,2,3,无,,33674,复仇角斗士的龙皮护肩,46944,4,146,70
99591,晶歌森林黎明胸甲,护甲,治疗,4,2,20,胸部,230,耐力+90；智力+90；精神+71,法术强度+120；暴击等级+71,法术强度+115；暴击等级+72,法术强度×0.9583；暴击等级×1.0141,5,450,442,0.9910,2,蓝色,黄色,0,,,,593,,48129,玛法里奥的征服法袍,232,4,2,20,无,,34397,混沌刀锋外套,48054,4,159,70
99592,哀嚎洞穴之护甲,护甲,治疗,4,2,20,胸部,230,耐力+88；智力+90；精神+62,法术强度+119；急速等级+78,法术强度+110；急速等级+78,法术强度×0.9244；急速等级×1.0000,5,421,437,0.9794,1,黄色,,0,,,,598,,46194,征服者的夜歌外衣,226,4,2,20,无,,34398,艾露恩的幻想外套,48055,4,159,70
99593,燃烬者之护甲,护甲,治疗,4,2,20,胸部,230,耐力+88；智力+89；精神+78,法术强度+129；暴击等级+71,法术强度+133；暴击等级+73,法术强度×1.0310；暴击等级×1.0282,5,464,455,1.0132,0,,,0,,,,602,,45237,菲莉的萌芽外套,232,4,2,20,无,,35002,野蛮角斗士的龙皮外套,49968,4,159,70
99594,龙骨荒野之胸甲,护甲,治疗,4,2,20,胸部,230,耐力+68；智力+84；精神+71,法术强度+113；急速等级+64,法术强度+117；急速等级+61,法术强度×1.0354；急速等级×0.9531,5,435,400,1.0025,2,蓝色,黄色,0,,,,593,,45519,盲眼者的外衣,239,4,2,20,无,,35036,野蛮角斗士的皮甲外套,48599,4,159,70
99595,断空腰带,护甲,治疗,4,2,6,腰部,230,耐力+76；智力+59；精神+65,法术强度+103；暴击等级+57,法术强度+98；暴击等级+61,法术强度×0.9515；暴击等级×1.0702,5,366,360,0.9972,1,蓝色,,0,,,,340,,45185,焰铸束带,232,4,2,6,无,,33879,守备官的龙皮腰带,47409,4,146,70
99596,幽魂之地之战带,护甲,治疗,4,2,6,腰部,230,耐力+76；智力+62；精神+59,法术强度+84；急速等级+41,法术强度+78；急速等级+41,法术强度×0.9286；急速等级×1.0000,5,311,322,0.9814,2,黄色,红色,0,,,,337,,45556,极地生命腰带,226,4,2,6,无,,33891,守备官的皮甲腰带,47900,4,146,70
99597,地狱火半岛腰带,护甲,治疗,4,2,6,腰部,230,耐力+67；智力+67；精神+59,法术强度+94；暴击等级+47,法术强度+98；暴击等级+50,法术强度×1.0426；暴击等级×1.0638,5,340,334,1.0210,0,,,0,,,,333,,47863,血蹄使者束带,232,4,2,6,无,,30879,阿加多的腰带,45245,4,141,70
99598,暮星临世腰甲,护甲,治疗,4,2,6,腰部,230,耐力+66；智力+68；精神+62,法术强度+102；急速等级+51,法术强度+97；急速等级+54,法术强度×0.9510；急速等级×1.0588,5,337,349,0.9943,1,蓝色,,0,,,,337,,45548,沉睡者束带,226,4,2,6,无,,30914,新月腰带,45244,4,141,70
99599,巨魔祭司战裙,护甲,治疗,4,2,7,腿部,230,耐力+88；智力+90；精神+79,法术强度+119；暴击等级+61,法术强度+117；暴击等级+63,法术强度×0.9832；暴击等级×1.0328,5,421,437,1.0000,1,蓝色,,0,,,,523,,46185,征服者的夜歌护腿,226,4,2,7,无,,31029,刺杀者护腿,45428,4,146,70
99600,璀璨焚天护腿,护甲,治疗,4,2,7,腿部,230,耐力+90；智力+90；精神+71,法术强度+120；急速等级+71,法术强度+111；急速等级+72,法术强度×0.9250；急速等级×1.0141,5,450,442,0.9819,0,,,0,,,,519,,48155,符文图腾的征服护腿,232,4,2,7,无,,31044,雷霆之心护腿,45665,4,146,70
99601,霜狼酋长镇岳护腿,护甲,治疗,4,2,7,腿部,230,耐力+88；智力+90；精神+71,法术强度+119；暴击等级+70,法术强度+125；暴击等级+69,法术强度×1.0504；暴击等级×0.9857,5,421,438,1.0114,0,,,0,,,,523,,45847,荒野行者护腿,226,4,2,7,无,,31045,雷霆之心腿甲,45666,4,146,70
99602,织法者镇渊护腿,护甲,治疗,4,2,7,腿部,230,耐力+90；智力+90；精神+71,法术强度+120；急速等级+71,法术强度+116；急速等级+76,法术强度×0.9667；急速等级×1.0704,5,450,442,1.0023,2,蓝色,黄色,0,,,,519,,48130,玛法里奥的征服护腿,232,4,2,7,无,,33673,复仇角斗士的龙皮护腿,46946,4,146,70
99603,极光·足甲,护甲,治疗,4,2,8,脚部,230,耐力+76；智力+65；精神+63,法术强度+93；暴击等级+42,法术强度+85；暴击等级+40,法术强度×0.9140；暴击等级×0.9524,5,345,339,0.9705,0,,,0,,,,415,,45260,急速复苏之靴,232,4,2,8,无,,34575,刺杀者战靴,48369,4,154,70
99604,远征军足甲,护甲,治疗,4,2,8,脚部,230,耐力+77；智力+63；精神+58,法术强度+102；急速等级+58,法术强度+103；急速等级+58,法术强度×1.0098；急速等级×1.0000,5,342,358,1.0028,1,黄色,,0,,,,419,,45378,石化森林之靴,225,4,2,8,无,,33880,守备官的龙皮长靴,47428,4,146,70
99605,驭雷战靴,护甲,治疗,4,2,8,脚部,230,耐力+65；智力+67；精神+51,法术强度+84；暴击等级+50,法术强度+80；暴击等级+49,法术强度×0.9524；暴击等级×0.9800,5,305,317,0.9842,2,红色,蓝色,0,,,,411,,45565,寒冬耐久长靴,226,4,2,8,无,,33892,守备官的皮甲长靴,47403,4,146,70
99606,时空之踏靴,护甲,治疗,4,2,8,脚部,230,耐力+77；智力+63；精神+58,法术强度+102；急速等级+58,法术强度+101；急速等级+56,法术强度×0.9902；急速等级×0.9655,5,342,358,0.9916,0,,,0,,,,419,,45378,石化森林之靴,225,4,2,8,无,,30886,魔化皮质便鞋,45238,4,141,70
99607,黑翼之巢生长护腕,护甲,治疗,4,2,9,腕部,230,智力+50；耐力+50；精神+40,法术强度+77；暴击等级+45,法术强度+84；暴击等级+43,法术强度×1.0909；暴击等级×0.9556,5,267,262,1.0191,1,蓝色,,0,,,,259,,50318,鬼魅裹腕,232,4,2,9,无,,35171,护卫者的皮甲护腕,48682,4,154,70
99608,驭雷者护腕,护甲,治疗,4,2,9,腕部,230,耐力+56；智力+48；精神+48,法术强度+77；急速等级+37,法术强度+73；急速等级+40,法术强度×0.9481；急速等级×1.0811,5,271,266,0.9962,0,,,0,,,,264,,45149,龙母护腕,232,4,2,9,无,,30863,致命腕甲,45746,4,141,70
99609,凋零之护腕,护甲,治疗,4,2,9,腕部,230,耐力+50；智力+50；精神+43,法术强度+70；暴击等级+36,法术强度+75；暴击等级+35,法术强度×1.0714；暴击等级×0.9722,5,288,249,1.0161,2,红色,蓝色,0,,,,260,,47584,月影臂甲,245,4,2,9,无,,30868,回春护腕,45753,4,141,70
99610,自然·腕铠,护甲,治疗,4,2,9,腕部,230,耐力+50；智力+50；精神+43,法术强度+78；急速等级+44,法术强度+83；急速等级+41,法术强度×1.0641；急速等级×0.9318,5,305,265,1.0075,1,蓝色,,0,,,,260,,47277,秋木束腕,245,4,2,9,无,,32324,阴险护腕,47436,4,141,70
99611,诅咒之地拳甲,护甲,治疗,4,2,10,手部,230,耐力+67；智力+67；精神+59,法术强度+94；暴击等级+51,法术强度+90；暴击等级+54,法术强度×0.9574；暴击等级×1.0588,5,344,338,0.9970,1,蓝色,,0,,,,371,,48153,符文图腾的征服护手,232,4,2,10,无,,35032,野蛮角斗士的皮甲手套,49965,4,159,70
99612,圣光手套,护甲,治疗,4,2,10,手部,230,耐力+67；智力+67；精神+51,法术强度+94；急速等级+59,法术强度+88；急速等级+62,法术强度×0.9362；急速等级×1.0508,5,344,338,0.9911,1,黄色,,0,,,,371,,48183,符文图腾的征服手套,232,4,2,10,无,,34351,稳固王权护手,48039,4,154,70
99613,冰封·护手,护甲,治疗,4,2,10,手部,230,耐力+67；智力+67；精神+59,法术强度+94；暴击等级+51,法术强度+89；暴击等级+53,法术强度×0.9468；暴击等级×1.0392,5,344,338,0.9911,2,红色,蓝色,0,,,,371,,48132,玛法里奥的征服护手,232,4,2,10,无,,31026,刺杀者护手,45426,4,146,70
99614,手套·冰封,护甲,治疗,4,2,10,手部,230,耐力+67；智力+67；精神+51,法术强度+94；急速等级+59,法术强度+91；急速等级+61,法术强度×0.9681；急速等级×1.0339,5,344,338,0.9970,0,,,0,,,,371,,48162,玛法里奥的征服手套,232,4,2,10,无,,31032,雷霆之心手套,45664,4,146,70
99615,裁断头冠,护甲,治疗,4,3,1,头部,230,智力+74；耐力+92,暴击等级+48；每5秒法力回复+39；法术强度+130,暴击等级+52；每5秒法力回复+36；法术强度+130,暴击等级×1.0833；每5秒法力回复×0.9231；法术强度×1.0000,5,391,383,1.0026,2,蓝色,黄色,0,,,,1071,,49329,无尽风暴兜帽,232,4,3,1,无,,34356,必中护目镜V3.0,45783,4,159,70
99616,奥术·头冠,护甲,治疗,4,3,1,头部,230,智力+78；耐力+84,每5秒法力回复+38；急速等级+59；法术强度+115,每5秒法力回复+38；急速等级+64；法术强度+109,每5秒法力回复×1.0000；急速等级×1.0847；法术强度×0.9478,5,339,374,0.9973,2,黄色,红色,0,,,,1090,,49804,闪亮的镜盔,219,4,3,1,无,,34992,野蛮角斗士的链甲头盔,48606,4,159,70
99617,达拉然头盔,护甲,治疗,4,3,1,头部,230,耐力+90；智力+90,法术强度+111；暴击等级+65；每5秒法力回复+34,法术强度+114；暴击等级+68；每5秒法力回复+36,法术强度×1.0270；暴击等级×1.0462；每5秒法力回复×1.0588,5,398,390,1.0205,1,红色,,0,,,,1071,,48297,萨尔的征服头饰,232,4,3,1,无,,35044,野蛮角斗士的鳞甲头盔,48613,4,159,70
99618,御风者面甲,护甲,治疗,4,3,1,头部,230,耐力+89；智力+88,法术强度+115；急速等级+58；每5秒法力回复+39,法术强度+114；急速等级+59；每5秒法力回复+38,法术强度×0.9913；急速等级×1.0172；每5秒法力回复×0.9744,5,448,389,0.9974,2,蓝色,黄色,0,,,,1076,,47687,热情蕴藏头甲,245,4,3,1,无,,35079,野蛮角斗士的环甲头盔,48614,4,159,70
99619,织法者之肩卫,护甲,治疗,4,3,3,肩部,230,耐力+76；智力+63,法术强度+93；暴击等级+59；每5秒法力回复+25,法术强度+87；暴击等级+64；每5秒法力回复+26,法术强度×0.9355；暴击等级×1.0847；每5秒法力回复×1.0400,5,321,316,1.0000,1,蓝色,,0,,,,1005,,45440,淡泊守护肩饰,232,4,3,3,无,,31006,戈隆追猎者护肩,45682,4,146,70
99620,烈焰肩甲,护甲,治疗,4,3,3,肩部,230,耐力+67；智力+67,法术强度+94；急速等级+51；每5秒法力回复+29,法术强度+87；急速等级+51；每5秒法力回复+27,法术强度×0.9255；急速等级×1.0000；每5秒法力回复×0.9310,5,314,308,0.9708,0,,,0,,,,988,,48299,萨尔的征服护肩,232,4,3,3,无,,31022,破天肩垫,45672,4,146,70
99621,雷霆崖之披肩,护甲,治疗,4,3,3,肩部,230,耐力+76；智力+63,法术强度+93；暴击等级+59；每5秒法力回复+25,法术强度+95；暴击等级+60；每5秒法力回复+26,法术强度×1.0215；暴击等级×1.0169；每5秒法力回复×1.0400,5,321,316,1.0127,0,,,0,,,,1005,,45440,淡泊守护肩饰,232,4,3,3,无,,33668,复仇角斗士的链甲护肩,46881,4,146,70
99622,冬拥湖之肩铠,护甲,治疗,4,3,3,肩部,230,耐力+67；智力+67,法术强度+94；急速等级+51；每5秒法力回复+29,法术强度+99；急速等级+47；每5秒法力回复+27,法术强度×1.0532；急速等级×0.9216；每5秒法力回复×0.9310,5,314,308,0.9968,2,蓝色,黄色,0,,,,988,,48283,努波顿的征服护肩,232,4,3,3,无,,33710,复仇角斗士的鳞甲护肩,46890,4,146,70
99623,泰坦监护者战衣,护甲,治疗,4,3,20,胸部,230,耐力+88；智力+90,法术强度+119；暴击等级+62；每5秒法力回复+31,法术强度+122；暴击等级+59；每5秒法力回复+30,法术强度×1.0252；暴击等级×0.9516；每5秒法力回复×0.9677,5,376,390,0.9974,1,蓝色,,0,,,,1329,,46306,征服者碎界者外套,226,4,3,20,无,,34990,野蛮角斗士的链甲护胸,48604,4,159,70
99624,惊涛战衣,护甲,治疗,4,3,20,胸部,230,耐力+103；智力+84,法术强度+118；急速等级+69；每5秒法力回复+34,法术强度+114；急速等级+67；每5秒法力回复+35,法术强度×0.9661；急速等级×0.9710；每5秒法力回复×1.0294,5,416,408,0.9877,0,,,0,,,,1340,,45259,石英镶饰外套,232,4,3,5,无,,35042,野蛮角斗士的鳞甲护胸,49969,4,159,70
99625,御风者断空战衣,护甲,治疗,4,3,20,胸部,230,耐力+88；智力+90,法术强度+119；暴击等级+62；每5秒法力回复+31,法术强度+111；暴击等级+57；每5秒法力回复+33,法术强度×0.9328；暴击等级×0.9194；每5秒法力回复×1.0645,5,376,390,0.9718,2,红色,蓝色,0,,,,1329,,46298,征服者碎界者外套,226,4,3,20,无,,30907,狂热追击锁甲,46356,4,151,70
99626,裂地战衣,护甲,治疗,4,3,20,胸部,230,耐力+118；智力+79,法术强度+136；急速等级+68；每5秒法力回复+42,法术强度+145；急速等级+74；每5秒法力回复+39,法术强度×1.0662；急速等级×1.0882；每5秒法力回复×0.9286,5,401,443,1.0271,0,,,0,,,,1341,,49826,蒙霜披风,219,4,3,5,无,,23565,扭曲虚空的拥抱,45807,4,146,70
99627,风暴领主之扣带,护甲,治疗,4,3,6,腰部,230,耐力+71；智力+65,法术强度+103；暴击等级+44；每5秒法力回复+33,法术强度+94；暴击等级+40；每5秒法力回复+31,法术强度×0.9126；暴击等级×0.9091；每5秒法力回复×0.9394,5,322,316,0.9525,0,,,0,,,,742,,47866,暗矛仪祭缚带,232,4,3,6,无,,33877,守备官的链甲束带,47406,4,146,70
99628,仁爱腰带,护甲,治疗,4,3,6,腰部,230,耐力+87；智力+58,法术强度+104；急速等级+62；每5秒法力回复+26,法术强度+98；急速等级+65；每5秒法力回复+28,法术强度×0.9423；急速等级×1.0484；每5秒法力回复×1.0769,5,325,337,0.9970,0,,,0,,,,748,,45828,寒风护腕,226,4,3,6,无,,33895,守备官的鳞甲束带,47419,4,146,70
99629,仁心战带,护甲,治疗,4,3,6,腰部,230,耐力+71；智力+65,法术强度+103；暴击等级+44；每5秒法力回复+33,法术强度+98；暴击等级+40；每5秒法力回复+33,法术强度×0.9515；暴击等级×0.9091；每5秒法力回复×1.0000,5,322,316,0.9715,0,,,0,,,,742,,47621,先知束带,232,4,3,6,无,,30919,峡谷猎手腰带,45247,4,141,70
99630,寒霜之战带,护甲,治疗,4,3,6,腰部,230,耐力+77；智力+66,法术强度+102；急速等级+43；每5秒法力回复+33,法术强度+106；急速等级+40；每5秒法力回复+30,法术强度×1.0392；急速等级×0.9302；每5秒法力回复×0.9091,5,306,321,0.9938,0,,,0,,,,762,,45333,钢铁仆从腰带,225,4,3,6,无,,32258,自然庇护腰带,45765,4,141,70
99631,腿铠·符文,护甲,治疗,4,3,7,腿部,230,耐力+90；智力+90,法术强度+120；暴击等级+73；每5秒法力回复+34,法术强度+131；暴击等级+74；每5秒法力回复+33,法术强度×1.0917；暴击等级×1.0137；每5秒法力回复×0.9706,5,415,407,1.0270,2,蓝色,黄色,0,,,,1153,,48298,萨尔的征服腿甲,232,4,3,7,无,,35045,野蛮角斗士的鳞甲护腿,48615,4,159,70
99632,冻结腿甲,护甲,治疗,4,3,7,腿部,230,耐力+90；智力+90,法术强度+139；急速等级+83；每5秒法力回复+36,法术强度+143；急速等级+82；每5秒法力回复+39,法术强度×1.0288；急速等级×0.9880；每5秒法力回复×1.0833,5,446,438,1.0137,1,黄色,,0,,,,1153,,50265,硝制食尸鬼皮护腿,232,4,3,7,无,,31005,戈隆追猎者护腿,45681,4,146,70
99633,命运·护腿,护甲,治疗,4,3,7,腿部,230,耐力+90；智力+90,法术强度+120；暴击等级+73；每5秒法力回复+34,法术强度+114；暴击等级+73；每5秒法力回复+37,法术强度×0.9500；暴击等级×1.0000；每5秒法力回复×1.0882,5,415,407,0.9926,0,,,0,,,,1153,,48282,努波顿的征服腿甲,232,4,3,7,无,,31019,破天护腿,45671,4,146,70
99634,寒冰皇冠凋零战裙,护甲,治疗,4,3,7,腿部,230,耐力+118；智力+78,法术强度+119；急速等级+62；每5秒法力回复+40,法术强度+118；急速等级+57；每5秒法力回复+43,法术强度×0.9916；急速等级×0.9194；每5秒法力回复×1.0750,5,402,417,0.9928,0,,,0,,,,1163,,45845,疲惫秘法师的护腿,226,4,3,7,无,,33667,复仇角斗士的链甲护腿,46882,4,146,70
99635,天穹惊涛踏靴,护甲,治疗,4,3,8,脚部,230,耐力+67；智力+67,法术强度+94；每5秒法力回复+25；暴击等级+59,法术强度+87；每5秒法力回复+23；暴击等级+58,法术强度×0.9255；每5秒法力回复×0.9200；暴击等级×0.9831,5,318,312,0.9679,1,蓝色,,0,,,,906,,49236,炼狱战靴,232,4,3,8,无,,33878,守备官的链甲战靴,47408,4,146,70
99636,霸主之足甲,护甲,治疗,4,3,8,脚部,230,耐力+87；智力+58,法术强度+103；急速等级+65；每5秒法力回复+25,法术强度+104；急速等级+59；每5秒法力回复+24,法术强度×1.0097；急速等级×0.9077；每5秒法力回复×0.9600,5,345,338,0.9822,1,黄色,,0,,,,921,,45513,遗忘深渊长靴,232,4,3,8,无,,33896,守备官的鳞甲战靴,47420,4,146,70
99637,战靴·月刃,护甲,治疗,4,3,8,脚部,230,耐力+67；智力+67,法术强度+94；每5秒法力回复+25；暴击等级+59,法术强度+100；每5秒法力回复+27；暴击等级+60,法术强度×1.0638；每5秒法力回复×1.0800；暴击等级×1.0169,5,318,312,1.0288,0,,,0,,,,906,,49235,炼狱长靴,232,4,3,8,无,,30873,止水长靴,45240,4,141,70
99638,源质镇海战靴,护甲,治疗,4,3,8,脚部,230,耐力+88；智力+59,每5秒法力回复+32；急速等级+49；法术强度+101,每5秒法力回复+34；急速等级+50；法术强度+107,每5秒法力回复×1.0625；急速等级×1.0204；法术强度×1.0594,5,298,329,1.0274,2,蓝色,黄色,0,,,,922,,49798,灵魂尖啸之靴,219,4,3,8,无,,30880,疾步长靴,45239,4,141,70
99639,钢铁·护腕,护甲,治疗,4,3,9,腕部,230,耐力+56；智力+48,法术强度+77；暴击等级+48；每5秒法力回复+19,法术强度+72；暴击等级+45；每5秒法力回复+20,法术强度×0.9351；暴击等级×0.9375；每5秒法力回复×1.0526,5,252,248,0.9718,2,蓝色,黄色,0,,,,587,,45187,护火腕甲,232,4,3,9,无,,35172,护卫者的鳞甲护腕,48673,4,154,70
99640,诅咒之地腕铠,护甲,治疗,4,3,9,腕部,230,耐力+50；智力+50,法术强度+70；急速等级+44；每5秒法力回复+15,法术强度+63；急速等级+46；每5秒法力回复+14,法术强度×0.9000；急速等级×1.0455；每5秒法力回复×0.9333,5,263,229,0.9738,1,黄色,,0,,,,579,,47580,黑甲护腕,245,4,3,9,无,,30864,寻路者护腕,45744,4,141,70
99641,嚎风峡湾之护腕,护甲,治疗,4,3,9,腕部,230,耐力+43；智力+37,暴击等级+47；每5秒法力回复+20；法术强度+88,暴击等级+51；每5秒法力回复+22；法术强度+80,暴击等级×1.0851；每5秒法力回复×1.1000；法术强度×0.9091,5,224,235,0.9915,0,,,0,,,,592,,45316,跃动烈焰臂甲,225,4,3,9,无,,30869,嚎风护腕,45750,4,141,70
99642,缚霜者臂甲,护甲,治疗,4,3,9,腕部,230,耐力+50；智力+50,法术强度+70；急速等级+44；每5秒法力回复+15,法术强度+76；急速等级+47；每5秒法力回复+14,法术强度×1.0857；急速等级×1.0682；每5秒法力回复×0.9333,5,263,229,1.0349,0,,,0,,,,579,,47579,黑甲护腕,245,4,3,9,无,,32251,精准腕甲,45358,4,141,70
99643,断空护手,护甲,治疗,4,3,10,手部,230,耐力+67；智力+67,每5秒法力回复+25；暴击等级+61；法术强度+94,每5秒法力回复+24；暴击等级+60；法术强度+103,每5秒法力回复×0.9600；暴击等级×0.9836；法术强度×1.0957,5,319,314,1.0223,1,蓝色,,0,,,,823,,47893,森金村仪祭者手套,232,4,3,10,无,,34991,野蛮角斗士的链甲手套,48605,4,159,70
99644,辉光护手,护甲,治疗,4,3,10,手部,230,耐力+67；智力+67,法术强度+94；急速等级+51；每5秒法力回复+29,法术强度+94；急速等级+56；每5秒法力回复+27,法术强度×1.0000；急速等级×1.0980；每5秒法力回复×0.9310,5,314,308,1.0097,1,黄色,,0,,,,823,,48296,萨尔的征服手甲,232,4,3,10,无,,35043,野蛮角斗士的鳞甲手套,48611,4,159,70
99645,熔火之心手甲,护甲,治疗,4,3,10,手部,230,耐力+67；智力+67,每5秒法力回复+25；暴击等级+61；法术强度+94,每5秒法力回复+23；暴击等级+56；法术强度+91,每5秒法力回复×0.9200；暴击等级×0.9180；法术强度×0.9681,5,319,314,0.9682,1,红色,,0,,,,823,,47744,碧空先知手套,232,4,3,10,无,,34350,上古影月护手,48037,4,154,70
99646,幽暗城大地拳甲,护甲,治疗,4,3,10,手部,230,耐力+67；智力+67,法术强度+94；急速等级+51；每5秒法力回复+29,法术强度+90；急速等级+55；每5秒法力回复+27,法术强度×0.9574；急速等级×1.0784；每5秒法力回复×0.9310,5,314,308,0.9935,2,蓝色,黄色,0,,,,823,,48284,努波顿的征服手甲,232,4,3,10,无,,31001,戈隆追猎者手套,45679,4,146,70
99647,缚龙面甲,护甲,治疗,4,4,1,头部,230,耐力+77；智力+73,暴击等级+85；每5秒法力回复+33；法术强度+115,暴击等级+83；每5秒法力回复+34；法术强度+109,暴击等级×0.9765；每5秒法力回复×1.0303；法术强度×0.9478,5,345,383,0.9817,1,蓝色,,0,,,,1947,,46028,无眼恶魔面甲,219,4,4,1,无,,34400,达斯雷玛之冠,48058,4,159,70
99648,安戈洛战盔,护甲,治疗,4,4,1,头部,230,耐力+89；智力+88,法术强度+115；暴击等级+57；每5秒法力回复+39,法术强度+115；暴击等级+56；每5秒法力回复+42,法术强度×1.0000；暴击等级×0.9825；每5秒法力回复×1.0769,5,448,388,1.0052,0,,,0,,,,1923,,47682,无眠守望头盔,245,4,4,1,无,,34401,乌瑟尔的决心之盔,48057,4,159,70
99649,秩序之战盔,护甲,治疗,4,4,1,头部,230,耐力+89；智力+88,法术强度+115；暴击等级+57；每5秒法力回复+39,法术强度+119；暴击等级+55；每5秒法力回复+40,法术强度×1.0348；暴击等级×0.9649；每5秒法力回复×1.0256,5,448,388,1.0077,1,红色,,0,,,,1923,,47681,无眠守望重盔,245,4,4,1,无,,35029,野蛮角斗士的板层甲头盔,48740,4,159,70
99650,泰坦监护者之面甲,护甲,治疗,4,4,1,头部,230,耐力+77；智力+73,暴击等级+85；每5秒法力回复+33；法术强度+115,暴击等级+87；每5秒法力回复+34；法术强度+107,暴击等级×1.0235；每5秒法力回复×1.0303；法术强度×0.9304,5,345,383,0.9869,1,蓝色,,0,,,,1947,,46028,无眼恶魔面甲,219,4,4,1,无,,35068,野蛮角斗士的板甲头盔,49685,4,159,70
99651,肩甲·幽影,护甲,治疗,4,4,3,肩部,230,耐力+67；智力+67,暴击等级+45；每5秒法力回复+33；法术强度+101,暴击等级+41；每5秒法力回复+33；法术强度+104,暴击等级×0.9111；每5秒法力回复×1.0000；法术强度×1.0297,5,282,313,0.9968,2,蓝色,黄色,0,,,,1797,,49829,瓦伦弗斯的锈蚀肩甲,219,4,4,3,无,,35070,野蛮角斗士的板甲护肩,49995,4,159,70
99652,冲击肩铠,护甲,治疗,4,4,3,肩部,230,耐力+67；智力+68,法术强度+103；急速等级+62；每5秒法力回复+25,法术强度+99；急速等级+68；每5秒法力回复+27,法术强度×0.9612；急速等级×1.0968；每5秒法力回复×1.0800,5,331,325,1.0123,1,黄色,,0,,,,1797,,45140,锋鳞护肩,232,4,4,3,无,,30979,冲锋肩刃,45661,4,146,70
99653,青铜龙降世肩卫,护甲,治疗,4,4,3,肩部,230,耐力+70；智力+61,法术强度+105；暴击等级+45；每5秒法力回复+33,法术强度+101；暴击等级+48；每5秒法力回复+34,法术强度×0.9619；暴击等级×1.0667；每5秒法力回复×1.0303,5,268,314,1.0000,0,,,0,,,,1810,,40511,聚焦能量肩甲,213,4,4,3,无,,30996,光明使者护肩,45884,4,146,70
99654,圣光肩甲,护甲,治疗,4,4,3,肩部,230,耐力+67；智力+68,法术强度+103；急速等级+62；每5秒法力回复+25,法术强度+95；急速等级+56；每5秒法力回复+23,法术强度×0.9223；急速等级×0.9032；每5秒法力回复×0.9200,5,331,325,0.9508,1,蓝色,,0,,,,1797,,45140,锋鳞护肩,232,4,4,3,无,,33699,复仇角斗士的板层甲护肩,46953,4,146,70
99655,青铜龙之胸铠,护甲,治疗,4,4,5,胸部,230,耐力+90；智力+90,法术强度+120；暴击等级+63；每5秒法力回复+39,法术强度+126；暴击等级+60；每5秒法力回复+37,法术强度×1.0500；暴击等级×0.9524；每5秒法力回复×0.9487,5,410,402,1.0025,1,蓝色,,0,,,,2355,,48599,莉亚德琳的征服护胸,232,4,4,5,无,,34395,尊贵仲裁者胸甲,48053,4,159,70
99656,破夜胸铠,护甲,治疗,4,4,5,胸部,230,耐力+89；智力+118,法术强度+105；每5秒法力回复+34；急速等级+69,法术强度+100；每5秒法力回复+35；急速等级+72,法术强度×0.9524；每5秒法力回复×1.0294；急速等级×1.0435,5,396,415,0.9976,1,黄色,,0,,,,2419,,45305,冥界胸铠,225,4,4,5,无,,35027,野蛮角斗士的板层甲护胸,50001,4,159,70
99657,泰坦之胸甲,护甲,治疗,4,4,5,胸部,230,耐力+90；智力+90,法术强度+120；暴击等级+63；每5秒法力回复+39,法术强度+123；暴击等级+60；每5秒法力回复+38,法术强度×1.0250；暴击等级×0.9524；每5秒法力回复×0.9744,5,410,402,0.9975,1,红色,,0,,,,2355,,48566,图拉扬的征服护胸,232,4,4,5,无,,35066,野蛮角斗士的板甲护胸,49999,4,159,70
99658,泰坦监护者护胸,护甲,治疗,4,4,5,胸部,230,耐力+89；智力+118,法术强度+105；每5秒法力回复+34；急速等级+69,法术强度+100；每5秒法力回复+33；急速等级+63,法术强度×0.9524；每5秒法力回复×0.9706；急速等级×0.9130,5,396,415,0.9711,1,蓝色,,0,,,,2419,,45305,冥界胸铠,225,4,4,5,无,,30904,救世胸铠,46351,4,151,70
99659,惊雷之腰甲,护甲,治疗,4,4,6,腰部,230,耐力+87；智力+59,法术强度+104；暴击等级+51；每5秒法力回复+31,法术强度+113；暴击等级+51；每5秒法力回复+31,法术强度×1.0865；暴击等级×1.0000；每5秒法力回复×1.0000,5,320,332,1.0271,1,蓝色,,0,,,,1336,,45826,坚定信任束带,226,4,4,6,无,,34547,冲锋束腰,48361,4,154,70
99660,灰熊丘陵扣带,护甲,治疗,4,4,6,腰部,230,耐力+67；智力+68,法术强度+103；急速等级+58；每5秒法力回复+29,法术强度+112；急速等级+57；每5秒法力回复+27,法术强度×1.0874；急速等级×0.9828；每5秒法力回复×0.9310,5,331,325,1.0185,1,黄色,,0,,,,1347,,45505,执着希望腰带,232,4,4,6,无,,33811,守备官的板甲腰带,47047,4,146,70
99661,星语者之腰铠,护甲,治疗,4,4,6,腰部,230,耐力+67；智力+66,法术强度+96；暴击等级+51；每5秒法力回复+29,法术强度+100；暴击等级+54；每5秒法力回复+27,法术强度×1.0417；暴击等级×1.0588；每5秒法力回复×0.9310,5,356,309,1.0162,0,,,0,,,,1332,,47323,遗忘殉难者束带,245,4,4,6,无,,33888,守备官的板层甲腰带,47415,4,146,70
99662,缚龙扣带,护甲,治疗,4,4,6,腰部,230,耐力+51；智力+65,法术强度+84；急速等级+41；每5秒法力回复+29,法术强度+89；急速等级+39；每5秒法力回复+28,法术强度×1.0595；急速等级×0.9512；每5秒法力回复×0.9655,5,260,270,1.0074,1,蓝色,,0,,,,1336,,45552,正义板甲束带,226,4,4,6,无,,30897,希望束带,48291,4,141,70
99663,永夜之腿甲,护甲,治疗,4,4,7,腿部,230,耐力+90；智力+90,法术强度+120；暴击等级+63；每5秒法力回复+39,法术强度+111；暴击等级+65；每5秒法力回复+38,法术强度×0.9250；暴击等级×1.0317；每5秒法力回复×0.9744,5,410,402,0.9801,2,蓝色,黄色,0,,,,2061,,48596,莉亚德琳的征服胫甲,232,4,4,7,无,,35030,野蛮角斗士的板层甲护腿,50002,4,159,70
99664,荣光临世护腿,护甲,治疗,4,4,7,腿部,230,耐力+90；智力+86,法术强度+130；急速等级+75；每5秒法力回复+39,法术强度+141；急速等级+76；每5秒法力回复+36,法术强度×1.0846；急速等级×1.0133；每5秒法力回复×0.9231,5,428,420,1.0214,0,,,0,,,,2061,,50229,寒冰深渊腿甲,232,4,4,7,无,,35069,野蛮角斗士的板甲护腿,49996,4,159,70
99665,铸魂者之腿胄,护甲,治疗,4,4,7,腿部,230,耐力+90；智力+90,法术强度+120；暴击等级+63；每5秒法力回复+39,法术强度+116；暴击等级+66；每5秒法力回复+38,法术强度×0.9667；暴击等级×1.0476；每5秒法力回复×0.9744,5,410,402,0.9950,1,红色,,0,,,,2061,,48568,图拉扬的征服胫甲,232,4,4,7,无,,30903,无尽怒气腿甲,46359,4,151,70
99666,奥术之腿铠,护甲,治疗,4,4,7,腿部,230,耐力+88；智力+90,法术强度+119；急速等级+78；每5秒法力回复+40,法术强度+113；急速等级+79；每5秒法力回复+38,法术强度×0.9496；急速等级×1.0128；每5秒法力回复×0.9500,5,399,415,0.9831,1,蓝色,,0,,,,2078,,46181,征服者的庇护胫甲,226,4,4,7,无,,30977,冲锋护腿,45660,4,146,70
99667,地狱火半岛踏靴,护甲,治疗,4,4,8,脚部,230,智力+65；耐力+71,法术强度+103；暴击等级+59；每5秒法力回复+29,法术强度+102；暴击等级+54；每5秒法力回复+31,法术强度×0.9903；暴击等级×0.9153；每5秒法力回复×1.0690,5,333,327,0.9878,1,蓝色,,0,,,,1620,,50215,复还圣匣长靴,232,4,4,8,无,,33812,守备官的板甲护胫,44735,4,146,70
99668,泰坦破界踏靴,护甲,治疗,4,4,8,脚部,230,耐力+76；智力+62,法术强度+84；急速等级+51；每5秒法力回复+25,法术强度+84；急速等级+52；每5秒法力回复+24,法术强度×1.0000；急速等级×1.0196；每5秒法力回复×0.9600,5,287,298,1.0000,1,黄色,,0,,,,1633,,45561,命运之靴,226,4,4,8,无,,33890,守备官的板层甲护胫,47417,4,146,70
99669,死亡骑士镇压护足,护甲,治疗,4,4,8,脚部,230,耐力+76；智力+65,法术强度+93；暴击等级+50；每5秒法力回复+29,法术强度+91；暴击等级+46；每5秒法力回复+31,法术强度×0.9785；暴击等级×0.9200；每5秒法力回复×1.0690,5,319,313,0.9872,1,红色,,0,,,,1646,,45434,岩石治愈胫甲,232,4,4,8,无,,32956,Tom's Boots 3,29863,4,145,70
99670,足铠·山岳,护甲,治疗,4,4,8,脚部,230,耐力+76；智力+62,法术强度+84；急速等级+51；每5秒法力回复+25,法术强度+90；急速等级+49；每5秒法力回复+24,法术强度×1.0714；急速等级×0.9608；每5秒法力回复×0.9600,5,287,298,1.0101,0,,,0,,,,1633,,45561,命运之靴,226,4,4,8,无,,32243,珍珠镶饰长靴,45332,4,141,70
99671,黑翼之巢风暴腕铠,护甲,治疗,4,4,9,腕部,230,耐力+66；智力+43,法术强度+77；暴击等级+37；每5秒法力回复+24,法术强度+70；暴击等级+40；每5秒法力回复+24,法术强度×0.9091；暴击等级×1.0811；每5秒法力回复×1.0000,5,251,247,0.9838,0,,,0,,,,1048,,45252,钟表匠的护腕,232,4,4,9,无,,34442,冲锋腕甲,48348,4,154,70
99672,奥杜尔腕铠,护甲,治疗,4,4,9,腕部,230,耐力+48；智力+51,法术强度+67；急速等级+30；每5秒法力回复+19,法术强度+73；急速等级+29；每5秒法力回复+20,法术强度×1.0896；急速等级×0.9667；每5秒法力回复×1.0526,5,218,215,1.0279,0,,,0,,,,1048,,45269,坚决臂甲,232,4,4,9,无,,35170,护卫者的板层甲护腕,48662,4,154,70
99673,雷霆·臂甲,护甲,治疗,4,4,9,腕部,230,耐力+65；智力+44,暴击等级+49；每5秒法力回复+18；法术强度+76,暴击等级+52；每5秒法力回复+19；法术强度+83,暴击等级×1.0612；每5秒法力回复×1.0556；法术强度×1.0921,5,241,252,1.0437,0,,,0,,,,1058,,45680,构造体的臂甲,225,4,4,9,无,,35176,护卫者的板甲护腕,48664,4,154,70
99674,峥嵘·腕铠,护甲,治疗,4,4,9,腕部,230,耐力+59；智力+48,急速等级+32；每5秒法力回复+26；法术强度+57,急速等级+33；每5秒法力回复+26；法术强度+60,急速等级×1.0312；每5秒法力回复×1.0000；法术强度×1.0526,5,200,222,1.0180,1,蓝色,,0,,,,1049,,46345,正义革新护腕,219,4,4,9,无,,32959,Tom's Bracer 3,29859,4,145,70
99675,晶歌森林之拳甲,护甲,治疗,4,4,10,手部,230,耐力+67；智力+67,法术强度+103；暴击等级+59；每5秒法力回复+29,法术强度+113；暴击等级+59；每5秒法力回复+29,法术强度×1.0971；暴击等级×1.0000；每5秒法力回复×1.0000,5,331,325,1.0308,2,蓝色,黄色,0,,,,1471,,50284,锈蚀的冰封护手,232,4,4,10,无,,35067,野蛮角斗士的板甲手套,49998,4,159,70
99676,永恒之手甲,护甲,治疗,4,4,10,手部,230,耐力+67；智力+67,法术强度+94；急速等级+59；每5秒法力回复+25,法术强度+92；急速等级+57；每5秒法力回复+24,法术强度×0.9787；急速等级×0.9661；每5秒法力回复×0.9600,5,318,312,0.9840,2,黄色,红色,0,,,,1471,,48598,莉亚德琳的征服手套,232,4,4,10,无,,34352,堡垒手套,48036,4,156,70
99677,驭龙者拳甲,护甲,治疗,4,4,10,手部,230,耐力+67；智力+68,法术强度+103；暴击等级+51；每5秒法力回复+31,法术强度+103；暴击等级+47；每5秒法力回复+33,法术强度×1.0000；暴击等级×0.9216；每5秒法力回复×1.0645,5,326,320,0.9938,1,红色,,0,,,,1496,,45268,神圣卫士手套,232,4,4,10,无,,30969,冲锋护手,45659,4,146,70
99678,裁决者之臂铠,护甲,治疗,4,4,10,手部,230,耐力+67；智力+67,法术强度+94；急速等级+59；每5秒法力回复+25,法术强度+99；急速等级+60；每5秒法力回复+24,法术强度×1.0532；急速等级×1.0169；每5秒法力回复×0.9600,5,318,312,1.0160,1,蓝色,,0,,,,1471,,48574,图拉扬的征服手套,232,4,4,10,无,,30982,光明使者护手,45685,4,146,70
99679,战盔·亘古,护甲,敏捷输出,4,2,1,头部,230,敏捷+101；耐力+79,攻击强度+165；暴击等级+46；急速等级+89,攻击强度+151；暴击等级+42；急速等级+85,攻击强度×0.9152；暴击等级×0.9130；急速等级×0.9551,5,488,480,0.9542,0,,,0,,,,482,,50206,磨损的恶徒皮帽,232,4,2,1,无,,31027,刺杀者头盔,45434,4,146,70
99680,寒霜之头盔,护甲,敏捷输出,4,2,1,头部,230,敏捷+109；耐力+73,攻击强度+165；暴击等级+57；护甲穿透等级+75,攻击强度+167；暴击等级+62；护甲穿透等级+76,攻击强度×1.0121；暴击等级×1.0877；护甲穿透等级×1.0133,5,487,479,1.0167,1,黄色,,0,,,,482,,49322,血牙面罩,232,4,2,1,无,,31037,雷霆之心头盔,45663,4,146,70
99681,群星守护头盔,护甲,敏捷输出,4,2,1,头部,230,敏捷+114；耐力+82,暴击等级+68；命中等级+71；攻击强度+153,暴击等级+62；命中等级+66；攻击强度+159,暴击等级×0.9118；命中等级×0.9296；攻击强度×1.0392,5,439,488,0.9898,1,蓝色,,0,,,,490,,47529,遥远回忆面罩,219,4,2,1,无,,33672,复仇角斗士的龙皮头盔,48262,4,146,70
99682,穿云兜帽,护甲,敏捷输出,4,2,1,头部,230,敏捷+102；耐力+80,攻击强度+176；急速等级+67；护甲穿透等级+74,攻击强度+161；急速等级+70；护甲穿透等级+70,攻击强度×0.9148；急速等级×1.0448；护甲穿透等级×0.9459,5,603,499,0.9679,0,,,0,,,,486,,51013,废弃的内脏口袋,251,4,2,1,无,,33691,复仇角斗士的科多皮头盔,48261,4,146,70
99683,潜踪肩卫,护甲,敏捷输出,4,2,3,肩部,230,敏捷+82；耐力+69,攻击强度+122；急速等级+60；暴击等级+50,攻击强度+124；急速等级+59；暴击等级+50,攻击强度×1.0164；急速等级×0.9833；暴击等级×1.0000,5,390,383,1.0026,1,红色,,0,,,,444,,47904,雪山强盗护肩,232,4,2,3,无,,33703,复仇角斗士的皮甲护肩,46938,4,146,70
99684,破军者肩卫,护甲,敏捷输出,4,2,3,肩部,230,敏捷+76；耐力+88,攻击强度+122；暴击等级+58；护甲穿透等级+52,攻击强度+129；暴击等级+57；护甲穿透等级+49,攻击强度×1.0574；暴击等级×0.9828；护甲穿透等级×0.9423,5,455,396,1.0076,2,黄色,蓝色,0,,,,447,,47709,踏暮者肩铠,245,4,2,3,无,,30917,刀锋怒火护肩,45752,4,141,70
99685,纳格兰披肩,护甲,敏捷输出,4,2,3,肩部,230,敏捷+87；耐力+77,攻击强度+126；暴击等级+60；命中等级+56,攻击强度+134；暴击等级+65；命中等级+58,攻击强度×1.0635；暴击等级×1.0833；命中等级×1.0357,5,413,406,1.0369,1,蓝色,,0,,,,444,,50293,黑色背叛肩甲,232,4,2,3,无,,32377,黑暗护肩,45816,4,141,70
99686,金曦净世肩甲,护甲,敏捷输出,4,2,3,肩部,230,敏捷+79；耐力+87,攻击强度+117；急速等级+59；护甲穿透等级+51,攻击强度+119；急速等级+58；护甲穿透等级+54,攻击强度×1.0171；急速等级×0.9831；护甲穿透等级×1.0588,5,401,393,1.0102,2,红色,黄色,0,,,,444,,48217,玛法里奥的征服肩甲,232,4,2,3,无,,32518,旋叶护肩,45758,4,141,70
99687,生命之护甲,护甲,敏捷输出,4,2,5,胸部,230,敏捷+101；耐力+118,攻击强度+159；暴击等级+73；急速等级+69,攻击强度+151；暴击等级+79；急速等级+64,攻击强度×0.9497；暴击等级×1.0822；急速等级×0.9275,5,529,520,0.9865,2,红色,黄色,0,,,,593,,48216,玛法里奥的征服外衣,232,4,2,20,无,,30905,午夜胸甲,46352,4,151,70
99688,自然之护胸,护甲,敏捷输出,4,2,5,胸部,230,敏捷+115；耐力+104,攻击强度+138；暴击等级+79；护甲穿透等级+58,攻击强度+129；暴击等级+85；护甲穿透等级+54,攻击强度×0.9348；暴击等级×1.0759；护甲穿透等级×0.9310,5,504,494,0.9858,0,,,0,,,,593,,47887,流影甲冑,232,4,2,5,无,,31028,刺杀者胸甲,45425,4,146,70
99689,通灵学院战衣,护甲,敏捷输出,4,2,5,胸部,230,敏捷+101；耐力+118,攻击强度+143；暴击等级+78；命中等级+71,攻击强度+135；暴击等级+73；命中等级+68,攻击强度×0.9441；暴击等级×0.9359；命中等级×0.9577,5,521,511,0.9687,0,,,0,,,,593,,48243,迦罗娜的征服胸甲,232,4,2,5,无,,31041,雷霆之心外套,45662,4,146,70
99690,先驱者临世护甲,护甲,敏捷输出,4,2,5,胸部,230,敏捷+99；耐力+76,攻击强度+174；急速等级+83；护甲穿透等级+66,攻击强度+189；急速等级+88；护甲穿透等级+65,攻击强度×1.0862；急速等级×1.0602；护甲穿透等级×0.9848,5,603,498,1.0382,2,红色,黄色,0,,,,598,,50780,极寒绞索胸甲,251,4,2,5,无,,33675,复仇角斗士的龙皮外套,46945,4,146,70
99691,疾影扣带,护甲,敏捷输出,4,2,6,腰部,230,敏捷+80；耐力+87,攻击强度+119；暴击等级+45；急速等级+58,攻击强度+118；暴击等级+46；急速等级+57,攻击强度×0.9916；暴击等级×1.0222；急速等级×0.9828,5,397,389,0.9974,1,红色,,0,,,,340,,45491,创世者的腰带,232,4,2,6,无,,32265,暗影行者腰带,45730,4,141,70
99692,虚空风暴山岳扣带,护甲,敏捷输出,4,2,6,腰部,230,敏捷+65；耐力+87,攻击强度+129；暴击等级+57；护甲穿透等级+48,攻击强度+121；暴击等级+52；护甲穿透等级+44,攻击强度×0.9380；暴击等级×0.9123；护甲穿透等级×0.9167,5,529,386,0.9560,0,,,0,,,,339,,50067,阿斯崔瑞安的缝合腰带,264,4,2,6,无,,32339,原始王权腰带,45264,4,141,70
99693,虚空风暴之扣带,护甲,敏捷输出,4,2,6,腰部,230,敏捷+73；耐力+76,攻击强度+115；暴击等级+58；命中等级+42,攻击强度+126；暴击等级+62；命中等级+43,攻击强度×1.0957；暴击等级×1.0690；命中等级×1.0238,5,350,364,1.0440,1,蓝色,,0,,,,337,,45555,温暖死亡腰带,226,4,2,6,无,,34929,寂静路途腰带,48483,4,141,70
99694,源质腰甲,护甲,敏捷输出,4,2,6,腰部,230,敏捷+75；耐力+87,攻击强度+103；急速等级+48；护甲穿透等级+60,攻击强度+112；急速等级+48；护甲穿透等级+59,攻击强度×1.0874；急速等级×1.0000；护甲穿透等级×0.9833,5,513,373,1.0214,1,红色,,0,,,,339,,50995,复仇腰索,264,4,2,6,无,,30106,百亡腰带,42636,4,138,70
99695,镇魂使战裙,护甲,敏捷输出,4,2,7,腿部,230,敏捷+117；耐力+90,攻击强度+181；暴击等级+78；急速等级+79,攻击强度+194；暴击等级+84；急速等级+75,攻击强度×1.0718；暴击等级×1.0769；急速等级×0.9494,5,555,545,1.0275,2,红色,黄色,0,,,,519,,50269,缝合场护腿,232,4,2,7,无,,33702,复仇角斗士的皮甲护腿,46937,4,146,70
99696,祖尔法拉克大地腿甲,护甲,敏捷输出,4,2,7,腿部,230,敏捷+99；耐力+117,攻击强度+143；暴击等级+71；护甲穿透等级+61,攻击强度+148；暴击等级+77；护甲穿透等级+57,攻击强度×1.0350；暴击等级×1.0845；护甲穿透等级×0.9344,5,535,491,1.0143,2,黄色,蓝色,0,,,,519,,45536,狡诈欺瞒护腿,239,4,2,7,无,,30898,秘密商人长裤,45227,4,141,70
99697,幽影之战裙,护甲,敏捷输出,4,2,7,腿部,230,敏捷+101；耐力+118,攻击强度+127；暴击等级+78；命中等级+63,攻击强度+117；暴击等级+81；命中等级+58,攻击强度×0.9213；暴击等级×1.0385；命中等级×0.9206,5,497,487,0.9754,0,,,0,,,,519,,48215,玛法里奥的征服腿甲,232,4,2,7,无,,32271,不朽自然褶裙,45724,4,141,70
99698,冰冠堡垒蓝龙腿甲,护甲,敏捷输出,4,2,7,腿部,230,敏捷+101；耐力+118,攻击强度+143；命中等级+63；护甲穿透等级+71,攻击强度+148；命中等级+68；护甲穿透等级+76,攻击强度×1.0350；命中等级×1.0794；护甲穿透等级×1.0704,5,505,496,1.0302,0,,,0,,,,519,,48246,迦罗娜的征服腿甲,232,4,2,7,无,,34901,巡林者护腿,48449,4,141,70
99699,失落·踏靴,护甲,敏捷输出,4,2,8,脚部,230,敏捷+88；耐力+76,攻击强度+116；暴击等级+65；急速等级+58,攻击强度+109；暴击等级+59；急速等级+62,攻击强度×0.9397；暴击等级×0.9077；急速等级×1.0690,5,410,403,0.9777,1,红色,,0,,,,415,,45162,踏火之靴,232,4,2,8,无,,30891,黑羽之靴,45800,4,141,70
99700,足甲·惊雷,护甲,敏捷输出,4,2,8,脚部,230,敏捷+87；耐力+67,攻击强度+134；暴击等级+53；护甲穿透等级+62,攻击强度+121；暴击等级+56；护甲穿透等级+61,攻击强度×0.9030；暴击等级×1.0566；护甲穿透等级×0.9839,5,410,403,0.9727,2,黄色,蓝色,0,,,,408,,50308,枯羽足垫,232,4,2,8,无,,32352,自然护卫者之靴,45326,4,141,70
99701,石爪山之战靴,护甲,敏捷输出,4,2,8,脚部,230,敏捷+73；耐力+66,攻击强度+117；暴击等级+58；命中等级+50,攻击强度+118；暴击等级+58；命中等级+49,攻击强度×1.0085；暴击等级×1.0000；命中等级×0.9800,5,351,364,1.0000,1,蓝色,,0,,,,411,,45564,沉寂足垫,226,4,2,8,无,,32366,暗影主宰之靴,45729,4,141,70
99702,精金之踏靴,护甲,敏捷输出,4,2,8,脚部,230,敏捷+80；耐力+93,攻击强度+103；精准等级+58；护甲穿透等级+51,攻击强度+112；精准等级+55；护甲穿透等级+50,攻击强度×1.0874；精准等级×0.9483；护甲穿透等级×0.9804,5,392,385,1.0130,1,红色,,0,,,,415,,45232,符印铁皮之靴,232,4,2,8,无,,32593,兽穴领袖之靴,45352,4,141,70
99703,沙塔斯之腕铠,护甲,敏捷输出,4,2,9,腕部,230,敏捷+65；耐力+66,攻击强度+88；急速等级+46；暴击等级+40,攻击强度+90；急速等级+45；暴击等级+37,攻击强度×1.0227；急速等级×0.9783；暴击等级×0.9250,5,311,305,0.9934,1,红色,,0,,,,264,,45108,机械师的护腕,232,4,2,9,无,,32351,艾露恩神力护腕,45288,4,141,70
99704,月刃焚烧腕铠,护甲,敏捷输出,4,2,9,腕部,230,敏捷+57；耐力+65,攻击强度+84；暴击等级+37；护甲穿透等级+45,攻击强度+92；暴击等级+37；护甲穿透等级+45,攻击强度×1.0952；暴击等级×1.0000；护甲穿透等级×1.0000,5,397,288,1.0278,1,黄色,,0,,,,264,,50333,托斯克的巨型腕甲,264,4,2,9,无,,32580,迅捷打击护腕,45775,4,141,70
99705,凛冬·腕铠,护甲,敏捷输出,4,2,9,腕部,230,敏捷+62；耐力+66,攻击强度+92；命中等级+43；暴击等级+43,攻击强度+98；命中等级+42；暴击等级+40,攻击强度×1.0652；命中等级×0.9767；暴击等级×0.9302,5,353,306,1.0065,1,蓝色,,0,,,,260,,47313,黑暗决心臂甲,245,4,2,9,无,,32582,新生护腕,45401,4,141,70
99706,凛冬之臂甲,护甲,敏捷输出,4,2,9,腕部,230,敏捷+55；耐力+66,攻击强度+92；急速等级+44；护甲穿透等级+37,攻击强度+99；急速等级+47；护甲穿透等级+38,攻击强度×1.0761；急速等级×1.0682；护甲穿透等级×1.0270,5,337,294,1.0374,1,红色,,0,,,,260,,47582,迅杀护腕,245,4,2,9,无,,33881,守备官的龙皮护腕,47411,4,141,70
99707,潜行者手套,护甲,敏捷输出,4,2,10,手部,230,敏捷+90；耐力+87,攻击强度+123；暴击等级+51；急速等级+59,攻击强度+135；暴击等级+50；急速等级+57,攻击强度×1.0976；暴击等级×0.9804；急速等级×0.9661,5,395,410,1.0220,0,,,0,,,,373,,45838,盲眼追猎手套,226,4,2,10,无,,33671,复仇角斗士的龙皮手套,46941,4,146,70
99708,远征军护手,护甲,敏捷输出,4,2,10,手部,230,敏捷+83；耐力+63,攻击强度+137；暴击等级+53；护甲穿透等级+53,攻击强度+126；暴击等级+52；护甲穿透等级+57,攻击强度×0.9197；暴击等级×0.9811；护甲穿透等级×1.0755,5,396,389,0.9794,1,黄色,,0,,,,371,,47878,夺日者杀手护腕,232,4,2,10,无,,33700,复仇角斗士的皮甲手套,46940,4,146,70
99709,夜幕护手,护甲,敏捷输出,4,2,10,手部,230,敏捷+87；耐力+87,攻击强度+102；暴击等级+59；命中等级+51,攻击强度+96；暴击等级+55；命中等级+46,攻击强度×0.9412；暴击等级×0.9322；命中等级×0.9020,5,393,386,0.9611,1,蓝色,,0,,,,371,,48244,迦罗娜的征服护手,232,4,2,10,无,,32328,植物学者的生长手套,45707,4,141,70
99710,追猎手甲,护甲,敏捷输出,4,2,10,手部,230,敏捷+90；耐力+97,护甲穿透等级+44；急速等级+34；攻击强度+133,护甲穿透等级+45；急速等级+36；攻击强度+141,护甲穿透等级×1.0227；急速等级×1.0588；攻击强度×1.0602,5,384,398,1.0276,0,,,0,,,,373,,46158,征服者的夜歌手甲,226,4,2,10,无,,32347,诅咒之握,45718,4,141,70
99711,血月守护头冠,护甲,敏捷输出,4,3,1,头部,230,敏捷+101；耐力+77；智力+62,攻击强度+145；暴击等级+69；急速等级+68,攻击强度+135；暴击等级+75；急速等级+67,攻击强度×0.9310；暴击等级×1.0870；急速等级×0.9853,6,531,522,0.9904,0,,,0,,,,1071,,50197,迷乱之眼头盔,232,4,3,1,无,,31003,戈隆追猎者头盔,45680,4,146,70
99712,银色北伐军惊涛战盔,护甲,敏捷输出,4,3,1,头部,230,敏捷+106；智力+57；耐力+59,暴击等级+74；护甲穿透等级+60；攻击强度+110,暴击等级+78；护甲穿透等级+60；攻击强度+100,暴击等级×1.0541；护甲穿透等级×1.0000；攻击强度×0.9091,6,474,466,0.9871,0,,,0,,,,1071,,49319,巨龙追猎者战盔,232,4,3,1,无,,31012,破天头盔,45669,4,146,70
99713,影月谷头盔,护甲,敏捷输出,4,3,1,头部,230,敏捷+101；耐力+93；智力+62,攻击强度+127；命中等级+63；暴击等级+62,攻击强度+122；命中等级+62；暴击等级+68,攻击强度×0.9606；命中等级×0.9841；暴击等级×1.0968,6,518,508,1.0000,2,蓝色,红色,0,,,,1071,,48368,萨尔的征服面甲,232,4,3,1,无,,33666,复仇角斗士的链甲头盔,47951,4,146,70
99714,苍白断岳头冠,护甲,敏捷输出,4,3,1,头部,230,敏捷+98；耐力+93；智力+61,攻击强度+135；护甲穿透等级+79；急速等级+49,攻击强度+139；护甲穿透等级+80；急速等级+45,攻击强度×1.0296；护甲穿透等级×1.0127；急速等级×0.9184,6,592,515,1.0019,0,,,0,,,,1076,,47685,雏龙头盔,245,4,3,1,无,,33708,复仇角斗士的鳞甲头盔,46894,4,146,70
99715,焚天披肩,护甲,敏捷输出,4,3,3,肩部,230,敏捷+87；耐力+77；智力+36,攻击强度+118；暴击等级+46；急速等级+41,攻击强度+107；暴击等级+43；急速等级+39,攻击强度×0.9068；暴击等级×0.9348；急速等级×0.9512,6,413,405,0.9605,2,红色,黄色,0,,,,988,,47901,暗影猎手护肩,232,4,3,3,无,,42668,复仇斗士环甲肩甲,41149,4,146,70
99716,龙骨荒野肩铠,护甲,敏捷输出,4,3,3,肩部,230,敏捷+87；耐力+87；智力+46,攻击强度+117；暴击等级+46；护甲穿透等级+46,攻击强度+117；暴击等级+45；护甲穿透等级+50,攻击强度×1.0000；暴击等级×0.9783；护甲穿透等级×1.0870,6,438,429,1.0070,2,黄色,蓝色,0,,,,988,,50233,被遗弃的瓦格里肩甲,232,4,3,3,无,,30892,驯兽者护肩,45735,4,141,70
99717,焚天肩甲,护甲,敏捷输出,4,3,3,肩部,230,敏捷+51；耐力+70；智力+46,攻击强度+161；暴击等级+59；命中等级+46,攻击强度+155；暴击等级+55；命中等级+48,攻击强度×0.9627；暴击等级×0.9322；命中等级×1.0435,6,440,433,0.9815,1,蓝色,,0,,,,988,,48370,萨尔的征服肩甲,232,4,3,3,无,,32264,隐藏猎手护肩,45731,4,141,70
99718,天穹断空肩铠,护甲,敏捷输出,4,3,3,肩部,230,敏捷+80；耐力+69；智力+40,攻击强度+98；护甲穿透等级+52；急速等级+37,攻击强度+100；护甲穿透等级+55；急速等级+40,攻击强度×1.0204；护甲穿透等级×1.0577；急速等级×1.0811,6,458,376,1.0213,0,,,0,,,,997,,50792,失落希望护肩,251,4,3,3,无,,32517,波浪治愈护肩,45757,4,141,70
99719,虚空风暴星环护胸,护甲,敏捷输出,4,3,5,胸部,230,敏捷+62；耐力+93；智力+62,攻击强度+238；暴击等级+71；急速等级+54,攻击强度+237；暴击等级+75；急速等级+55,攻击强度×0.9958；暴击等级×1.0563；急速等级×1.0185,6,590,580,1.0069,0,,,0,,,,1317,,48366,萨尔的征服胸甲,232,4,3,5,无,,31004,戈隆追猎者护胸,45678,4,146,70
99720,巨魔祭司断岳战衣,护甲,敏捷输出,4,3,5,胸部,230,敏捷+108；耐力+93；智力+61,攻击强度+138；暴击等级+72；护甲穿透等级+57,攻击强度+150；暴击等级+72；护甲穿透等级+59,攻击强度×1.0870；暴击等级×1.0000；护甲穿透等级×1.0351,6,648,529,1.0265,1,黄色,,0,,,,1330,,50118,安卡哈猎血外套,251,4,3,5,无,,31016,破天护胸,45668,4,146,70
99721,轮回镇岳胸甲,护甲,敏捷输出,4,3,5,胸部,230,敏捷+62；耐力+93；智力+62,攻击强度+238；暴击等级+71；命中等级+54,攻击强度+221；暴击等级+73；命中等级+59,攻击强度×0.9286；暴击等级×1.0282；命中等级×1.0926,6,590,580,0.9828,1,蓝色,,0,,,,1317,,48275,风行者的征服外套,232,4,3,5,无,,33664,复仇角斗士的链甲护胸,46880,4,146,70
99722,龙骨之护甲,护甲,敏捷输出,4,3,5,胸部,230,敏捷+71；耐力+93；智力+62,攻击强度+238；急速等级+70；护甲穿透等级+62,攻击强度+253；急速等级+67；护甲穿透等级+68,攻击强度×1.0630；急速等级×0.9571；护甲穿透等级×1.0968,6,606,596,1.0302,1,红色,,0,,,,1317,,50297,冰誓白骨胸甲,232,4,3,5,无,,33706,复仇角斗士的鳞甲护胸,46891,4,146,70
99723,扣带·星芒,护甲,敏捷输出,4,3,6,腰部,230,敏捷+51；耐力+69；智力+46,攻击强度+142；暴击等级+51；急速等级+45,攻击强度+141；暴击等级+52；急速等级+41,攻击强度×0.9930；暴击等级×1.0196；急速等级×0.9111,6,389,404,0.9901,2,红色,黄色,0,,,,748,,45553,巨龙腰带,226,4,3,6,无,,32276,闪火腰带,45763,4,141,70
99724,利爪腰甲,护甲,敏捷输出,4,3,6,腰部,230,敏捷+58；耐力+70；智力+44,攻击强度+178；暴击等级+46；护甲穿透等级+58,攻击强度+195；暴击等级+45；护甲穿透等级+58,攻击强度×1.0955；暴击等级×0.9783；护甲穿透等级×1.0000,6,462,454,1.0352,0,,,0,,,,754,,45467,背弃腰带,232,4,3,6,无,,32346,骨纹束带,45277,4,141,70
99725,利爪战带,护甲,敏捷输出,4,3,6,腰部,230,敏捷+70；耐力+61；智力+41,攻击强度+170；命中等级+49；暴击等级+46,攻击强度+159；命中等级+46；暴击等级+46,攻击强度×0.9353；命中等级×0.9388；暴击等级×1.0000,6,395,437,0.9680,0,,,0,,,,755,,49810,凶尸腰带,219,4,3,6,无,,34932,抚慰轻风腰带,48490,4,141,70
99726,血精灵魔导师镇渊腰带,护甲,敏捷输出,4,3,6,腰部,230,敏捷+60；耐力+74；智力+50,攻击强度+173；急速等级+45；护甲穿透等级+40,攻击强度+171；急速等级+46；护甲穿透等级+38,攻击强度×0.9884；急速等级×1.0222；护甲穿透等级×0.9500,6,423,442,0.9932,1,红色,,0,,,,762,,45895,血池腰带,225,4,3,6,无,,32797,老兵的链甲束带,46052,4,136,70
99727,秘法·腿甲,护甲,敏捷输出,4,3,7,腿部,230,敏捷+61；耐力+69；智力+71,急速等级+47；暴击等级+76；攻击强度+234,急速等级+50；暴击等级+83；攻击强度+211,急速等级×1.0638；暴击等级×1.0921；攻击强度×0.9017,6,538,558,0.9767,2,红色,黄色,0,,,,1163,,46275,征服者天谴巡者腿甲,226,4,3,7,无,,33709,复仇角斗士的鳞甲护腿,46895,4,146,70
99728,苍翠战裙,护甲,敏捷输出,4,3,7,腿部,230,敏捷+101；耐力+62；智力+93,攻击强度+127；暴击等级+78；护甲穿透等级+62,攻击强度+132；暴击等级+71；护甲穿透等级+62,攻击强度×1.0394；暴击等级×0.9103；护甲穿透等级×1.0000,6,534,523,0.9962,2,黄色,蓝色,0,,,,1153,,48278,风行者的征服腿甲,232,4,3,7,无,,42667,复仇斗士环甲护腿,41148,4,146,70
99729,苍翠冻结护腿,护甲,敏捷输出,4,3,7,腿部,230,敏捷+101；耐力+62；智力+93,攻击强度+127；暴击等级+78；命中等级+62,攻击强度+133；暴击等级+82；命中等级+68,攻击强度×1.0472；暴击等级×1.0513；命中等级×1.0968,6,534,523,1.0306,1,蓝色,,0,,,,1153,,48369,萨尔的征服战争褶裙,232,4,3,7,无,,30893,阳炎锁链护腿,45229,4,141,70
99730,生命降世腿甲,护甲,敏捷输出,4,3,7,腿部,230,敏捷+101；耐力+62；智力+93,攻击强度+127；暴击等级+78；护甲穿透等级+62,攻击强度+127；暴击等级+73；护甲穿透等级+62,攻击强度×1.0000；暴击等级×0.9359；护甲穿透等级×1.0000,6,534,523,0.9904,0,,,0,,,,1153,,48252,风行者的征服腿甲,232,4,3,7,无,,30900,弯弓护腿,47778,4,141,70
99731,裁断护足,护甲,敏捷输出,4,3,8,脚部,230,敏捷+87；耐力+70；智力+46,攻击强度+117；急速等级+38；暴击等级+51,攻击强度+115；急速等级+40；暴击等级+49,攻击强度×0.9829；急速等级×1.0526；暴击等级×0.9608,6,417,409,0.9951,1,红色,,0,,,,906,,47867,战歌偷猎者胫甲,232,4,3,8,无,,32242,海洋之怒长靴,45278,4,141,70
99732,幽暗城护足,护甲,敏捷输出,4,3,8,脚部,230,敏捷+87；耐力+67；智力+40,攻击强度+134；护甲穿透等级+46；暴击等级+49,攻击强度+141；护甲穿透等级+49；暴击等级+45,攻击强度×1.0522；护甲穿透等级×1.0652；暴击等级×0.9184,6,431,423,1.0142,0,,,0,,,,906,,50295,尖刺猎靴,232,4,3,8,无,,32510,追踪软靴,45733,4,141,70
99733,残月护足,护甲,敏捷输出,4,3,8,脚部,230,敏捷+60；耐力+69；智力+42,命中等级+50；暴击等级+40；攻击强度+142,命中等级+51；暴击等级+44；攻击强度+145,命中等级×1.0200；暴击等级×1.1000；攻击强度×1.0211,6,387,403,1.0199,2,蓝色,红色,0,,,,914,,45989,淬炼水银胫甲,226,4,3,8,无,,30104,毒蛇长靴,45845,4,138,70
99734,咒纹战靴,护甲,敏捷输出,4,3,8,脚部,230,敏捷+88；耐力+69；智力+47,攻击强度+119；护甲穿透等级+59；急速等级+44,攻击强度+126；护甲穿透等级+54；急速等级+41,攻击强度×1.0588；护甲穿透等级×0.9153；急速等级×0.9318,6,434,426,0.9977,1,红色,,0,,,,921,,45249,铜丝战靴,232,4,3,8,无,,32785,老兵的链甲战靴,46053,4,136,70
99735,天启·护腕,护甲,敏捷输出,4,3,9,腕部,230,敏捷+69；耐力+50；智力+31,急速等级+34；暴击等级+37；攻击强度+97,急速等级+35；暴击等级+34；攻击强度+106,急速等级×1.0294；暴击等级×0.9189；攻击强度×1.0928,6,286,318,1.0220,2,红色,黄色,0,,,,586,,49820,古德利亚的幽灵护腕,219,4,3,9,无,,32259,风暴降临护腕,45762,4,141,70
99736,费伍德之护臂,护甲,敏捷输出,4,3,9,腕部,230,敏捷+62；耐力+35；智力+34,攻击强度+92；暴击等级+43；护甲穿透等级+35,攻击强度+83；暴击等级+44；护甲穿透等级+33,攻击强度×0.9022；暴击等级×1.0233；护甲穿透等级×0.9429,6,347,301,0.9668,0,,,0,,,,579,,47281,无声屠戮护腕,245,4,3,9,无,,32574,闪电反射护腕,45399,4,141,70
99737,通灵学院苍翠腕铠,护甲,敏捷输出,4,3,9,腕部,230,敏捷+65；耐力+58；智力+26,攻击强度+95；命中等级+34；暴击等级+39,攻击强度+89；命中等级+31；暴击等级+39,攻击强度×0.9368；命中等级×0.9118；暴击等级×1.0000,6,324,317,0.9716,1,蓝色,,0,,,,577,,50209,痛苦精华,232,4,3,9,无,,32577,生命之地护腕,45403,4,141,70
99738,裁断腕铠,护甲,敏捷输出,4,3,9,腕部,230,敏捷+65；耐力+34；智力+34,攻击强度+88；命中等级+44；急速等级+34,攻击强度+89；命中等级+42；急速等级+35,攻击强度×1.0114；命中等级×0.9545；急速等级×1.0294,6,306,299,1.0000,1,红色,,0,,,,577,,47850,北地追猎者护腕,232,4,3,9,无,,33876,守备官的链甲护腕,47405,4,141,70
99739,巨魔祭司碎星手甲,护甲,敏捷输出,4,3,10,手部,230,敏捷+79；耐力+70；智力+46,攻击强度+117；暴击等级+51；急速等级+46,攻击强度+106；暴击等级+49；急速等级+50,攻击强度×0.9060；暴击等级×0.9608；急速等级×1.0870,6,417,409,0.9780,1,红色,,0,,,,823,,48276,风行者的征服手甲,232,4,3,10,无,,31007,破天手套,45670,4,146,70
99740,迅影护手,护甲,敏捷输出,4,3,10,手部,230,敏捷+92；耐力+51；智力+41,暴击等级+43；攻击强度+121；护甲穿透等级+50,暴击等级+44；攻击强度+121；护甲穿透等级+50,暴击等级×1.0233；攻击强度×1.0000；护甲穿透等级×1.0000,6,360,398,1.0025,1,黄色,,0,,,,838,,47561,黑暗流亡手套,219,4,3,10,无,,33665,复仇角斗士的链甲护手,46883,4,146,70
99741,永夜手甲,护甲,敏捷输出,4,3,10,手部,230,敏捷+87；耐力+70；智力+40,攻击强度+126；暴击等级+51；命中等级+49,攻击强度+119；暴击等级+51；命中等级+50,攻击强度×0.9444；暴击等级×1.0000；命中等级×1.0204,6,431,423,0.9858,0,,,0,,,,823,,50304,白霜护手,232,4,3,10,无,,33707,复仇角斗士的鳞甲护手,46892,4,146,70
99742,惊涛护手,护甲,敏捷输出,4,3,10,手部,230,敏捷+87；耐力+70；智力+46,攻击强度+119；护甲穿透等级+47；急速等级+58,攻击强度+116；护甲穿透等级+45；急速等级+56,攻击强度×0.9748；护甲穿透等级×0.9574；急速等级×0.9655,6,435,427,0.9836,1,红色,,0,,,,837,,45109,烈焰巨兽手套,232,4,3,10,无,,42665,复仇斗士环甲护手,41145,4,146,70
99743,降临战盔,护甲,力量输出,4,4,1,头部,230,力量+94；耐力+177,暴击等级+63；命中等级+71,暴击等级+64；命中等级+69,暴击等级×1.0159；命中等级×0.9718,4,412,405,0.9975,2,红色,黄色,0,,,,,,48867,Wrynn's Helmet ,232,4,4,1,无,,35185,审判者护目镜3000型,43889,4,159,70
99744,钢铁战盔,护甲,力量输出,4,4,1,头部,230,力量+115；耐力+111,暴击等级+74；急速等级+67,暴击等级+79；急速等级+64,暴击等级×1.0676；急速等级×0.9552,4,373,367,1.0054,1,黄色,,0,,,,1914,,49325,审判头盔,232,4,4,1,无,,32521,铁壁面甲,46205,4,151,70
99745,奥格瑞玛轮回面甲,护甲,力量输出,4,4,1,头部,230,耐力+124；力量+121,暴击等级+65；护甲穿透等级+59,暴击等级+71；护甲穿透等级+58,暴击等级×1.0923；护甲穿透等级×0.9831,4,375,369,1.0136,1,蓝色,,0,,,,1914,,49321,愤怒巨盔,232,4,4,1,无,,30972,冲锋战盔,49684,4,146,70
99746,先驱者之面甲,护甲,力量输出,4,4,1,头部,230,力量+94；耐力+177,暴击等级+71；精准等级+63,暴击等级+67；精准等级+64,暴击等级×0.9437；精准等级×1.0159,4,412,405,0.9926,0,,,0,,,,,,48887,Thassarian's Helmet ,232,4,4,1,无,,30987,光明使者面甲,45684,4,146,70
99747,御风者肩卫,护甲,力量输出,4,4,3,肩部,230,力量+79；耐力+132,暴击等级+59；命中等级+51,暴击等级+61；命中等级+54,暴击等级×1.0339；命中等级×1.0588,4,327,321,1.0156,1,红色,,0,,,,,,48919,Turalyon's Shoulderplates ,232,4,4,3,无,,33732,复仇角斗士的板甲护肩,46865,4,146,70
99748,驭龙者冻结肩甲,护甲,力量输出,4,4,3,肩部,230,力量+100；耐力+100,暴击等级+53；急速等级+62,暴击等级+56；急速等级+59,暴击等级×1.0566；急速等级×0.9516,4,321,315,1.0000,1,黄色,,0,,,,1767,,50208,吞噬者护肩,232,4,4,3,无,,30866,染血肩铠,45759,4,141,70
99749,祖尔法拉克之肩铠,护甲,力量输出,4,4,3,肩部,230,力量+92；耐力+100,暴击等级+59；护甲穿透等级+51,暴击等级+59；护甲穿透等级+53,暴击等级×1.0000；护甲穿透等级×1.0392,4,308,302,1.0066,1,蓝色,,0,,,,1767,,48390,地狱咆哮的征服肩甲,232,4,4,3,无,,30878,闪光的钢铁护肩,45212,4,141,70
99750,霸主肩卫,护甲,力量输出,4,4,3,肩部,230,力量+79；耐力+132,暴击等级+59；命中等级+51,暴击等级+64；命中等级+53,暴击等级×1.0847；命中等级×1.0392,4,327,321,1.0218,1,红色,,0,,,,,,48914,Liadrin's Shoulderplates ,232,4,4,3,无,,32250,深渊愤怒肩铠,45760,4,141,70
99751,永夜之护胸,护甲,力量输出,4,4,5,胸部,230,力量+118；耐力+134,命中等级+82；暴击等级+51,命中等级+74；暴击等级+52,命中等级×0.9024；暴击等级×1.0196,4,370,385,0.9818,1,红色,,0,,,,2375,,46228,征服者神御战甲,226,4,4,5,无,,28485,列王壁垒,39659,4,146,70
99752,黑翼之巢之胸甲,护甲,力量输出,4,4,5,胸部,230,力量+134；耐力+134,暴击等级+82；急速等级+73,暴击等级+88；急速等级+70,暴击等级×1.0732；急速等级×0.9589,4,432,423,1.0071,2,黄色,蓝色,0,,,,2355,,50272,冰龙胸骨,232,4,4,5,无,,30975,冲锋胸甲,45658,4,146,70
99753,护胸·星陨,护甲,力量输出,4,4,5,胸部,230,力量+119；耐力+134,暴击等级+71；护甲穿透等级+71,暴击等级+65；护甲穿透等级+75,暴击等级×0.9155；护甲穿透等级×1.0563,4,402,395,0.9949,2,蓝色,红色,0,,,,2355,,48631,莉亚德琳的征服战甲,232,4,4,5,无,,30990,光明使者胸铠,46350,4,146,70
99754,逐日者破云胸甲,护甲,力量输出,4,4,5,胸部,230,力量+125；耐力+134,暴击等级+85；精准等级+60,暴击等级+79；精准等级+58,暴击等级×0.9294；精准等级×0.9667,4,413,404,0.9802,1,红色,,0,,,,2395,,45225,断钢者的拥抱,232,4,4,5,无,,30991,光明使者护胸,45683,4,146,70
99755,圣辉腰铠,护甲,力量输出,4,4,6,腰部,230,力量+91；耐力+129,暴击等级+62；命中等级+51,暴击等级+57；命中等级+51,暴击等级×0.9194；命中等级×1.0000,4,320,333,0.9850,0,,,0,,,,1336,,45824,刃歌腰带,226,4,4,6,无,,30915,沸腾怒火腰带,45243,4,141,70
99756,凛冽·腰甲,护甲,力量输出,4,4,6,腰部,230,力量+101；耐力+100,暴击等级+52；急速等级+61,暴击等级+48；急速等级+62,暴击等级×0.9231；急速等级×1.0164,4,283,314,0.9904,1,黄色,,0,,,,1348,,49808,曲金腰带,219,4,4,6,无,,32333,稳固腰带,45299,4,141,70
99757,纳克萨玛斯之腰甲,护甲,力量输出,4,4,6,腰部,230,力量+102；耐力+100,暴击等级+62；护甲穿透等级+51,暴击等级+61；护甲穿透等级+51,暴击等级×0.9839；护甲穿透等级×1.0000,4,321,315,0.9968,2,蓝色,红色,0,,,,1347,,45161,余烬束带,232,4,4,6,无,,32342,坚定意志束带,45298,4,141,70
99758,奥杜尔太古扣带,护甲,力量输出,4,4,6,腰部,230,力量+85；耐力+100,暴击等级+42；精准等级+58,暴击等级+45；精准等级+61,暴击等级×1.0714；精准等级×1.0517,4,274,285,1.0211,2,红色,黄色,0,,,,1336,,46041,坠星束带,226,4,4,6,无,,32512,洛丹伦亡者腰带,44866,4,141,70
99759,奥术腿铠,护甲,力量输出,4,4,7,腿部,230,力量+118；耐力+134,命中等级+60；暴击等级+77,命中等级+64；暴击等级+77,命中等级×1.0667；暴击等级×1.0000,4,374,389,1.0103,1,红色,,0,,,,2078,,46222,征服者神御腿铠,226,4,4,7,无,,30993,光明使者腿铠,45686,4,146,70
99760,夜幕守护腿胄,护甲,力量输出,4,4,7,腿部,230,力量+102；耐力+177,暴击等级+71；急速等级+71,暴击等级+74；急速等级+72,暴击等级×1.0423；急速等级×1.0141,4,428,421,1.0095,1,黄色,,0,,,,,,48888,Thassarian's Legplates ,232,4,4,7,无,,33698,复仇角斗士的板层甲护腿,46951,4,146,70
99761,沙塔斯之护腿,护甲,力量输出,4,4,7,腿部,230,力量+119；耐力+134,暴击等级+71；护甲穿透等级+71,暴击等级+77；护甲穿透等级+68,暴击等级×1.0845；护甲穿透等级×0.9577,4,402,395,1.0076,2,蓝色,红色,0,,,,2061,,48504,库尔迪拉的征服腿铠,232,4,4,7,无,,33731,复仇角斗士的板甲护腿,46866,4,146,70
99762,符文驭天腿胄,护甲,力量输出,4,4,7,腿部,230,力量+102；耐力+177,暴击等级+71；精准等级+71,暴击等级+77；精准等级+75,暴击等级×1.0845；精准等级×1.0563,4,428,421,1.0238,0,,,0,,,,,,48918,Turalyon's Legplates ,232,4,4,7,无,,32419,Tom's Legs 3,40487,4,145,70
99763,暴风城战靴,护甲,力量输出,4,4,8,脚部,230,力量+102；耐力+100,暴击等级+62；命中等级+51,暴击等级+67；命中等级+47,暴击等级×1.0806；命中等级×0.9216,4,321,315,1.0032,1,红色,,0,,,,1646,,45501,地底族群之靴,232,4,4,8,无,,32245,踏潮者胫甲,45349,4,141,70
99764,冰冠堡垒深渊足铠,护甲,力量输出,4,4,8,脚部,230,力量+72；耐力+131,暴击等级+51；急速等级+50,暴击等级+49；急速等级+52,暴击等级×0.9608；急速等级×1.0400,4,292,304,1.0000,0,,,0,,,,1633,,45559,领主的板甲战靴,226,4,4,8,无,,32268,侍从战靴,45324,4,141,70
99765,断空踏靴,护甲,力量输出,4,4,8,脚部,230,力量+100；耐力+100,暴击等级+63；护甲穿透等级+51,暴击等级+64；护甲穿透等级+49,暴击等级×1.0159；护甲穿透等级×0.9608,4,320,314,0.9968,2,蓝色,红色,0,,,,1620,,50305,狞笑之颅长靴,232,4,4,8,无,,32345,军团恐怖战靴,45287,4,141,70
99766,霸主护足,护甲,力量输出,4,4,8,脚部,230,力量+92；耐力+100,暴击等级+58；精准等级+51,暴击等级+60；精准等级+46,暴击等级×1.0345；精准等级×0.9020,4,348,301,0.9900,1,红色,,0,,,,1628,,47312,邪铁堡垒胫甲,245,4,4,8,无,,34947,正义卫士胫甲,48472,4,141,70
99767,银月城之腕甲,护甲,力量输出,4,4,9,腕部,230,力量+74；耐力+75,暴击等级+44；命中等级+44,暴击等级+42；命中等级+43,暴击等级×0.9545；命中等级×0.9773,4,242,237,0.9873,1,红色,,0,,,,1030,,50230,轻盈追踪臂铠,232,4,4,9,无,,30861,狂暴镣铐,45748,4,141,70
99768,凛冬臂甲,护甲,力量输出,4,4,9,腕部,230,力量+67；耐力+74,暴击等级+44；急速等级+37,暴击等级+45；急速等级+36,暴击等级×1.0227；急速等级×0.9730,4,243,222,1.0000,1,黄色,,0,,,,1032,,45663,疯乱臂甲,239,4,4,9,无,,30862,神圣精金护腕,45741,4,141,70
99769,织法者腕甲,护甲,力量输出,4,4,9,腕部,230,力量+74；耐力+75,暴击等级+38；护甲穿透等级+47,暴击等级+37；护甲穿透等级+43,暴击等级×0.9737；护甲穿透等级×0.9149,4,239,234,0.9786,1,蓝色,,0,,,,1030,,47869,虚空领主腕甲,232,4,4,9,无,,32232,恒金外壳护腕,45289,4,141,70
99770,蓝龙军团破天护臂,护甲,力量输出,4,4,9,腕部,230,力量+74；耐力+75,暴击等级+43；精准等级+44,暴击等级+43；精准等级+48,暴击等级×1.0000；精准等级×1.0909,4,272,236,1.0169,1,红色,,0,,,,1036,,47253,碎骨臂铠冑,245,4,4,9,无,,32279,搜寻者的腕甲,45347,4,141,70
99771,驭雷拳甲,护甲,力量输出,4,4,10,手部,230,力量+79；耐力+132,暴击等级+59；命中等级+51,暴击等级+62；命中等级+48,暴击等级×1.0508；命中等级×0.9412,4,327,321,1.0000,1,红色,,0,,,,,,48916,Turalyon's Gauntlets ,232,4,4,10,无,,30983,光明使者手套,46357,4,146,70
99772,翡翠·手甲,护甲,力量输出,4,4,10,手部,230,力量+100；耐力+100,急速等级+65；暴击等级+48,急速等级+71；暴击等级+48,急速等级×1.0923；暴击等级×1.0000,4,319,313,1.0192,2,黄色,蓝色,0,,,,1471,,50194,低泣护手,232,4,4,10,无,,33696,复仇角斗士的板层甲护手,46949,4,146,70
99773,龙焰拳甲,护甲,力量输出,4,4,10,手部,230,力量+91；耐力+129,暴击等级+62；护甲穿透等级+51,暴击等级+62；护甲穿透等级+55,暴击等级×1.0000；护甲穿透等级×1.0784,4,320,333,1.0120,2,蓝色,红色,0,,,,1484,,45833,裂刃护手,226,4,4,10,无,,33729,复仇角斗士的板甲护手,46868,4,146,70
99774,苍翠之手甲,护甲,力量输出,4,4,10,手部,230,力量+94；耐力+106,暴击等级+62；精准等级+39,暴击等级+61；精准等级+37,暴击等级×0.9839；精准等级×0.9487,4,290,301,0.9900,1,红色,,0,,,,1484,,46219,征服者神御护手,226,4,4,10,无,,32278,沉默的公正,46487,4,141,70
99775,血精灵魔导师之战盔,护甲,坦克,4,4,1,头部,230,耐力+156；力量+107,防御等级+51；躲闪等级+36；招架等级+65,防御等级+53；躲闪等级+35；招架等级+59,防御等级×1.0392；躲闪等级×0.9722；招架等级×0.9077,5,423,415,0.9880,1,蓝色,,0,,,,1914,,49320,愤怒面甲,232,4,4,1,无,,30988,光明使者巨盔,46358,4,146,70
99776,织法者之面甲,护甲,坦克,4,4,1,头部,230,力量+62；耐力+173,防御等级+78；躲闪等级+54；命中等级+65,防御等级+79；躲闪等级+52；命中等级+64,防御等级×1.0128；躲闪等级×0.9630；命中等级×0.9846,5,439,432,0.9954,0,,,0,,,,1914,,49324,审判护盔,232,4,4,1,无,,33697,复仇角斗士的板层甲头盔,47759,4,146,70
99777,岩心之战盔,护甲,坦克,4,4,1,头部,230,力量+74；耐力+150,防御等级+69；躲闪等级+59；精准等级+69,防御等级+72；躲闪等级+63；精准等级+71,防御等级×1.0435；躲闪等级×1.0678；精准等级×1.0290,5,402,421,1.0214,1,黄色,,0,,,,1965,,45935,钢铁树皮面甲,225,4,4,1,无,,33730,复仇角斗士的板甲头盔,49686,4,146,70
99778,龙骨破夜战盔,护甲,坦克,4,4,1,头部,230,力量+95；耐力+149,防御等级+69；精准等级+41；招架等级+59,防御等级+75；精准等级+43；招架等级+57,防御等级×1.0870；精准等级×1.0488；招架等级×0.9661,5,351,413,1.0145,0,,,0,,,,1961,,40565,勇猛的天谴苦痛面甲,213,4,4,1,无,,32354,命运皇冠,45843,4,141,70
99779,先知御风肩铠,护甲,坦克,4,4,3,肩部,230,力量+72；耐力+133,防御等级+46；招架等级+39；躲闪等级+49,防御等级+46；招架等级+42；躲闪等级+47,防御等级×1.0000；招架等级×1.0769；躲闪等级×0.9592,5,327,339,1.0029,2,蓝色,红色,0,,,,1782,,46240,征服者黑暗符文肩铠,226,4,4,3,无,,32570,迅钢护肩,45413,4,141,70
99780,守望者肩甲,护甲,坦克,4,4,3,肩部,230,力量+87；耐力+132,防御等级+49；躲闪等级+46；命中等级+44,防御等级+45；躲闪等级+44；命中等级+41,防御等级×0.9184；躲闪等级×0.9565；命中等级×0.9318,5,365,358,0.9749,1,红色,,0,,,,1797,,45251,拆解者肩铠,232,4,4,3,无,,32573,晨钢护肩,45407,4,141,70
99781,黎明之肩胄,护甲,坦克,4,4,3,肩部,230,力量+67；耐力+132,防御等级+63；躲闪等级+51；精准等级+44,防御等级+60；躲闪等级+49；精准等级+46,防御等级×0.9524；躲闪等级×0.9608；精准等级×1.0455,5,363,357,0.9916,1,黄色,,0,,,,1767,,50234,霜血肩甲,232,4,4,3,无,,30490,残酷角斗士的板甲护肩,45970,4,136,70
99782,璀璨·肩卫,护甲,坦克,4,4,3,肩部,230,力量+68；耐力+117,防御等级+50；招架等级+62；精准等级+35,防御等级+51；招架等级+65；精准等级+33,防御等级×1.0200；招架等级×1.0484；精准等级×0.9429,5,283,332,1.0060,1,蓝色,,0,,,,1810,,39704,暴毙肩铠,213,4,4,3,无,,31996,残酷角斗士的板层甲护肩,46012,4,136,70
99783,陨星护胸,护甲,坦克,4,4,5,胸部,230,力量+118；耐力+154,防御等级+62；招架等级+54；躲闪等级+54,防御等级+68；招架等级+59；躲闪等级+57,防御等级×1.0968；招架等级×1.0926；躲闪等级×1.0556,5,450,442,1.0317,2,蓝色,红色,0,,,,2355,,48652,莉亚德琳的征服胸甲,232,4,4,5,无,,33695,复仇角斗士的板层甲护胸,47949,4,146,70
99784,回响护胸,护甲,坦克,4,4,5,胸部,230,力量+86；耐力+178,命中等级+66；防御等级+69；躲闪等级+85,命中等级+70；防御等级+65；躲闪等级+84,命中等级×1.0606；防御等级×0.9420；躲闪等级×0.9882,5,492,484,0.9979,0,,,0,,,,2355,,50285,冰缚铜甲,232,4,4,5,无,,33728,复仇角斗士的板甲护胸,46867,4,146,70
99785,镇魂使战衣,护甲,坦克,4,4,5,胸部,230,力量+88；耐力+156,防御等级+79；精准等级+60；躲闪等级+66,防御等级+79；精准等级+55；躲闪等级+61,防御等级×1.0000；精准等级×0.9167；躲闪等级×0.9242,5,516,449,0.9777,2,黄色,蓝色,0,,,,2368,,47254,巨兽胸铠,245,4,4,5,无,,30896,防御者的荣耀,45222,4,141,70
99786,暴风城雷霆护胸,护甲,坦克,4,4,5,胸部,230,力量+84；耐力+153,防御等级+84；招架等级+52；精准等级+68,防御等级+78；招架等级+50；精准等级+65,防御等级×0.9286；招架等级×0.9615；精准等级×0.9559,5,425,441,0.9751,1,蓝色,,0,,,,2375,,46039,永恒胸铠,226,4,4,5,无,,32365,裂心胸铠,45311,4,141,70
99787,太古·战带,护甲,坦克,4,4,6,腰部,230,力量+87；耐力+132,防御等级+46；躲闪等级+56；招架等级+29,防御等级+47；躲闪等级+55；招架等级+31,防御等级×1.0217；躲闪等级×0.9821；招架等级×1.0690,5,357,350,1.0057,0,,,0,,,,1324,,47870,虚空勇士腰带,232,4,4,6,无,,34941,无畏者腰带,42651,4,141,70
99788,星陨冲击战带,护甲,坦克,4,4,6,腰部,230,力量+59；耐力+132,防御等级+51；躲闪等级+62；命中等级+58,防御等级+50；躲闪等级+58；命中等级+58,防御等级×0.9804；躲闪等级×0.9355；命中等级×1.0000,5,349,362,0.9862,0,,,0,,,,1336,,45825,持盾护卫束带,226,4,4,6,无,,34944,沸腾怒气护腰,48477,4,141,70
99789,秘法焚烧战带,护甲,坦克,4,4,6,腰部,230,力量+87；耐力+132,防御等级+46；躲闪等级+56；招架等级+29,防御等级+50；躲闪等级+51；招架等级+30,防御等级×1.0870；躲闪等级×0.9107；招架等级×1.0345,5,357,350,1.0000,1,黄色,,0,,,,1324,,47711,虚空勇士束带,232,4,4,6,无,,32801,老兵的板层甲腰带,46042,4,136,70
99790,坚壁腰甲,护甲,坦克,4,4,6,腰部,230,力量+88；耐力+107,防御等级+37；躲闪等级+46；招架等级+38,防御等级+37；躲闪等级+45；招架等级+36,防御等级×1.0000；躲闪等级×0.9783；招架等级×0.9474,5,305,316,0.9905,2,蓝色,红色,0,,,,1336,,45551,牢固板甲束带,226,4,4,6,无,,32805,老兵的板甲腰带,46039,4,136,70
99791,龙鳞护腿,护甲,坦克,4,4,7,腿部,230,力量+90；耐力+154,防御等级+56；招架等级+52；躲闪等级+62,防御等级+61；招架等级+55；躲闪等级+66,防御等级×1.0893；招架等级×1.0577；躲闪等级×1.0645,5,422,414,1.0290,1,蓝色,,0,,,,2061,,48561,库尔迪拉的征服腿甲,232,4,4,7,无,,32263,执政官护腿,45334,4,141,70
99792,风暴峭壁之护腿,护甲,坦克,4,4,7,腿部,230,力量+95；耐力+149,防御等级+58；躲闪等级+82；命中等级+41,防御等级+60；躲闪等级+75；命中等级+41,防御等级×1.0345；躲闪等级×0.9146；命中等级×1.0000,5,364,425,0.9882,0,,,0,,,,2113,,40567,勇猛的天谴苦痛护腿,213,4,4,7,无,,32341,神圣惩戒护腿,46488,4,141,70
99793,唤潮者断岳腿胄,护甲,坦克,4,4,7,腿部,230,力量+88；耐力+157,防御等级+80；躲闪等级+68；精准等级+60,防御等级+85；躲闪等级+68；精准等级+59,防御等级×1.0625；躲闪等级×1.0000；精准等级×0.9833,5,549,453,1.0088,1,黄色,,0,,,,2079,,50861,光誓腿甲,251,4,4,7,无,,34922,镇静腿甲,48470,4,141,70
99794,唤星者之腿胄,护甲,坦克,4,4,7,腿部,230,力量+79；耐力+153,防御等级+68；招架等级+84；精准等级+61,防御等级+73；招架等级+90；精准等级+59,防御等级×1.0735；招架等级×1.0714；精准等级×0.9672,5,429,445,1.0202,1,蓝色,,0,,,,2078,,46238,征服者黑暗符文腿甲,226,4,4,7,无,,34940,太阳卫士腿铠,45220,4,141,70
99795,铸魂者穿云战靴,护甲,坦克,4,4,8,脚部,230,力量+87；耐力+132,防御等级+46；招架等级+46；躲闪等级+46,防御等级+50；招架等级+50；躲闪等级+46,防御等级×1.0870；招架等级×1.0870；躲闪等级×1.0000,5,364,357,1.0224,2,蓝色,红色,0,,,,1620,,50207,黑塔马靴,232,4,4,8,无,,32789,老兵的板层甲护胫,46044,4,136,70
99796,影月谷之护足,护甲,坦克,4,4,8,脚部,230,力量+59；耐力+132,防御等级+44；躲闪等级+67；命中等级+39,防御等级+40；躲闪等级+70；命中等级+42,防御等级×0.9091；躲闪等级×1.0448；命中等级×1.0769,5,347,341,1.0059,0,,,0,,,,1620,,47885,徊流胫甲,232,4,4,8,无,,32793,老兵的板甲护胫,46041,4,136,70
99797,石肤足铠,护甲,坦克,4,4,8,脚部,230,力量+68；耐力+130,防御等级+64；躲闪等级+49；精准等级+44,防御等级+63；躲闪等级+51；精准等级+40,防御等级×0.9844；躲闪等级×1.0408；精准等级×0.9091,5,304,355,0.9915,2,黄色,蓝色,0,,,,1660,,40297,耐久马靴,213,4,4,8,无,,32402,影钢战靴,45785,4,130,70
99798,刀锋山之踏靴,护甲,坦克,4,4,8,脚部,230,力量+57；耐力+106,防御等级+52；招架等级+59；精准等级+45,防御等级+50；招架等级+64；精准等级+41,防御等级×0.9615；招架等级×1.0847；精准等级×0.9111,5,307,319,0.9969,1,蓝色,,0,,,,1633,,45988,钢铁军队胫甲,226,4,4,8,无,,30027,无尽勇气之靴,44966,4,128,70
99799,诅咒之城之护臂,护甲,坦克,4,4,9,腕部,230,力量+57；耐力+84,防御等级+44；躲闪等级+26；招架等级+31,防御等级+43；躲闪等级+26；招架等级+31,防御等级×0.9773；躲闪等级×1.0000；招架等级×1.0000,5,207,242,0.9959,0,,,0,,,,1056,,40306,邪恶骑士护腕,213,4,4,9,无,,32568,迅钢护腕,45404,4,141,70
99800,先知腕甲,护甲,坦克,4,4,9,腕部,230,力量+48；耐力+97,防御等级+40；命中等级+37；躲闪等级+46,防御等级+43；命中等级+35；躲闪等级+42,防御等级×1.0750；命中等级×0.9459；躲闪等级×0.9130,5,274,268,0.9888,2,红色,黄色,0,,,,1048,,45111,米米尔隆的烈焰铁箍,232,4,4,9,无,,32571,晨钢护腕,45402,4,141,70
99801,复苏·臂甲,护甲,坦克,4,4,9,腕部,230,力量+53；耐力+97,防御等级+47；躲闪等级+38；命中等级+32,防御等级+44；躲闪等级+35；命中等级+32,防御等级×0.9362；躲闪等级×0.9211；命中等级×1.0000,5,255,267,0.9775,1,黄色,,0,,,,1058,,45283,火光护臂,225,4,4,9,无,,33813,守备官的板甲护腕,47092,4,141,70
99802,逐日者之腕甲,护甲,坦克,4,4,9,腕部,230,力量+50；耐力+99,防御等级+44；精准等级+33；招架等级+43,防御等级+42；精准等级+30；招架等级+42,防御等级×0.9545；精准等级×0.9091；招架等级×0.9767,5,310,269,0.9777,1,蓝色,,0,,,,1036,,47298,盾卫臂甲,245,4,4,9,无,,33889,守备官的板层甲护腕,47416,4,141,70
99803,玄冰手甲,护甲,坦克,4,4,10,手部,230,力量+87；耐力+120,防御等级+46；躲闪等级+38；招架等级+46,防御等级+46；躲闪等级+38；招架等级+43,防御等级×1.0000；躲闪等级×1.0000；招架等级×0.9348,5,344,337,0.9911,1,蓝色,,0,,,,1471,,48653,莉亚德琳的征服手甲,232,4,4,10,无,,32280,强制护手,45715,4,141,70
99804,剃刀高地不朽手甲,护甲,坦克,4,4,10,手部,230,力量+63；耐力+119,防御等级+50；躲闪等级+59；命中等级+51,防御等级+52；躲闪等级+58；命中等级+52,防御等级×1.0400；躲闪等级×0.9831；命中等级×1.0196,5,329,342,1.0058,1,红色,,0,,,,1484,,46164,征服者的突围手甲,226,4,4,10,无,,32608,掠夺护手,45728,4,141,70
99805,祖达克苍翠臂铠,护甲,坦克,4,4,10,手部,230,力量+61；耐力+112,防御等级+59；躲闪等级+47；精准等级+51,防御等级+64；躲闪等级+51；精准等级+54,防御等级×1.0847；躲闪等级×1.0851；精准等级×1.0588,5,400,330,1.0364,1,黄色,,0,,,,1486,,51556,血脉挫灭者护手,251,4,4,10,无,,29998,银月皇家护手,46076,4,138,70
99806,圣贤之手甲,护甲,坦克,4,4,10,手部,230,力量+65；耐力+133,防御等级+52；招架等级+58；精准等级+40,防御等级+49；招架等级+56；精准等级+44,防御等级×0.9423；招架等级×0.9655；精准等级×1.1000,5,335,348,0.9971,1,蓝色,,0,,,,1484,,46236,征服者黑暗符文手甲,226,4,4,10,无,,30112,波浪荣耀护手,46079,4,138,70
99807,星云项链,通用槽位,法系输出,4,0,2,颈部,230,耐力+58；智力+47,法术强度+77；暴击等级+44；急速等级+44,法术强度+77；暴击等级+43；急速等级+40,法术强度×1.0000；暴击等级×0.9773；急速等级×0.9091,5,275,270,0.9815,1,黄色,,0,,,,,,50211,怒火奥术项圈,232,4,0,2,无,,17782,束缚坠饰,6494,5,80,60
99808,山岳之裂云,通用槽位,法系输出,4,0,2,颈部,230,耐力+46；智力+50,法术强度+68；暴击等级+45；命中等级+35,法术强度+72；暴击等级+45；命中等级+37,法术强度×1.0588；暴击等级×1.0000；命中等级×1.0571,5,249,244,1.0246,1,蓝色,,0,,,,,,47890,黑暗死亡护符,232,4,0,2,无,,34358,硬化氪金项链,39214,4,159,70
99809,峥嵘链坠,通用槽位,法系输出,4,0,2,颈部,230,耐力+65；智力+45；精神+43,法术强度+77；急速等级+43,法术强度+78；急速等级+42,法术强度×1.0130；急速等级×0.9767,5,263,273,1.0000,1,红色,,0,,,,,,51805,心碎护符,226,4,0,2,无,,34359,阳炎坠饰,45351,4,159,70
99810,失落·临世,通用槽位,法系输出,4,0,2,颈部,230,耐力+46；智力+50,法术强度+68；暴击等级+45；命中等级+35,法术强度+71；暴击等级+45；命中等级+38,法术强度×1.0441；暴击等级×1.0000；命中等级×1.0857,5,249,244,1.0246,0,,,0,,,,,,47747,黑暗死亡坠饰,232,4,0,2,无,,34177,终结锁链,48511,4,154,70
99811,亘古·焚天,通用槽位,法系输出,4,0,11,戒指,230,耐力+66；智力+43,法术强度+77；急速等级+37；暴击等级+48,法术强度+73；急速等级+36；暴击等级+46,法术强度×0.9481；急速等级×0.9730；暴击等级×0.9583,5,276,271,0.9742,0,,,0,,,,,,45168,火光之环,232,4,0,11,无,,52572,无尽力量灰烬指环,63958,4,277,1
99812,奥杜尔的日蚀,通用槽位,法系输出,4,0,11,戒指,230,耐力+47；智力+51,法术强度+77；命中等级+49；暴击等级+35,法术强度+83；命中等级+45；暴击等级+35,法术强度×1.0779；命中等级×0.9184；暴击等级×1.0000,5,264,259,1.0077,2,蓝色,红色,0,,,,,,47862,火焰风暴指环,232,4,0,11,无,,34361,硬化氪金指环,39126,4,159,70
99813,青铜印戒,通用槽位,法系输出,4,0,11,戒指,230,耐力+56；智力+48；精神+43,法术强度+77；命中等级+43,法术强度+81；命中等级+47,法术强度×1.0519；命中等级×1.0930,5,272,267,1.0300,1,红色,,0,,,,,,45515,空洞之眼,232,4,0,11,无,,34362,熔铸能量指环,31616,4,159,70
99814,战争领主之玺戒,通用槽位,法系输出,4,0,11,戒指,230,耐力+47；智力+51,法术强度+77；命中等级+49；暴击等级+35,法术强度+71；命中等级+49；暴击等级+36,法术强度×0.9221；命中等级×1.0000；暴击等级×1.0286,5,264,259,0.9807,1,黄色,,0,,,,,,47618,火焰风暴之戒,232,4,0,11,无,,34166,光棱指环,39123,4,154,70
99815,碎星印戒,通用槽位,法系输出,4,0,11,戒指,230,耐力+64；智力+45,法术强度+77；暴击等级+43；急速等级+44,法术强度+83；暴击等级+47；急速等级+47,法术强度×1.0779；暴击等级×1.0930；急速等级×1.0682,5,263,273,1.0476,1,蓝色,,0,,,,,,48957,肯瑞托铭刻徽记,226,4,0,11,无,,34189,灾难指环,31655,4,154,70
99816,夜幕·碎星,通用槽位,法系输出,4,0,11,戒指,230,耐力+52；智力+50,命中等级+49；暴击等级+37；法术强度+77,命中等级+45；暴击等级+40；法术强度+70,命中等级×0.9184；暴击等级×1.0811；法术强度×0.9091,5,239,265,0.9698,0,,,0,,,,,,47512,罪者的忏悔,219,4,0,11,无,,34213,坚定决心指环,45948,4,154,70
99817,神恩大氅,通用槽位,法系输出,4,1,16,披风,230,耐力+50；智力+50,法术强度+77；暴击等级+44；急速等级+44,法术强度+70；暴击等级+48；急速等级+44,法术强度×0.9091；暴击等级×1.0909；急速等级×1.0000,5,270,265,0.9887,2,黄色,蓝色,0,,,,158,,54804,深冬之寒罩氅,232,4,1,16,无,,34241,原罪披风,48868,4,164,70
99818,秘术披风,通用槽位,法系输出,4,1,16,披风,230,耐力+47；智力+37,法术强度+77；命中等级+32；暴击等级+51,法术强度+82；命中等级+31；暴击等级+49,法术强度×1.0649；命中等级×0.9688；暴击等级×0.9608,5,235,244,1.0082,0,,,0,,,,159,,46042,信使斗篷,226,4,1,16,无,,34242,安东尼达斯的破碎斗篷,48871,4,164,70
99819,秘术大氅,通用槽位,法系输出,4,1,16,披风,230,耐力+50；智力+50；精神+44,法术强度+77；急速等级+44,法术强度+77；急速等级+40,法术强度×1.0000；急速等级×0.9091,5,270,265,0.9849,2,红色,黄色,0,,,,158,,54805,寒冷的风披风,232,4,1,16,无,,41591,军士的强固斗篷,27088,4,156,70
99820,泰坦监护者之神祇,通用槽位,法系输出,4,1,16,披风,230,耐力+56；智力+47,法术强度+69；命中等级+37；暴击等级+39,法术强度+64；命中等级+37；暴击等级+41,法术强度×0.9275；命中等级×1.0000；暴击等级×1.0513,5,271,248,0.9879,1,黄色,,0,,,,158,,45242,灭亡斗篷,239,4,1,16,无,,34190,血色珍珠披风,48869,4,154,70
99821,幻光之项圈,通用槽位,力量输出,4,0,2,颈部,230,力量+68；耐力+97,暴击等级+37；命中等级+47,暴击等级+38；命中等级+43,暴击等级×1.0270；命中等级×0.9149,4,239,249,0.9880,1,红色,,0,,,,,,51808,丹心项圈,226,4,0,2,无,,34178,深渊领主颈圈,48507,4,154,70
99822,星界之裂云,通用槽位,力量输出,4,0,2,颈部,230,力量+74；耐力+75,暴击等级+48；急速等级+37,暴击等级+50；急速等级+38,暴击等级×1.0417；急速等级×1.0270,4,239,234,1.0128,0,,,0,,,,,,45193,无尽的热情,232,4,0,2,无,,34184,贵族精灵的胸针,48509,4,154,70
99823,圣光之断岳,通用槽位,力量输出,4,0,2,颈部,230,力量+76；耐力+75,暴击等级+50；护甲穿透等级+33,暴击等级+50；护甲穿透等级+30,暴击等级×1.0000；护甲穿透等级×0.9091,4,211,234,0.9872,1,蓝色,,0,,,,,,49818,苦痛刺圈,219,4,0,2,无,,34204,自由魔法项链,48512,4,154,70
99824,虚空项圈,通用槽位,力量输出,4,0,2,颈部,230,力量+58；耐力+99,暴击等级+43；精准等级+37,暴击等级+42；精准等级+39,暴击等级×0.9767；精准等级×1.0541,4,290,237,1.0042,1,红色,,0,,,,,,53502,Flamelash Amulet,251,4,0,2,无,,35132,护卫者的征服坠饰,39162,4,154,70
99825,轮回·降临,通用槽位,力量输出,4,0,11,戒指,230,力量+76；耐力+74,暴击等级+44；命中等级+44,暴击等级+47；命中等级+43,暴击等级×1.0682；命中等级×0.9773,4,227,238,1.0084,1,红色,,0,,,,,,46010,暗石之戒,225,4,0,11,无,,34230,全能之戒,44358,4,154,70
99826,自然玺戒,通用槽位,力量输出,4,0,11,戒指,230,力量+76；耐力+75,暴击等级+47；急速等级+38,暴击等级+49；急速等级+40,暴击等级×1.0426；急速等级×1.0526,4,213,236,1.0169,1,黄色,,0,,,,,,49812,被盗的婚戒,219,4,0,11,无,,35129,护卫者的统御指环,39129,4,154,70
99827,破晓者之圣辉,通用槽位,力量输出,4,0,11,戒指,230,力量+74；耐力+75,暴击等级+48；护甲穿透等级+37,暴击等级+52；护甲穿透等级+37,暴击等级×1.0833；护甲穿透等级×1.0000,4,239,234,1.0171,1,蓝色,,0,,,,,,45106,机械之力,232,4,0,11,无,,32497,怒风徽记之戒,45362,4,151,70
99828,辉煌·指环,通用槽位,力量输出,4,0,11,戒指,230,力量+74；耐力+75,暴击等级+46；精准等级+39,暴击等级+45；精准等级+40,暴击等级×0.9783；精准等级×1.0256,4,239,234,1.0000,1,红色,,0,,,,,,50306,风行者的诺言,232,4,0,11,无,,34837,至尊二戒,31800,4,143,70
99829,霜痕之驭天,通用槽位,力量输出,4,0,11,戒指,230,力量+76；耐力+74,命中等级+39；护甲穿透等级+47,命中等级+36；护甲穿透等级+46,命中等级×0.9231；护甲穿透等级×0.9787,4,225,236,0.9831,1,黄色,,0,,,,,,45675,能量强化指环,225,4,0,11,无,,32261,深渊领主指环,44357,4,141,70
99830,红龙之戒律,通用槽位,力量输出,4,0,11,戒指,230,力量+75；耐力+75,命中等级+48；精准等级+37,命中等级+44；精准等级+36,命中等级×0.9167；精准等级×0.9730,4,226,235,0.9787,1,蓝色,,0,,,,,,45540,持剑者的徽记之戒,226,4,0,11,无,,32335,凶猛进攻指环,44841,4,141,70
99831,晶歌森林的星界,通用槽位,力量输出,4,1,16,披风,230,力量+57；耐力+99,暴击等级+44；命中等级+33,暴击等级+47；命中等级+32,暴击等级×1.0682；命中等级×0.9697,4,224,233,1.0086,0,,,0,,,,159,,46320,天空使者斗篷,226,4,1,16,无,,34205,救赎灵魂披风,48870,4,154,70
99832,破晓者之披肩,通用槽位,力量输出,4,1,16,披风,230,力量+76；耐力+74,暴击等级+34；急速等级+51,暴击等级+33；急速等级+55,暴击等级×0.9706；急速等级×1.0784,4,224,235,1.0128,2,黄色,蓝色,0,,,,161,,45318,浓烟之怒披风,225,4,1,16,无,,32524,贵族精灵斗篷,45476,4,151,70
99833,钢铁罩袍,通用槽位,力量输出,4,1,16,披风,230,力量+74；耐力+75,暴击等级+48；护甲穿透等级+37,暴击等级+51；护甲穿透等级+37,暴击等级×1.0625；护甲穿透等级×1.0000,4,239,234,1.0128,2,蓝色,红色,0,,,,160,,45138,龙骑士披风,232,4,1,16,无,,32323,影月毁灭者斗篷,45886,4,141,70
99834,幽影罩袍,通用槽位,力量输出,4,1,16,披风,230,力量+74；耐力+75,暴击等级+44；精准等级+44,暴击等级+42；精准等级+43,暴击等级×0.9545；精准等级×0.9773,4,242,237,0.9873,1,红色,,0,,,,158,,54803,冰霜领主的战斗裹尸布,232,4,1,16,无,,32331,伊利达雷议会披风,45885,4,141,70
99835,苍白之断空,通用槽位,敏捷输出,4,0,2,颈部,230,敏捷+65；耐力+53,攻击强度+98；暴击等级+38；急速等级+47,攻击强度+100；暴击等级+36；急速等级+43,攻击强度×1.0204；暴击等级×0.9474；急速等级×0.9149,5,307,301,0.9867,0,,,0,,,,,,50228,尖刺伊米亚颈饰,232,4,0,2,无,,32362,泰坦坠饰,4841,4,141,70
99836,陨星之护符,通用槽位,敏捷输出,4,0,2,颈部,230,敏捷+65；耐力+56,攻击强度+96；暴击等级+45；护甲穿透等级+41,攻击强度+104；暴击等级+42；护甲穿透等级+37,攻击强度×1.0833；暴击等级×0.9333；护甲穿透等级×0.9024,5,309,303,1.0033,1,黄色,,0,,,,,,47849,永劫苦痛项圈,232,4,0,2,无,,32370,纳蒂娜的纯洁坠饰,39212,4,141,70
99837,秘法之坠饰,通用槽位,敏捷输出,4,0,2,颈部,230,敏捷+62；耐力+50,命中等级+41；暴击等级+45；攻击强度+87,命中等级+39；暴击等级+44；攻击强度+89,命中等级×0.9512；暴击等级×0.9778；攻击强度×1.0230,5,330,285,0.9965,0,,,0,,,,,,49485,闪耀的奥妮克希亚龙牙坠饰,245,4,0,2,无,,32589,地狱火坠饰,31899,4,141,70
99838,月刃之守护,通用槽位,敏捷输出,4,0,2,颈部,230,敏捷+57；耐力+65,攻击强度+84；护甲穿透等级+45；急速等级+39,攻击强度+82；护甲穿透等级+41；急速等级+42,攻击强度×0.9762；护甲穿透等级×0.9111；急速等级×1.0769,5,397,290,0.9897,1,红色,,0,,,,,,50421,辛达苟萨之爪,264,4,0,2,无,,32591,锯齿利刃项圈,39210,4,141,70
99839,生命·印戒,通用槽位,敏捷输出,4,0,11,戒指,230,敏捷+64；耐力+66,攻击强度+96；急速等级+37；暴击等级+44,攻击强度+105；急速等级+37；暴击等级+48,攻击强度×1.0938；急速等级×1.0000；暴击等级×1.0909,5,313,307,1.0423,1,红色,,0,,,,,,45503,受难者的金属指环,232,4,0,11,无,,34887,安格莉丝塔的复仇,49005,4,141,70
99840,灰烬戒律,通用槽位,敏捷输出,4,0,11,戒指,230,敏捷+65；耐力+66,护甲穿透等级+35；暴击等级+49；攻击强度+88,护甲穿透等级+35；暴击等级+48；攻击强度+80,护甲穿透等级×1.0000；暴击等级×0.9796；攻击强度×0.9091,5,309,303,0.9703,1,黄色,,0,,,,,,50271,黯澹灵魂指环,232,4,0,11,无,,34890,安薇娜的触摸,43095,4,141,70
99841,驭天指环,通用槽位,敏捷输出,4,0,11,戒指,230,敏捷+60；耐力+57,攻击强度+99；暴击等级+43；命中等级+43,攻击强度+105；暴击等级+45；命中等级+44,攻击强度×1.0606；暴击等级×1.0465；命中等级×1.0233,5,370,302,1.0298,0,,,0,,,,,,50376,复仇之灰烬指环,251,4,0,11,无,,30109,无尽盘蛇之戒,33534,4,138,70
99842,青霜·戒律,通用槽位,敏捷输出,4,0,11,戒指,230,敏捷+66；耐力+70,护甲穿透等级+47；急速等级+39；攻击强度+76,护甲穿透等级+51；急速等级+42；攻击强度+80,护甲穿透等级×1.0851；急速等级×1.0769；攻击强度×1.0526,5,285,298,1.0369,2,红色,黄色,0,,,,,,45303,龙类狡诈指环,225,4,0,11,无,,33987,Indalamar's Ring of 200 Spell Crit,26537,4,130,70
99843,灰烬之戒律,通用槽位,敏捷输出,4,0,11,戒指,230,敏捷+48；耐力+66,攻击强度+131；暴击等级+43；精准等级+37,攻击强度+121；暴击等级+41；精准等级+34,攻击强度×0.9237；暴击等级×0.9535；精准等级×0.9189,5,331,325,0.9538,1,黄色,,0,,,,,,45525,屠神徽记,232,4,0,11,无,,29920,浴火凤凰之戒,35472,4,128,70
99844,源质·临世,通用槽位,敏捷输出,4,0,11,戒指,230,敏捷+43；耐力+66,攻击强度+129；暴击等级+45；急速等级+42,攻击强度+127；暴击等级+47；急速等级+40,攻击强度×0.9845；暴击等级×1.0444；急速等级×0.9524,5,315,325,0.9938,0,,,0,,,,,,48954,肯瑞托铭刻指环,226,4,0,11,无,,29922,奥之指环,39120,4,128,70
99845,星陨披肩,通用槽位,敏捷输出,4,1,16,披风,230,敏捷+65；耐力+66,攻击强度+88；暴击等级+50；急速等级+33,攻击强度+94；暴击等级+54；急速等级+33,攻击强度×1.0682；暴击等级×1.0800；急速等级×1.0000,5,308,302,1.0331,2,红色,黄色,0,,,,158,,54802,冰霜领主的战争披风,232,4,1,16,无,,32337,宽恕披风,46490,4,141,70
99846,赤霞·披肩,通用槽位,敏捷输出,4,1,16,披风,230,敏捷+56；耐力+57,护甲穿透等级+31；攻击强度+94；暴击等级+42,护甲穿透等级+29；攻击强度+103；暴击等级+39,护甲穿透等级×0.9355；攻击强度×1.0957；暴击等级×0.9286,5,270,280,1.0143,0,,,0,,,,159,,46032,无面者将军斗篷,226,4,1,16,无,,32590,空灵披风,46124,4,141,70
99847,月刃斗篷,通用槽位,敏捷输出,4,1,16,披风,230,耐力+57；敏捷+67,暴击等级+49；命中等级+36；攻击强度+94,暴击等级+46；命中等级+37；攻击强度+95,暴击等级×0.9388；命中等级×1.0278；攻击强度×1.0106,5,289,303,0.9967,1,蓝色,,0,,,,161,,45704,碎裂巨人披风,225,4,1,16,无,,34010,镇定斗篷,47249,4,141,70
99848,晨星·斗篷,通用槽位,敏捷输出,4,1,16,披风,230,敏捷+65；耐力+66,攻击强度+88；急速等级+48；命中等级+37,攻击强度+95；急速等级+46；命中等级+34,攻击强度×1.0795；急速等级×0.9583；命中等级×0.9189,5,310,304,1.0066,1,红色,,0,,,,160,,45224,柔软斗篷,232,4,1,16,无,,34012,决战披风,47252,4,141,70
99849,血精灵魔导师之圣辉,通用槽位,治疗,4,0,2,颈部,230,耐力+48；智力+44；精神+42,法术强度+77；暴击等级+51,法术强度+83；暴击等级+47,法术强度×1.0779；暴击等级×0.9216,5,267,262,1.0076,1,蓝色,,0,,,,,,45236,坚定之眼,232,4,0,2,无,,33466,诅咒骨环,9852,4,133,70
99850,冰冠堡垒的奥术,通用槽位,治疗,4,0,2,颈部,230,耐力+65；智力+45；精神+43,法术强度+77；急速等级+43,法术强度+81；急速等级+46,法术强度×1.0519；急速等级×1.0698,5,263,273,1.0256,0,,,0,,,,,,45822,唤魔师的符咒,226,4,0,2,无,,30008,流失岁月坠饰,31889,4,128,70
99851,赤霞·项链,通用槽位,治疗,4,0,2,颈部,230,耐力+51；智力+49,法术强度+77；暴击等级+44；每5秒法力回复+22,法术强度+72；暴击等级+45；每5秒法力回复+21,法术强度×0.9351；暴击等级×1.0227；每5秒法力回复×0.9545,5,247,243,0.9794,0,,,0,,,,,,47864,元素禁锢坠饰,232,4,0,2,无,,30022,危机坠饰,34204,4,128,70
99852,暮光之驭雷,通用槽位,治疗,4,0,2,颈部,230,耐力+50；智力+50,法术强度+77；急速等级+33；每5秒法力回复+25,法术强度+79；急速等级+31；每5秒法力回复+23,法术强度×1.0260；急速等级×0.9394；每5秒法力回复×0.9200,5,239,235,0.9915,0,,,0,,,,,,50196,爱情的囚徒,232,4,0,2,无,,30059,凶兽之怒项圈,33906,4,128,70
99853,洪荒之之戒,通用槽位,治疗,4,0,11,戒指,230,智力+49；精神+29；耐力+53,暴击等级+46；法术强度+77,暴击等级+47；法术强度+74,暴击等级×1.0217；法术强度×0.9610,5,259,254,0.9921,1,蓝色,,0,,,,,,49313,抛光屠龙者的徽记,232,4,0,11,无,,30028,提瑞斯法安宁指环,28733,4,128,70
99854,凛冬戒律,通用槽位,治疗,4,0,11,戒指,230,耐力+57；智力+47；精神+49,急速等级+35；法术强度+78,急速等级+35；法术强度+73,急速等级×1.0000；法术强度×0.9359,5,255,266,0.9812,0,,,0,,,,,,45418,麦耶的蓝宝石戒指,225,4,0,11,无,,30061,远古征服指环,31908,4,128,70
99855,救赎戒指,通用槽位,治疗,4,0,11,戒指,230,耐力+47；智力+51,法术强度+77；每5秒法力回复+25；暴击等级+35,法术强度+75；每5秒法力回复+27；暴击等级+35,法术强度×0.9740；每5秒法力回复×1.0800；暴击等级×1.0000,5,239,235,1.0000,2,红色,蓝色,0,,,,,,50313,女皇的誓言,232,4,0,11,无,,30083,裂魂之戒,24646,4,128,70
99856,烈焰之玺戒,通用槽位,治疗,4,0,11,戒指,230,耐力+66；智力+43,法术强度+77；急速等级+32；每5秒法力回复+25,法术强度+81；急速等级+29；每5秒法力回复+23,法术强度×1.0519；急速等级×0.9062；每5秒法力回复×0.9200,5,248,243,0.9959,1,蓝色,,0,,,,,,45530,理智的束缚,232,4,0,11,无,,33054,丹扎拉尔徽记,31657,4,128,70
99857,龙骨之指环,通用槽位,治疗,4,0,11,戒指,230,耐力+48；智力+51；精神+46,法术强度+77；暴击等级+40,法术强度+75；暴击等级+42,法术强度×0.9740；暴击等级×1.0500,5,267,262,1.0000,2,黄色,红色,0,,,,,,45113,光芒拯救指环,232,4,0,11,无,,33058,警醒指环,31905,4,128,70
99858,奥格瑞玛的荣光,通用槽位,治疗,4,0,11,戒指,230,耐力+48；智力+44；精神+36,法术强度+69；急速等级+51,法术强度+73；急速等级+53,法术强度×1.0580；急速等级×1.0392,5,269,248,1.0242,0,,,0,,,,,,45495,导能封印,239,4,0,11,无,,28757,千印之戒,33864,4,125,70
99859,黑锋骑士之披风,通用槽位,治疗,4,1,16,披风,230,耐力+48；智力+48；精神+51,法术强度+77；暴击等级+37,法术强度+84；暴击等级+40,法术强度×1.0909；暴击等级×1.0811,5,266,261,1.0383,0,,,0,,,,160,,45529,鬼魅记忆斗篷,232,4,1,16,无,,29989,太阳光芒披风,46123,4,138,70
99860,死亡骑士之幻影,通用槽位,治疗,4,1,16,披风,230,耐力+65；智力+44；精神+44,法术强度+66；急速等级+35,法术强度+63；急速等级+36,法术强度×0.9545；急速等级×1.0286,5,245,254,0.9921,2,黄色,红色,0,,,,159,,46321,阳光斗篷,226,4,1,16,无,,29994,萨拉斯荒野披风,46125,4,138,70
99861,轰雷大氅,通用槽位,治疗,4,1,16,披风,230,耐力+56；智力+47,法术强度+69；暴击等级+37；每5秒法力回复+22,法术强度+65；暴击等级+37；每5秒法力回复+20,法术强度×0.9420；暴击等级×1.0000；每5秒法力回复×0.9091,5,251,231,0.9740,2,红色,蓝色,0,,,,158,,45486,忧郁女神斗篷,239,4,1,16,无,,33304,压制能量披风,46812,4,136,70
99862,灰烬之驭天,通用槽位,治疗,4,1,16,披风,230,耐力+48；智力+51,法术强度+77；急速等级+37；每5秒法力回复+24,法术强度+76；急速等级+36；每5秒法力回复+26,法术强度×0.9870；急速等级×0.9730；每5秒法力回复×1.0833,5,228,237,1.0000,0,,,0,,,,159,,45541,变更斗篷,226,4,1,16,无,,33333,卡尔玛的希望披风,43292,4,136,70
99863,万法王之链坠,通用槽位,坦克,4,0,2,颈部,230,力量+66；耐力+98,防御等级+34；躲闪等级+34；招架等级+34,防御等级+31；躲闪等级+31；招架等级+35,防御等级×0.9118；躲闪等级×0.9118；招架等级×1.0294,5,272,266,0.9812,0,,,0,,,,,,50310,硬化菊石颈饰,232,4,0,2,无,,30099,溺水者之链,43599,4,128,70
99864,镇压印记,通用槽位,坦克,4,0,2,颈部,230,力量+44；耐力+98,防御等级+42；躲闪等级+44；命中等级+44,防御等级+40；躲闪等级+45；命中等级+44,防御等级×0.9524；躲闪等级×1.0227；命中等级×1.0000,5,262,272,0.9963,1,红色,,0,,,,,,51806,极乐碎片,226,4,0,2,无,,33296,灵巧胸针,46805,4,128,70
99865,黎明·镇压,通用槽位,坦克,4,0,2,颈部,230,耐力+98；力量+50,躲闪等级+44；精准等级+33；防御等级+44,躲闪等级+44；精准等级+34；防御等级+45,躲闪等级×1.0000；精准等级×1.0303；防御等级×1.0227,5,275,269,1.0074,1,黄色,,0,,,,,,49306,艾斯卡达尔颈环,232,4,0,2,无,,33297,蛮族项圈,43701,4,128,70
99866,暗影·项圈,通用槽位,坦克,4,0,2,颈部,230,力量+38；耐力+98,防御等级+44；躲闪等级+44；精准等级+47,防御等级+43；躲闪等级+40；精准等级+49,防御等级×0.9773；躲闪等级×0.9091；精准等级×1.0426,5,277,271,0.9889,0,,,0,,,,,,47872,地狱刚毅项圈,232,4,0,2,无,,28762,灵魂窃取项链,35358,4,125,70
99867,纳克萨玛斯的暗影,通用槽位,坦克,4,0,11,戒指,230,力量+65；耐力+99,防御等级+35；躲闪等级+36；招架等级+35,防御等级+33；躲闪等级+36；招架等级+32,防御等级×0.9429；躲闪等级×1.0000；招架等级×0.9143,5,310,270,0.9815,0,,,0,,,,,,47315,叛君指环,245,4,0,11,无,,28763,永生之翡翠指环,9847,4,125,70
99868,龙骨戒律,通用槽位,坦克,4,0,11,戒指,230,力量+40；耐力+89,命中等级+38；躲闪等级+48；防御等级+41,命中等级+40；躲闪等级+48；防御等级+38,命中等级×1.0526；躲闪等级×1.0000；防御等级×0.9268,5,309,256,0.9961,1,红色,,0,,,,,,50790,憎恶血戒,251,4,0,11,无,,30738,逆转指环,9834,4,120,70
99869,星环·降临,通用槽位,坦克,4,0,11,戒指,230,力量+43；耐力+97,防御等级+48；躲闪等级+37；精准等级+43,防御等级+46；躲闪等级+34；精准等级+43,防御等级×0.9583；躲闪等级×0.9189；精准等级×1.0000,5,274,268,0.9813,2,黄色,蓝色,0,,,,,,45326,艾塞尔的白金指环,232,4,0,11,无,,28649,迦萝娜的徽记指环,33728,4,115,70
99870,守护印戒,通用槽位,坦克,4,0,11,戒指,230,力量+47；耐力+88,防御等级+44；躲闪等级+36；精准等级+38,防御等级+44；躲闪等级+34；精准等级+35,防御等级×1.0000；躲闪等级×0.9444；精准等级×0.9211,5,275,253,0.9802,1,蓝色,,0,,,,,,45471,命运的约束,239,4,0,11,无,,28675,谢尔曼指环,26001,4,115,70
99871,缚龙之戒,通用槽位,坦克,4,0,11,戒指,230,力量+65；耐力+99,防御等级+35；躲闪等级+36；招架等级+35,防御等级+34；躲闪等级+35；招架等级+33,防御等级×0.9714；躲闪等级×0.9722；招架等级×0.9429,5,310,270,0.9852,2,红色,黄色,0,,,,,,47149,叛君徽记,245,4,0,11,无,,28753,循环之戒,9846,4,115,70
99872,死亡骑士之霜裔,通用槽位,坦克,4,0,11,戒指,230,力量+66；耐力+99,躲闪等级+47；招架等级+38,躲闪等级+50；招架等级+37,躲闪等级×1.0638；招架等级×0.9737,4,238,250,1.0080,1,黄色,,0,,,,467,,45874,寒冬徽记,225,4,0,11,无,,31399,自然屏障,44086,4,115,70
99873,苍穹斗篷,通用槽位,坦克,4,1,16,披风,230,力量+66；耐力+99,防御等级+37；躲闪等级+34；招架等级+30,防御等级+36；躲闪等级+31；招架等级+28,防御等级×0.9730；躲闪等级×0.9118；招架等级×0.9333,5,240,266,0.9774,0,,,0,,,,160,,49832,怪异的符文剑布,219,4,1,16,无,,33484,多莉的拥抱,47589,4,136,70
99874,魔铁披风,通用槽位,坦克,4,1,16,披风,230,力量+48；耐力+97,防御等级+44；躲闪等级+42；命中等级+37,防御等级+45；躲闪等级+41；命中等级+37,防御等级×1.0227；躲闪等级×0.9762；命中等级×1.0000,5,274,268,1.0000,1,红色,,0,,,,160,,45319,造物者披风,232,4,1,16,无,,32420,夜色之末,45480,4,130,70
99875,守望者之披风,通用槽位,坦克,4,1,16,披风,230,力量+50；耐力+99,防御等级+44；躲闪等级+45；精准等级+33,防御等级+47；躲闪等级+44；精准等级+36,防御等级×1.0682；躲闪等级×0.9778；精准等级×1.0909,5,310,271,1.0185,1,黄色,,0,,,,159,,47275,恶魔领主的荣傲披风,245,4,1,16,无,,29925,凤翼披风,46126,4,128,70
99876,铁壁罩袍,通用槽位,坦克,4,1,16,披风,230,力量+47；耐力+97,防御等级+51；招架等级+33；命中等级+39,防御等级+55；招架等级+36；命中等级+38,防御等级×1.0784；招架等级×1.0909；命中等级×0.9744,5,255,267,1.0225,0,,,0,,,,161,,46014,萨隆邪铁畸体披风,225,4,1,16,无,,30098,锋鳞作战披风,43597,4,128,70
99877,断岳魔典,副手,法系输出,4,0,23,副手物品,230,智力+33；耐力+53,急速等级+49；法术强度+77；暴击等级+50,急速等级+45；法术强度+81；暴击等级+50,急速等级×0.9184；法术强度×1.0519；暴击等级×1.0000,5,267,262,1.0000,0,,,0,,,,,,50309,枯萎之心,232,4,0,23,无,,38322,铁箍之书,23171,4,200,77
99878,日蚀之裁断,副手,法系输出,4,0,23,副手物品,230,耐力+48；智力+50,法术强度+78；暴击等级+38；命中等级+47,法术强度+73；暴击等级+38；命中等级+48,法术强度×0.9359；暴击等级×1.0000；命中等级×1.0213,5,283,261,0.9847,0,,,0,,,,,,45617,宇宙,239,4,0,23,无,,35008,野蛮角斗士的决战,39505,4,159,70
99879,玄铁之临世,副手,法系输出,4,0,23,副手物品,230,耐力+50；智力+47,法术强度+68；命中等级+36；急速等级+44,法术强度+62；命中等级+34；急速等级+43,法术强度×0.9118；命中等级×0.9444；急速等级×0.9773,5,250,245,0.9633,2,红色,黄色,0,,,,,,47913,光明邪使的专注,232,4,0,23,无,,34179,深渊之心,48894,4,154,70
99880,铁炉堡的血月,副手,法系输出,4,0,23,副手物品,230,耐力+50；智力+47,法术强度+68；命中等级+36；急速等级+44,法术强度+64；命中等级+34；急速等级+45,法术强度×0.9412；命中等级×0.9444；急速等级×1.0227,5,250,245,0.9796,1,黄色,,0,,,,,,47742,降福圣杯,232,4,0,23,无,,34206,贵族精灵的赞美诗,48895,4,154,70
99881,神圣圣契,副手,治疗,4,0,23,副手物品,230,耐力+49；智力+50；精神+40,暴击等级+52；法术强度+71,暴击等级+47；法术强度+71,暴击等级×0.9038；法术强度×1.0000,5,251,262,0.9809,2,蓝色,黄色,0,,,,,,45314,点火短杖,225,4,0,23,无,,30911,净化节杖,39420,4,151,70
99882,源质之法球,副手,治疗,4,0,23,副手物品,230,耐力+56；智力+49；精神+47,法术强度+77；急速等级+37,法术强度+74；急速等级+34,法术强度×0.9610；急速等级×0.9189,5,271,266,0.9774,0,,,0,,,,,,45271,愈石者,232,4,0,23,无,,30872,黑暗秘密编年史,45211,4,141,70
99883,星海之灯盏,副手,治疗,4,0,23,副手物品,230,耐力+50；智力+50；精神+43,法术强度+78；暴击等级+43,法术强度+83；暴击等级+39,法术强度×1.0641；暴击等级×0.9070,5,305,264,1.0038,0,,,0,,,,,,47309,幻变咒符,245,4,0,23,无,,32350,灵感之触,41453,4,141,70
99884,虚空风暴的大地,副手,治疗,4,0,23,副手物品,230,耐力+56；智力+49；精神+47,法术强度+77；急速等级+37,法术强度+83；急速等级+36,法术强度×1.0779；急速等级×0.9730,5,271,266,1.0188,2,蓝色,黄色,0,,,,,,45271,愈石者,232,4,0,23,无,,32361,盲眼先知圣像,45275,4,141,70
99885,泰罗卡森林坚盾,盾牌,法系输出,4,6,14,盾牌,230,智力+50；耐力+50,暴击等级+46；急速等级+38；法术强度+76,暴击等级+44；急速等级+41；法术强度+80,暴击等级×0.9565；急速等级×1.0789；法术强度×1.0526,5,249,260,1.0192,0,,,0,,,,8128,226,45682,脉冲魔法之盾,225,4,6,14,无,,30314,相位壁垒,40867,5,175,70
99886,黑暗神殿之护盾,盾牌,法系输出,4,6,14,盾牌,230,耐力+64；智力+44,法术强度+69；急速等级+44；暴击等级+37,法术强度+70；急速等级+40；暴击等级+40,法术强度×1.0145；急速等级×0.9091；暴击等级×1.0811,5,280,258,1.0000,2,蓝色,红色,0,,,,7921,213,45470,智慧的坚持,239,4,6,14,无,,34986,野蛮角斗士的屏障,49154,4,159,70
99887,神恩之大盾,盾牌,法系输出,4,6,14,盾牌,230,耐力+50；智力+50,法术强度+78；急速等级+44；暴击等级+43,法术强度+85；急速等级+43；暴击等级+43,法术强度×1.0897；急速等级×0.9773；暴击等级×1.0000,5,305,265,1.0226,1,红色,,0,,,,7955,208,47287,决心壁垒,245,4,6,14,无,,35073,野蛮角斗士的壁垒,49153,4,159,70
99888,幻光壁垒,盾牌,法系输出,4,6,14,盾牌,230,耐力+50；智力+50,法术强度+78；急速等级+44；暴击等级+43,法术强度+74；急速等级+45；暴击等级+43,法术强度×0.9487；急速等级×1.0227；暴击等级×1.0000,5,305,265,0.9887,1,黄色,,0,,,,7955,208,47079,圣洁壁垒,245,4,6,14,无,,35094,野蛮角斗士的墙盾,49155,4,159,70
99889,守护者纹章盾,盾牌,治疗,4,6,14,盾牌,230,耐力+47；智力+43,每5秒法力回复+24；暴击等级+38；法术强度+68,每5秒法力回复+23；暴击等级+35；法术强度+74,每5秒法力回复×0.9583；暴击等级×0.9211；法术强度×1.0882,5,224,220,1.0091,1,蓝色,,0,,,,7914,220,47895,库卡隆的荣耀,232,4,6,14,无,,34185,折戟壁垒,48907,4,154,70
99890,霜狼酋长大盾,盾牌,治疗,4,6,14,盾牌,230,耐力+49；智力+51,每5秒法力回复+20；急速等级+47；法术强度+77,每5秒法力回复+21；急速等级+51；法术强度+70,每5秒法力回复×1.0500；急速等级×1.0851；法术强度×0.9091,5,248,244,0.9918,1,黄色,,0,,,,7914,220,45887,覆冰屏障,232,4,6,14,无,,34231,天使命运之盾,48906,4,154,70
99891,镇岳纹章盾,盾牌,治疗,4,6,14,盾牌,230,耐力+47；智力+43,每5秒法力回复+24；暴击等级+38；法术强度+68,每5秒法力回复+25；暴击等级+39；法术强度+74,每5秒法力回复×1.0417；暴击等级×1.0263；法术强度×1.0882,5,224,220,1.0364,1,红色,,0,,,,7914,220,47812,警觉护盾,232,4,6,14,无,,30909,安东尼达斯的专注纹章盾,45204,4,151,70
99892,圣光大盾,盾牌,治疗,4,6,14,盾牌,230,耐力+49；智力+51,每5秒法力回复+20；急速等级+47；法术强度+77,每5秒法力回复+20；急速等级+48；法术强度+84,每5秒法力回复×1.0000；急速等级×1.0213；法术强度×1.0909,5,248,244,1.0328,2,蓝色,黄色,0,,,,7914,220,45887,覆冰屏障,232,4,6,14,无,,32375,埃辛诺斯壁垒,45653,4,151,70
99893,雷霆崖纹章盾,盾牌,坦克,4,6,14,盾牌,230,力量+50；耐力+98,防御等级+31；招架等级+38；格挡值+100,防御等级+31；招架等级+41；格挡值+104,防御等级×1.0000；招架等级×1.0789；格挡值×1.0400,5,323,317,1.0221,0,,,0,,,,7914,220,47910,斗兽之盾,232,4,6,14,无,,33661,复仇角斗士的屏障,42376,4,146,70
99894,龙鳞纹章盾,盾牌,坦克,4,6,14,盾牌,230,力量+38；耐力+90,防御等级+34；格挡等级+33；招架等级+36,防御等级+32；格挡等级+32；招架等级+38,防御等级×0.9412；格挡等级×0.9697；招架等级×1.0556,5,236,231,0.9957,2,红色,黄色,0,,,,7914,220,45877,北风卫士,232,4,6,14,无,,30882,圣光壁垒,44863,4,141,70
99895,失落·盾牌,盾牌,坦克,4,6,14,盾牌,230,力量+43；耐力+97,防御等级+66；命中等级+29；精准等级+29,防御等级+68；命中等级+28；精准等级+31,防御等级×1.0303；命中等级×0.9655；精准等级×1.0690,5,270,264,1.0114,0,,,0,,,,8048,218,45450,北地屏障,232,4,6,14,无,,30889,卡兹洛加之心,44865,4,141,70
99896,静潮之塔盾,盾牌,坦克,4,6,14,盾牌,230,力量+66；耐力+98,防御等级+44；躲闪等级+25；格挡等级+32,防御等级+45；躲闪等级+24；格挡等级+29,防御等级×1.0227；躲闪等级×0.9600；格挡等级×0.9062,5,254,265,0.9887,1,蓝色,,0,,,,7982,228,40400,恐惧之墙,226,4,6,14,无,,32255,魔石壁垒,44869,4,141,70
99897,泰罗卡森林战斧,武器,力量输出,2,0,13,单手武器,230,力量+39；耐力+76,暴击等级+32；命中等级+25；精准等级+35,暴击等级+30；命中等级+27；精准等级+38,暴击等级×0.9375；命中等级×1.0800；精准等级×1.0857,5,199,207,1.0145,1,红色,,0,197.77-367.73,1600,176.72,,,40402,最后的笑容,226,2,0,13,同子类坦克评级等价替换,防御等级→暴击等级；招架等级→精准等级,34995,野蛮角斗士的切碎者,49150,4,154,70
99898,安其拉之手斧,武器,力量输出,2,0,13,单手武器,230,力量+51；耐力+76,暴击等级+27；护甲穿透等级+21；急速等级+31,暴击等级+26；护甲穿透等级+23；急速等级+33,暴击等级×0.9630；护甲穿透等级×1.0952；急速等级×1.0645,5,208,206,1.0146,2,黄色,蓝色,0,197.06-366.53,1600,176.12,,,50290,法瑞克的断腕斧,232,2,0,13,同子类坦克评级等价替换,防御等级→暴击等级；招架等级→护甲穿透等级；格挡等级→急速等级,35110,野蛮角斗士的战斧,49152,4,154,70
99899,青铜碎星手斧,武器,力量输出,2,0,13,单手武器,230,力量+51；耐力+76,精准等级+27；暴击等级+21；命中等级+31,精准等级+29；暴击等级+23；命中等级+30,精准等级×1.0741；暴击等级×1.0952；命中等级×0.9677,5,208,206,1.0146,1,蓝色,,0,197.06-366.53,1600,176.12,,,50290,法瑞克的断腕斧,232,2,0,13,同子类坦克评级等价替换,防御等级→精准等级；招架等级→暴击等级；格挡等级→命中等级,33669,复仇角斗士的利斧,46962,4,146,70
99900,屠龙者短斧,武器,敏捷输出,2,0,13,单手武器,230,敏捷+51；耐力+38,攻击强度+77；暴击等级+37；急速等级+29,攻击强度+70；暴击等级+40；急速等级+31,攻击强度×0.9091；暴击等级×1.0811；急速等级×1.0690,5,236,232,0.9914,0,,,0,320.22-596.11,2600,176.22,,,47898,冰锋,232,2,0,13,无,,32236,涨潮,44959,4,141,70
99901,利爪手斧,武器,敏捷输出,2,0,13,单手武器,230,敏捷+47；耐力+50,攻击强度+71；暴击等级+34；护甲穿透等级+34,攻击强度+74；暴击等级+37；护甲穿透等级+35,攻击强度×1.0423；暴击等级×1.0882；护甲穿透等级×1.0294,5,272,236,1.0297,0,,,0,184.35-343.65,1500,176.00,,,47266,血怒,245,2,0,13,无,,32254,残酷者,44960,4,141,70
99902,血色修道院之战斧,武器,敏捷输出,2,0,13,单手武器,230,敏捷+28；耐力+58,攻击强度+99；暴击等级+29；命中等级+38,攻击强度+97；暴击等级+30；命中等级+41,攻击强度×0.9798；暴击等级×1.0345；命中等级×1.0789,5,228,252,1.0079,1,蓝色,,0,322.19-598.82,2600,177.12,,,46031,疯狂之触,219,2,0,13,无,,33476,无情利斧,46999,4,138,70
99903,山岳手斧,武器,坦克,2,0,13,单手武器,230,力量+50；耐力+76,防御等级+27；招架等级+28；躲闪等级+24,防御等级+27；招架等级+26；躲闪等级+24,防御等级×1.0000；招架等级×0.9286；躲闪等级×1.0000,5,267,205,0.9902,1,蓝色,,0,196.71-366.59,1600,176.03,,,51795,托格拜恩，冰霜之王的战斧,258,2,0,13,无,,28433,邪恶位面战斧,41630,4,136,70
99904,轮回之手斧,武器,坦克,2,0,13,单手武器,230,力量+39；耐力+76,防御等级+32；命中等级+25；招架等级+35,防御等级+33；命中等级+24；招架等级+38,防御等级×1.0312；命中等级×0.9600；招架等级×1.0857,5,199,207,1.0145,1,红色,,0,197.77-367.73,1600,176.72,,,40402,最后的笑容,226,2,0,13,无,,31965,残酷角斗士的利斧,41559,4,136,70
99905,命轮手斧,武器,坦克,2,0,13,单手武器,230,力量+50；耐力+76,防御等级+27；招架等级+28；躲闪等级+24,防御等级+29；招架等级+27；躲闪等级+24,防御等级×1.0741；招架等级×0.9643；躲闪等级×1.0000,5,267,205,1.0049,1,黄色,,0,196.71-366.59,1600,176.03,,,51795,托格拜恩，冰霜之王的战斧,258,2,0,13,无,,29924,虚空梦魇,42177,4,134,70
99906,幽暗城之战斧,武器,力量输出,2,1,17,双手武器,230,力量+126；耐力+135,命中等级+60；暴击等级+73,命中等级+64；暴击等级+74,命中等级×1.0667；暴击等级×1.0137,4,457,394,1.0127,2,红色,黄色,0,657.14-986.60,3600,228.30,,,48713,洛萨战斧,245,2,1,17,无,,30316,毁灭,41560,5,175,70
99907,泰坦监护者战斧,武器,力量输出,2,1,17,双手武器,230,力量+126；耐力+134,护甲穿透等级+52；急速等级+90,护甲穿透等级+47；急速等级+87,护甲穿透等级×0.9038；急速等级×0.9667,4,411,402,0.9801,1,黄色,,0,641.24-962.35,3500,229.08,,,50267,枭首,232,2,1,17,无,,34997,野蛮角斗士的斩首斧,49149,4,154,70
99908,苍白战斧,武器,力量输出,2,1,17,双手武器,230,力量+135；耐力+108,暴击等级+69；护甲穿透等级+83,暴击等级+66；护甲穿透等级+85,暴击等级×0.9565；护甲穿透等级×1.0241,4,356,395,0.9975,2,蓝色,红色,0,645.48-969.31,3500,230.68,,,47493,崩坏利斧,219,2,1,17,无,,33670,复仇角斗士的斩首斧,47732,4,146,70
99909,镇魂巨斧,武器,力量输出,2,1,17,双手武器,230,力量+134；耐力+134,精准等级+86；急速等级+69,精准等级+94；急速等级+64,精准等级×1.0930；急速等级×0.9275,4,455,423,1.0071,2,红色,黄色,0,621.29-932.87,3400,228.55,,,45165,开天,238,2,1,17,无,,34014,复仇角斗士的战斧,47771,4,146,70
99910,石爪山猎弓,武器,敏捷输出,2,2,15,弓,230,敏捷+36；耐力+35,攻击强度+54；暴击等级+24；急速等级+22,攻击强度+51；暴击等级+22；急速等级+20,攻击强度×0.9444；暴击等级×0.9167；急速等级×0.9091,5,184,171,0.9591,0,,,0,373.03-638.56,2800,180.64,24,,45327,海妖的悲鸣,238,2,2,15,无,,30318,灵弦长弓,41875,5,175,70
99911,恒金·弯弓,武器,敏捷输出,2,2,15,弓,230,敏捷+29；耐力+43,护甲穿透等级+19；命中等级+18；攻击强度+72,护甲穿透等级+20；命中等级+17；攻击强度+77,护甲穿透等级×1.0526；命中等级×0.9444；攻击强度×1.0694,5,173,181,1.0276,0,,,0,376.41-700.10,2900,185.61,,,45872,雪崩,225,2,2,15,无,,34334,索利达尔，群星之怒,48902,5,164,70
99912,符文大师弯弓,武器,敏捷输出,2,2,15,弓,230,敏捷+34；耐力+28,攻击强度+60；暴击等级+25；命中等级+23,攻击强度+63；暴击等级+27；命中等级+25,攻击强度×1.0500；暴击等级×1.0800；命中等级×1.0870,5,207,170,1.0412,0,,,0,393.12-651.73,2900,180.15,,,50776,海洋之神骨弓,251,2,2,15,无,,23051,防御者之刃,35450,5,86,60
99913,月刃猎弓,武器,敏捷输出,2,2,15,弓,230,敏捷+40；耐力+29,命中等级+22；急速等级+26；攻击强度+55,命中等级+24；急速等级+27；攻击强度+56,命中等级×1.0909；急速等级×1.0385；攻击强度×1.0182,5,155,172,1.0233,1,红色,,0,347.16-646.02,3000,165.53,,,49844,蛛魔杀手,219,2,2,15,无,,34196,奎尔萨拉斯金弓,48294,4,154,70
99914,生长步枪,武器,敏捷输出,2,3,26,远程武器,230,敏捷+33；耐力+37,攻击强度+41；暴击等级+24；急速等级+19,攻击强度+45；暴击等级+22；急速等级+18,攻击强度×1.0976；暴击等级×0.9167；急速等级×0.9474,5,201,154,1.0065,1,红色,,0,392.55-645.33,2900,178.94,,,47523,菲斯克的自动火炮,258,2,3,26,无,,35075,野蛮角斗士的步枪,49393,4,154,70
99915,轮回破界猎枪,武器,敏捷输出,2,3,26,远程武器,230,敏捷+34；耐力+20,攻击强度+58；暴击等级+25；命中等级+15,攻击强度+60；暴击等级+25；命中等级+15,攻击强度×1.0345；暴击等级×1.0000；命中等级×1.0000,5,155,152,1.0132,2,黄色,蓝色,0,378.89-646.17,2800,183.05,,,47883,大口径燧石火枪,232,2,3,26,无,,34530,复仇角斗士的步枪,48183,4,146,70
99916,疾影猎枪,武器,敏捷输出,2,3,26,远程武器,230,敏捷+34；耐力+20,攻击强度+58；暴击等级+25；命中等级+15,攻击强度+63；暴击等级+27；命中等级+16,攻击强度×1.0862；暴击等级×1.0800；命中等级×1.0667,5,155,152,1.0526,2,蓝色,红色,0,378.89-646.17,2800,183.05,,,47740,外交专用佩枪,232,2,3,26,无,,32325,坚韧卫士火枪,44962,4,141,70
99917,风暴领主之火枪,武器,敏捷输出,2,3,26,远程武器,230,敏捷+36；耐力+32,攻击强度+54；急速等级+27；护甲穿透等级+21,攻击强度+51；急速等级+25；护甲穿透等级+19,攻击强度×0.9444；急速等级×0.9259；护甲穿透等级×0.9048,5,183,170,0.9588,2,红色,黄色,0,386.81-661.53,2900,180.75,24,,45261,巨人之灾,238,2,3,26,无,,29949,奥金气枪,42178,4,134,70
99918,夜幕之铁锤,武器,力量输出,2,4,21,主手武器,230,耐力+77；力量+35,命中等级+23；精准等级+32；暴击等级+27,命中等级+22；精准等级+30；暴击等级+29,命中等级×0.9565；精准等级×0.9375；暴击等级×1.0741,5,197,194,0.9948,1,红色,,0,197.06-366.53,1600,176.12,,,45876,战栗,232,2,4,13,同子类坦克评级等价替换,招架等级→精准等级；防御等级→暴击等级,30317,宇宙灌注者,41873,5,175,70
99919,纳格兰权杖,武器,力量输出,2,4,21,主手武器,230,耐力+77；力量+39,命中等级+37；精准等级+25；暴击等级+28,命中等级+38；精准等级+26；暴击等级+29,命中等级×1.0270；精准等级×1.0400；暴击等级×1.0357,5,197,206,1.0146,0,,,0,209.62-390.17,1700,176.41,,,45892,雷霆的传承,225,2,4,13,同子类坦克评级等价替换,躲闪等级→命中等级；防御等级→暴击等级,34335,圣灵之锤,48029,4,164,70
99920,仲裁者短锤,武器,力量输出,2,4,21,主手武器,230,力量+36；耐力+64,命中等级+27；暴击等级+33；精准等级+29,命中等级+28；暴击等级+32；精准等级+28,命中等级×1.0370；暴击等级×0.9697；精准等级×0.9655,5,207,189,0.9947,2,蓝色,红色,0,196.47-366.74,1600,176.00,,,45442,索萨利斯，守护者之锤,239,2,4,13,同子类坦克评级等价替换,防御等级→命中等级；招架等级→暴击等级,34176,哀难,47992,4,154,70
99921,陨星之战锤,武器,坦克,2,4,21,主手武器,230,耐力+77；力量+51,躲闪等级+28；招架等级+27；防御等级+23,躲闪等级+26；招架等级+29；防御等级+25,躲闪等级×0.9286；招架等级×1.0741；防御等级×1.0870,5,186,206,1.0097,0,,,0,197.44-368.84,1600,176.96,,,49783,幸运之阳,219,2,4,13,无,,34199,执政官之槌,48908,4,154,70
99922,极光之短锤,武器,坦克,2,4,21,主手武器,230,耐力+76；力量+34,躲闪等级+38；命中等级+32；防御等级+30,躲闪等级+38；命中等级+33；防御等级+28,躲闪等级×1.0000；命中等级×1.0312；防御等级×0.9333,5,253,210,0.9952,2,红色,黄色,0,208.88-388.65,1700,175.74,,,50760,断骨权杖,251,2,4,13,无,,34988,野蛮角斗士的碎骨锤,49136,4,154,70
99923,玄铁·战锤,武器,坦克,2,4,21,主手武器,230,耐力+77；力量+39,躲闪等级+37；精准等级+25；防御等级+28,躲闪等级+34；精准等级+27；防御等级+28,躲闪等级×0.9189；精准等级×1.0800；防御等级×1.0000,5,197,206,0.9951,1,黄色,,0,209.62-390.17,1700,176.41,,,45892,雷霆的传承,225,2,4,13,无,,35014,野蛮角斗士的木槌,49135,4,154,70
99924,擎天钉锤,武器,法系输出,2,4,21,主手武器,230,耐力+51；智力+50,法术强度+541；暴击等级+40；急速等级+22,法术强度+505；暴击等级+41；急速等级+24,法术强度×0.9335；暴击等级×1.0250；急速等级×1.0909,5,716,704,0.9531,0,,,0,92.44-283.21,1800,104.35,,,46035,埃尔苏加，热情勇士之手,232,2,4,21,无,,35082,野蛮角斗士的拯救,49146,4,154,70
99925,辉煌·战锤,武器,法系输出,2,4,21,主手武器,230,耐力+51；智力+50,法术强度+541；暴击等级+40；急速等级+22,法术强度+532；暴击等级+42；急速等级+21,法术强度×0.9834；暴击等级×1.0500；急速等级×0.9545,5,716,704,0.9886,1,蓝色,,0,92.44-283.21,1800,104.35,,,46035,埃尔苏加，热情勇士之手,232,2,4,21,无,,32500,卡拉波水晶之塔,45365,4,151,70
99926,希利苏斯铁锤,武器,法系输出,2,4,21,主手武器,230,耐力+33；智力+50,暴击等级+31；急速等级+48；法术强度+546,暴击等级+33；急速等级+50；法术强度+589,暴击等级×1.0645；急速等级×1.0417；法术强度×1.0788,5,807,708,1.0664,0,,,0,71.42-228.38,1500,99.93,,,48709,碎心者,245,2,4,21,无,,33662,复仇角斗士的碎骨锤,47606,4,146,70
99927,战争领主权杖,武器,治疗,2,4,21,主手武器,230,耐力+36；智力+39,法术强度+541；每5秒法力回复+25；暴击等级+51,法术强度+594；每5秒法力回复+24；暴击等级+49,法术强度×1.0980；每5秒法力回复×0.9600；暴击等级×0.9608,5,705,692,1.0723,1,蓝色,,0,87.52-278.29,1800,101.61,,,47894,大地酋长之锤,232,2,4,21,无,,33687,复仇角斗士的木槌,47740,4,146,70
99928,虚空风暴之战锤,武器,治疗,2,4,21,主手武器,230,耐力+35；智力+47,法术强度+543；急速等级+49；每5秒法力回复+18,法术强度+573；急速等级+49；每5秒法力回复+17,法术强度×1.0552；急速等级×1.0000；每5秒法力回复×0.9444,5,743,692,1.0419,0,,,0,92.58-282.40,1800,104.16,,,45147,指路星,238,2,4,21,无,,34896,纳鲁赐福之槌,49111,4,146,70
99929,奥格瑞玛之铁锤,武器,治疗,2,4,21,主手武器,230,耐力+36；智力+39,法术强度+541；每5秒法力回复+25；暴击等级+51,法术强度+589；每5秒法力回复+23；暴击等级+50,法术强度×1.0887；每5秒法力回复×0.9200；暴击等级×0.9804,5,705,692,1.0650,1,红色,,0,87.52-278.29,1800,101.61,,,47809,银色治愈者,232,2,4,21,无,,30108,浅水权杖,47438,4,141,70
99930,晨辉战锤,武器,力量输出,2,5,17,双手武器,230,力量+118；耐力+135,暴击等级+80；命中等级+65,暴击等级+73；命中等级+61,暴击等级×0.9125；命中等级×0.9385,4,406,398,0.9724,1,红色,,0,659.95-989.93,3600,229.15,,,46067,毁灭低语之锤,232,2,5,17,无,,17182,萨弗拉斯，炎魔拉格纳罗斯之手,29698,5,80,60
99931,炽焰驭天战锤,武器,力量输出,2,5,17,双手武器,230,力量+122；耐力+103,暴击等级+109；急速等级+58,暴击等级+117；急速等级+57,暴击等级×1.0734；急速等级×0.9828,4,353,392,1.0179,1,黄色,,0,663.95-996.47,3600,230.61,,,49802,千钧,219,2,5,17,无,,34989,野蛮角斗士的碾骨锤,49993,4,154,70
99932,守护战锤,武器,力量输出,2,5,17,双手武器,230,力量+117；耐力+139,暴击等级+77；护甲穿透等级+93,暴击等级+84；护甲穿透等级+93,暴击等级×1.0909；护甲穿透等级×1.0000,4,406,426,1.0164,1,蓝色,,0,642.83-965.81,3500,229.81,,,45282,铁魂,225,2,5,17,无,,33663,复仇角斗士的碾骨锤,47742,4,146,70
99933,陨星·巨锤,武器,力量输出,2,5,17,双手武器,230,力量+119；耐力+135,暴击等级+77；精准等级+63,暴击等级+80；精准等级+65,暴击等级×1.0390；精准等级×1.0317,4,483,394,1.0127,2,红色,黄色,0,638.25-958.23,3500,228.07,,,51562,公牛之心,251,2,5,17,无,,32332,诅咒火炬,45350,4,141,70
99934,霸主之长矛,武器,力量输出,2,6,17,双手武器,230,力量+134；耐力+134,暴击等级+85；命中等级+68,暴击等级+78；命中等级+67,暴击等级×0.9176；命中等级×0.9853,4,456,421,0.9810,2,红色,黄色,0,658.94-987.47,3600,228.67,,,45521,辟地,238,2,5,17,同手位力量双手预算,,34183,魔脊之枪,47996,4,154,70
99935,璀璨战戟,武器,力量输出,2,6,17,双手武器,230,力量+120；耐力+127,急速等级+115；暴击等级+68,急速等级+106；暴击等级+72,急速等级×0.9217；暴击等级×1.0588,4,367,430,0.9884,0,,,0,629.93-944.90,3400,231.59,,,40343,末日决战,213,2,8,17,同手位力量双手预算,,35064,野蛮角斗士的痛苦之锯,49142,4,154,70
99936,圣辉回响长枪,武器,力量输出,2,6,17,双手武器,230,力量+119；耐力+133,暴击等级+79；护甲穿透等级+64,暴击等级+84；护甲穿透等级+68,暴击等级×1.0633；护甲穿透等级×1.0625,4,430,395,1.0228,1,蓝色,,0,657.72-987.51,3600,228.50,,,45516,沃德雷萨，黑暗湮灭之剑,239,2,8,17,同手位力量双手预算,,33727,复仇角斗士的痛苦之锯,40368,4,146,70
99937,虚空·长枪,武器,敏捷输出,2,6,17,双手武器,230,敏捷+74；耐力+123,暴击等级+84；急速等级+69；攻击强度+231,暴击等级+92；急速等级+75；攻击强度+235,暴击等级×1.0952；急速等级×1.0870；攻击强度×1.0173,5,556,581,1.0310,1,红色,,0,587.79-882.73,3200,229.77,,,45311,无情之刃,225,2,6,17,无,,32248,荒芜之戟,45318,4,141,70
99938,灵光三叉戟,武器,敏捷输出,2,6,17,双手武器,230,敏捷+101；耐力+110,攻击强度+134；暴击等级+63；护甲穿透等级+77,攻击强度+123；暴击等级+63；护甲穿透等级+79,攻击强度×0.9179；暴击等级×1.0000；护甲穿透等级×1.0260,5,494,485,0.9814,1,黄色,,0,568.35-853.01,3100,229.25,,,49302,重铸的暗影之击,232,2,6,17,无,,32025,残酷角斗士的痛苦之锯,41562,4,136,70
99939,龙焰·战戟,武器,敏捷输出,2,6,17,双手武器,230,耐力+90；敏捷+109,攻击强度+181；暴击等级+65；命中等级+82,攻击强度+180；暴击等级+64；命中等级+89,攻击强度×0.9945；暴击等级×0.9846；命中等级×1.0854,5,537,527,1.0095,2,蓝色,红色,0,622.52-934.77,3400,229.01,,,50296,逆戟鲸猎叉,232,2,6,17,无,,28774,深渊巨刃,40366,4,125,70
99940,守护者之军刀,武器,力量输出,2,7,21,主手武器,230,力量+36；耐力+77,暴击等级+34；精准等级+32；命中等级+28,暴击等级+32；精准等级+29；命中等级+26,暴击等级×0.9412；精准等级×0.9062；命中等级×0.9286,5,212,207,0.9662,0,,,0,197.06-366.53,1600,176.12,,,45110,泰坦禁卫,232,2,7,13,同子类坦克评级等价替换,防御等级→暴击等级；招架等级→精准等级,30311,迁跃切割者,41867,5,175,70
99941,龙焰利剑,武器,力量输出,2,7,21,主手武器,230,力量+51；耐力+76,暴击等级+27；护甲穿透等级+21；命中等级+31,暴击等级+26；护甲穿透等级+20；命中等级+30,暴击等级×0.9630；护甲穿透等级×0.9524；命中等级×0.9677,5,208,206,0.9854,0,,,0,209.87-390.18,1700,176.49,,,50268,霜牙之爪,232,2,7,13,同子类坦克评级等价替换,防御等级→暴击等级；招架等级→护甲穿透等级；躲闪等级→命中等级,32837,埃辛诺斯战刃,45479,5,156,70
99942,祖达克之佩剑,武器,力量输出,2,7,21,主手武器,230,力量+51；耐力+76,精准等级+27；急速等级+19,精准等级+29；急速等级+19,精准等级×1.0741；急速等级×1.0000,4,175,173,1.0116,1,蓝色,,0,184.25-343.87,1500,176.04,445,,47899,热情护卫者,232,2,7,13,同子类坦克评级等价替换,防御等级→精准等级；躲闪等级→急速等级,32838,埃辛诺斯战刃,45481,5,156,70
99943,风暴峭壁之佩剑,武器,坦克,2,7,21,主手武器,230,力量+51；耐力+76,防御等级+27；招架等级+21；躲闪等级+31,防御等级+26；招架等级+21；躲闪等级+32,防御等级×0.9630；招架等级×1.0000；躲闪等级×1.0323,5,208,206,1.0000,0,,,0,209.87-390.18,1700,176.49,,,50268,霜牙之爪,232,2,7,13,无,,22736,安杜尼苏斯，灵魂的收割者,35152,5,100,60
99944,涅槃之佩剑,武器,坦克,2,7,21,主手武器,230,力量+51；耐力+76,防御等级+27；躲闪等级+19,防御等级+27；躲闪等级+18,防御等级×1.0000；躲闪等级×0.9474,4,175,173,0.9942,2,红色,黄色,0,184.25-343.87,1500,176.04,445,,47810,十字军的荣耀,232,2,7,13,无,,19019,雷霆之怒，逐风者的祝福之剑,30606,5,80,60
99945,镇岳短剑,武器,坦克,2,7,21,主手武器,230,耐力+77；力量+35,躲闪等级+31；招架等级+26；精准等级+23,躲闪等级+30；招架等级+27；精准等级+24,躲闪等级×0.9677；招架等级×1.0385；精准等级×1.0435,5,173,192,1.0052,1,黄色,,0,185.50-344.97,1500,176.82,,,47500,和平守护之刃,219,2,7,13,无,,61040,主-阿兹加洛战刃·绿,420106,5,70,70
99946,星界佩剑,武器,法系输出,2,7,21,主手武器,230,耐力+77；智力+51,暴击等级+34；急速等级+34；法术强度+536,暴击等级+34；急速等级+34；法术强度+560,暴击等级×1.0000；急速等级×1.0000；法术强度×1.0448,5,664,732,1.0328,0,,,0,78.96-252.23,1600,103.50,,,49833,破碎的冰冠魔剑,219,2,7,21,无,,61041,副-阿兹加洛战刃·绿,421039,5,70,70
99947,月刃驭天军刀,武器,法系输出,2,7,21,主手武器,230,智力+54；耐力+38,暴击等级+44；法术强度+541；命中等级+38,暴击等级+47；法术强度+533；命中等级+38,暴击等级×1.0682；法术强度×0.9852；命中等级×1.0000,5,728,715,0.9930,2,蓝色,红色,0,117.02-370.73,2400,101.61,,,49298,闪耀的碧空之歌,232,2,7,21,无,,61042,主-阿兹加洛战刃·红,420108,5,70,70
99948,冰冠堡垒之长剑,武器,法系输出,2,7,21,主手武器,230,智力+51；耐力+38,急速等级+51；法术强度+541；命中等级+38,急速等级+47；法术强度+562；命中等级+39,急速等级×0.9216；法术强度×1.0388；命中等级×1.0263,5,732,719,1.0250,0,,,0,107.19-340.24,2200,101.69,,,50210,沸魂,232,2,7,21,无,,61043,副-阿兹加洛战刃·红,421042,5,70,70
99949,镇世佩剑,武器,敏捷输出,2,7,21,主手武器,230,敏捷+41；耐力+57,暴击等级+37；攻击强度+98；急速等级+22,暴击等级+40；攻击强度+93；急速等级+21,暴击等级×1.0811；攻击强度×0.9490；急速等级×0.9545,5,243,255,0.9882,0,,,0,321.69-597.71,2600,176.81,,,45298,锋鳞之爪,225,2,7,13,无,,34164,龙鳞,48078,4,154,70
99950,虚空·短剑,武器,敏捷输出,2,7,21,主手武器,230,敏捷+51；耐力+44,攻击强度+73；护甲穿透等级+37；暴击等级+28,攻击强度+74；护甲穿透等级+36；暴击等级+27,攻击强度×1.0137；护甲穿透等级×0.9730；暴击等级×0.9643,5,238,233,0.9957,1,黄色,,0,184.25-343.87,1500,176.04,,,47903,遗忘刻骨者,232,2,7,13,无,,34214,村正,48079,4,154,70
99951,晨辉冻结军刀,武器,敏捷输出,2,7,21,主手武器,230,敏捷+51；耐力+50,命中等级+35；暴击等级+20；攻击强度+71,命中等级+33；暴击等级+21；攻击强度+71,命中等级×0.9429；暴击等级×1.0500；攻击强度×1.0000,5,231,227,0.9956,2,蓝色,红色,0,184.25-343.87,1500,176.04,,,46036,虚空弯刀,232,2,7,13,无,,35072,野蛮角斗士的迅捷之刃,49143,4,154,70
99952,霸主之战刃,武器,力量输出,2,8,17,双手武器,230,力量+126；耐力+135,暴击等级+62；命中等级+83,暴击等级+57；命中等级+85,暴击等级×0.9194；命中等级×1.0241,4,499,406,0.9926,1,红色,,0,620.33-930.92,3400,228.12,,,50761,堡垒卫士的巨剑,251,2,8,17,无,,13262,灰烬使者,23875,5,76,60
99953,裂云大剑,武器,力量输出,2,8,17,双手武器,230,力量+132；耐力+135,暴击等级+81；急速等级+76,暴击等级+78；急速等级+82,暴击等级×0.9630；急速等级×1.0789,4,518,424,1.0071,0,,,0,656.17-985.53,3600,228.01,,,50048,奎尔德拉，信仰之力,251,2,8,17,无,,50442,Ashbringer (Extra Effects),64030,5,76,60
99954,潜行者之阔剑,武器,力量输出,2,8,17,双手武器,230,力量+111；耐力+140,护甲穿透等级+64；暴击等级+80,护甲穿透等级+68；暴击等级+84,护甲穿透等级×1.0625；暴击等级×1.0500,4,455,395,1.0203,2,蓝色,红色,0,657.14-985.71,3600,228.17,,,45868,艾塞尔之刃,245,2,8,17,无,,61030,天启·蓝,421007,5,32,27
99955,先驱者大剑,武器,力量输出,2,8,17,双手武器,230,力量+126；耐力+156,精准等级+90；暴击等级+60,精准等级+93；暴击等级+59,精准等级×1.0333；暴击等级×0.9833,4,441,432,1.0046,0,,,0,641.24-962.35,3500,229.08,,,49299,锋锐的黑曜石之刃,232,2,8,17,无,,61031,天启·红,421009,5,32,27
99956,冰封净世手杖,武器,法系输出,2,10,17,双手武器,230,耐力+90；智力+90,法术强度+541；暴击等级+78；急速等级+79,法术强度+492；暴击等级+71；急速等级+82,法术强度×0.9094；暴击等级×0.9103；急速等级×1.0380,5,894,878,0.9396,1,黄色,,0,337.34-631.41,3200,151.37,,,54806,艾胡恩的冰霜镰刀,232,2,10,17,无,,30313,瓦解法杖,41895,5,175,70
99957,血月回响权杖,武器,法系输出,2,10,17,双手武器,230,耐力+89；智力+103,法术强度+548；暴击等级+82；命中等级+110,法术强度+571；暴击等级+78；命中等级+109,法术强度×1.0420；暴击等级×0.9512；命中等级×0.9909,5,1131,932,1.0193,1,蓝色,,0,277.13-510.59,2600,151.48,,,51582,席瓦娜的苍穹法杖,251,2,10,17,无,,22589,埃提耶什，守护者的传说之杖,35632,5,90,60
99958,蓝龙法杖,武器,法系输出,2,10,17,双手武器,230,耐力+108；智力+119,法术强度+541；急速等级+85；命中等级+111,法术强度+545；急速等级+82；命中等级+109,法术强度×1.0074；急速等级×0.9647；命中等级×0.9820,5,980,964,0.9990,0,,,0,325.54-600.92,3000,154.41,,,50273,凋纹石像鬼骨杖,232,2,10,17,无,,22630,埃提耶什，守护者的传说之杖,35631,5,90,60
99959,紫电神杖,武器,法系输出,2,10,17,双手武器,230,耐力+103；智力+84；精神+103,命中等级+127；法术强度+538,命中等级+123；法术强度+555,命中等级×0.9685；法术强度×1.0316,5,912,955,1.0136,0,,,0,235.59-430.53,2100,158.60,,,45934,边际法杖,225,2,10,17,无,,22631,埃提耶什，守护者的传说之杖,35634,5,90,60
99960,虚空·法杖,武器,治疗,2,10,17,双手武器,230,耐力+118；智力+116；精神+118,法术强度+543；暴击等级+80,法术强度+561；暴击等级+78,法术强度×1.0331；暴击等级×0.9750,5,1049,975,1.0164,2,蓝色,黄色,0,232.04-423.85,2100,156.16,,,45234,专注,238,2,10,17,无,,22632,埃提耶什，守护者的传说之杖,35633,5,90,60
99961,血月之秘杖,武器,治疗,2,10,17,双手武器,230,耐力+109；智力+110；精神+82,急速等级+91；法术强度+541,急速等级+84；法术强度+578,急速等级×0.9231；法术强度×1.0684,5,950,933,1.0322,0,,,0,227.19-419.96,2100,154.08,,,45886,冰核法杖,232,2,10,17,无,,61036,安东尼达斯法杖·紫,420603,5,70,70
99962,镇渊神杖,武器,治疗,2,10,17,双手武器,230,耐力+102；智力+117；精神+77,法术强度+543；暴击等级+95,法术强度+535；暴击等级+93,法术强度×0.9853；暴击等级×0.9789,5,1014,934,0.9893,0,,,0,226.41-417.56,2100,153.33,,,45457,无尽寒冬法杖,239,2,10,17,无,,61037,安东尼达斯法杖·红,420604,5,70,70
99963,裁断手杖,武器,治疗,2,10,17,双手武器,230,耐力+118；智力+118；精神+79,法术强度+543；急速等级+119,法术强度+499；急速等级+114,法术强度×0.9190；急速等级×0.9580,5,1049,977,0.9498,1,蓝色,,0,232.04-423.85,2100,156.16,,,45479,生命的缚誓者,238,2,10,17,无,,34337,辛多雷金杖,48030,4,164,70
99964,破天法杖,武器,敏捷输出,2,10,17,双手武器,230,敏捷+92；耐力+118,攻击强度+234；暴击等级+59；急速等级+78,攻击强度+229；暴击等级+63；急速等级+79,攻击强度×0.9786；暴击等级×1.0678；急速等级×1.0128,5,561,581,1.0000,2,红色,黄色,0,441.13-661.70,2400,229.76,,,40388,旅途的终结,226,2,10,17,无,,34182,大魔导师的洪流法杖,49132,4,154,70
99965,月刃法杖,武器,敏捷输出,2,10,17,双手武器,230,敏捷+93；耐力+106,攻击强度+180；暴击等级+75；护甲穿透等级+71,攻击强度+186；暴击等级+79；护甲穿透等级+71,攻击强度×1.0333；暴击等级×1.0533；护甲穿透等级×1.0000,5,679,525,1.0190,2,黄色,蓝色,0,437.03-656.36,2400,227.79,,,51797,诺达希尔的污染嫩枝,258,2,10,17,无,,34198,远古本能之柱,48290,4,154,70
99966,烈焰镇世手杖,武器,敏捷输出,2,10,17,双手武器,230,敏捷+86；耐力+129,攻击强度+201；暴击等级+72；命中等级+55,攻击强度+208；暴击等级+74；命中等级+50,攻击强度×1.0348；暴击等级×1.0278；命中等级×0.9091,5,552,543,1.0074,1,蓝色,,0,513.19-770.27,2800,229.19,,,46033,苦痛之地,232,2,10,17,无,,34987,野蛮角斗士的战斗法杖,47994,4,154,70
99967,安戈洛拳套,武器,敏捷输出,2,13,21,主手武器,230,敏捷+45；耐力+38,暴击等级+34；急速等级+33；攻击强度+83,暴击等级+33；急速等级+36；攻击强度+77,暴击等级×0.9706；急速等级×1.0909；攻击强度×0.9277,5,303,233,0.9828,1,红色,,0,365.78-549.48,2600,176.01,,,51801,普尤斯，抗争之拳,258,2,13,21,无,,34331,欺诈者之手,48028,4,164,70
99968,游侠将军利爪,武器,敏捷输出,2,13,21,主手武器,230,敏捷+31；耐力+50,攻击强度+89；护甲穿透等级+34；暴击等级+25,攻击强度+91；护甲穿透等级+37；暴击等级+27,攻击强度×1.0225；护甲穿透等级×1.0882；暴击等级×1.0800,5,247,229,1.0306,1,黄色,,0,184.31-343.35,1500,175.89,,,45494,狂乱之触,239,2,13,22,无,,34203,玛诺洛斯之握,48002,4,154,70
99969,青铜龙拳套,武器,敏捷输出,2,13,21,主手武器,230,敏捷+51；耐力+50,攻击强度+79；暴击等级+25；命中等级+33,攻击强度+86；暴击等级+26；命中等级+30,攻击强度×1.0886；暴击等级×1.0400；命中等级×0.9091,5,242,238,1.0210,2,蓝色,红色,0,366.53-549.80,2600,176.22,,,50315,七指之爪,232,2,13,21,无,,34346,复仇,48038,4,154,70
99970,霜裔之利爪,武器,敏捷输出,2,13,22,副手武器,230,敏捷+45；耐力+38,暴击等级+34；急速等级+33；攻击强度+83,暴击等级+33；急速等级+36；攻击强度+87,暴击等级×0.9706；急速等级×1.0909；攻击强度×1.0482,5,303,233,1.0258,2,红色,黄色,0,365.78-549.48,2600,176.01,,,51801,普尤斯，抗争之拳,258,2,13,21,无,,35037,野蛮角斗士的左拳套,49139,4,154,70
99971,冻结铁拳,武器,敏捷输出,2,13,22,副手武器,230,敏捷+47；耐力+38,护甲穿透等级+27；暴击等级+34；攻击强度+66,护甲穿透等级+28；暴击等级+32；攻击强度+66,护甲穿透等级×1.0370；暴击等级×0.9412；攻击强度×1.0000,5,245,212,0.9953,1,黄色,,0,366.02-549.48,2600,176.06,,,48712,碎脊之拳,245,2,13,21,无,,35076,野蛮角斗士的右拳刃,49145,4,154,70
99972,裂地拳套,武器,敏捷输出,2,13,22,副手武器,230,敏捷+51；耐力+50,攻击强度+79；暴击等级+25；命中等级+33,攻击强度+82；暴击等级+23；命中等级+33,攻击强度×1.0380；暴击等级×0.9200；命中等级×1.0000,5,242,238,1.0042,1,蓝色,,0,366.53-549.80,2600,176.22,,,50315,七指之爪,232,2,13,21,无,,33705,复仇角斗士的左拳刃,46967,4,146,70
99973,幽影镇世尖刺,武器,敏捷输出,2,15,21,主手武器,230,敏捷+51；耐力+38,暴击等级+29；攻击强度+77；急速等级+36,暴击等级+28；攻击强度+77；急速等级+39,暴击等级×0.9655；攻击强度×1.0000；急速等级×1.0833,5,236,231,1.0087,0,,,0,253.22-381.31,1800,176.26,,,50203,泣血,232,2,15,13,无,,30312,无尽之刃,41872,5,175,70
99974,精金破云匕首,武器,敏捷输出,2,15,21,主手武器,230,敏捷+51；耐力+32,暴击等级+35；护甲穿透等级+31；攻击强度+82,暴击等级+37；护甲穿透等级+29；攻击强度+84,暴击等级×1.0571；护甲穿透等级×0.9355；攻击强度×1.0244,5,236,231,1.0087,0,,,0,253.22-381.31,1800,176.26,,,47886,天罚,232,2,15,13,无,,17142,污染者碎片,29097,5,70,60
99975,纳克萨玛斯之短刃,武器,敏捷输出,2,15,21,主手武器,230,敏捷+53；耐力+39,命中等级+30；攻击强度+75；暴击等级+37,命中等级+29；攻击强度+80；暴击等级+38,命中等级×0.9667；攻击强度×1.0667；暴击等级×1.0270,5,211,234,1.0214,0,,,0,254.93-382.94,1800,177.19,,,49682,黑骑士的挽歌之刃,219,2,15,13,无,,34329,天启,48026,4,164,70
99976,天轨之尖刺,武器,法系输出,2,15,21,主手武器,230,耐力+38；智力+42,法术强度+541；急速等级+51；暴击等级+31,法术强度+508；急速等级+52；暴击等级+30,法术强度×0.9390；急速等级×1.0196；暴击等级×0.9677,5,716,703,0.9531,2,黄色,蓝色,0,87.52-278.29,1800,101.61,,,47874,夺日者信徒之刃,232,2,15,21,无,,34336,日灸,48031,4,164,70
99977,裁决者之刺刀,武器,法系输出,2,15,21,主手武器,230,耐力+36；智力+49,法术强度+548；暴击等级+38；命中等级+49,法术强度+510；暴击等级+36；命中等级+47,法术强度×0.9307；暴击等级×0.9474；命中等级×0.9592,5,870,720,0.9417,1,蓝色,,0,86.37-272.52,1800,99.69,,,51788,考达拉寒风匕首,251,2,15,21,无,,34165,卡雷苟斯之牙,49970,4,154,70
99978,霜裔之匕首,武器,法系输出,2,15,21,主手武器,230,耐力+37；智力+39；精神+38,急速等级+58；法术强度+538,急速等级+56；法术强度+541,急速等级×0.9655；法术强度×1.0056,5,679,710,1.0014,2,红色,黄色,0,93.85-285.73,1800,105.44,,,45332,风暴之刺,225,2,15,21,无,,34197,放血剃刀,49971,4,154,70
99979,黎明短刃,武器,治疗,2,15,21,主手武器,230,耐力+38；智力+50；精神+51,暴击等级+39；法术强度+538,暴击等级+36；法术强度+519,暴击等级×0.9231；法术强度×0.9647,5,685,716,0.9693,1,蓝色,,0,93.85-285.73,1800,105.44,,,45685,等离子薄片,225,2,15,21,无,,35058,野蛮角斗士的切割者,49141,4,154,70
99980,时空·刺刀,武器,治疗,2,15,21,主手武器,230,耐力+37；智力+39；精神+38,急速等级+58；法术强度+538,急速等级+59；法术强度+493,急速等级×1.0172；法术强度×0.9164,5,679,710,0.9380,1,黄色,,0,93.85-285.73,1800,105.44,,,45332,风暴之刺,225,2,15,21,无,,35102,野蛮角斗士的法术之刃,49147,4,154,70
99981,苍白·尖刺,武器,治疗,2,15,21,主手武器,230,耐力+38；智力+51,法术强度+541；每5秒法力回复+25；暴击等级+38,法术强度+527；每5秒法力回复+24；暴击等级+41,法术强度×0.9741；每5秒法力回复×0.9600；暴击等级×1.0789,5,706,693,0.9827,0,,,0,87.52-278.29,1800,101.61,,,50227,医用长针,232,2,15,21,无,,32471,埃辛诺斯碎片,45487,4,151,70
99982,仲裁者之匕首,武器,敏捷输出,2,15,22,副手武器,230,敏捷+43；耐力+39,急速等级+33；攻击强度+73；暴击等级+31,急速等级+36；攻击强度+71；暴击等级+32,急速等级×1.0909；攻击强度×0.9726；暴击等级×1.0323,5,224,219,1.0091,1,红色,,0,197.06-296.58,1400,176.30,,,45930,格斗者的靴中剑,232,2,15,13,无,,33754,复仇角斗士的军刺,47733,4,146,70
99983,卡拉赞匕首,武器,敏捷输出,2,15,22,副手武器,230,敏捷+51；耐力+32,暴击等级+35；护甲穿透等级+31；攻击强度+82,暴击等级+34；护甲穿透等级+30；攻击强度+78,暴击等级×0.9714；护甲穿透等级×0.9677；攻击强度×0.9512,5,236,231,0.9740,0,,,0,253.22-381.31,1800,176.26,,,47736,冰瀑匕首,232,2,15,13,无,,33763,复仇角斗士的法术之刃,46973,4,146,70
99984,卡拉赞之短刃,武器,敏捷输出,2,15,22,副手武器,230,敏捷+53；耐力+39,命中等级+30；攻击强度+75；暴击等级+37,命中等级+27；攻击强度+81；暴击等级+40,命中等级×0.9000；攻击强度×1.0800；暴击等级×1.0811,5,211,234,1.0256,1,蓝色,,0,254.93-382.94,1800,177.19,,,49682,黑骑士的挽歌之刃,219,2,15,13,无,,34894,锯刃,48888,4,146,70
99985,梦境断空飞斧,武器,敏捷输出,2,16,25,投掷武器,230,敏捷+37；耐力+32,攻击强度+53；暴击等级+25；急速等级+23,攻击强度+50；暴击等级+27；急速等级+23,攻击强度×0.9434；暴击等级×1.0800；急速等级×1.0000,5,174,170,0.9941,0,,,0,330.18-495.77,1800,229.43,,,50169,老爹的最新款飞刀,232,2,16,25,无,,34349,死亡飞刀,48035,4,154,70
99986,太古净世标枪,武器,敏捷输出,2,16,25,投掷武器,230,敏捷+37；耐力+32,攻击强度+53；暴击等级+25；急速等级+23,攻击强度+58；暴击等级+23；急速等级+23,攻击强度×1.0943；暴击等级×0.9200；急速等级×1.0000,5,174,170,1.0176,0,,,0,330.18-495.77,1800,229.43,,,50169,老爹的最新款飞刀,232,2,16,25,无,,35108,野蛮角斗士的战刃,38679,4,154,70
99987,守护者之投刃,武器,敏捷输出,2,16,25,投掷武器,230,敏捷+34；耐力+34,攻击强度+56；暴击等级+25；命中等级+23,攻击强度+61；暴击等级+24；命中等级+24,攻击强度×1.0893；暴击等级×0.9600；命中等级×1.0435,5,209,172,1.0291,1,蓝色,,0,329.84-495.62,1800,229.29,,,50999,格拉斯的玩具刀,251,2,16,25,无,,32326,萨拉克的扭曲飞刀,45738,4,141,70
99988,达拉然弩炮,武器,敏捷输出,2,18,26,远程武器,230,敏捷+37；耐力+37,攻击强度+49；暴击等级+25；急速等级+23,攻击强度+49；暴击等级+23；急速等级+25,攻击强度×1.0000；暴击等级×0.9200；急速等级×1.0870,5,175,171,1.0000,0,,,0,439.59-623.65,2900,183.32,,,47907,暗喉之弩,232,2,18,26,无,,35018,野蛮角斗士的重弩,49138,4,154,70
99989,风暴领主之重弩,武器,敏捷输出,2,18,26,远程武器,230,敏捷+33；耐力+32,攻击强度+57；暴击等级+24；护甲穿透等级+25,攻击强度+53；暴击等级+25；护甲穿透等级+24,攻击强度×0.9298；暴击等级×1.0417；护甲穿透等级×0.9600,5,223,171,0.9766,0,,,0,449.05-624.51,3000,178.93,,,51802,风行者的穿心弩,258,2,18,26,无,,33006,复仇角斗士的重弩,46964,4,146,70
99990,苍翠照夜劲弩,武器,敏捷输出,2,18,26,远程武器,230,敏捷+37；耐力+28,攻击强度+57；暴击等级+20；命中等级+27,攻击强度+60；暴击等级+20；命中等级+27,攻击强度×1.0526；暴击等级×1.0000；命中等级×1.0000,5,173,169,1.0178,1,蓝色,,0,454.28-644.21,3000,183.08,,,50262,邪冰重弩,232,2,18,26,无,,34892,无情打击之弩,49114,4,146,70
99991,混沌之劲弩,武器,敏捷输出,2,18,26,远程武器,230,敏捷+35；耐力+37,攻击强度+52；急速等级+25；护甲穿透等级+25,攻击强度+49；急速等级+24；护甲穿透等级+25,攻击强度×0.9423；急速等级×0.9600；护甲穿透等级×1.0000,5,199,174,0.9770,1,红色,,0,422.32-592.10,2800,181.15,,,47267,亡颅强弩,245,2,18,26,无,,32253,军团杀手,45491,4,141,70
99992,山岳法珠,武器,法系输出,2,19,26,远程武器,230,耐力+35；智力+25,暴击等级+27；急速等级+21；法术强度+43,暴击等级+26；急速等级+21；法术强度+42,暴击等级×0.9630；急速等级×1.0000；法术强度×0.9767,5,155,151,0.9868,1,黄色,,0,407.80-757.48,1800,323.69,,,47856,灵魂囚禁节杖,232,2,19,26,无,,34347,魔魂手杖,48040,4,154,70
99993,自然灵珠,武器,法系输出,2,19,26,远程武器,230,耐力+32；智力+26,暴击等级+22；命中等级+26；法术强度+43,暴击等级+23；命中等级+27；法术强度+39,暴击等级×1.0455；命中等级×1.0385；法术强度×0.9070,5,153,149,0.9866,0,,,0,475.76-884.55,2100,323.88,,,50291,碎魂者,232,2,19,26,无,,34348,净化光芒魔杖,48042,4,154,70
99994,永夜·灵珠,武器,法系输出,2,19,26,远程武器,230,耐力+26；智力+19；精神+22,命中等级+28；法术强度+44,命中等级+29；法术强度+40,命中等级×1.0357；法术强度×0.9091,5,141,139,0.9784,0,,,0,407.80-757.48,1800,323.69,,,45294,石化藤条,232,2,19,26,无,,34985,野蛮角斗士的光明法杖,46606,4,154,70
99995,铁炉堡魔杖,武器,法系输出,2,19,26,远程武器,230,耐力+32；智力+24；精神+23,法术强度+44；命中等级+27,法术强度+48；命中等级+27,法术强度×1.0909；命中等级×1.0000,5,162,150,1.0267,2,黄色,蓝色,0,389.74-723.94,1800,309.36,,,45257,石英水晶魔杖,238,2,19,26,无,,32343,棱光聚焦魔杖,45357,4,141,70
99996,圣殿骑士之魔杖,武器,治疗,2,19,26,远程武器,230,耐力+32；智力+28；精神+26,法术强度+43；暴击等级+22,法术强度+46；暴击等级+23,法术强度×1.0698；暴击等级×1.0455,5,145,151,1.0265,0,,,0,392.54-729.00,1800,311.54,,,45713,培育之触,225,2,19,26,无,,32363,纳鲁生命魔杖,41668,4,141,70
99997,镇岳魔杖,武器,治疗,2,19,26,远程武器,230,耐力+33；智力+27；精神+25,法术强度+43；急速等级+24,法术强度+46；急速等级+26,法术强度×1.0698；急速等级×1.0833,5,137,152,1.0329,1,黄色,,0,410.72-762.77,1800,325.97,,,49852,棺钉,219,2,19,26,无,,29982,遗忘之星,42181,4,134,70
99998,灰熊丘陵咒珠,武器,治疗,2,19,26,远程武器,230,耐力+38；智力+25；精神+24,法术强度+44；暴击等级+23,法术强度+44；暴击等级+22,法术强度×1.0000；暴击等级×0.9565,5,166,154,0.9935,1,红色,,0,433.05-804.90,2000,309.49,,,45170,创世权杖,238,2,19,26,无,,33192,雕刻过的巫医之杖,48216,4,132,70
99999,暮光审判官法珠,武器,治疗,2,19,26,远程武器,230,耐力+33；智力+27；精神+25,法术强度+43；急速等级+24,法术强度+39；急速等级+24,法术强度×0.9070；急速等级×1.0000,5,137,152,0.9737,1,蓝色,,0,410.72-762.77,1800,325.97,,,49852,棺钉,219,2,19,26,无,,32482,Touch of Victory,41367,4,130,70
