entry,名称,分组,定位,class,subclass,InventoryType,槽位,装等,白字属性,绿字归一值,绿字最终值,绿字最终随机系数,属性条数,模板原始属性总和,260归一属性总和,随机前后总属性比,插槽数量,插槽1颜色,插槽2颜色,插槽Bonus,伤害,攻速毫秒,DPS,护甲,格挡值,基准entry,基准名称,基准装等,基准class,基准subclass,基准InventoryType,预算回退方式,等价词条映射,外观entry,外观名称,displayid,外观品质,外观物品装等,外观需求等级,插槽3颜色
101170,纳克萨玛斯之面罩,护甲,法系输出,4,1,1,头部,260,耐力+118；智力+118,法术强度+157；急速等级+104；暴击等级+81,法术强度+162；急速等级+102；暴击等级+73,法术强度×1.0318；急速等级×0.9808；暴击等级×0.9012,5,600,578,0.9913,2,混沌,红色,0,,,,284,,51837,煞星沉眠法冠,264,4,1,1,无,,42553,外观液化护目镜,44949,4,200,72,
101171,天穹头巾,护甲,法系输出,4,1,1,头部,260,智力+107；耐力+93,命中等级+74；暴击等级+99；法术强度+171,命中等级+77；暴击等级+98；法术强度+163,命中等级×1.0405；暴击等级×0.9899；法术强度×0.9532,5,473,544,0.9890,2,混沌,黄色,0,,,,281,,49481,灵风头冠,245,4,1,1,无,,34339,纯净圣光兜帽,50018,4,164,70,
101172,混沌之面罩,护甲,法系输出,4,1,1,头部,260,耐力+118；智力+118；精神+88,法术强度+154；命中等级+96,法术强度+144；命中等级+94,法术强度×0.9351；命中等级×0.9792,5,563,574,0.9791,2,混沌,黄色,0,,,,284,,48088,萨布拉的凯旋头环,258,4,1,1,无,,34340,黑暗咒术之环,50019,4,164,70,
101173,达拉然大地头饰,护甲,法系输出,4,1,1,头部,260,耐力+118；智力+118；精神+88,法术强度+154；命中等级+96,法术强度+163；命中等级+105,法术强度×1.0584；命中等级×1.0938,5,563,574,1.0314,2,混沌,红色,0,,,,284,,48085,维伦的凯旋头环,258,4,1,1,无,,34405,奥术纯净头盔,50020,4,164,70,
101174,仲裁者之披肩,护甲,法系输出,4,1,3,肩部,260,耐力+88；智力+88,法术强度+126；暴击等级+69；急速等级+77,法术强度+117；暴击等级+64；急速等级+73,法术强度×0.9286；暴击等级×0.9275；急速等级×0.9481,5,440,448,0.9598,1,黄色,,0,,,,262,,47767,逐日者的凯旋衬肩,258,4,1,3,无,,34202,奇迹披肩,50013,4,159,70,
101175,守望者肩饰,护甲,法系输出,4,1,3,肩部,260,耐力+89；智力+90,法术强度+124；暴击等级+68；命中等级+78,法术强度+113；暴击等级+63；命中等级+80,法术强度×0.9113；暴击等级×0.9265；命中等级×1.0256,5,389,449,0.9688,2,蓝色,红色,0,,,,259,,47714,灾降衬肩,245,4,1,3,无,,34210,唤魔师护肩,50012,4,159,70,
101176,星语者肩巾,护甲,法系输出,4,1,3,肩部,260,耐力+89；智力+88,法术强度+118；急速等级+77；命中等级+61,法术强度+129；急速等级+84；命中等级+65,法术强度×1.0932；急速等级×1.0909；命中等级×1.0656,5,450,433,1.0508,0,,,0,,,,262,,51859,迟暮肩甲,264,4,1,3,无,,34393,求知护肩,50014,4,159,70,
101177,龙鳞·肩饰,护甲,法系输出,4,1,3,肩部,260,耐力+89；智力+88,法术强度+118；急速等级+77；命中等级+61,法术强度+127；急速等级+78；命中等级+60,法术强度×1.0763；急速等级×1.0130；命中等级×0.9836,5,450,433,1.0208,2,黄色,蓝色,0,,,,262,,49991,仁慈杀戮肩甲,264,4,1,3,无,,35006,野蛮角斗士的鬼纹护肩,50009,4,159,70,
101178,虚空之长袍,护甲,法系输出,4,1,20,胸部,260,耐力+118；智力+110,法术强度+157；急速等级+104；暴击等级+84,法术强度+159；急速等级+104；暴击等级+86,法术强度×1.0127；急速等级×1.0000；暴击等级×1.0238,5,595,573,1.0070,2,黄色,蓝色,0,,,,350,,51813,苍蓝覆灭长袍,264,4,1,20,无,,34232,魔能征服者外衣,48299,4,159,70,
101179,霸主长袍,护甲,法系输出,4,1,20,胸部,260,耐力+118；智力+118,法术强度+157；暴击等级+104；命中等级+81,法术强度+146；暴击等级+103；命中等级+81,法术强度×0.9299；暴击等级×0.9904；命中等级×1.0000,5,600,578,0.9792,2,蓝色,红色,0,,,,350,,50418,噩梦乍醒法袍,264,4,1,20,无,,34364,阳炎之袍,48925,4,159,70,
101180,幽魂之地神恩法衣,护甲,法系输出,4,1,20,胸部,260,耐力+118；智力+118；精神+96,法术强度+163；急速等级+96,法术强度+174；急速等级+101,法术强度×1.0675；急速等级×1.0521,5,580,591,1.0271,2,红色,黄色,0,,,,349,,48090,萨布拉的凯旋法衣,258,4,1,20,无,,34365,永恒光芒长袍,48921,4,159,70,
101181,太阳之井法衣,护甲,法系输出,4,1,20,胸部,260,耐力+118；智力+118；精神+96,法术强度+163；命中等级+96,法术强度+150；命中等级+100,法术强度×0.9202；命中等级×1.0417,5,580,591,0.9848,1,黄色,,0,,,,349,,47794,古尔丹的凯旋法袍,258,4,1,20,无,,34399,幽怨之袍,48384,4,159,70,
101182,咒术束腰,护甲,法系输出,4,1,6,腰部,260,耐力+89；智力+88,法术强度+118；暴击等级+83；急速等级+52,法术强度+112；暴击等级+80；急速等级+51,法术强度×0.9492；暴击等级×0.9639；急速等级×0.9808,5,446,430,0.9767,2,黄色,蓝色,0,,,,197,,51862,烧灼之索,264,4,1,6,无,,35153,护卫者的鬼纹腰带,48683,4,159,70,
101183,霜狼酋长腰链,护甲,法系输出,4,1,6,腰部,260,耐力+88；智力+88,法术强度+116；暴击等级+83；命中等级+51,法术强度+115；暴击等级+81；命中等级+51,法术强度×0.9914；暴击等级×0.9759；命中等级×1.0000,5,417,426,0.9930,1,蓝色,,0,,,,196,,53118,卑鄙腰带,258,4,1,6,无,,35159,护卫者的月布腰带,48686,4,159,70,
101184,灼热腰带,护甲,法系输出,4,1,6,腰部,260,耐力+88；智力+88；精神+78,法术强度+116；急速等级+61,法术强度+110；急速等级+63,法术强度×0.9483；急速等级×1.0328,5,422,431,0.9907,0,,,0,,,,196,,47419,黑雾腰带,258,4,1,6,无,,35164,护卫者的丝质腰带,48689,4,159,70,
101185,赤焰惊涛腰带,护甲,法系输出,4,1,6,腰部,260,耐力+88；智力+88,法术强度+116；暴击等级+74；命中等级+59,法术强度+110；暴击等级+73；命中等级+63,法术强度×0.9483；暴击等级×0.9865；命中等级×1.0678,5,417,425,0.9929,0,,,0,,,,196,,47447,凛冬腰带,258,4,1,6,无,,34527,赦免腰带,48356,4,154,70,
101186,青霜之裤腿,护甲,法系输出,4,1,7,腿部,260,耐力+118；智力+118,法术强度+163；暴击等级+104；急速等级+87,法术强度+170；暴击等级+109；急速等级+95,法术强度×1.0429；暴击等级×1.0481；急速等级×1.0920,5,580,590,1.0339,2,黄色,蓝色,0,,,,305,,47795,古尔丹的凯旋护腿,258,4,1,7,无,,34170,止战马裤,48295,4,159,70,
101187,太古照夜腿甲,护甲,法系输出,4,1,7,腿部,260,耐力+118；智力+118,法术强度+154；命中等级+96；暴击等级+88,法术强度+147；命中等级+94；暴击等级+89,法术强度×0.9545；命中等级×0.9792；暴击等级×1.0114,5,563,574,0.9861,0,,,0,,,,305,,47478,深空长裤,258,4,1,7,无,,34181,灾难护腿,48296,4,159,70,
101188,轰雷长裤,护甲,法系输出,4,1,7,腿部,260,耐力+118；智力+118,法术强度+163；急速等级+87；命中等级+104,法术强度+172；急速等级+85；命中等级+111,法术强度×1.0552；急速等级×0.9770；命中等级×1.0673,5,580,590,1.0237,0,,,0,,,,305,,48089,萨布拉的凯旋长裤,258,4,1,7,无,,34386,激战长裤,48307,4,159,70,
101189,冬拥湖秘银长裤,护甲,法系输出,4,1,7,腿部,260,耐力+118；智力+118,法术强度+163；急速等级+87；命中等级+104,法术强度+149；急速等级+94；命中等级+96,法术强度×0.9141；急速等级×1.0805；命中等级×0.9231,5,580,590,0.9746,2,黄色,蓝色,0,,,,305,,48084,维伦的凯旋长裤,258,4,1,7,无,,35005,野蛮角斗士的鬼纹护腿,49952,4,159,70,
101190,霜痕破夜长靴,护甲,法系输出,4,1,8,脚部,260,耐力+89；智力+88,法术强度+118；急速等级+62；暴击等级+77,法术强度+110；急速等级+56；暴击等级+72,法术强度×0.9322；急速等级×0.9032；暴击等级×0.9351,5,450,434,0.9562,1,黄色,,0,,,,240,,61015,繁花之法鞋,264,4,1,8,无,,35138,护卫者的鬼纹软靴,48685,4,159,70,
101191,炽焰·长靴,护甲,法系输出,4,1,8,脚部,260,耐力+89；智力+88,法术强度+118；命中等级+52；暴击等级+83,法术强度+125；命中等级+49；暴击等级+77,法术强度×1.0593；命中等级×0.9423；暴击等级×0.9277,5,446,430,0.9953,1,蓝色,,0,,,,240,,51899,冰冠尖塔便鞋,264,4,1,8,无,,35144,护卫者的月布便鞋,48688,4,159,70,
101192,镇渊布靴,护甲,法系输出,4,1,8,脚部,260,耐力+88；智力+88,法术强度+116；命中等级+61；急速等级+77,法术强度+122；命中等级+58；急速等级+84,法术强度×1.0517；命中等级×0.9508；急速等级×1.0909,5,422,430,1.0233,2,红色,黄色,0,,,,239,,47482,浮冰长靴,258,4,1,8,无,,35149,护卫者的丝质裹足,48691,4,159,70,
101193,虚空风暴征途布靴,护甲,法系输出,4,1,8,脚部,260,耐力+88；智力+88,法术强度+116；命中等级+61；急速等级+77,法术强度+105；命中等级+59；急速等级+72,法术强度×0.9052；命中等级×0.9672；急速等级×0.9351,5,422,430,0.9581,2,黄色,蓝色,0,,,,239,,47205,浮冰软鞋,258,4,1,8,无,,34562,赦免长靴,48367,4,154,70,
101194,仲裁者之腕轮,护甲,法系输出,4,1,9,腕部,260,耐力+66；智力+65,法术强度+95；暴击等级+50；急速等级+58,法术强度+96；暴击等级+50；急速等级+59,法术强度×1.0105；暴击等级×1.0000；急速等级×1.0172,5,370,334,1.0060,0,,,0,,,,153,,53486,夜火护腕,271,4,1,9,无,,34434,赦免护腕,48321,4,154,70,
101195,圣贤护臂,护甲,法系输出,4,1,9,腕部,260,耐力+66；智力+66,法术强度+93；命中等级+44；暴击等级+58,法术强度+92；命中等级+41；暴击等级+54,法术强度×0.9892；命中等级×0.9318；暴击等级×0.9310,5,321,327,0.9755,1,蓝色,,0,,,,153,,47467,黑暗精粹腕轮,258,4,1,9,无,,34436,凶星护腕,48349,4,154,70,
101196,嚎风峡湾护腕,护甲,法系输出,4,1,9,腕部,260,耐力+66；智力+66；精神+58,法术强度+93；急速等级+50,法术强度+95；急速等级+49,法术强度×1.0215；急速等级×0.9800,5,327,333,1.0030,0,,,0,,,,153,,47485,苍白圣徒护腕,258,4,1,9,无,,34447,风暴护腕,48316,4,154,70,
101197,神恩腕饰,护甲,法系输出,4,1,9,腕部,260,耐力+66；智力+66,法术强度+93；命中等级+44；暴击等级+58,法术强度+95；命中等级+47；暴击等级+53,法术强度×1.0215；命中等级×1.0682；暴击等级×0.9138,5,321,327,1.0000,1,黄色,,0,,,,153,,47143,黑暗精粹护腕,258,4,1,9,无,,35168,护卫者的鬼纹护腕,48684,4,154,70,
101198,秘法护手,护甲,法系输出,4,1,10,手部,260,耐力+88；智力+88,法术强度+126；暴击等级+77；急速等级+69,法术强度+117；暴击等级+70；急速等级+63,法术强度×0.9286；暴击等级×0.9091；急速等级×0.9130,5,440,448,0.9509,1,黄色,,0,,,,218,,47763,逐日者的凯旋护手,258,4,1,10,无,,34342,黎明护手,48305,4,164,70,
101199,海加尔山手套,护甲,法系输出,4,1,10,手部,260,耐力+88；智力+88,法术强度+126；命中等级+69；暴击等级+77,法术强度+138；命中等级+74；暴击等级+74,法术强度×1.0952；命中等级×1.0725；暴击等级×0.9610,5,440,448,1.0312,2,蓝色,红色,0,,,,218,,48087,萨布拉的凯旋裹手,258,4,1,10,无,,34344,诸界亵渎护手,48306,4,164,70,
101200,自然碎星手套,护甲,法系输出,4,1,10,手部,260,耐力+88；智力+88；精神+69,法术强度+126；急速等级+77,法术强度+118；急速等级+81,法术强度×0.9365；急速等级×1.0519,5,440,448,0.9911,1,红色,,0,,,,218,,48057,萨布拉的凯旋兜帽,258,4,1,10,无,,34406,泰莉的强能手套,48387,4,164,70,
101201,静潮御风护手,护甲,法系输出,4,1,10,手部,260,耐力+88；智力+88,法术强度+126；命中等级+69；暴击等级+77,法术强度+127；命中等级+68；暴击等级+83,法术强度×1.0079；命中等级×0.9855；暴击等级×1.0779,5,440,448,1.0134,2,黄色,蓝色,0,,,,218,,48086,维伦的凯旋裹手,258,4,1,10,无,,34366,阳炎护手,48923,4,159,70,
101202,失落·战盔,护甲,法系输出,4,2,1,头部,260,耐力+118；智力+118,法术强度+157；暴击等级+96；急速等级+89,法术强度+170；暴击等级+90；急速等级+86,法术强度×1.0828；暴击等级×0.9375；急速等级×0.9663,5,600,578,1.0069,3,混沌,红色,0,,,,534,,51149,神圣树纹头巾,264,4,2,1,无,,42550,弱点分析眼镜,45779,4,200,72,红色
101203,风暴峭壁头冠,护甲,法系输出,4,2,1,头部,260,耐力+118；智力+118,法术强度+154；命中等级+96；暴击等级+88,法术强度+155；命中等级+92；暴击等级+86,法术强度×1.0065；命中等级×0.9583；暴击等级×0.9773,5,563,574,0.9913,2,混沌,红色,0,,,,532,,48174,符文图腾的凯旋头巾,258,4,2,1,无,,42554,绿色视界护目镜,45780,4,200,72,
101204,星陨头冠,护甲,法系输出,4,2,1,头部,260,耐力+119；智力+120；精神+95,法术强度+149；急速等级+84,法术强度+142；急速等级+77,法术强度×0.9530；急速等级×0.9167,5,493,567,0.9753,2,混沌,红色,0,,,,528,,47691,盎然生机面罩,245,4,2,1,无,,34244,狡诈之盔,48020,4,164,70,
101205,青铜之兜帽,护甲,法系输出,4,2,1,头部,260,耐力+118；智力+118,法术强度+154；命中等级+96；暴击等级+88,法术强度+139；命中等级+88；暴击等级+88,法术强度×0.9026；命中等级×0.9167；暴击等级×1.0000,5,563,574,0.9599,3,混沌,黄色,0,,,,532,,48171,玛法里奥的凯旋头巾,258,4,2,1,无,,34245,智者乌索尔之帽,48019,4,164,70,黄色
101206,烈焰·肩卫,护甲,法系输出,4,2,3,肩部,260,耐力+89；智力+88,法术强度+128；暴击等级+77；急速等级+70,法术强度+117；暴击等级+72；急速等级+68,法术强度×0.9141；暴击等级×0.9351；急速等级×0.9714,5,468,452,0.9602,2,黄色,蓝色,0,,,,493,,51147,神圣树纹衬肩,264,4,2,3,无,,34195,盛怒护肩,47999,4,159,70,
101207,沙塔斯肩甲,护甲,法系输出,4,2,3,肩部,260,耐力+88；智力+88；精神+78,法术强度+126；暴击等级+69,法术强度+118；暴击等级+75,法术强度×0.9365；暴击等级×1.0870,5,440,449,0.9955,2,蓝色,红色,0,,,,492,,48177,符文图腾的凯旋护肩,258,4,2,3,无,,34209,拓荒护肩,48005,4,159,70,
101208,霜狼酋长之肩甲,护甲,法系输出,4,2,3,肩部,260,耐力+88；智力+88；精神+69,法术强度+126；急速等级+77,法术强度+121；急速等级+76,法术强度×0.9603；急速等级×0.9870,5,440,448,0.9866,0,,,0,,,,492,,48147,符文图腾的凯旋肩铠,258,4,2,3,无,,34392,魔牙护肩,48052,4,159,70,
101209,幻光镇压披肩,护甲,法系输出,4,2,3,肩部,260,耐力+88；智力+88；精神+78,法术强度+126；暴击等级+69,法术强度+131；暴击等级+75,法术强度×1.0397；暴击等级×1.0870,5,440,449,1.0245,0,,,0,,,,492,,48168,玛法里奥的凯旋护肩,258,4,2,3,无,,35001,野蛮角斗士的龙皮护肩,48591,4,159,70,
101210,赞加沼泽神恩战衣,护甲,法系输出,4,2,20,胸部,260,耐力+118；智力+118,法术强度+163；急速等级+104；暴击等级+88,法术强度+158；急速等级+105；暴击等级+83,法术强度×0.9693；急速等级×1.0096；暴击等级×0.9432,5,580,591,0.9848,2,黄色,蓝色,0,,,,656,,48176,符文图腾的凯旋护胸,258,4,2,20,无,,34211,野兽本能外套,48011,4,159,70,
101211,御风者镇世战衣,护甲,法系输出,4,2,20,胸部,260,耐力+118；智力+118,法术强度+163；急速等级+104；暴击等级+88,法术强度+170；急速等级+107；暴击等级+91,法术强度×1.0429；急速等级×1.0288；暴击等级×1.0341,5,580,591,1.0220,0,,,0,,,,656,,48169,玛法里奥的凯旋护胸,258,4,2,20,无,,34212,阳光外衣,48012,4,159,70,
101212,星陨断空战衣,护甲,法系输出,4,2,20,胸部,260,耐力+118；智力+118；精神+104,法术强度+154；急速等级+79,法术强度+161；急速等级+75,法术强度×1.0455；急速等级×0.9494,5,563,573,1.0052,2,红色,黄色,0,,,,656,,47453,反目长袍,258,4,2,20,无,,34369,烈日暗影甲冑,48912,4,159,70,
101213,天启者护甲,护甲,法系输出,4,2,20,胸部,260,耐力+118；智力+118；精神+96,法术强度+163；暴击等级+96,法术强度+165；暴击等级+87,法术强度×1.0123；暴击等级×0.9062,5,580,591,0.9882,1,黄色,,0,,,,656,,48146,符文图腾的凯旋法袍,258,4,2,20,无,,34371,骄阳之皮革胸甲,48916,4,159,70,
101214,沙塔斯之腰带,护甲,法系输出,4,2,6,腰部,260,耐力+89；智力+88,法术强度+118；暴击等级+77；急速等级+62,法术强度+127；暴击等级+77；急速等级+67,法术强度×1.0763；暴击等级×1.0000；急速等级×1.0806,5,450,434,1.0323,0,,,0,,,,370,,50994,石化藤条腰带,264,4,2,6,无,,35152,护卫者的龙皮腰带,48676,4,159,70,
101215,岩心轰雷战带,护甲,法系输出,4,2,6,腰部,260,耐力+89；智力+88；精神+77,法术强度+118；暴击等级+62,法术强度+129；暴击等级+62,法术强度×1.0932；暴击等级×1.0000,5,450,434,1.0253,1,蓝色,,0,,,,370,,51908,黑暗苦痛束带,264,4,2,6,无,,35156,护卫者的皮甲腰带,48677,4,159,70,
101216,灰熊丘陵青霜扣带,护甲,法系输出,4,2,6,腰部,260,耐力+88；智力+88；精神+78,法术强度+116；急速等级+61,法术强度+116；急速等级+64,法术强度×1.0000；急速等级×1.0492,5,422,431,1.0070,2,红色,黄色,0,,,,369,,47469,灰棘腰带,258,4,2,6,无,,34554,雷霆之心腰带,48352,4,154,70,
101217,巨魔祭司战带,护甲,法系输出,4,2,6,腰部,260,耐力+88；智力+88；精神+78,法术强度+116；急速等级+61,法术强度+106；急速等级+59,法术强度×0.9138；急速等级×0.9672,5,422,431,0.9722,1,黄色,,0,,,,369,,47145,灰棘束带,258,4,2,6,无,,34558,刺杀者腰带,48357,4,154,70,
101218,腿甲·陨星,护甲,法系输出,4,2,7,腿部,260,耐力+118；智力+118,法术强度+154；急速等级+96；暴击等级+88,法术强度+144；急速等级+98；暴击等级+82,法术强度×0.9351；急速等级×1.0208；暴击等级×0.9318,5,563,574,0.9756,1,黄色,,0,,,,573,,47479,苏醒护腿,258,4,2,7,无,,34169,自然侵攻护腿,47975,4,159,70,
101219,照夜战裙,护甲,法系输出,4,2,7,腿部,260,耐力+118；智力+118,法术强度+165；暴击等级+104；命中等级+88,法术强度+178；暴击等级+99；命中等级+85,法术强度×1.0788；暴击等级×0.9519；命中等级×0.9659,5,617,593,1.0084,1,蓝色,,0,,,,575,,51146,神圣树纹长裤,264,4,2,7,无,,34188,永恒长夜护腿,47995,4,159,70,
101220,霸主轰雷腿铠,护甲,法系输出,4,2,7,腿部,260,耐力+118；智力+118；精神+88,法术强度+163；命中等级+104,法术强度+149；命中等级+110,法术强度×0.9141；命中等级×1.0577,5,580,591,0.9865,1,红色,,0,,,,573,,48175,符文图腾的凯旋长裤,258,4,2,7,无,,35000,野蛮角斗士的龙皮护腿,48603,4,159,70,
101221,红龙军团驭天护腿,护甲,法系输出,4,2,7,腿部,260,耐力+118；智力+118；精神+88,法术强度+163；命中等级+104,法术强度+168；命中等级+103,法术强度×1.0307；命中等级×0.9904,5,580,591,1.0068,1,黄色,,0,,,,573,,48170,玛法里恩的凯旋长裤,258,4,2,7,无,,35034,野蛮角斗士的皮甲护腿,48597,4,159,70,
101222,奥妮克希亚神恩足甲,护甲,法系输出,4,2,8,脚部,260,耐力+89；智力+88,法术强度+118；急速等级+83；暴击等级+52,法术强度+114；急速等级+91；暴击等级+51,法术强度×0.9661；急速等级×1.0964；暴击等级×0.9808,5,446,430,1.0070,0,,,0,,,,452,,51920,霜籽长靴,264,4,2,8,无,,35137,护卫者的龙皮长靴,48678,4,159,70,
101223,血色修道院秩序踏靴,护甲,法系输出,4,2,8,脚部,260,耐力+85；智力+92,暴击等级+94；命中等级+51；法术强度+131,暴击等级+97；命中等级+49；法术强度+118,暴击等级×1.0319；命中等级×0.9608；法术强度×0.9008,5,308,453,0.9735,1,蓝色,,0,,,,453,,47504,树皮长靴,219,4,2,8,无,,35141,护卫者的皮甲长靴,48679,4,159,70,
101224,暮光之踏靴,护甲,法系输出,4,2,8,脚部,260,耐力+89；智力+88；精神+69,法术强度+118；急速等级+70,法术强度+114；急速等级+64,法术强度×0.9661；急速等级×0.9143,5,450,434,0.9770,2,红色,黄色,0,,,,452,,49894,塞纳里奥祝福之靴,264,4,2,8,无,,34571,雷霆之心长靴,48363,4,154,70,
101225,卡拉赞秘法踏靴,护甲,法系输出,4,2,8,脚部,260,耐力+88；智力+88；精神+61,法术强度+116；暴击等级+77,法术强度+107；暴击等级+81,法术强度×0.9224；暴击等级×1.0519,5,422,430,0.9884,1,黄色,,0,,,,451,,47423,严冬长靴,258,4,2,8,无,,34573,雷霆之心战靴,48362,4,154,70,
101226,卡拉赞腕铠,护甲,法系输出,4,2,9,腕部,260,耐力+66；智力+65,法术强度+95；暴击等级+58；急速等级+51,法术强度+101；暴击等级+57；急速等级+50,法术强度×1.0632；暴击等级×0.9828；急速等级×0.9804,5,370,335,1.0119,1,黄色,,0,,,,289,,53134,相位移形者护腕,271,4,2,9,无,,34444,雷霆之心腕甲,48311,4,154,70,
101227,极光臂甲,护甲,法系输出,4,2,9,腕部,260,耐力+66；智力+66；精神+61,法术强度+94；暴击等级+46,法术强度+89；暴击等级+50,法术强度×0.9468；暴击等级×1.0870,5,346,333,0.9970,1,蓝色,,0,,,,288,,51885,剧毒冲击护腕,264,4,2,9,无,,34445,雷霆之心护腕,48322,4,154,70,
101228,镇岳腕铠,护甲,法系输出,4,2,9,腕部,260,耐力+66；智力+66；精神+50,法术强度+93；急速等级+58,法术强度+84；急速等级+63,法术强度×0.9032；急速等级×1.0862,5,327,333,0.9880,0,,,0,,,,287,,47438,秋木束腕,258,4,2,9,无,,34448,刺杀者护腕,48324,4,154,70,
101229,星语者腕铠,护甲,法系输出,4,2,9,腕部,260,耐力+66；智力+66；精神+50,法术强度+93；急速等级+58,法术强度+90；急速等级+62,法术强度×0.9677；急速等级×1.0690,5,327,333,1.0030,2,黄色,蓝色,0,,,,287,,47066,秋木护腕,258,4,2,9,无,,35167,护卫者的龙皮护腕,48681,4,154,70,
101230,祖达克之拳甲,护甲,法系输出,4,2,10,手部,260,耐力+88；智力+88,法术强度+116；暴击等级+69；急速等级+69,法术强度+127；暴击等级+64；急速等级+68,法术强度×1.0948；暴击等级×0.9275；急速等级×0.9855,5,422,430,1.0116,0,,,0,,,,409,,53117,变形手套,258,4,2,10,无,,34234,暗影爆发护手,48018,4,159,70,
101231,希利苏斯之手套,护甲,法系输出,4,2,10,手部,260,耐力+89；智力+88,法术强度+128；暴击等级+77；命中等级+69,法术强度+127；暴击等级+72；命中等级+66,法术强度×0.9922；暴击等级×0.9351；命中等级×0.9565,5,468,451,0.9800,0,,,0,,,,411,,51148,神圣树纹手套,264,4,2,10,无,,34372,骄阳之皮革护手,48917,4,159,70,
101232,玄铁·手甲,护甲,法系输出,4,2,10,手部,260,耐力+88；智力+88；精神+69,法术强度+126；急速等级+77,法术强度+129；急速等级+72,法术强度×1.0238；急速等级×0.9351,5,440,448,0.9955,1,红色,,0,,,,409,,48173,符文图腾的凯旋手套,258,4,2,10,无,,34408,森林流浪者手套,48059,4,159,70,
101233,银月城手甲,护甲,法系输出,4,2,10,手部,260,耐力+88；智力+89,法术强度+125；暴击等级+77；命中等级+69,法术强度+119；暴击等级+79；命中等级+65,法术强度×0.9520；暴击等级×1.0260；命中等级×0.9420,5,412,448,0.9821,1,黄色,,0,,,,409,,50822,树纹手套,251,4,2,10,无,,34998,野蛮角斗士的龙皮手套,49966,4,159,70,
101234,暴风城战盔,护甲,法系输出,4,3,1,头部,260,耐力+118；智力+118,法术强度+154；暴击等级+94；急速等级+98,法术强度+146；暴击等级+88；急速等级+93,法术强度×0.9481；暴击等级×0.9362；急速等级×0.9490,5,571,582,0.9674,2,混沌,蓝色,0,,,,1183,,48328,萨尔的凯旋头盔,258,4,3,1,无,,42551,真视冰雪眼罩,53564,4,200,72,
101235,守护者降世战盔,护甲,法系输出,4,3,1,头部,260,智力+73；耐力+123,法术强度+160；暴击等级+109；命中等级+101,法术强度+148；暴击等级+99；命中等级+97,法术强度×0.9250；暴击等级×0.9083；命中等级×0.9604,5,492,566,0.9541,2,混沌,蓝色,0,,,,1174,,49468,无尽风暴头盔,245,4,3,1,无,,34332,古尔丹的兜帽,48025,4,164,70,
101236,潮汐战盔,护甲,法系输出,4,3,1,头部,260,耐力+118；智力+118,法术强度+154；暴击等级+94；急速等级+98,法术强度+168；暴击等级+85；急速等级+95,法术强度×1.0909；暴击等级×0.9043；急速等级×0.9694,5,571,582,1.0034,2,混沌,蓝色,0,,,,1183,,48323,努波顿的凯旋头盔,258,4,3,1,无,,34333,奥蕾莉亚的头盔,48024,4,164,70,
101237,焚烧兜帽,护甲,法系输出,4,3,1,头部,260,智力+73；耐力+123,法术强度+160；暴击等级+109；命中等级+101,法术强度+147；暴击等级+107；命中等级+101,法术强度×0.9187；暴击等级×0.9817；命中等级×1.0000,5,492,566,0.9735,2,混沌,红色,0,,,,1174,,49468,无尽风暴头盔,245,4,3,1,无,,34355,闪电蚀刻护目镜,45778,4,159,70,
101238,魔能肩卫,护甲,法系输出,4,3,3,肩部,260,耐力+88；智力+88,法术强度+126；急速等级+77；暴击等级+69,法术强度+122；急速等级+81；暴击等级+70,法术强度×0.9683；急速等级×1.0519；暴击等级×1.0145,5,440,448,1.0022,1,黄色,,0,,,,1092,,48330,萨尔的凯旋衬肩,258,4,3,3,无,,34194,金色森林护肩,47998,4,159,70,
101239,赤霞·肩卫,护甲,法系输出,4,3,3,肩部,260,耐力+116；智力+80,暴击等级+45；命中等级+90；法术强度+121,暴击等级+46；命中等级+99；法术强度+131,暴击等级×1.0222；命中等级×1.1000；法术强度×1.0826,5,307,452,1.0442,1,蓝色,,0,,,,1097,,47250,嚎风衬肩,219,4,3,3,无,,34208,均衡肩饰,48004,4,159,70,
101240,穿云肩甲,护甲,法系输出,4,3,3,肩部,260,耐力+88；智力+88,法术强度+126；急速等级+77；暴击等级+69,法术强度+118；急速等级+77；暴击等级+74,法术强度×0.9365；急速等级×1.0000；暴击等级×1.0725,5,440,448,0.9933,1,红色,,0,,,,1092,,48321,努波顿的凯旋衬肩,258,4,3,3,无,,34994,野蛮角斗士的链甲护肩,48609,4,159,70,
101241,红龙军团之肩甲,护甲,法系输出,4,3,3,肩部,260,耐力+89；智力+88,法术强度+118；暴击等级+77；急速等级+62,法术强度+117；暴击等级+79；急速等级+66,法术强度×0.9915；暴击等级×1.0260；急速等级×1.0645,5,450,434,1.0115,1,黄色,,0,,,,1095,,51811,结晶骸骨肩卫,264,4,3,3,无,,35046,野蛮角斗士的鳞甲护肩,48616,4,159,70,
101242,秩序·战衣,护甲,法系输出,4,3,20,胸部,260,耐力+118；智力+118,法术强度+163；急速等级+96；暴击等级+96,法术强度+164；急速等级+87；暴击等级+101,法术强度×1.0061；急速等级×0.9062；暴击等级×1.0521,5,580,591,0.9949,1,黄色,,0,,,,1456,,48305,萨尔的凯旋外套,258,4,3,5,无,,34228,邪恶陆行鸟胸甲,48014,4,159,70,
101243,冬拥湖护胸,护甲,法系输出,4,3,20,胸部,260,耐力+118；智力+118,法术强度+163；急速等级+96；命中等级+96,法术强度+149；急速等级+94；命中等级+99,法术强度×0.9141；急速等级×0.9792；命中等级×1.0312,5,580,591,0.9780,1,蓝色,,0,,,,1456,,48326,萨尔的凯旋胸铠,258,4,3,5,无,,34229,静谧海岸外衣,48013,4,159,70,
101244,游侠将军之胸甲,护甲,法系输出,4,3,20,胸部,260,耐力+118；智力+118,法术强度+163；急速等级+96；命中等级+96,法术强度+173；急速等级+101；命中等级+91,法术强度×1.0613；急速等级×1.0521；命中等级×0.9479,5,580,591,1.0169,1,红色,,0,,,,1456,,48325,努波顿的凯旋胸铠,258,4,3,5,无,,34373,凤凰的拥抱,48913,4,159,70,
101245,血精灵魔导师之护胸,护甲,法系输出,4,3,20,胸部,260,耐力+118；智力+118,法术强度+163；急速等级+96；命中等级+96,法术强度+150；急速等级+97；命中等级+101,法术强度×0.9202；急速等级×1.0104；命中等级×1.0521,5,580,591,0.9882,0,,,0,,,,1456,,48326,萨尔的凯旋胸铠,258,4,3,5,无,,34375,炙日鳞片胸甲,48918,4,159,70,
101246,灰烬之扣带,护甲,法系输出,4,3,6,腰部,260,耐力+89；智力+88,法术强度+118；暴击等级+77；急速等级+62,法术强度+128；暴击等级+78；急速等级+63,法术强度×1.0847；暴击等级×1.0130；急速等级×1.0161,5,450,434,1.0276,0,,,0,,,,821,,50992,绝望腰带,264,4,3,6,无,,35151,护卫者的链甲束带,48671,4,159,70,
101247,蚀日·腰带,护甲,法系输出,4,3,6,腰部,260,耐力+88；智力+88,法术强度+119；暴击等级+63；急速等级+78,法术强度+112；暴击等级+63；急速等级+72,法术强度×0.9412；暴击等级×1.0000；急速等级×0.9231,5,483,436,0.9702,1,蓝色,,0,,,,824,,53488,分形腰带,271,4,3,6,无,,35157,护卫者的鳞甲束带,48674,4,159,70,
101248,诅咒之地之扣带,护甲,法系输出,4,3,6,腰部,260,耐力+89；智力+88,法术强度+118；暴击等级+77；急速等级+62,法术强度+117；暴击等级+84；急速等级+66,法术强度×0.9915；暴击等级×1.0909；急速等级×1.0645,5,450,434,1.0230,1,红色,,0,,,,821,,50992,绝望腰带,264,4,3,6,无,,34542,破天裹腰,48358,4,154,70,
101249,晨星腰甲,护甲,法系输出,4,3,6,腰部,260,耐力+88；智力+88,法术强度+119；暴击等级+63；急速等级+78,法术强度+112；暴击等级+63；急速等级+71,法术强度×0.9412；暴击等级×1.0000；急速等级×0.9103,5,483,436,0.9679,1,黄色,,0,,,,824,,53488,分形腰带,271,4,3,6,无,,34549,戈隆追猎者腰带,48353,4,154,70,
101250,青霜擎天护腿,护甲,法系输出,4,3,7,腿部,260,耐力+118；智力+118,法术强度+157；急速等级+93；暴击等级+92,法术强度+147；急速等级+98；暴击等级+100,法术强度×0.9363；急速等级×1.0538；暴击等级×1.0870,5,600,578,1.0052,0,,,0,,,,1278,,51860,血肉涟漪褶裙,264,4,3,7,无,,34168,逐星者护腿,47990,4,159,70,
101251,战争领主镇岳腿铠,护甲,法系输出,4,3,7,腿部,260,耐力+118；智力+118,法术强度+163；暴击等级+88；命中等级+104,法术强度+148；暴击等级+93；命中等级+106,法术强度×0.9080；暴击等级×1.0568；命中等级×1.0192,5,580,591,0.9865,1,蓝色,,0,,,,1274,,48329,萨尔的凯旋褶裙,258,4,3,7,无,,34186,雷暴锁链护腿,47993,4,159,70,
101252,腿铠·灵光,护甲,法系输出,4,3,7,腿部,260,耐力+118；智力+118,法术强度+163；暴击等级+88；命中等级+104,法术强度+162；暴击等级+80；命中等级+107,法术强度×0.9939；暴击等级×0.9091；命中等级×1.0288,5,580,591,0.9898,1,红色,,0,,,,1274,,48322,努波顿的凯旋褶裙,258,4,3,7,无,,34383,灵魂重铸褶裙,48050,4,159,70,
101253,破晓腿铠,护甲,法系输出,4,3,7,腿部,260,耐力+118；智力+118,法术强度+165；暴击等级+104；命中等级+88,法术强度+153；暴击等级+108；命中等级+94,法术强度×0.9273；暴击等级×1.0385；命中等级×1.0682,5,617,593,0.9966,1,黄色,,0,,,,1278,,51203,神圣霜巫褶裙,264,4,3,7,无,,34993,野蛮角斗士的链甲护腿,48608,4,159,70,
101254,山岳踏靴,护甲,法系输出,4,3,8,脚部,260,耐力+88；智力+88,法术强度+116；暴击等级+77；急速等级+61,法术强度+114；暴击等级+73；急速等级+55,法术强度×0.9828；暴击等级×0.9481；急速等级×0.9016,5,422,430,0.9721,1,黄色,,0,,,,1001,,53119,分生长靴,258,4,3,8,无,,35136,护卫者的链甲战靴,48672,4,159,70,
101255,银河之战靴,护甲,法系输出,4,3,8,脚部,260,耐力+88；智力+88,法术强度+116；急速等级+77；暴击等级+61,法术强度+121；急速等级+80；暴击等级+55,法术强度×1.0431；急速等级×1.0390；暴击等级×0.9016,5,422,430,1.0047,1,蓝色,,0,,,,1001,,47456,震地马靴,258,4,3,8,无,,35142,护卫者的鳞甲战靴,48675,4,159,70,
101256,虚空踏靴,护甲,法系输出,4,3,8,脚部,260,耐力+88；智力+88,法术强度+116；急速等级+77；暴击等级+61,法术强度+109；急速等级+84；暴击等级+57,法术强度×0.9397；急速等级×1.0909；暴击等级×0.9344,5,422,430,0.9907,0,,,0,,,,1001,,47099,震地长靴,258,4,3,8,无,,34565,破天长靴,48370,4,154,70,
101257,山岳·足甲,护甲,法系输出,4,3,8,脚部,260,耐力+89；智力+88,法术强度+118；暴击等级+62；急速等级+77,法术强度+119；暴击等级+61；急速等级+71,法术强度×1.0085；暴击等级×0.9839；急速等级×0.9221,5,450,434,0.9862,2,黄色,蓝色,0,,,,1004,,49896,地魂之靴,264,4,3,8,无,,34570,戈隆追猎者长靴,48364,4,154,70,
101258,驭雷腕铠,护甲,法系输出,4,3,9,腕部,260,耐力+66；智力+66,法术强度+94；暴击等级+50；急速等级+58,法术强度+98；暴击等级+46；急速等级+63,法术强度×1.0426；暴击等级×0.9200；急速等级×1.0862,5,347,334,1.0150,0,,,0,,,,639,,50030,血裂护腕,264,4,3,9,无,,34437,破天腕环,48325,4,154,70,
101259,战争领主破界腕铠,护甲,法系输出,4,3,9,腕部,260,耐力+72；智力+67,暴击等级+52；命中等级+63；法术强度+100,暴击等级+55；命中等级+65；法术强度+93,暴击等级×1.0577；命中等级×1.0317；法术强度×0.9300,5,240,354,0.9944,1,蓝色,,0,,,,640,,49787,风雷七晨,219,4,3,9,无,,34439,破天腕甲,48326,4,154,70,
101260,凋零·腕铠,护甲,法系输出,4,3,9,腕部,260,耐力+66；智力+66,法术强度+94；暴击等级+50；急速等级+58,法术强度+103；暴击等级+49；急速等级+63,法术强度×1.0957；暴击等级×0.9800；急速等级×1.0862,5,347,334,1.0389,0,,,0,,,,639,,50030,血裂护腕,264,4,3,9,无,,34443,戈隆追猎者护腕,48315,4,154,70,
101261,符文臂甲,护甲,法系输出,4,3,9,腕部,260,耐力+72；智力+67,暴击等级+52；命中等级+63；法术强度+100,暴击等级+56；命中等级+67；法术强度+105,暴击等级×1.0769；命中等级×1.0635；法术强度×1.0500,5,240,354,1.0367,1,黄色,,0,,,,640,,49787,风雷七晨,219,4,3,9,无,,35166,护卫者的链甲护腕,48670,4,154,70,
101262,织法者之拳甲,护甲,法系输出,4,3,10,手部,260,耐力+89；智力+88,急速等级+56；暴击等级+81；法术强度+118,急速等级+56；暴击等级+82；法术强度+128,急速等级×1.0000；暴击等级×1.0123；法术强度×1.0847,5,448,432,1.0255,1,黄色,,0,,,,912,,51827,风暴使者手套,264,4,3,10,无,,34343,萨拉斯游侠护手,48034,4,164,70,
101263,裁决者镇岳拳甲,护甲,法系输出,4,3,10,手部,260,耐力+89；智力+88,法术强度+128；暴击等级+77；命中等级+69,法术强度+120；暴击等级+83；命中等级+74,法术强度×0.9375；暴击等级×1.0779；命中等级×1.0725,5,468,451,1.0067,2,蓝色,红色,0,,,,912,,51201,神圣霜巫手套,264,4,3,10,无,,34374,凤凰飞羽手套,48914,4,159,70,
101264,虚空轰雷拳甲,护甲,法系输出,4,3,10,手部,260,耐力+88；智力+88,法术强度+126；急速等级+69；命中等级+78,法术强度+117；急速等级+70；命中等级+73,法术强度×0.9286；急速等级×1.0145；命中等级×0.9359,5,440,449,0.9710,1,红色,,0,,,,910,,48327,萨尔的凯旋手套,258,4,3,10,无,,34376,炙日鳞片手套,48919,4,159,70,
101265,青铜龙手套,护甲,法系输出,4,3,10,手部,260,耐力+88；智力+88,法术强度+126；急速等级+69；命中等级+78,法术强度+124；急速等级+64；命中等级+71,法术强度×0.9841；急速等级×0.9275；命中等级×0.9103,5,440,449,0.9688,0,,,0,,,,910,,48324,努波顿的凯旋手套,258,4,3,10,无,,34409,上古霜狼护手,48060,4,159,70,
101266,夜幕战盔,护甲,法系输出,4,4,1,头部,260,耐力+118；智力+118,法术强度+154；暴击等级+88；急速等级+96,法术强度+161；暴击等级+95；急速等级+94,法术强度×1.0455；暴击等级×1.0795；急速等级×0.9792,5,563,574,1.0209,2,混沌,红色,0,,,,2114,,48587,莉亚德琳的凯旋头饰,258,4,4,1,无,,42549,装甲泰坦神铁护目镜,43886,4,200,72,
101267,先知之头冠,护甲,法系输出,4,4,1,头部,260,耐力+118；智力+118,法术强度+154；暴击等级+88；急速等级+96,法术强度+159；暴击等级+95；急速等级+89,法术强度×1.0325；暴击等级×1.0795；急速等级×0.9271,5,563,574,1.0087,2,混沌,黄色,0,,,,2114,,48582,图拉扬的凯旋头饰,258,4,4,1,无,,44949,牢固治疗增幅器,45782,4,200,72,
101268,虚空风暴面罩,护甲,法系输出,4,4,1,头部,260,耐力+118；智力+118,法术强度+157；暴击等级+96；急速等级+89,法术强度+142；暴击等级+99；急速等级+95,法术强度×0.9045；暴击等级×1.0312；急速等级×1.0674,5,600,578,0.9896,2,混沌,红色,0,,,,2120,,51167,神圣光誓头冠,264,4,4,1,无,,34243,燃烧的正义,48022,4,164,70,
101269,石爪山凛冽战盔,护甲,法系输出,4,4,1,头部,260,耐力+119；智力+119,法术强度+151；暴击等级+96；急速等级+86,法术强度+139；暴击等级+91；急速等级+90,法术强度×0.9205；暴击等级×0.9479；急速等级×1.0465,5,526,571,0.9772,3,混沌,蓝色,0,,,,2106,,50867,光誓头冠,251,4,4,1,无,,34345,安纳斯特里亚的王冠,48033,4,164,70,黄色
101270,幽影·肩甲,护甲,法系输出,4,4,3,肩部,260,耐力+88；智力+88,法术强度+126；暴击等级+77；急速等级+69,法术强度+116；暴击等级+76；急速等级+75,法术强度×0.9206；暴击等级×0.9870；急速等级×1.0870,5,440,448,0.9888,2,黄色,蓝色,0,,,,1952,,48585,莉亚德琳的凯旋护肩,258,4,4,3,无,,34192,坚定肩铠,50016,4,159,70,
101271,天穹肩卫,护甲,法系输出,4,4,3,肩部,260,耐力+88；智力+88,法术强度+126；暴击等级+77；急速等级+69,法术强度+125；暴击等级+70；急速等级+63,法术强度×0.9921；暴击等级×0.9091；急速等级×0.9130,5,440,448,0.9688,2,蓝色,红色,0,,,,1952,,48580,图拉扬的凯旋护肩,258,4,4,3,无,,34193,萨拉斯救世主护肩,50017,4,159,70,
101272,灰熊丘陵命轮肩甲,护甲,法系输出,4,4,3,肩部,260,耐力+89；智力+88,法术强度+128；暴击等级+77；急速等级+70,法术强度+138；暴击等级+77；急速等级+67,法术强度×1.0781；暴击等级×1.0000；急速等级×0.9571,5,468,452,1.0155,0,,,0,,,,1957,,51166,神圣光誓肩铠,264,4,4,3,无,,34388,狂暴肩铠,50015,4,159,70,
101273,照夜肩胄,护甲,法系输出,4,4,3,肩部,260,耐力+88；智力+89,法术强度+125；暴击等级+77；急速等级+68,法术强度+124；暴击等级+77；急速等级+74,法术强度×0.9920；暴击等级×1.0000；急速等级×1.0882,5,412,447,1.0112,2,黄色,蓝色,0,,,,1944,,50865,光誓肩铠,251,4,4,3,无,,35031,野蛮角斗士的板层甲护肩,50003,4,159,70,
101274,回响战衣,护甲,法系输出,4,4,5,胸部,260,耐力+118；智力+118,法术强度+154；急速等级+96；暴击等级+88,法术强度+169；急速等级+105；暴击等级+92,法术强度×1.0974；急速等级×1.0938；暴击等级×1.0455,5,563,574,1.0488,0,,,0,,,,2603,,47471,冰湖胸甲,258,4,4,5,无,,34215,鲁莽怒火战甲,48015,4,159,70,
101275,诅咒之地晨星战衣,护甲,法系输出,4,4,5,胸部,260,耐力+118；智力+118,法术强度+154；急速等级+96；暴击等级+88,法术强度+144；急速等级+100；暴击等级+93,法术强度×0.9351；急速等级×1.0417；暴击等级×1.0568,5,563,574,0.9983,2,蓝色,红色,0,,,,2603,,47147,冰湖护胸,258,4,4,5,无,,34216,英勇仲裁者胸甲,48016,4,159,70,
101276,秘法·护胸,护甲,法系输出,4,4,5,胸部,260,耐力+118；智力+118,法术强度+165；暴击等级+104；急速等级+89,法术强度+172；暴击等级+106；急速等级+95,法术强度×1.0424；暴击等级×1.0192；急速等级×1.0674,5,617,594,1.0253,1,红色,,0,,,,2611,,51165,神圣光誓罩袍,264,4,4,5,无,,34377,硬化氪金战甲,48927,4,159,70,
101277,先知焚天护胸,护甲,法系输出,4,4,5,胸部,260,耐力+118；智力+118,法术强度+156；暴击等级+88；急速等级+97,法术强度+146；暴击等级+94；急速等级+95,法术强度×0.9359；暴击等级×1.0682；急速等级×0.9794,5,599,577,0.9896,1,黄色,,0,,,,2611,,50027,抗腐胸甲,264,4,4,5,无,,34379,圣日胸甲,48928,4,159,70,
101278,安其拉战带,护甲,法系输出,4,4,6,腰部,260,耐力+88；智力+88,法术强度+116；急速等级+61；暴击等级+77,法术强度+124；急速等级+64；暴击等级+81,法术强度×1.0690；急速等级×1.0492；暴击等级×1.0519,5,422,430,1.0349,1,黄色,,0,,,,1463,,53121,代行者腰带,258,4,4,6,无,,35155,护卫者的板层甲腰带,48660,4,159,70,
101279,临世腰甲,护甲,法系输出,4,4,6,腰部,260,耐力+89；智力+88,法术强度+118；暴击等级+77；急速等级+62,法术强度+116；暴击等级+71；急速等级+59,法术强度×0.9831；暴击等级×0.9221；急速等级×0.9516,5,450,434,0.9747,2,蓝色,红色,0,,,,1468,,50989,巫妖杀手的索带,264,4,4,6,无,,35161,护卫者的板甲腰带,48661,4,159,70,
101280,逐日者战带,护甲,法系输出,4,4,6,腰部,260,耐力+89；智力+88,法术强度+118；暴击等级+77；急速等级+62,法术强度+107；暴击等级+71；急速等级+59,法术强度×0.9068；暴击等级×0.9221；急速等级×0.9516,5,450,434,0.9539,1,红色,,0,,,,1468,,50451,孤王腰带,264,4,4,6,无,,34485,光明使者护腰,48355,4,154,70,
101281,雷霆之战带,护甲,法系输出,4,4,6,腰部,260,耐力+88；智力+88,法术强度+119；急速等级+64；暴击等级+77,法术强度+121；急速等级+68；暴击等级+73,法术强度×1.0168；急速等级×1.0625；暴击等级×0.9481,5,483,436,1.0046,0,,,0,,,,1472,,54565,代行者腰带,271,4,4,6,无,,34546,冲锋腰带,48360,4,154,70,
101282,冬泉谷腿铠,护甲,法系输出,4,4,7,腿部,260,耐力+118；智力+118,法术强度+154；暴击等级+90；急速等级+94,法术强度+167；暴击等级+92；急速等级+101,法术强度×1.0844；暴击等级×1.0222；急速等级×1.0745,5,563,574,1.0383,0,,,0,,,,2277,,47440,陨落圣光护腿,258,4,4,7,无,,34167,神圣信仰腿铠,47988,4,159,70,
101283,冰封裂云腿胄,护甲,法系输出,4,4,7,腿部,260,耐力+118；智力+118,法术强度+154；暴击等级+90；急速等级+94,法术强度+139；暴击等级+90；急速等级+90,法术强度×0.9026；暴击等级×1.0000；急速等级×0.9574,5,563,574,0.9669,1,蓝色,,0,,,,2277,,47067,陨落圣光腿铠,258,4,4,7,无,,34180,魔怒腿铠,47991,4,159,70,
101284,晶歌森林暮星腿甲,护甲,法系输出,4,4,7,腿部,260,耐力+118；智力+118,法术强度+157；暴击等级+89；急速等级+96,法术强度+161；暴击等级+95；急速等级+99,法术强度×1.0255；暴击等级×1.0674；急速等级×1.0312,5,600,578,1.0225,0,,,0,,,,2283,,51928,蚀银腿甲,264,4,4,7,无,,34381,魔能力量腿铠,48043,4,159,70,
101285,幻影之腿铠,护甲,法系输出,4,4,7,腿部,260,耐力+118；智力+118,法术强度+157；暴击等级+96；急速等级+89,法术强度+156；暴击等级+100；急速等级+87,法术强度×0.9936；暴击等级×1.0417；急速等级×0.9775,5,600,578,1.0017,0,,,0,,,,2283,,49902,纯钢腿甲,264,4,4,7,无,,34382,仲裁者护腿,48045,4,159,70,
101286,焚天踏靴,护甲,法系输出,4,4,8,脚部,260,耐力+88；智力+88,法术强度+116；暴击等级+61；急速等级+77,法术强度+118；暴击等级+63；急速等级+78,法术强度×1.0172；暴击等级×1.0328；急速等级×1.0130,5,422,430,1.0116,0,,,0,,,,1789,,47424,英勇战靴,258,4,4,8,无,,35140,护卫者的板层甲护胫,48663,4,159,70,
101287,血精灵魔导师惊涛踏靴,护甲,法系输出,4,4,8,脚部,260,耐力+88；智力+88,法术强度+116；暴击等级+61；急速等级+77,法术强度+122；暴击等级+67；急速等级+78,法术强度×1.0517；暴击等级×1.0984；急速等级×1.0130,5,422,430,1.0302,2,蓝色,红色,0,,,,1789,,46986,英勇长靴,258,4,4,8,无,,35146,护卫者的板甲护胫,48669,4,159,70,
101288,红龙战靴,护甲,法系输出,4,4,8,脚部,260,耐力+89；智力+88,法术强度+118；暴击等级+77；急速等级+62,法术强度+129；暴击等级+84；急速等级+66,法术强度×1.0932；暴击等级×1.0909；急速等级×1.0645,5,450,434,1.0507,0,,,0,,,,1794,,49905,生命的守护,264,4,4,8,无,,34559,光明使者轻靴,48366,4,154,70,
101289,战靴·魔铁,护甲,法系输出,4,4,8,脚部,260,耐力+88；智力+88,法术强度+119；暴击等级+63；急速等级+78,法术强度+110；暴击等级+58；急速等级+71,法术强度×0.9244；暴击等级×0.9206；急速等级×0.9103,5,483,436,0.9518,0,,,0,,,,1800,,53487,兆示之足音,271,4,4,8,无,,34568,冲锋战靴,48372,4,154,70,
101290,红龙之腕甲,护甲,法系输出,4,4,9,腕部,260,耐力+66；智力+66,法术强度+94；暴击等级+50；急速等级+58,法术强度+85；暴击等级+47；急速等级+55,法术强度×0.9043；暴击等级×0.9400；急速等级×0.9483,5,347,334,0.9551,0,,,0,,,,1142,,50175,镇墓人护腕,264,4,4,9,无,,34431,光明使者腕环,48313,4,154,70,
101291,新月·护臂,护甲,法系输出,4,4,9,腕部,260,耐力+66；智力+66,法术强度+94；暴击等级+50；急速等级+58,法术强度+90；暴击等级+46；急速等级+58,法术强度×0.9574；暴击等级×0.9200；急速等级×1.0000,5,347,334,0.9760,2,蓝色,红色,0,,,,1142,,50175,镇墓人护腕,264,4,4,9,无,,34432,光明使者护腕,48312,4,154,70,
101292,青铜·腕甲,护甲,法系输出,4,4,9,腕部,260,耐力+66；智力+66,法术强度+95；暴击等级+51；急速等级+59,法术强度+103；暴击等级+48；急速等级+58,法术强度×1.0842；暴击等级×0.9412；急速等级×0.9831,5,394,337,1.0119,2,红色,黄色,0,,,,1148,,50721,镇墓人护腕,277,4,4,9,无,,34433,光明使者腕甲,48314,4,154,70,
101293,嚎风峡湾灵光腕铠,护甲,法系输出,4,4,9,腕部,260,耐力+66；智力+66,法术强度+94；暴击等级+50；急速等级+58,法术强度+98；暴击等级+54；急速等级+62,法术强度×1.0426；暴击等级×1.0800；急速等级×1.0690,5,347,334,1.0359,2,黄色,蓝色,0,,,,1142,,50175,镇墓人护腕,264,4,4,9,无,,34441,冲锋护腕,48347,4,154,70,
101294,晨星拳甲,护甲,法系输出,4,4,10,手部,260,耐力+89；智力+88,法术强度+118；暴击等级+77；急速等级+62,法术强度+129；暴击等级+79；急速等级+60,法术强度×1.0932；暴击等级×1.0260；急速等级×0.9677,5,450,434,1.0253,0,,,0,,,,1631,,50976,白炽护手,264,4,4,10,无,,34341,边疆手套,48032,4,164,70,
101295,护手·星海,护甲,法系输出,4,4,10,手部,260,耐力+89；智力+88,法术强度+118；暴击等级+77；急速等级+62,法术强度+111；暴击等级+83；急速等级+60,法术强度×0.9407；暴击等级×1.0779；急速等级×0.9677,5,450,434,0.9931,1,蓝色,,0,,,,1631,,49995,阵亡领主的手甲,264,4,4,10,无,,34240,宁静灵魂护手,48905,4,159,70,
101296,护手·苍白,护甲,法系输出,4,4,10,手部,260,耐力+89；智力+88,法术强度+118；暴击等级+77；急速等级+62,法术强度+110；暴击等级+81；急速等级+62,法术强度×0.9322；暴击等级×1.0519；急速等级×1.0000,5,450,434,0.9908,1,红色,,0,,,,1631,,50976,白炽护手,264,4,4,10,无,,34378,硬化氪金拳甲,48926,4,159,70,
101297,寒冰皇冠之拳甲,护甲,法系输出,4,4,10,手部,260,耐力+89；智力+88,法术强度+118；暴击等级+77；急速等级+62,法术强度+113；暴击等级+79；急速等级+57,法术强度×0.9576；暴击等级×1.0260；急速等级×0.9194,5,450,434,0.9816,0,,,0,,,,1631,,49995,阵亡领主的手甲,264,4,4,10,无,,35028,野蛮角斗士的板层甲手套,48640,4,159,70,
101298,破军者照夜兜帽,护甲,治疗,4,1,1,头部,260,耐力+118；智力+118；精神+96,法术强度+154；暴击等级+88,法术强度+144；暴击等级+96,法术强度×0.9351；暴击等级×1.0909,5,563,574,0.9965,2,混沌,黄色,0,,,,284,,48058,萨布拉的凯旋头环,258,4,1,1,无,,34847,湮灭全视护目镜,43891,4,159,70,
101299,余烬之面罩,护甲,治疗,4,1,1,头部,260,耐力+118；智力+118；精神+96,法术强度+165；急速等级+81,法术强度+150；急速等级+85,法术强度×0.9091；急速等级×1.0494,5,601,578,0.9810,2,混沌,黄色,0,,,,284,,51896,魔术师的龟裂兜帽,264,4,1,1,无,,35004,野蛮角斗士的鬼纹软帽,50005,4,159,70,
101300,焚烧面罩,护甲,治疗,4,1,1,头部,260,耐力+118；智力+118；精神+96,法术强度+154；暴击等级+88,法术强度+166；暴击等级+92,法术强度×1.0779；暴击等级×1.0455,5,563,574,1.0279,3,混沌,黄色,0,,,,284,,48035,维伦的凯旋头环,258,4,1,1,无,,35054,野蛮角斗士的月布软帽,50007,4,159,70,蓝色
101301,月刃头巾,护甲,治疗,4,1,1,头部,260,耐力+119；智力+119；精神+96,法术强度+161；急速等级+78,法术强度+169；急速等级+71,法术强度×1.0497；急速等级×0.9103,5,527,573,1.0017,2,混沌,红色,0,,,,282,,50807,魔术师的龟裂兜帽,251,4,1,1,无,,35097,野蛮角斗士的丝质罩帽,50008,4,159,70,
101302,熔火之心星云披肩,护甲,治疗,4,1,3,肩部,260,耐力+88；智力+88；精神+78,法术强度+126；暴击等级+69,法术强度+126；暴击等级+72,法术强度×1.0000；暴击等级×1.0435,5,440,449,1.0067,2,蓝色,黄色,0,,,,262,,48091,萨布拉的凯旋衬肩,258,4,1,3,无,,35056,野蛮角斗士的月布衬肩,50010,4,159,70,
101303,咒纹肩巾,护甲,治疗,4,1,3,肩部,260,耐力+89；智力+90；精神+78,法术强度+124；急速等级+67,法术强度+115；急速等级+67,法术强度×0.9274；急速等级×1.0000,5,389,448,0.9799,1,黄色,,0,,,,259,,47716,人性敬畏护肩,245,4,1,3,无,,35096,野蛮角斗士的丝质护肩,50011,4,159,70,
101304,剃刀高地衬肩,护甲,治疗,4,1,3,肩部,260,耐力+88；智力+88；精神+78,法术强度+126；暴击等级+69,法术强度+130；暴击等级+63,法术强度×1.0317；暴击等级×0.9130,5,440,449,0.9955,0,,,0,,,,262,,48082,维伦的凯旋衬肩,258,4,1,3,无,,31054,凶星衬肩,45676,4,146,70,
101305,裁决者焚烧衬肩,护甲,治疗,4,1,3,肩部,260,耐力+89；智力+90；精神+78,法术强度+124；急速等级+67,法术强度+135；急速等级+68,法术强度×1.0887；急速等级×1.0149,5,389,448,1.0268,2,蓝色,黄色,0,,,,259,,47715,人性敬畏衬肩,245,4,1,3,无,,31059,风暴衬肩,45126,4,146,70,
101306,命运之外衣,护甲,治疗,4,1,20,胸部,260,耐力+118；智力+118；精神+96,法术强度+163；暴击等级+96,法术强度+160；暴击等级+91,法术强度×0.9816；暴击等级×0.9479,5,580,591,0.9865,1,蓝色,,0,,,,349,,48060,萨布拉的凯旋法袍,258,4,1,20,无,,35007,野蛮角斗士的鬼纹长袍,49954,4,159,70,
101307,燃烬者镇海衣袍,护甲,治疗,4,1,20,胸部,260,耐力+118；智力+118；精神+96,法术强度+163；急速等级+96,法术强度+171；急速等级+102,法术强度×1.0491；急速等级×1.0625,5,580,591,1.0237,0,,,0,,,,349,,48083,维伦的凯旋法衣,258,4,1,20,无,,35057,野蛮角斗士的月布长袍,49963,4,159,70,
101308,法衣·赤焰,护甲,治疗,4,1,20,胸部,260,耐力+118；智力+118；精神+96,法术强度+163；暴击等级+96,法术强度+172；暴击等级+96,法术强度×1.0552；暴击等级×1.0000,5,580,591,1.0152,2,红色,蓝色,0,,,,349,,48031,维伦的凯旋法袍,258,4,1,20,无,,35099,野蛮角斗士的丝质外衣,49958,4,159,70,
101309,矮人锻造师长袍,护甲,治疗,4,1,20,胸部,260,耐力+118；智力+118；精神+96,法术强度+154；急速等级+87,法术强度+153；急速等级+94,法术强度×0.9935；急速等级×1.0805,5,563,573,1.0105,1,蓝色,,0,,,,349,,47425,晋升罗袍,258,4,1,20,无,,34233,幻化光芒长袍,48300,4,154,70,
101310,亘古擎天腰带,护甲,治疗,4,1,6,腰部,260,耐力+89；智力+88；精神+77,法术强度+118；暴击等级+62,法术强度+128；暴击等级+58,法术强度×1.0847；暴击等级×0.9355,5,450,434,1.0138,2,蓝色,黄色,0,,,,197,,50063,顽疾束带,264,4,1,6,无,,34541,凶星腰带,48359,4,154,70,
101311,雷霆裂云腰链,护甲,治疗,4,1,6,腰部,260,耐力+88；智力+88；精神+78,法术强度+116；急速等级+61,法术强度+127；急速等级+58,法术强度×1.0948；急速等级×0.9508,5,422,431,1.0186,1,黄色,,0,,,,196,,46973,黑雾束带,258,4,1,6,无,,34557,风暴腰带,48354,4,154,70,
101312,苍白惊涛腰带,护甲,治疗,4,1,6,腰部,260,耐力+89；智力+85；精神+83,法术强度+134；暴击等级+54,法术强度+144；暴击等级+57,法术强度×1.0746；暴击等级×1.0556,5,387,445,1.0292,1,红色,,0,,,,194,,48054,永恒束带,245,4,1,6,无,,33882,守备官的鬼纹腰带,47412,4,146,70,
101313,守望者降临腰链,护甲,治疗,4,1,6,腰部,260,耐力+89；智力+88；精神+60,法术强度+118；急速等级+75,法术强度+124；急速等级+71,法术强度×1.0508；急速等级×0.9467,5,446,430,1.0047,2,蓝色,黄色,0,,,,197,,51930,恩医束带,264,4,1,6,无,,33900,守备官的月布腰带,47421,4,146,70,
101314,仁心战裙,护甲,治疗,4,1,7,腿部,260,耐力+118；智力+118；精神+88,法术强度+163；暴击等级+104,法术强度+155；暴击等级+107,法术强度×0.9509；暴击等级×1.0288,5,580,591,0.9915,0,,,0,,,,305,,47765,逐日者的凯旋护腿,258,4,1,7,无,,35013,野蛮角斗士的邪纹长裤,49955,4,159,70,
101315,裤腿·天穹,护甲,治疗,4,1,7,腿部,260,耐力+118；智力+118；精神+96,法术强度+163；急速等级+96,法术强度+165；急速等级+102,法术强度×1.0123；急速等级×1.0625,5,580,591,1.0135,1,黄色,,0,,,,305,,48059,萨布拉的凯旋护腿,258,4,1,7,无,,35055,野蛮角斗士的月布护腿,49964,4,159,70,
101316,石爪山裤腿,护甲,治疗,4,1,7,腿部,260,耐力+118；智力+118；精神+88,法术强度+163；暴击等级+104,法术强度+164；暴击等级+106,法术强度×1.0061；暴击等级×1.0192,5,580,591,1.0051,1,红色,,0,,,,305,,47760,卡德加的凯旋护腿,258,4,1,7,无,,35100,野蛮角斗士的丝质长裤,49959,4,159,70,
101317,穿云裤腿,护甲,治疗,4,1,7,腿部,260,耐力+118；智力+118；精神+96,法术强度+163；急速等级+96,法术强度+149；急速等级+103,法术强度×0.9141；急速等级×1.0729,5,580,591,0.9882,2,蓝色,黄色,0,,,,305,,48033,维伦的凯旋护腿,258,4,1,7,无,,30912,永恒护腿,45218,4,151,70,
101318,赤霞长靴,护甲,治疗,4,1,8,脚部,260,耐力+89；智力+88；精神+77,法术强度+118；暴击等级+62,法术强度+112；暴击等级+60,法术强度×0.9492；暴击等级×0.9677,5,450,434,0.9816,0,,,0,,,,240,,61016,繁花之生命,264,4,1,8,无,,34563,赦免软靴,48368,4,154,70,
101319,足具·大地,护甲,治疗,4,1,8,脚部,260,耐力+88；智力+88；精神+78,法术强度+126；急速等级+69,法术强度+128；急速等级+67,法术强度×1.0159；急速等级×0.9710,5,440,449,1.0000,0,,,0,,,,239,,47454,孀妇便鞋,258,4,1,8,无,,34564,凶星长靴,48371,4,154,70,
101320,护足·潮汐,护甲,治疗,4,1,8,脚部,260,耐力+89；智力+88；精神+62,法术强度+118；暴击等级+77,法术强度+117；暴击等级+82,法术强度×0.9915；暴击等级×1.0649,5,450,434,1.0092,2,红色,蓝色,0,,,,240,,51850,白凶长靴,264,4,1,8,无,,34574,风暴长靴,48365,4,154,70,
101321,奥妮克希亚幻光布靴,护甲,治疗,4,1,8,脚部,260,耐力+88；智力+88；精神+78,法术强度+126；急速等级+69,法术强度+134；急速等级+64,法术强度×1.0635；急速等级×0.9275,5,440,449,1.0067,1,蓝色,,0,,,,239,,47097,孀妇长靴,258,4,1,8,无,,33884,守备官的鬼纹便鞋,47414,4,146,70,
101322,艾萨拉龙焰护臂,护甲,治疗,4,1,9,腕部,260,耐力+66；智力+66；精神+56,法术强度+94；暴击等级+51,法术强度+94；暴击等级+56,法术强度×1.0000；暴击等级×1.0980,5,346,333,1.0150,1,蓝色,,0,,,,153,,51918,黑暗祝福护腕,264,4,1,9,无,,35174,护卫者的月布护腕,48687,4,154,70,
101323,星芒·腕轮,护甲,治疗,4,1,9,腕部,260,耐力+66；智力+66；精神+58,法术强度+93；急速等级+50,法术强度+90；急速等级+47,法术强度×0.9677；急速等级×0.9400,5,327,333,0.9820,2,黄色,红色,0,,,,153,,47208,苍白圣徒腕甲,258,4,1,9,无,,35179,护卫者的丝质护腕,48690,4,154,70,
101324,腕轮·幻光,护甲,治疗,4,1,9,腕部,260,耐力+66；智力+66；精神+58,法术强度+94；暴击等级+50,法术强度+86；暴击等级+49,法术强度×0.9149；暴击等级×0.9800,5,347,334,0.9731,0,,,0,,,,153,,50032,死亡医师的袖腕,264,4,1,9,无,,30870,崩坏腕甲,45745,4,141,70,
101325,圣贤之腕轮,护甲,治疗,4,1,9,腕部,260,耐力+66；智力+66；精神+58,法术强度+93；急速等级+50,法术强度+102；急速等级+55,法术强度×1.0968；急速等级×1.1000,5,327,333,1.0420,2,蓝色,黄色,0,,,,153,,47485,苍白圣徒护腕,258,4,1,9,无,,30871,殉难护腕,45743,4,141,70,
101326,群星手套,护甲,治疗,4,1,10,手部,260,耐力+89；智力+88；精神+77,法术强度+118；暴击等级+62,法术强度+121；暴击等级+56,法术强度×1.0254；暴击等级×0.9032,5,450,434,0.9931,1,蓝色,,0,,,,218,,50984,矛盾手套,264,4,1,10,无,,34367,永恒光芒之手,48920,4,159,70,
101327,赤焰·手套,护甲,治疗,4,1,10,手部,260,耐力+88；智力+88；精神+69,法术强度+126；急速等级+77,法术强度+128；急速等级+77,法术强度×1.0159；急速等级×1.0000,5,440,448,1.0045,1,黄色,,0,,,,218,,48037,维伦的凯旋兜帽,258,4,1,10,无,,35003,野蛮角斗士的鬼纹手套,48618,4,159,70,
101328,风暴峭壁之手饰,护甲,治疗,4,1,10,手部,260,耐力+89；智力+88；精神+77,法术强度+118；暴击等级+62,法术强度+116；暴击等级+59,法术强度×0.9831；暴击等级×0.9516,5,450,434,0.9885,1,红色,,0,,,,218,,50984,矛盾手套,264,4,1,10,无,,35053,野蛮角斗士的月布手套,49960,4,159,70,
101329,神祇之护手,护甲,治疗,4,1,10,手部,260,耐力+89；智力+88；精神+52,法术强度+118；急速等级+83,法术强度+112；急速等级+88,法术强度×0.9492；急速等级×1.0602,5,446,430,0.9977,0,,,0,,,,218,,51874,断指手套,264,4,1,10,无,,35098,野蛮角斗士的丝质护手,49957,4,159,70,
101330,血色修道院之面甲,护甲,治疗,4,2,1,头部,260,耐力+118；智力+118；精神+88,法术强度+154；暴击等级+96,法术强度+151；暴击等级+96,法术强度×0.9805；暴击等级×1.0000,5,563,574,0.9948,2,混沌,红色,0,,,,532,,48144,符文图腾的凯旋头饰,258,4,2,1,无,,34999,野蛮角斗士的龙皮头盔,48601,4,159,70,
101331,晨辉战盔,护甲,治疗,4,2,1,头部,260,耐力+119；智力+120；精神+95,法术强度+149；急速等级+84,法术强度+154；急速等级+80,法术强度×1.0336；急速等级×0.9524,5,493,567,1.0018,3,混沌,黄色,0,,,,528,,47690,盎然生长头盔,245,4,2,1,无,,35023,野蛮角斗士的科多皮头盔,48602,4,159,70,蓝色
101332,风暴峭壁命运面甲,护甲,治疗,4,2,1,头部,260,耐力+118；智力+118；精神+88,法术强度+154；暴击等级+96,法术强度+160；暴击等级+87,法术强度×1.0390；暴击等级×0.9062,5,563,574,0.9948,2,混沌,红色,0,,,,532,,48141,玛法里奥的凯旋头饰,258,4,2,1,无,,35033,野蛮角斗士的皮甲头盔,48739,4,159,70,
101333,奥杜尔轮回头盔,护甲,治疗,4,2,1,头部,260,耐力+119；智力+120；精神+95,法术强度+149；急速等级+84,法术强度+151；急速等级+83,法术强度×1.0134；急速等级×0.9881,5,493,567,1.0018,2,混沌,黄色,0,,,,528,,47691,盎然生机面罩,245,4,2,1,无,,32235,萨格拉斯的诅咒视界,52634,4,151,70,
101334,暮光驭天肩甲,护甲,治疗,4,2,3,肩部,260,耐力+89；智力+88；精神+77,法术强度+128；暴击等级+69,法术强度+137；暴击等级+72,法术强度×1.0703；暴击等级×1.0435,5,468,451,1.0266,1,蓝色,,0,,,,493,,51135,神圣树纹肩甲,264,4,2,3,无,,35035,野蛮角斗士的皮甲护肩,48598,4,159,70,
101335,达拉然之肩卫,护甲,治疗,4,2,3,肩部,260,耐力+88；智力+88；精神+69,法术强度+126；急速等级+77,法术强度+115；急速等级+74,法术强度×0.9127；急速等级×0.9610,5,440,448,0.9688,0,,,0,,,,492,,48138,玛法里奥的凯旋肩铠,258,4,2,3,无,,31030,刺杀者护肩,45436,4,146,70,
101336,暮光审判官镇压肩卫,护甲,治疗,4,2,3,肩部,260,耐力+88；智力+89；精神+78,法术强度+125；暴击等级+69,法术强度+126；暴击等级+71,法术强度×1.0080；暴击等级×1.0290,5,412,449,1.0067,0,,,0,,,,490,,50113,树纹肩甲,251,4,2,3,无,,31047,雷霆之心肩甲,45667,4,146,70,
101337,剃刀高地肩铠,护甲,治疗,4,2,3,肩部,260,耐力+93；智力+85；精神+77,法术强度+118；急速等级+62,法术强度+112；急速等级+58,法术强度×0.9492；急速等级×0.9355,5,452,435,0.9770,0,,,0,,,,493,,51839,灼热之吻肩垫,264,4,2,3,无,,33674,复仇角斗士的龙皮护肩,46944,4,146,70,
101338,霜狼酋长之护甲,护甲,治疗,4,2,20,胸部,260,耐力+118；智力+118；精神+96,法术强度+163；暴击等级+96,法术强度+159；暴击等级+95,法术强度×0.9755；暴击等级×0.9896,5,580,591,0.9915,1,蓝色,,0,,,,656,,48139,玛法里奥的凯旋法袍,258,4,2,20,无,,34397,混沌刀锋外套,48054,4,159,70,
101339,胸甲·烈日,护甲,治疗,4,2,20,胸部,260,耐力+118；智力+118；精神+104,法术强度+154；急速等级+79,法术强度+139；急速等级+78,法术强度×0.9026；急速等级×0.9873,5,563,573,0.9721,0,,,0,,,,656,,47096,反目外衣,258,4,2,20,无,,34398,艾露恩的幻想外套,48055,4,159,70,
101340,海加尔山之战衣,护甲,治疗,4,2,20,胸部,260,耐力+118；智力+118；精神+81,法术强度+157；暴击等级+104,法术强度+142；暴击等级+98,法术强度×0.9045；暴击等级×0.9423,5,600,578,0.9637,1,红色,,0,,,,657,,51870,失败实验护胸,264,4,2,20,无,,35002,野蛮角斗士的龙皮外套,49968,4,159,70,
101341,祖尔法拉克新月战衣,护甲,治疗,4,2,20,胸部,260,耐力+118；智力+118；精神+81,法术强度+157；急速等级+104,法术强度+168；急速等级+109,法术强度×1.0701；急速等级×1.0481,5,600,578,1.0277,1,蓝色,,0,,,,657,,50973,杉林胸甲,264,4,2,20,无,,35036,野蛮角斗士的皮甲外套,48599,4,159,70,
101342,霜裔之腰甲,护甲,治疗,4,2,6,腰部,260,耐力+88；智力+89；精神+78,法术强度+115；暴击等级+60,法术强度+110；暴击等级+57,法术强度×0.9565；暴击等级×0.9500,5,394,430,0.9814,2,蓝色,黄色,0,,,,367,,50795,黑暗苦痛束带,251,4,2,6,无,,33879,守备官的龙皮腰带,47409,4,146,70,
101343,圣贤战带,护甲,治疗,4,2,6,腰部,260,耐力+89；智力+88；精神+62,法术强度+118；急速等级+77,法术强度+129；急速等级+74,法术强度×1.0932；急速等级×0.9610,5,450,434,1.0184,1,黄色,,0,,,,370,,50069,教授的血斑罩衫,264,4,2,6,无,,33891,守备官的皮甲腰带,47900,4,146,70,
101344,雷霆崖扣带,护甲,治疗,4,2,6,腰部,260,耐力+89；智力+90；精神+74,法术强度+113；暴击等级+59,法术强度+117；暴击等级+56,法术强度×1.0354；暴击等级×0.9492,5,368,425,1.0024,0,,,0,,,,366,,48002,血蹄使者束带,245,4,2,6,无,,30879,阿加多的腰带,45245,4,141,70,
101345,庇护战带,护甲,治疗,4,2,6,腰部,260,耐力+88；智力+88；精神+78,法术强度+116；急速等级+61,法术强度+122；急速等级+64,法术强度×1.0517；急速等级×1.0492,5,422,431,1.0209,1,蓝色,,0,,,,369,,47469,灰棘腰带,258,4,2,6,无,,30914,新月腰带,45244,4,141,70,
101346,暮星腿甲,护甲,治疗,4,2,7,腿部,260,耐力+118；智力+118；精神+96,法术强度+157；暴击等级+88,法术强度+162；暴击等级+92,法术强度×1.0318；暴击等级×1.0455,5,600,577,1.0156,1,蓝色,,0,,,,575,,49898,自然喷薄裹腿,264,4,2,7,无,,31029,刺杀者护腿,45428,4,146,70,
101347,远征军之腿甲,护甲,治疗,4,2,7,腿部,260,耐力+118；智力+118；精神+96,法术强度+163；急速等级+96,法术强度+175；急速等级+99,法术强度×1.0736；急速等级×1.0312,5,580,591,1.0254,1,黄色,,0,,,,573,,48145,符文图腾的凯旋护腿,258,4,2,7,无,,31044,雷霆之心护腿,45665,4,146,70,
101348,炽焰护腿,护甲,治疗,4,2,7,腿部,260,耐力+118；智力+118；精神+96,法术强度+157；暴击等级+88,法术强度+158；暴击等级+83,法术强度×1.0064；暴击等级×0.9432,5,600,577,0.9931,1,红色,,0,,,,575,,49898,自然喷薄裹腿,264,4,2,7,无,,31045,雷霆之心腿甲,45666,4,146,70,
101349,日蚀腿甲,护甲,治疗,4,2,7,腿部,260,耐力+118；智力+118；精神+96,法术强度+163；急速等级+96,法术强度+167；急速等级+87,法术强度×1.0245；急速等级×0.9062,5,580,591,0.9915,2,蓝色,黄色,0,,,,573,,48140,玛法里奥的凯旋护腿,258,4,2,7,无,,33673,复仇角斗士的龙皮护腿,46946,4,146,70,
101350,命运·战靴,护甲,治疗,4,2,8,脚部,260,耐力+88；智力+88；精神+61,法术强度+116；暴击等级+77,法术强度+118；暴击等级+70,法术强度×1.0172；暴击等级×0.9091,5,422,430,0.9884,0,,,0,,,,451,,46989,无尽风暴长靴,258,4,2,8,无,,34575,刺杀者战靴,48369,4,154,70,
101351,仲裁者碎星踏靴,护甲,治疗,4,2,8,脚部,260,耐力+89；智力+88；精神+69,法术强度+118；急速等级+70,法术强度+119；急速等级+76,法术强度×1.0085；急速等级×1.0857,5,450,434,1.0161,1,黄色,,0,,,,452,,49894,塞纳里奥祝福之靴,264,4,2,8,无,,33880,守备官的龙皮长靴,47428,4,146,70,
101352,唤潮者裁断战靴,护甲,治疗,4,2,8,脚部,260,耐力+89；智力+88；精神+62,法术强度+118；暴击等级+77,法术强度+110；暴击等级+78,法术强度×0.9322；暴击等级×1.0130,5,450,434,0.9839,2,红色,蓝色,0,,,,452,,50009,异常生长之靴,264,4,2,8,无,,33892,守备官的皮甲长靴,47403,4,146,70,
101353,护足·天启,护甲,治疗,4,2,8,脚部,260,耐力+89；智力+88；精神+69,法术强度+118；急速等级+70,法术强度+126；急速等级+70,法术强度×1.0678；急速等级×1.0000,5,450,434,1.0184,0,,,0,,,,452,,49894,塞纳里奥祝福之靴,264,4,2,8,无,,30886,魔化皮质便鞋,45238,4,141,70,
101354,符文大师腕铠,护甲,治疗,4,2,9,腕部,260,耐力+66；智力+66；精神+58,法术强度+94；暴击等级+50,法术强度+96；暴击等级+49,法术强度×1.0213；暴击等级×0.9800,5,347,334,1.0030,0,,,0,,,,288,,50417,无尽梦境护腕,264,4,2,9,无,,35171,护卫者的皮甲护腕,48682,4,154,70,
101355,陨星·护腕,护甲,治疗,4,2,9,腕部,260,耐力+66；智力+66；精神+50,法术强度+93；急速等级+58,法术强度+100；急速等级+55,法术强度×1.0753；急速等级×0.9483,5,327,333,1.0120,1,黄色,,0,,,,287,,47438,秋木束腕,258,4,2,9,无,,30863,致命腕甲,45746,4,141,70,
101356,寒冰皇冠太古护臂,护甲,治疗,4,2,9,腕部,260,耐力+66；智力+67；精神+61,法术强度+92；暴击等级+45,法术强度+89；暴击等级+48,法术强度×0.9674；暴击等级×1.0667,5,304,331,1.0000,2,红色,蓝色,0,,,,285,,50985,剧毒冲击护腕,251,4,2,9,无,,30868,回春护腕,45753,4,141,70,
101357,银色北伐军腕铠,护甲,治疗,4,2,9,腕部,260,耐力+66；智力+66；精神+50,法术强度+93；急速等级+58,法术强度+94；急速等级+55,法术强度×1.0108；急速等级×0.9483,5,327,333,0.9940,1,蓝色,,0,,,,287,,47066,秋木护腕,258,4,2,9,无,,32324,阴险护腕,47436,4,141,70,
101358,拳甲·玄冰,护甲,治疗,4,2,10,手部,260,耐力+88；智力+88；精神+78,法术强度+126；暴击等级+69,法术强度+122；暴击等级+71,法术强度×0.9683；暴击等级×1.0290,5,440,449,0.9955,1,蓝色,,0,,,,409,,48143,符文图腾的凯旋护手,258,4,2,10,无,,35032,野蛮角斗士的皮甲手套,49965,4,159,70,
101359,赤霞·护手,护甲,治疗,4,2,10,手部,260,耐力+88；智力+88；精神+69,法术强度+126；急速等级+77,法术强度+129；急速等级+73,法术强度×1.0238；急速等级×0.9481,5,440,448,0.9978,0,,,0,,,,409,,48172,玛法里奥的凯旋手套,258,4,2,10,无,,34351,稳固王权护手,48039,4,154,70,
101360,红龙之手甲,护甲,治疗,4,2,10,手部,260,耐力+88；智力+88；精神+78,法术强度+126；暴击等级+69,法术强度+123；暴击等级+72,法术强度×0.9762；暴击等级×1.0435,5,440,449,1.0000,1,红色,,0,,,,409,,48142,玛法里奥的凯旋护手,258,4,2,10,无,,31026,刺杀者护手,45426,4,146,70,
101361,生命护手,护甲,治疗,4,2,10,手部,260,耐力+89；智力+88；精神+77,法术强度+118；急速等级+62,法术强度+121；急速等级+64,法术强度×1.0254；急速等级×1.0323,5,450,434,1.0115,0,,,0,,,,411,,51814,冰柱雕塑者,264,4,2,10,无,,31032,雷霆之心手套,45664,4,146,70,
101362,潜行者面甲,护甲,治疗,4,3,1,头部,260,耐力+118；智力+118,法术强度+154；暴击等级+90；每5秒法力回复+47,法术强度+167；暴击等级+89；每5秒法力回复+43,法术强度×1.0844；暴击等级×0.9889；每5秒法力回复×0.9149,5,517,527,1.0152,2,混沌,红色,0,,,,1183,,48307,萨尔的凯旋头饰,258,4,3,1,无,,34356,必中护目镜V3.0,45783,4,159,70,
101363,战盔·命轮,护甲,治疗,4,3,1,头部,260,耐力+107；智力+112,法术强度+165；急速等级+97；每5秒法力回复+47,法术强度+154；急速等级+102；每5秒法力回复+46,法术强度×0.9333；急速等级×1.0515；每5秒法力回复×0.9787,5,548,528,0.9867,3,混沌,黄色,0,,,,1186,,51906,玄冰维库人头盔,264,4,3,1,无,,34992,野蛮角斗士的链甲头盔,48606,4,159,70,黄色
101364,晶歌森林之头冠,护甲,治疗,4,3,1,头部,260,耐力+118；智力+118,法术强度+154；暴击等级+90；每5秒法力回复+47,法术强度+162；暴击等级+87；每5秒法力回复+46,法术强度×1.0519；暴击等级×0.9667；每5秒法力回复×0.9787,5,517,527,1.0076,2,混沌,红色,0,,,,1183,,48292,努波顿的凯旋头饰,258,4,3,1,无,,35044,野蛮角斗士的鳞甲头盔,48613,4,159,70,
101365,唤潮者缚龙面甲,护甲,治疗,4,3,1,头部,260,耐力+106；智力+113,法术强度+161；急速等级+95；每5秒法力回复+47,法术强度+171；急速等级+104；每5秒法力回复+51,法术强度×1.0621；急速等级×1.0947；每5秒法力回复×1.0851,5,480,522,1.0441,3,混沌,蓝色,0,,,,1178,,50797,玄冰维库人头盔,251,4,3,1,无,,35079,野蛮角斗士的环甲头盔,48614,4,159,70,黄色
101366,战争领主肩甲,护甲,治疗,4,3,3,肩部,260,耐力+89；智力+90,法术强度+124；暴击等级+68；每5秒法力回复+39,法术强度+127；暴击等级+65；每5秒法力回复+42,法术强度×1.0242；暴击等级×0.9559；每5秒法力回复×1.0769,5,356,410,1.0073,2,蓝色,黄色,0,,,,1084,,47707,碎地者护肩,245,4,3,3,无,,31006,戈隆追猎者护肩,45682,4,146,70,
101367,仁心肩甲,护甲,治疗,4,3,3,肩部,260,耐力+88；智力+88,法术强度+126；急速等级+69；每5秒法力回复+39,法术强度+137；急速等级+72；每5秒法力回复+41,法术强度×1.0873；急速等级×1.0435；每5秒法力回复×1.0513,5,402,410,1.0390,1,黄色,,0,,,,1092,,48309,萨尔的凯旋护肩,258,4,3,3,无,,31022,破天肩垫,45672,4,146,70,
101368,大地裂地肩铠,护甲,治疗,4,3,3,肩部,260,耐力+89；智力+90,法术强度+124；暴击等级+68；每5秒法力回复+39,法术强度+130；暴击等级+63；每5秒法力回复+38,法术强度×1.0484；暴击等级×0.9265；每5秒法力回复×0.9744,5,356,410,1.0000,1,红色,,0,,,,1084,,47706,碎地者肩饰,245,4,3,3,无,,33668,复仇角斗士的链甲护肩,46881,4,146,70,
101369,源质之肩卫,护甲,治疗,4,3,3,肩部,260,耐力+88；智力+88,法术强度+126；急速等级+69；每5秒法力回复+39,法术强度+130；急速等级+65；每5秒法力回复+40,法术强度×1.0317；急速等级×0.9420；每5秒法力回复×1.0256,5,402,410,1.0024,0,,,0,,,,1092,,48290,努波顿的凯旋护肩,258,4,3,3,无,,33710,复仇角斗士的鳞甲护肩,46890,4,146,70,
101370,幽影之护胸,护甲,治疗,4,3,20,胸部,260,耐力+118；智力+118,法术强度+154；暴击等级+80；每5秒法力回复+52,法术强度+157；暴击等级+79；每5秒法力回复+52,法术强度×1.0195；暴击等级×0.9875；每5秒法力回复×1.0000,5,512,522,1.0038,1,蓝色,,0,,,,1456,,47486,元素流动胄甲,258,4,3,5,无,,34990,野蛮角斗士的链甲护胸,48604,4,159,70,
101371,护甲·征途,护甲,治疗,4,3,20,胸部,260,耐力+118；智力+118,法术强度+157；急速等级+104；每5秒法力回复+40,法术强度+153；急速等级+101；每5秒法力回复+40,法术强度×0.9745；急速等级×0.9712；每5秒法力回复×1.0000,5,558,537,0.9870,2,黄色,红色,0,,,,1460,,51840,虹吸元素胸甲,264,4,3,5,无,,35042,野蛮角斗士的鳞甲护胸,49969,4,159,70,
101372,破夜战衣,护甲,治疗,4,3,20,胸部,260,耐力+118；智力+118,法术强度+154；暴击等级+80；每5秒法力回复+52,法术强度+169；暴击等级+81；每5秒法力回复+52,法术强度×1.0974；暴击等级×1.0125；每5秒法力回复×1.0000,5,512,522,1.0307,0,,,0,,,,1456,,47209,元素流动胸甲,258,4,3,5,无,,30907,狂热追击锁甲,46356,4,151,70,
101373,寒星之护甲,护甲,治疗,4,3,20,胸部,260,耐力+118；智力+118,法术强度+157；急速等级+81；每5秒法力回复+52,法术强度+150；急速等级+85；每5秒法力回复+49,法术强度×0.9554；急速等级×1.0494；每5秒法力回复×0.9423,5,546,526,0.9886,1,蓝色,,0,,,,1460,,50177,血钱锁甲,264,4,3,5,无,,23565,扭曲虚空的拥抱,45807,4,146,70,
101374,嚎风峡湾之腰甲,护甲,治疗,4,3,6,腰部,260,耐力+88；智力+88,法术强度+116；暴击等级+61；每5秒法力回复+39,法术强度+108；暴击等级+60；每5秒法力回复+40,法术强度×0.9310；暴击等级×0.9836；每5秒法力回复×1.0256,5,384,392,0.9796,1,蓝色,,0,,,,819,,47426,冰层挖掘者护腕,258,4,3,6,无,,33877,守备官的链甲束带,47406,4,146,70,
101375,屠龙者腰甲,护甲,治疗,4,3,6,腰部,260,耐力+89；智力+88,法术强度+118；急速等级+81；每5秒法力回复+28,法术强度+114；急速等级+80；每5秒法力回复+28,法术强度×0.9661；急速等级×0.9877；每5秒法力回复×1.0000,5,419,404,0.9876,0,,,0,,,,821,,51919,亡语信徒腰带,264,4,3,6,无,,33895,守备官的鳞甲束带,47419,4,146,70,
101376,祖尔格拉布腰甲,护甲,治疗,4,3,6,腰部,260,耐力+88；智力+88,法术强度+126；暴击等级+69；每5秒法力回复+39,法术强度+130；暴击等级+69；每5秒法力回复+36,法术强度×1.0317；暴击等级×1.0000；每5秒法力回复×0.9231,5,402,410,1.0024,1,红色,,0,,,,819,,46991,冰层挖掘者腰带,258,4,3,6,无,,30919,峡谷猎手腰带,45247,4,141,70,
101377,星环碎星战带,护甲,治疗,4,3,6,腰部,260,耐力+89；智力+88,法术强度+118；急速等级+70；每5秒法力回复+35,法术强度+121；急速等级+66；每5秒法力回复+37,法术强度×1.0254；急速等级×0.9429；每5秒法力回复×1.0571,5,414,400,1.0025,1,蓝色,,0,,,,821,,50015,鲜血新星腰带,264,4,3,6,无,,32258,自然庇护腰带,45765,4,141,70,
101378,生命之战裙,护甲,治疗,4,3,7,腿部,260,耐力+118；智力+118,法术强度+163；暴击等级+98；每5秒法力回复+47,法术强度+157；暴击等级+102；每5秒法力回复+43,法术强度×0.9632；暴击等级×1.0408；每5秒法力回复×0.9149,5,534,544,0.9890,1,蓝色,,0,,,,1274,,48308,萨尔的凯旋腿甲,258,4,3,7,无,,35045,野蛮角斗士的鳞甲护腿,48615,4,159,70,
101379,银月城苍白战裙,护甲,治疗,4,3,7,腿部,260,耐力+118；智力+118,法术强度+154；急速等级+87；每5秒法力回复+48,法术强度+145；急速等级+83；每5秒法力回复+47,法术强度×0.9416；急速等级×0.9540；每5秒法力回复×0.9792,5,516,525,0.9733,0,,,0,,,,1274,,47450,仇恨深藏护腿,258,4,3,7,无,,31005,戈隆追猎者护腿,45681,4,146,70,
101380,烈焰腿铠,护甲,治疗,4,3,7,腿部,260,耐力+118；智力+118,法术强度+163；暴击等级+98；每5秒法力回复+47,法术强度+148；暴击等级+99；每5秒法力回复+49,法术强度×0.9080；暴击等级×1.0102；每5秒法力回复×1.0426,5,534,544,0.9779,1,红色,,0,,,,1274,,48291,努波顿的凯旋腿甲,258,4,3,7,无,,31019,破天护腿,45671,4,146,70,
101381,龙骨护腿,护甲,治疗,4,3,7,腿部,260,耐力+118；智力+118,法术强度+154；急速等级+87；每5秒法力回复+48,法术强度+164；急速等级+93；每5秒法力回复+49,法术强度×1.0649；急速等级×1.0690；每5秒法力回复×1.0208,5,516,525,1.0324,1,蓝色,,0,,,,1274,,47087,仇恨深藏腿甲,258,4,3,7,无,,33667,复仇角斗士的链甲护腿,46882,4,146,70,
101382,先知足甲,护甲,治疗,4,3,8,脚部,260,耐力+89；智力+88,法术强度+118；暴击等级+69；每5秒法力回复+35,法术强度+119；暴击等级+69；每5秒法力回复+33,法术强度×1.0085；暴击等级×1.0000；每5秒法力回复×0.9429,5,414,399,0.9975,1,蓝色,,0,,,,1004,,49993,冥光胫甲,264,4,3,8,无,,33878,守备官的链甲战靴,47408,4,146,70,
101383,精金战靴,护甲,治疗,4,3,8,脚部,260,耐力+89；智力+88,法术强度+118；每5秒法力回复+38；急速等级+62,法术强度+113；每5秒法力回复+37；急速等级+68,法术强度×0.9576；每5秒法力回复×0.9737；急速等级×1.0968,5,410,395,1.0000,1,黄色,,0,,,,1004,,51873,曳行轻鞋,264,4,3,8,无,,33896,守备官的鳞甲战靴,47420,4,146,70,
101384,青铜龙战靴,护甲,治疗,4,3,8,脚部,260,耐力+89；智力+90,法术强度+113；每5秒法力回复+30；暴击等级+78,法术强度+123；每5秒法力回复+32；暴击等级+75,法术强度×1.0885；每5秒法力回复×1.0667；暴击等级×0.9615,5,346,400,1.0225,1,红色,,0,,,,993,,49238,炼狱长靴,245,4,3,8,无,,30873,止水长靴,45240,4,141,70,
101385,镇魂使焚烧足甲,护甲,治疗,4,3,8,脚部,260,耐力+88；智力+89,法术强度+115；每5秒法力回复+38；急速等级+59,法术强度+125；每5秒法力回复+35；急速等级+64,法术强度×1.0870；每5秒法力回复×0.9211；急速等级×1.0847,5,358,389,1.0308,2,蓝色,黄色,0,,,,998,,51006,躲闪之靴,251,4,3,8,无,,30880,疾步长靴,45239,4,141,70,
101386,赤焰裂地护臂,护甲,治疗,4,3,9,腕部,260,耐力+66；智力+66,法术强度+93；每5秒法力回复+29；暴击等级+50,法术强度+97；每5秒法力回复+27；暴击等级+52,法术强度×1.0430；每5秒法力回复×0.9310；暴击等级×1.0400,5,298,304,1.0132,0,,,0,,,,637,,47441,溷沌预兆裹腕,258,4,3,9,无,,35172,护卫者的鳞甲护腕,48673,4,154,70,
101387,嚎风峡湾之护臂,护甲,治疗,4,3,9,腕部,260,耐力+66；智力+66,法术强度+94；急速等级+54；每5秒法力回复+26,法术强度+94；急速等级+57；每5秒法力回复+26,法术强度×1.0000；急速等级×1.0556；每5秒法力回复×1.0000,5,318,306,1.0098,1,黄色,,0,,,,639,,51929,冷魂护腕,264,4,3,9,无,,30864,寻路者护腕,45744,4,141,70,
101388,灵光护臂,护甲,治疗,4,3,9,腕部,260,耐力+66；智力+66,法术强度+93；每5秒法力回复+29；暴击等级+50,法术强度+88；每5秒法力回复+30；暴击等级+47,法术强度×0.9462；每5秒法力回复×1.0345；暴击等级×0.9400,5,298,304,0.9770,0,,,0,,,,637,,47068,溷沌预兆护腕,258,4,3,9,无,,30869,嚎风护腕,45750,4,141,70,
101389,复苏腕铠,护甲,治疗,4,3,9,腕部,260,耐力+66；智力+67,法术强度+92；急速等级+53；每5秒法力回复+26,法术强度+93；急速等级+50；每5秒法力回复+26,法术强度×1.0109；急速等级×0.9434；每5秒法力回复×1.0000,5,280,304,0.9934,1,蓝色,,0,,,,634,,50774,冷魂护腕,251,4,3,9,无,,32251,精准腕甲,45358,4,141,70,
101390,夜幕·手套,护甲,治疗,4,3,10,手部,260,耐力+89；智力+88,法术强度+128；暴击等级+77；每5秒法力回复+35,法术强度+121；暴击等级+70；每5秒法力回复+34,法术强度×0.9453；暴击等级×0.9091；每5秒法力回复×0.9714,5,432,417,0.9640,1,蓝色,,0,,,,912,,51191,神圣霜巫手甲,264,4,3,10,无,,34991,野蛮角斗士的链甲手套,48605,4,159,70,
101391,破晓者手套,护甲,治疗,4,3,10,手部,260,耐力+88；智力+88,法术强度+126；急速等级+69；每5秒法力回复+39,法术强度+129；急速等级+67；每5秒法力回复+36,法术强度×1.0238；急速等级×0.9710；每5秒法力回复×0.9231,5,402,410,0.9951,1,黄色,,0,,,,910,,48306,萨尔的凯旋手甲,258,4,3,10,无,,35043,野蛮角斗士的鳞甲手套,48611,4,159,70,
101392,永恒之拳甲,护甲,治疗,4,3,10,手部,260,耐力+88；智力+89,法术强度+125；暴击等级+77；每5秒法力回复+35,法术强度+137；暴击等级+78；每5秒法力回复+35,法术强度×1.0960；暴击等级×1.0130；每5秒法力回复×1.0000,5,381,414,1.0314,2,红色,蓝色,0,,,,906,,50836,霜巫手甲,251,4,3,10,无,,34350,上古影月护手,48037,4,154,70,
101393,天启者守望手套,护甲,治疗,4,3,10,手部,260,耐力+88；智力+88,法术强度+126；急速等级+69；每5秒法力回复+39,法术强度+116；急速等级+69；每5秒法力回复+36,法术强度×0.9206；急速等级×1.0000；每5秒法力回复×0.9231,5,402,410,0.9683,1,蓝色,,0,,,,910,,48293,努波顿的凯旋手甲,258,4,3,10,无,,31001,戈隆追猎者手套,45679,4,146,70,
101394,战盔·腐化,护甲,治疗,4,4,1,头部,260,耐力+118；智力+118,法术强度+165；暴击等级+88；每5秒法力回复+44,法术强度+154；暴击等级+80；每5秒法力回复+43,法术强度×0.9333；暴击等级×0.9091；每5秒法力回复×0.9773,5,555,533,0.9625,3,混沌,蓝色,0,,,,2120,,50060,遗忘者面甲,264,4,4,1,无,,34400,达斯雷玛之冠,48058,4,159,70,蓝色
101395,御风者之面甲,护甲,治疗,4,4,1,头部,260,耐力+119；智力+120,法术强度+149；暴击等级+76；每5秒法力回复+52,法术强度+151；暴击等级+69；每5秒法力回复+51,法术强度×1.0134；暴击等级×0.9079；每5秒法力回复×0.9808,5,448,516,0.9884,2,混沌,蓝色,0,,,,2098,,47682,无眠守望头盔,245,4,4,1,无,,34401,乌瑟尔的决心之盔,48057,4,159,70,
101396,屠龙者断岳面罩,护甲,治疗,4,4,1,头部,260,耐力+119；智力+120,法术强度+149；暴击等级+76；每5秒法力回复+52,法术强度+158；暴击等级+78；每5秒法力回复+47,法术强度×1.0604；暴击等级×1.0263；每5秒法力回复×0.9038,5,448,516,1.0116,3,混沌,蓝色,0,,,,2098,,47681,无眠守望重盔,245,4,4,1,无,,35029,野蛮角斗士的板层甲头盔,48740,4,159,70,黄色
101397,唤潮者断空战盔,护甲,治疗,4,4,1,头部,260,耐力+118；智力+118,法术强度+165；暴击等级+88；每5秒法力回复+44,法术强度+180；暴击等级+87；每5秒法力回复+47,法术强度×1.0909；暴击等级×0.9886；每5秒法力回复×1.0682,5,555,533,1.0319,3,混沌,蓝色,0,,,,2120,,50060,遗忘者面甲,264,4,4,1,无,,35068,野蛮角斗士的板甲头盔,49685,4,159,70,红色
101398,星芒·肩卫,护甲,治疗,4,4,3,肩部,260,耐力+89；智力+88,法术强度+118；暴击等级+62；每5秒法力回复+38,法术强度+121；暴击等级+66；每5秒法力回复+41,法术强度×1.0254；暴击等级×1.0645；每5秒法力回复×1.0789,5,410,395,1.0253,2,蓝色,黄色,0,,,,1957,,51824,翡翠圣徒肩甲,264,4,4,3,无,,35070,野蛮角斗士的板甲护肩,49995,4,159,70,
101399,星语者降世肩甲,护甲,治疗,4,4,3,肩部,260,耐力+88；智力+92,法术强度+134；急速等级+80；每5秒法力回复+34,法术强度+136；急速等级+87；每5秒法力回复+35,法术强度×1.0149；急速等级×1.0875；每5秒法力回复×1.0294,5,331,428,1.0234,2,黄色,红色,0,,,,1960,,45140,锋鳞护肩,232,4,4,3,无,,30979,冲锋肩刃,45661,4,146,70,
101400,极光破云肩卫,护甲,治疗,4,4,3,肩部,260,耐力+89；智力+88,法术强度+118；暴击等级+77；每5秒法力回复+31,法术强度+114；暴击等级+84；每5秒法力回复+33,法术强度×0.9661；暴击等级×1.0909；每5秒法力回复×1.0645,5,418,403,1.0124,1,红色,,0,,,,1957,,49980,斑驳的骨刺护肩,264,4,4,3,无,,30996,光明使者护肩,45884,4,146,70,
101401,圣光肩卫,护甲,治疗,4,4,3,肩部,260,耐力+88；智力+92,法术强度+134；急速等级+80；每5秒法力回复+34,法术强度+142；急速等级+83；每5秒法力回复+37,法术强度×1.0597；急速等级×1.0375；每5秒法力回复×1.0882,5,331,428,1.0327,1,蓝色,,0,,,,1960,,45140,锋鳞护肩,232,4,4,3,无,,33699,复仇角斗士的板层甲护肩,46953,4,146,70,
101402,追猎者之护胸,护甲,治疗,4,4,5,胸部,260,耐力+118；智力+118,法术强度+163；暴击等级+88；每5秒法力回复+52,法术强度+168；暴击等级+87；每5秒法力回复+53,法术强度×1.0307；暴击等级×0.9886；每5秒法力回复×1.0192,5,529,539,1.0093,1,蓝色,,0,,,,2603,,48589,莉亚德琳的凯旋护胸,258,4,4,5,无,,34395,尊贵仲裁者胸甲,48053,4,159,70,
101403,风暴领主胸铠,护甲,治疗,4,4,5,胸部,260,耐力+118；智力+160,法术强度+137；每5秒法力回复+45；急速等级+88,法术强度+148；每5秒法力回复+44；急速等级+83,法术强度×1.0803；每5秒法力回复×0.9778；急速等级×0.9432,5,396,548,1.0091,1,黄色,,0,,,,2639,,45305,冥界胸铠,225,4,4,5,无,,35027,野蛮角斗士的板层甲护胸,50001,4,159,70,
101404,赤霞之战衣,护甲,治疗,4,4,5,胸部,260,耐力+118；智力+118,法术强度+163；暴击等级+88；每5秒法力回复+52,法术强度+150；暴击等级+95；每5秒法力回复+50,法术强度×0.9202；暴击等级×1.0795；每5秒法力回复×0.9615,5,529,539,0.9852,1,红色,,0,,,,2603,,48584,图拉扬的凯旋护胸,258,4,4,5,无,,35066,野蛮角斗士的板甲护胸,49999,4,159,70,
101405,不朽战衣,护甲,治疗,4,4,5,胸部,260,耐力+118；智力+118,法术强度+157；每5秒法力回复+40；暴击等级+104,法术强度+169；每5秒法力回复+42；暴击等级+97,法术强度×1.0764；每5秒法力回复×1.0500；暴击等级×0.9327,5,558,537,1.0130,1,蓝色,,0,,,,2611,,51861,败血缝合胸铠,264,4,4,5,无,,30904,救世胸铠,46351,4,151,70,
101406,扣带·玄冰,护甲,治疗,4,4,6,腰部,260,耐力+88；智力+88,法术强度+116；暴击等级+61；每5秒法力回复+39,法术强度+105；暴击等级+62；每5秒法力回复+38,法术强度×0.9052；暴击等级×1.0164；每5秒法力回复×0.9744,5,384,392,0.9719,0,,,0,,,,1463,,47484,遗忘殉难者束带,258,4,4,6,无,,34547,冲锋束腰,48361,4,154,70,
101407,织法者战带,护甲,治疗,4,4,6,腰部,260,耐力+89；智力+88,法术强度+118；急速等级+77；每5秒法力回复+31,法术强度+126；急速等级+71；每5秒法力回复+28,法术强度×1.0678；急速等级×0.9221；每5秒法力回复×0.9032,5,418,403,0.9975,1,黄色,,0,,,,1468,,51836,紧致腰带,264,4,4,6,无,,33811,守备官的板甲腰带,47047,4,146,70,
101408,先知腰铠,护甲,治疗,4,4,6,腰部,260,耐力+88；智力+88,法术强度+116；暴击等级+61；每5秒法力回复+39,法术强度+117；暴击等级+57；每5秒法力回复+36,法术强度×1.0086；暴击等级×0.9344；每5秒法力回复×0.9231,5,384,392,0.9847,1,红色,,0,,,,1463,,47207,遗忘殉难者腰带,258,4,4,6,无,,33888,守备官的板层甲腰带,47415,4,146,70,
101409,执剑者惊涛扣带,护甲,治疗,4,4,6,腰部,260,耐力+88；智力+89,法术强度+115；急速等级+77；每5秒法力回复+31,法术强度+109；急速等级+84；每5秒法力回复+32,法术强度×0.9478；急速等级×1.0909；每5秒法力回复×1.0323,5,367,400,1.0050,1,蓝色,,0,,,,1459,,51555,紧致腰带,251,4,4,6,无,,30897,希望束带,48291,4,141,70,
101410,太古之腿胄,护甲,治疗,4,4,7,腿部,260,耐力+118；智力+118,法术强度+163；暴击等级+88；每5秒法力回复+52,法术强度+169；暴击等级+91；每5秒法力回复+55,法术强度×1.0368；暴击等级×1.0341；每5秒法力回复×1.0577,5,529,539,1.0223,1,蓝色,,0,,,,2277,,48586,莉亚德琳的凯旋胫甲,258,4,4,7,无,,35030,野蛮角斗士的板层甲护腿,50002,4,159,70,
101411,生长·护腿,护甲,治疗,4,4,7,腿部,260,耐力+120；智力+117,法术强度+168；急速等级+96；每5秒法力回复+53,法术强度+167；急速等级+102；每5秒法力回复+55,法术强度×0.9940；急速等级×1.0625；每5秒法力回复×1.0377,5,428,554,1.0126,2,黄色,红色,0,,,,2248,,50229,寒冰深渊腿甲,232,4,4,7,无,,35069,野蛮角斗士的板甲护腿,49996,4,159,70,
101412,峥嵘回响腿铠,护甲,治疗,4,4,7,腿部,260,耐力+118；智力+118,法术强度+163；暴击等级+88；每5秒法力回复+52,法术强度+169；暴击等级+85；每5秒法力回复+56,法术强度×1.0368；暴击等级×0.9659；每5秒法力回复×1.0769,5,529,539,1.0130,0,,,0,,,,2277,,48581,图拉扬的凯旋胫甲,258,4,4,7,无,,30903,无尽怒气腿甲,46359,4,151,70,
101413,永夜·腿胄,护甲,治疗,4,4,7,腿部,260,耐力+117；智力+121,法术强度+154；急速等级+99；每5秒法力回复+53,法术强度+165；急速等级+95；每5秒法力回复+49,法术强度×1.0714；急速等级×0.9596；每5秒法力回复×0.9245,5,399,544,1.0055,2,蓝色,黄色,0,,,,2267,,46181,征服者的庇护胫甲,226,4,4,7,无,,30977,冲锋护腿,45660,4,146,70,
101414,照夜踏靴,护甲,治疗,4,4,8,脚部,260,耐力+89；智力+88,法术强度+118；暴击等级+77；每5秒法力回复+31,法术强度+122；暴击等级+82；每5秒法力回复+31,法术强度×1.0339；暴击等级×1.0649；每5秒法力回复×1.0000,5,418,403,1.0223,1,蓝色,,0,,,,1794,,51931,朽骨长靴,264,4,4,8,无,,33812,守备官的板甲护胫,44735,4,146,70,
101415,裂云战靴,护甲,治疗,4,4,8,脚部,260,耐力+100；智力+85,法术强度+109；急速等级+65；每5秒法力回复+33,法术强度+118；急速等级+60；每5秒法力回复+35,法术强度×1.0826；急速等级×0.9231；每5秒法力回复×1.0606,5,287,392,1.0153,0,,,0,,,,1781,,45561,命运之靴,226,4,4,8,无,,33890,守备官的板层甲护胫,47417,4,146,70,
101416,暴风城之踏靴,护甲,治疗,4,4,8,脚部,260,耐力+89；智力+88,法术强度+118；暴击等级+69；每5秒法力回复+35,法术强度+129；暴击等级+66；每5秒法力回复+33,法术强度×1.0932；暴击等级×0.9565；每5秒法力回复×0.9429,5,414,399,1.0150,0,,,0,,,,1794,,50416,丧歌长靴,264,4,4,8,无,,32956,Tom's Boots 3,29863,4,145,70,
101417,钢铁·足铠,护甲,治疗,4,4,8,脚部,260,耐力+100；智力+85,法术强度+109；急速等级+65；每5秒法力回复+33,法术强度+100；急速等级+67；每5秒法力回复+30,法术强度×0.9174；急速等级×1.0308；每5秒法力回复×0.9091,5,287,392,0.9745,0,,,0,,,,1781,,45561,命运之靴,226,4,4,8,无,,32243,珍珠镶饰长靴,45332,4,141,70,
101418,命轮·腕甲,护甲,治疗,4,4,9,腕部,260,耐力+66；智力+66,法术强度+93；暴击等级+58；每5秒法力回复+24,法术强度+85；暴击等级+54；每5秒法力回复+26,法术强度×0.9140；暴击等级×0.9310；每5秒法力回复×1.0833,5,302,307,0.9674,1,蓝色,,0,,,,1139,,47455,碎约护腕,258,4,4,9,无,,34442,冲锋腕甲,48348,4,154,70,
101419,护臂·虚空,护甲,治疗,4,4,9,腕部,260,耐力+76；智力+62,法术强度+94；急速等级+50；每5秒法力回复+29,法术强度+102；急速等级+54；每5秒法力回复+27,法术强度×1.0851；急速等级×1.0800；每5秒法力回复×0.9310,5,323,311,1.0322,2,黄色,红色,0,,,,1142,,51907,灰霭护腕,264,4,4,9,无,,35170,护卫者的板层甲护腕,48662,4,154,70,
101420,寒星·腕铠,护甲,治疗,4,4,9,腕部,260,耐力+66；智力+66,法术强度+93；暴击等级+58；每5秒法力回复+24,法术强度+93；暴击等级+58；每5秒法力回复+23,法术强度×1.0000；暴击等级×1.0000；每5秒法力回复×0.9583,5,302,307,0.9967,1,红色,,0,,,,1139,,47098,碎约护臂,258,4,4,9,无,,35176,护卫者的板甲护腕,48664,4,154,70,
101421,苍翠照夜臂甲,护甲,治疗,4,4,9,腕部,260,耐力+76；智力+62,法术强度+92；急速等级+48；每5秒法力回复+29,法术强度+97；急速等级+50；每5秒法力回复+29,法术强度×1.0543；急速等级×1.0417；每5秒法力回复×1.0000,5,284,307,1.0228,1,蓝色,,0,,,,1134,,50796,灰霭护腕,251,4,4,9,无,,32959,Tom's Bracer 3,29859,4,145,70,
101422,祖达克凋零拳甲,护甲,治疗,4,4,10,手部,260,耐力+89；智力+88,法术强度+118；暴击等级+62；每5秒法力回复+38,法术强度+124；暴击等级+66；每5秒法力回复+38,法术强度×1.0508；暴击等级×1.0645；每5秒法力回复×1.0000,5,410,395,1.0253,2,蓝色,黄色,0,,,,1631,,51886,烂肠的毒气手套,264,4,4,10,无,,35067,野蛮角斗士的板甲手套,49998,4,159,70,
101423,织法者之臂铠,护甲,治疗,4,4,10,手部,260,耐力+88；智力+88,法术强度+126；急速等级+77；每5秒法力回复+35,法术强度+132；急速等级+75；每5秒法力回复+32,法术强度×1.0476；急速等级×0.9740；每5秒法力回复×0.9143,5,406,414,1.0024,1,黄色,,0,,,,1626,,48588,莉亚德琳的凯旋手套,258,4,4,10,无,,34352,堡垒手套,48036,4,156,70,
101424,风暴峭壁之拳甲,护甲,治疗,4,4,10,手部,260,耐力+89；智力+88,法术强度+128；暴击等级+77；每5秒法力回复+35,法术强度+130；暴击等级+70；每5秒法力回复+35,法术强度×1.0156；暴击等级×0.9091；每5秒法力回复×1.0000,5,432,417,0.9880,0,,,0,,,,1631,,51169,神圣光誓手套,264,4,4,10,无,,30969,冲锋护手,45659,4,146,70,
101425,雷霆护手,护甲,治疗,4,4,10,手部,260,耐力+88；智力+88,法术强度+126；急速等级+77；每5秒法力回复+35,法术强度+115；急速等级+71；每5秒法力回复+35,法术强度×0.9127；急速等级×0.9221；每5秒法力回复×1.0000,5,406,414,0.9589,1,蓝色,,0,,,,1626,,48583,图拉扬的凯旋手套,258,4,4,10,无,,30982,光明使者护手,45685,4,146,70,
101426,艾萨拉之战盔,护甲,敏捷输出,4,2,1,头部,260,敏捷+153；耐力+104,攻击强度+201；暴击等级+62；急速等级+114,攻击强度+215；暴击等级+58；急速等级+108,攻击强度×1.0697；暴击等级×0.9355；急速等级×0.9474,5,488,634,1.0063,3,混沌,蓝色,0,,,,526,,50206,磨损的恶徒皮帽,232,4,2,1,无,,31027,刺杀者头盔,45434,4,146,70,黄色
101427,泰罗卡森林灵光头盔,护甲,敏捷输出,4,2,1,头部,260,敏捷+153；耐力+156,攻击强度+164；暴击等级+96；护甲穿透等级+89,攻击强度+180；暴击等级+105；护甲穿透等级+95,攻击强度×1.0976；暴击等级×1.0938；护甲穿透等级×1.0674,5,684,658,1.0471,3,混沌,蓝色,0,,,,534,,51187,神圣影刃头盔,264,4,2,1,无,,31037,雷霆之心头盔,45663,4,146,70,红色
101428,战盔·新月,护甲,敏捷输出,4,2,1,头部,260,敏捷+131；耐力+156,攻击强度+210；暴击等级+104；命中等级+81,攻击强度+203；暴击等级+106；命中等级+89,攻击强度×0.9667；暴击等级×1.0192；命中等级×1.0988,5,708,682,1.0044,2,混沌,蓝色,0,,,,534,,50073,鬼王的酷刑袋,264,4,2,1,无,,33672,复仇角斗士的龙皮头盔,48262,4,146,70,
101429,兜帽·山岳,护甲,敏捷输出,4,2,1,头部,260,敏捷+146；耐力+107,攻击强度+224；急速等级+89；护甲穿透等级+97,攻击强度+228；急速等级+88；护甲穿透等级+98,攻击强度×1.0179；急速等级×0.9888；护甲穿透等级×1.0103,5,687,663,1.0060,3,混沌,红色,0,,,,534,,51866,毁弃的肠袋,264,4,2,1,无,,33691,复仇角斗士的科多皮头盔,48261,4,146,70,黄色
101430,肩卫·霜裔,护甲,敏捷输出,4,2,3,肩部,260,敏捷+106；耐力+116,攻击强度+141；暴击等级+77；急速等级+62,攻击强度+130；暴击等级+82；急速等级+58,攻击强度×0.9220；暴击等级×1.0649；急速等级×0.9355,5,521,502,0.9801,0,,,0,,,,493,,49987,染血的信徒肩甲,264,4,2,3,无,,33703,复仇角斗士的皮甲护肩,46938,4,146,70,
101431,缚霜者之肩铠,护甲,敏捷输出,4,2,3,肩部,260,敏捷+98；耐力+89,攻击强度+178；暴击等级+62；护甲穿透等级+77,攻击强度+178；暴击等级+67；护甲穿透等级+80,攻击强度×1.0000；暴击等级×1.0806；护甲穿透等级×1.0390,5,523,504,1.0159,0,,,0,,,,493,,51830,剥皮幼兽护肩,264,4,2,3,无,,30917,刀锋怒火护肩,45752,4,141,70,
101432,冻结肩甲,护甲,敏捷输出,4,2,3,肩部,260,敏捷+114；耐力+116,攻击强度+141；暴击等级+77；命中等级+69,攻击强度+137；暴击等级+78；命中等级+66,攻击强度×0.9716；暴击等级×1.0130；命中等级×0.9565,5,537,517,0.9884,2,蓝色,红色,0,,,,493,,51185,神圣影刃护肩,264,4,2,3,无,,32377,黑暗护肩,45816,4,141,70,
101433,钢铁肩甲,护甲,敏捷输出,4,2,3,肩部,260,敏捷+109；耐力+116,攻击强度+153；急速等级+77；护甲穿透等级+69,攻击强度+149；急速等级+72；护甲穿透等级+71,攻击强度×0.9739；急速等级×0.9351；护甲穿透等级×1.0290,5,515,524,0.9866,1,红色,,0,,,,492,,48207,玛法里奥的凯旋肩甲,258,4,2,3,无,,32518,旋叶护肩,45758,4,141,70,
101434,星环·战衣,护甲,敏捷输出,4,2,5,胸部,260,敏捷+141；耐力+156,攻击强度+207；暴击等级+98；急速等级+94,攻击强度+209；暴击等级+98；急速等级+101,攻击强度×1.0097；暴击等级×1.0000；急速等级×1.0745,5,682,696,1.0129,1,红色,,0,,,,656,,48206,玛法里奥的凯旋外衣,258,4,2,20,无,,30905,午夜胸甲,46352,4,151,70,
101435,天启护甲,护甲,敏捷输出,4,2,5,胸部,260,敏捷+153；耐力+156,攻击强度+179；暴击等级+104；护甲穿透等级+89,攻击强度+175；暴击等级+108；护甲穿透等级+84,攻击强度×0.9777；暴击等级×1.0385；护甲穿透等级×0.9438,5,708,681,0.9927,0,,,0,,,,657,,51189,神圣影刃甲冑,264,4,2,5,无,,31028,刺杀者胸甲,45425,4,146,70,
101436,冻结护甲,护甲,敏捷输出,4,2,5,胸部,260,敏捷+141；耐力+156,攻击强度+190；暴击等级+104；命中等级+96,攻击强度+183；暴击等级+113；命中等级+95,攻击强度×0.9632；暴击等级×1.0865；命中等级×0.9896,5,674,687,1.0015,1,蓝色,,0,,,,656,,48233,迦罗娜的凯旋胸甲,258,4,2,5,无,,31041,雷霆之心外套,45662,4,146,70,
101437,星语者穿云护胸,护甲,敏捷输出,4,2,5,胸部,260,敏捷+142；耐力+103,攻击强度+222；急速等级+107；护甲穿透等级+88,攻击强度+242；急速等级+109；护甲穿透等级+94,攻击强度×1.0901；急速等级×1.0187；护甲穿透等级×1.0682,5,687,662,1.0423,1,红色,,0,,,,657,,51923,极寒绞索胸甲,264,4,2,5,无,,33675,复仇角斗士的龙皮外套,46945,4,146,70,
101438,暴风城腰带,护甲,敏捷输出,4,2,6,腰部,260,敏捷+120；耐力+116,攻击强度+145；暴击等级+60；急速等级+74,攻击强度+152；暴击等级+61；急速等级+68,攻击强度×1.0483；暴击等级×1.0167；急速等级×0.9189,5,397,515,1.0039,1,红色,,0,,,,371,,45491,创世者的腰带,232,4,2,6,无,,32265,暗影行者腰带,45730,4,141,70,
101439,星环·腰甲,护甲,敏捷输出,4,2,6,腰部,260,敏捷+98；耐力+116,攻击强度+157；暴击等级+77；护甲穿透等级+62,攻击强度+142；暴击等级+81；护甲穿透等级+66,攻击强度×0.9045；暴击等级×1.0519；护甲穿透等级×1.0645,5,529,510,0.9863,1,黄色,,0,,,,370,,50067,阿斯崔瑞安的缝合腰带,264,4,2,6,无,,32339,原始王权腰带,45264,4,141,70,
101440,银月城之腰甲,护甲,敏捷输出,4,2,6,腰部,260,敏捷+98；耐力+89,攻击强度+178；命中等级+52；暴击等级+83,攻击强度+165；命中等级+52；暴击等级+77,攻击强度×0.9270；命中等级×1.0000；暴击等级×0.9277,5,519,500,0.9620,2,蓝色,红色,0,,,,370,,51925,窃魂者的织带,264,4,2,6,无,,34929,寂静路途腰带,48483,4,141,70,
101441,寒冰皇冠腰甲,护甲,敏捷输出,4,2,6,腰部,260,敏捷+114；耐力+116,攻击强度+126；急速等级+62；护甲穿透等级+77,攻击强度+119；急速等级+60；护甲穿透等级+84,攻击强度×0.9444；急速等级×0.9677；护甲穿透等级×1.0909,5,513,495,0.9960,1,红色,,0,,,,370,,50995,复仇腰索,264,4,2,6,无,,30106,百亡腰带,42636,4,138,70,
101442,圣殿骑士之腿铠,护甲,敏捷输出,4,2,7,腿部,260,敏捷+153；耐力+156,攻击强度+164；急速等级+104；暴击等级+81,攻击强度+172；急速等级+101；暴击等级+79,攻击强度×1.0488；急速等级×0.9712；暴击等级×0.9753,5,684,658,1.0046,0,,,0,,,,575,,51889,染疫皮制护腿,264,4,2,7,无,,33702,复仇角斗士的皮甲护腿,46937,4,146,70,
101443,圣殿骑士镇海战裙,护甲,敏捷输出,4,2,7,腿部,260,敏捷+131；耐力+137,攻击强度+226；护甲穿透等级+69；暴击等级+112,攻击强度+236；护甲穿透等级+71；暴击等级+107,攻击强度×1.0442；护甲穿透等级×1.0290；暴击等级×0.9554,5,699,675,1.0104,2,黄色,蓝色,0,,,,575,,51841,象牙镶嵌护腿,264,4,2,7,无,,30898,秘密商人长裤,45227,4,141,70,
101444,剃刀高地晨星腿甲,护甲,敏捷输出,4,2,7,腿部,260,敏捷+141；耐力+156,攻击强度+174；暴击等级+104；命中等级+88,攻击强度+184；暴击等级+95；命中等级+95,攻击强度×1.0575；暴击等级×0.9135；命中等级×1.0795,5,650,663,1.0121,1,蓝色,,0,,,,573,,48205,玛法里奥的凯旋腿甲,258,4,2,7,无,,32271,不朽自然褶裙,45724,4,141,70,
101445,森罗·战裙,护甲,敏捷输出,4,2,7,腿部,260,敏捷+141；耐力+156,攻击强度+190；命中等级+88；护甲穿透等级+96,攻击强度+192；命中等级+94；护甲穿透等级+90,攻击强度×1.0105；命中等级×1.0682；护甲穿透等级×0.9375,5,658,671,1.0030,2,红色,黄色,0,,,,573,,48236,迦罗娜的凯旋腿甲,258,4,2,7,无,,34901,巡林者护腿,48449,4,141,70,
101446,霜狼酋长之护足,护甲,敏捷输出,4,2,8,脚部,260,敏捷+132；耐力+100,攻击强度+142；暴击等级+87；急速等级+74,攻击强度+129；暴击等级+92；急速等级+68,攻击强度×0.9085；暴击等级×1.0575；急速等级×0.9189,5,410,535,0.9738,2,红色,黄色,0,,,,452,,45162,踏火之靴,232,4,2,8,无,,30891,黑羽之靴,45800,4,141,70,
101447,虚空风暴之护足,护甲,敏捷输出,4,2,8,脚部,260,敏捷+104；耐力+92；智力+60,攻击强度+138；暴击等级+77；护甲穿透等级+49,攻击强度+130；暴击等级+82；护甲穿透等级+51,攻击强度×0.9420；暴击等级×1.0649；护甲穿透等级×1.0408,6,655,520,0.9981,1,黄色,,0,,,,1012,,54577,回归之足音,284,4,2,8,无,,32352,自然护卫者之靴,45326,4,141,70,
101448,赞加沼泽踏靴,护甲,敏捷输出,4,2,8,脚部,260,敏捷+110；耐力+88,攻击强度+143；暴击等级+78；命中等级+67,攻击强度+154；暴击等级+76；命中等级+67,攻击强度×1.0769；暴击等级×0.9744；命中等级×1.0000,5,351,486,1.0185,0,,,0,,,,448,,45564,沉寂足垫,226,4,2,8,无,,32366,暗影主宰之靴,45729,4,141,70,
101449,护足·血月,护甲,敏捷输出,4,2,8,脚部,260,敏捷+104；耐力+92；智力+60,攻击强度+138；暴击等级+77；护甲穿透等级+49,攻击强度+150；暴击等级+72；护甲穿透等级+50,攻击强度×1.0870；暴击等级×0.9351；护甲穿透等级×1.0204,6,655,520,1.0154,1,红色,,0,,,,1012,,54577,回归之足音,284,4,2,8,无,,32593,兽穴领袖之靴,45352,4,141,70,
101450,血色修道院之护腕,护甲,敏捷输出,4,2,9,腕部,260,敏捷+85；耐力+76,攻击强度+110；急速等级+50；暴击等级+58,攻击强度+102；急速等级+45；暴击等级+54,攻击强度×0.9273；急速等级×0.9000；暴击等级×0.9310,5,394,379,0.9551,0,,,0,,,,288,,51820,冰霜巨龙之后护臂,264,4,2,9,无,,32351,艾露恩神力护腕,45288,4,141,70,
101451,夜幕之护臂,护甲,敏捷输出,4,2,9,腕部,260,敏捷+85；耐力+87,攻击强度+102；暴击等级+50；护甲穿透等级+58,攻击强度+110；暴击等级+48；护甲穿透等级+63,攻击强度×1.0784；暴击等级×0.9600；护甲穿透等级×1.0862,5,397,382,1.0288,0,,,0,,,,288,,50333,托斯克的巨型腕甲,264,4,2,9,无,,32580,迅捷打击护腕,45775,4,141,70,
101452,刀锋山臂甲,护甲,敏捷输出,4,2,9,腕部,260,敏捷+71；耐力+87,攻击强度+99；命中等级+50；暴击等级+58,攻击强度+93；命中等级+51；暴击等级+63,攻击强度×0.9394；命中等级×1.0200；暴击等级×1.0862,5,358,365,1.0000,1,蓝色,,0,,,,287,,47474,黑暗决心臂甲,258,4,2,9,无,,32582,新生护腕,45401,4,141,70,
101453,腕铠·苍白,护甲,敏捷输出,4,2,9,腕部,260,敏捷+83；耐力+88,攻击强度+111；急速等级+57；护甲穿透等级+48,攻击强度+118；急速等级+55；护甲穿透等级+52,攻击强度×1.0631；急速等级×0.9649；护甲穿透等级×1.0833,5,337,387,1.0233,1,红色,,0,,,,284,,47582,迅杀护腕,245,4,2,9,无,,33881,守备官的龙皮护腕,47411,4,141,70,
101454,死亡骑士手甲,护甲,敏捷输出,4,2,10,手部,260,敏捷+114；耐力+116,攻击强度+141；暴击等级+77；急速等级+70,攻击强度+146；暴击等级+77；急速等级+65,攻击强度×1.0355；暴击等级×1.0000；急速等级×0.9286,5,537,518,1.0000,0,,,0,,,,411,,51188,神圣影刃护手,264,4,2,10,无,,33671,复仇角斗士的龙皮手套,46941,4,146,70,
101455,利爪护手,护甲,敏捷输出,4,2,10,手部,260,敏捷+114；耐力+83,攻击强度+151；暴击等级+69；护甲穿透等级+70,攻击强度+151；暴击等级+63；护甲穿透等级+65,攻击强度×1.0000；暴击等级×0.9130；护甲穿透等级×0.9286,5,505,487,0.9774,1,黄色,,0,,,,411,,51904,天谴扼杀手套,264,4,2,10,无,,33700,复仇角斗士的皮甲手套,46940,4,146,70,
101456,圣辉护手,护甲,敏捷输出,4,2,10,手部,260,敏捷+117；耐力+116,攻击强度+137；暴击等级+77；命中等级+69,攻击强度+141；暴击等级+82；命中等级+68,攻击强度×1.0292；暴击等级×1.0649；命中等级×0.9855,5,507,516,1.0155,1,蓝色,,0,,,,409,,48234,迦罗娜的凯旋护手,258,4,2,10,无,,32328,植物学者的生长手套,45707,4,141,70,
101457,驭天护手,护甲,敏捷输出,4,2,10,手部,260,敏捷+114；耐力+116,攻击强度+141；护甲穿透等级+77；急速等级+70,攻击强度+137；护甲穿透等级+73；急速等级+69,攻击强度×0.9716；护甲穿透等级×0.9481；急速等级×0.9857,5,537,518,0.9826,2,红色,黄色,0,,,,411,,51144,神圣树纹裹手,264,4,2,10,无,,32347,诅咒之握,45718,4,141,70,
101458,奥格瑞玛银辉面甲,护甲,敏捷输出,4,3,1,头部,260,敏捷+146；耐力+123；智力+82,攻击强度+179；暴击等级+96；急速等级+67,攻击强度+163；暴击等级+100；急速等级+61,攻击强度×0.9106；暴击等级×1.0417；急速等级×0.9104,6,720,693,0.9740,2,混沌,红色,0,,,,1186,,51197,神圣霜巫面甲,264,4,3,1,无,,31003,戈隆追猎者头盔,45680,4,146,70,
101459,裁决者镇世头冠,护甲,敏捷输出,4,3,1,头部,260,敏捷+141；耐力+123；智力+82,攻击强度+174；暴击等级+104；护甲穿透等级+65,攻击强度+181；暴击等级+95；护甲穿透等级+62,攻击强度×1.0402；暴击等级×0.9135；护甲穿透等级×0.9538,6,676,689,0.9927,3,混沌,红色,0,,,,1183,,48267,风行者的凯旋头饰,258,4,3,1,无,,31012,破天头盔,45669,4,146,70,红色
101460,地狱火半岛之头冠,护甲,敏捷输出,4,3,1,头部,260,敏捷+141；耐力+123；智力+82,攻击强度+174；命中等级+88；暴击等级+82,攻击强度+178；命中等级+82；暴击等级+85,攻击强度×1.0230；命中等级×0.9318；暴击等级×1.0366,6,676,690,1.0014,3,混沌,红色,0,,,,1183,,48358,萨尔的凯旋面甲,258,4,3,1,无,,33666,复仇角斗士的链甲头盔,47951,4,146,70,蓝色
101461,星语者轰雷面甲,护甲,敏捷输出,4,3,1,头部,260,敏捷+147；耐力+123；智力+83,攻击强度+164；护甲穿透等级+102；急速等级+62,攻击强度+149；护甲穿透等级+104；急速等级+65,攻击强度×0.9085；护甲穿透等级×1.0196；急速等级×1.0484,6,592,681,0.9853,2,混沌,蓝色,0,,,,1174,,47685,雏龙头盔,245,4,3,1,无,,33708,复仇角斗士的鳞甲头盔,46894,4,146,70,
101462,泰罗卡森林肩卫,护甲,敏捷输出,4,3,3,肩部,260,敏捷+114；耐力+91；智力+60,攻击强度+141；暴击等级+77；急速等级+53,攻击强度+150；暴击等级+79；急速等级+51,攻击强度×1.0638；暴击等级×1.0260；急速等级×0.9623,6,558,536,1.0168,0,,,0,,,,1095,,51199,神圣霜巫肩甲,264,4,3,3,无,,42668,复仇斗士环甲肩甲,41149,4,146,70,
101463,暴风城之肩铠,护甲,敏捷输出,4,3,3,肩部,260,敏捷+114；耐力+91；智力+60,攻击强度+141；暴击等级+77；护甲穿透等级+53,攻击强度+137；暴击等级+74；护甲穿透等级+54,攻击强度×0.9716；暴击等级×0.9610；护甲穿透等级×1.0189,6,558,536,0.9888,0,,,0,,,,1095,,51151,神圣安卡哈猎血护肩,264,4,3,3,无,,30892,驯兽者护肩,45735,4,141,70,
101464,灵光照夜肩铠,护甲,敏捷输出,4,3,3,肩部,260,敏捷+70；耐力+92；智力+61,攻击强度+214；暴击等级+77；命中等级+61,攻击强度+204；暴击等级+79；命中等级+62,攻击强度×0.9533；暴击等级×1.0260；命中等级×1.0164,6,565,575,0.9878,0,,,0,,,,1092,,48360,萨尔的凯旋肩甲,258,4,3,3,无,,32264,隐藏猎手护肩,45731,4,141,70,
101465,天火·肩甲,护甲,敏捷输出,4,3,3,肩部,260,敏捷+101；耐力+92；智力+53,攻击强度+155；护甲穿透等级+67；急速等级+49,攻击强度+153；护甲穿透等级+71；急速等级+45,攻击强度×0.9871；护甲穿透等级×1.0597；急速等级×0.9184,6,507,517,0.9961,2,红色,黄色,0,,,,1092,,53113,暮光龙鳞护肩,258,4,3,3,无,,32517,波浪治愈护肩,45757,4,141,70,
101466,苍穹王座银辉胸甲,护甲,敏捷输出,4,3,5,胸部,260,敏捷+88；耐力+123；智力+82,攻击强度+310；暴击等级+96；急速等级+73,攻击强度+292；暴击等级+91；急速等级+80,攻击强度×0.9419；暴击等级×0.9479；急速等级×1.0959,6,759,772,0.9793,2,红色,黄色,0,,,,1456,,48356,萨尔的凯旋胸甲,258,4,3,5,无,,31004,戈隆追猎者护胸,45678,4,146,70,
101467,征途之胸甲,护甲,敏捷输出,4,3,5,胸部,260,敏捷+153；耐力+123；智力+82,攻击强度+179；暴击等级+96；护甲穿透等级+74,攻击强度+178；暴击等级+100；护甲穿透等级+68,攻击强度×0.9944；暴击等级×1.0417；护甲穿透等级×0.9189,6,736,707,0.9958,1,黄色,,0,,,,1460,,51150,神圣安卡哈猎血外套,264,4,3,5,无,,31016,破天护胸,45668,4,146,70,
101468,暴风城之胸甲,护甲,敏捷输出,4,3,5,胸部,260,敏捷+88；耐力+123；智力+82,攻击强度+310；暴击等级+96；命中等级+73,攻击强度+289；暴击等级+98；命中等级+67,攻击强度×0.9323；暴击等级×1.0208；命中等级×0.9178,6,759,772,0.9676,0,,,0,,,,1456,,48265,风行者的凯旋外套,258,4,3,5,无,,33664,复仇角斗士的链甲护胸,46880,4,146,70,
101469,星海战衣,护甲,敏捷输出,4,3,5,胸部,260,敏捷+147；耐力+123；智力+83,攻击强度+164；护甲穿透等级+93；急速等级+71,攻击强度+179；护甲穿透等级+100；急速等级+70,攻击强度×1.0915；护甲穿透等级×1.0753；急速等级×0.9859,6,592,681,1.0308,1,红色,,0,,,,1446,,47596,十字军的龙鳞胸甲,245,4,3,5,无,,33706,复仇角斗士的鳞甲护胸,46891,4,146,70,
101470,天启之腰带,护甲,敏捷输出,4,3,6,腰部,260,敏捷+76；耐力+91；智力+62,攻击强度+173；暴击等级+68；急速等级+58,攻击强度+168；暴击等级+65；急速等级+61,攻击强度×0.9711；暴击等级×0.9559；急速等级×1.0517,6,389,528,0.9905,0,,,0,,,,816,,45553,巨龙腰带,226,4,3,6,无,,32276,闪火腰带,45763,4,141,70,
101471,守望扣带,护甲,敏捷输出,4,3,6,腰部,260,敏捷+98；耐力+91；智力+60,攻击强度+157；暴击等级+62；护甲穿透等级+61,攻击强度+142；暴击等级+61；护甲穿透等级+59,攻击强度×0.9045；暴击等级×0.9839；护甲穿透等级×0.9672,6,550,529,0.9660,1,黄色,,0,,,,821,,50413,尼鲁巴尔猎手束带,264,4,3,6,无,,32346,骨纹束带,45277,4,141,70,
101472,符文大师之战带,护甲,敏捷输出,4,3,6,腰部,260,敏捷+98；耐力+91；智力+60,攻击强度+157；命中等级+45；暴击等级+77,攻击强度+144；命中等级+41；暴击等级+73,攻击强度×0.9172；命中等级×0.9111；暴击等级×0.9481,6,550,528,0.9602,2,蓝色,红色,0,,,,821,,51935,天谴椎骨链带,264,4,3,6,无,,34932,抚慰轻风腰带,48490,4,141,70,
101473,冰冠堡垒扣带,护甲,敏捷输出,4,3,6,腰部,260,敏捷+98；耐力+91；智力+54,攻击强度+157；急速等级+50；护甲穿透等级+77,攻击强度+159；急速等级+49；护甲穿透等级+72,攻击强度×1.0127；急速等级×0.9800；护甲穿透等级×0.9351,6,548,527,0.9924,2,红色,黄色,0,,,,821,,51853,饮血者束带,264,4,3,6,无,,32797,老兵的链甲束带,46052,4,136,70,
101474,夜幕护腿,护甲,敏捷输出,4,3,7,腿部,260,敏捷+153；耐力+123；智力+82,攻击强度+179；暴击等级+96；急速等级+74,攻击强度+179；暴击等级+92；急速等级+72,攻击强度×1.0000；暴击等级×0.9583；急速等级×0.9730,6,736,707,0.9915,1,红色,,0,,,,1278,,51152,神圣安卡哈猎血腿甲,264,4,3,7,无,,33709,复仇角斗士的鳞甲护腿,46895,4,146,70,
101475,天轨驭雷护腿,护甲,敏捷输出,4,3,7,腿部,260,敏捷+141；耐力+82；智力+123,攻击强度+174；暴击等级+104；护甲穿透等级+81,攻击强度+172；暴击等级+105；护甲穿透等级+77,攻击强度×0.9885；暴击等级×1.0096；护甲穿透等级×0.9506,6,692,705,0.9929,1,黄色,,0,,,,1274,,48268,风行者的凯旋腿甲,258,4,3,7,无,,42667,复仇斗士环甲护腿,41148,4,146,70,
101476,护腿·生命,护甲,敏捷输出,4,3,7,腿部,260,敏捷+141；耐力+82；智力+123,攻击强度+174；暴击等级+104；命中等级+82,攻击强度+184；暴击等级+111；命中等级+85,攻击强度×1.0575；暴击等级×1.0673；命中等级×1.0366,6,692,706,1.0283,2,蓝色,红色,0,,,,1274,,48359,萨尔的凯旋战争褶裙,258,4,3,7,无,,30893,阳炎锁链护腿,45229,4,141,70,
101477,虚空镇海腿甲,护甲,敏捷输出,4,3,7,腿部,260,敏捷+141；耐力+82；智力+123,攻击强度+174；暴击等级+104；护甲穿透等级+81,攻击强度+157；暴击等级+107；护甲穿透等级+74,攻击强度×0.9023；暴击等级×1.0288；护甲穿透等级×0.9136,6,692,705,0.9702,2,红色,黄色,0,,,,1274,,48261,风行者的凯旋腿甲,258,4,3,7,无,,30900,弯弓护腿,47778,4,141,70,
101478,凋零之护足,护甲,敏捷输出,4,3,8,脚部,260,敏捷+124；耐力+92；智力+57,攻击强度+149；急速等级+44；暴击等级+61,攻击强度+140；急速等级+47；暴击等级+55,攻击强度×0.9396；急速等级×1.0682；暴击等级×0.9016,6,457,527,0.9772,1,红色,,0,,,,993,,48006,战歌偷猎者胫甲,245,4,3,8,无,,32242,海洋之怒长靴,45278,4,141,70,
101479,战靴·岩心,护甲,敏捷输出,4,3,8,脚部,260,敏捷+114；耐力+91；智力+60,攻击强度+126；暴击等级+77；护甲穿透等级+45,攻击强度+132；暴击等级+78；护甲穿透等级+43,攻击强度×1.0476；暴击等级×1.0130；护甲穿透等级×0.9556,6,534,513,1.0097,1,黄色,,0,,,,1004,,61018,繁花之锁鞋,264,4,3,8,无,,32510,追踪软靴,45733,4,141,70,
101480,轰雷足甲,护甲,敏捷输出,4,3,8,脚部,260,敏捷+98；耐力+91；智力+54,攻击强度+178；命中等级+50；暴击等级+59,攻击强度+191；命中等级+55；暴击等级+63,攻击强度×1.0730；命中等级×1.1000；暴击等级×1.0678,6,551,530,1.0415,0,,,0,,,,1004,,51818,巨龙之翼足靴,264,4,3,8,无,,30104,毒蛇长靴,45845,4,138,70,
101481,暮光审判官战靴,护甲,敏捷输出,4,3,8,脚部,260,敏捷+132；耐力+91；智力+64,攻击强度+145；护甲穿透等级+76；急速等级+57,攻击强度+147；护甲穿透等级+76；急速等级+59,攻击强度×1.0138；护甲穿透等级×1.0000；急速等级×1.0351,6,434,565,1.0071,1,红色,,0,,,,1004,,45249,铜丝战靴,232,4,3,8,无,,32785,老兵的链甲战靴,46053,4,136,70,
101482,黎明之护腕,护甲,敏捷输出,4,3,9,腕部,260,敏捷+103；耐力+66；智力+42,急速等级+44；暴击等级+49；攻击强度+118,急速等级+44；暴击等级+53；攻击强度+116,急速等级×1.0000；暴击等级×1.0816；攻击强度×0.9831,6,286,422,1.0047,1,红色,,0,,,,640,,49820,古德利亚的幽灵护腕,219,4,3,9,无,,32259,风暴降临护腕,45762,4,141,70,
101483,潜踪臂甲,护甲,敏捷输出,4,3,9,腕部,260,敏捷+79；耐力+46；智力+46,攻击强度+116；暴击等级+50；护甲穿透等级+46,攻击强度+115；暴击等级+47；护甲穿透等级+50,攻击强度×0.9914；暴击等级×0.9400；护甲穿透等级×1.0870,6,375,383,1.0000,1,黄色,,0,,,,637,,47442,无声屠戮护腕,258,4,3,9,无,,32574,闪电反射护腕,45399,4,141,70,
101484,腕铠·星环,护甲,敏捷输出,4,3,9,腕部,260,敏捷+78；耐力+68；智力+46,攻击强度+126；命中等级+46；暴击等级+43,攻击强度+133；命中等级+50；暴击等级+45,攻击强度×1.0556；命中等级×1.0870；暴击等级×1.0465,6,423,407,1.0319,1,蓝色,,0,,,,639,,51914,冰冠城防护腕,264,4,3,9,无,,32577,生命之地护腕,45403,4,141,70,
101485,先知之护臂,护甲,敏捷输出,4,3,9,腕部,260,敏捷+79；耐力+46；智力+46,攻击强度+116；暴击等级+50；护甲穿透等级+46,攻击强度+108；暴击等级+55；护甲穿透等级+47,攻击强度×0.9310；暴击等级×1.1000；护甲穿透等级×1.0217,6,375,383,0.9948,2,红色,黄色,0,,,,637,,47074,隐秘屠戮护腕,258,4,3,9,无,,33876,守备官的链甲护腕,47405,4,141,70,
101486,影月谷手甲,护甲,敏捷输出,4,3,10,手部,260,敏捷+109；耐力+92；智力+61,攻击强度+153；暴击等级+69；急速等级+61,攻击强度+144；暴击等级+65；急速等级+62,攻击强度×0.9412；暴击等级×0.9420；急速等级×1.0164,6,535,545,0.9780,1,红色,,0,,,,910,,48266,风行者的凯旋手甲,258,4,3,10,无,,31007,破天手套,45670,4,146,70,
101487,裂地手套,护甲,敏捷输出,4,3,10,手部,260,敏捷+106；耐力+91；智力+60,攻击强度+141；暴击等级+62；护甲穿透等级+61,攻击强度+148；暴击等级+63；护甲穿透等级+67,攻击强度×1.0496；暴击等级×1.0161；护甲穿透等级×1.0984,6,542,521,1.0269,1,黄色,,0,,,,912,,50979,裂木手套,264,4,3,10,无,,33665,复仇角斗士的链甲护手,46883,4,146,70,
101488,索拉查手套,护甲,敏捷输出,4,3,10,手部,260,敏捷+114；耐力+91；智力+60,攻击强度+141；暴击等级+77；命中等级+53,攻击强度+136；暴击等级+72；命中等级+52,攻击强度×0.9645；暴击等级×0.9351；命中等级×0.9811,6,558,536,0.9795,0,,,0,,,,912,,51196,神圣霜巫裹手,264,4,3,10,无,,33707,复仇角斗士的鳞甲护手,46892,4,146,70,
101489,夜幕·护手,护甲,敏捷输出,4,3,10,手部,260,敏捷+131；耐力+92；智力+62,攻击强度+145；护甲穿透等级+61；急速等级+74,攻击强度+145；护甲穿透等级+59；急速等级+72,攻击强度×1.0000；护甲穿透等级×0.9672；急速等级×0.9730,6,435,565,0.9929,1,红色,,0,,,,913,,45109,烈焰巨兽手套,232,4,3,10,无,,42665,复仇斗士环甲护手,41145,4,146,70,
101490,暗影之战盔,护甲,力量输出,4,4,1,头部,260,力量+153；耐力+177,暴击等级+88；命中等级+96,暴击等级+92；命中等级+105,暴击等级×1.0455；命中等级×1.0938,4,504,514,1.0253,3,混沌,蓝色,0,,,,2114,,48398,地狱咆哮的凯旋头盔,258,4,4,1,无,,35185,审判者护目镜3000型,43889,4,159,70,黄色
101491,守望者破夜战盔,护甲,力量输出,4,4,1,头部,260,力量+153；耐力+177,暴击等级+96；急速等级+87,暴击等级+90；急速等级+86,暴击等级×0.9375；急速等级×0.9885,4,504,513,0.9864,3,混沌,黄色,0,,,,2114,,48619,莉亚德琳的凯旋头盔,258,4,4,1,无,,32521,铁壁面甲,46205,4,151,70,红色
101492,血战战盔,护甲,力量输出,4,4,1,头部,260,力量+155；耐力+178,暴击等级+96；护甲穿透等级+89,暴击等级+89；护甲穿透等级+96,暴击等级×0.9271；护甲穿透等级×1.0787,4,538,518,1.0000,3,混沌,蓝色,0,,,,2120,,51212,神圣伊米亚之王头盔,264,4,4,1,无,,30972,冲锋战盔,49684,4,146,70,红色
101493,红龙之头冠,护甲,力量输出,4,4,1,头部,260,力量+153；耐力+177,暴击等级+96；精准等级+88,暴击等级+100；精准等级+96,暴击等级×1.0417；精准等级×1.0909,4,504,514,1.0233,3,混沌,黄色,0,,,,2114,,48493,库尔迪拉的凯旋头盔,258,4,4,1,无,,30987,光明使者面甲,45684,4,146,70,红色
101494,银河肩甲,护甲,力量输出,4,4,3,肩部,260,力量+125；耐力+132,暴击等级+77；命中等级+69,暴击等级+77；命中等级+74,暴击等级×1.0000；命中等级×1.0725,4,396,403,1.0124,2,红色,黄色,0,,,,1952,,48621,莉亚德琳的凯旋肩铠,258,4,4,3,无,,33732,复仇角斗士的板甲护肩,46865,4,146,70,
101495,暴风城肩胄,护甲,力量输出,4,4,3,肩部,260,力量+124；耐力+132,暴击等级+77；急速等级+70,暴击等级+77；急速等级+66,暴击等级×1.0000；急速等级×0.9429,4,418,403,0.9901,0,,,0,,,,1957,,51160,神圣光誓肩甲,264,4,4,3,无,,30866,染血肩铠,45759,4,141,70,
101496,索拉查深渊肩卫,护甲,力量输出,4,4,3,肩部,260,力量+125；耐力+132,暴击等级+77；护甲穿透等级+69,暴击等级+79；护甲穿透等级+75,暴击等级×1.0260；护甲穿透等级×1.0870,4,396,403,1.0199,2,蓝色,红色,0,,,,1952,,48400,地狱咆哮的凯旋肩甲,258,4,4,3,无,,30878,闪光的钢铁护肩,45212,4,141,70,
101497,奥妮克希亚之肩胄,护甲,力量输出,4,4,3,肩部,260,力量+125；耐力+132,暴击等级+77；命中等级+69,暴击等级+75；命中等级+75,暴击等级×0.9740；命中等级×1.0870,4,396,403,1.0099,2,红色,黄色,0,,,,1952,,48612,图拉扬的凯旋肩铠,258,4,4,3,无,,32250,深渊愤怒肩铠,45760,4,141,70,
101498,诅咒之城凋零胸铠,护甲,力量输出,4,4,5,胸部,260,力量+155；耐力+178,暴击等级+96；命中等级+88,暴击等级+101；命中等级+93,暴击等级×1.0521；命中等级×1.0568,4,538,517,1.0193,1,红色,,0,,,,2611,,49951,军兵胸胄,264,4,4,5,无,,28485,列王壁垒,39659,4,146,70,
101499,希利苏斯幽影胸铠,护甲,力量输出,4,4,5,胸部,260,力量+161；耐力+177,暴击等级+96；急速等级+96,暴击等级+99；急速等级+89,暴击等级×1.0312；急速等级×0.9271,4,520,530,0.9925,2,黄色,蓝色,0,,,,2603,,48491,库尔迪拉的凯旋胸铠,258,4,4,5,无,,30975,冲锋胸甲,45658,4,146,70,
101500,守望者胸甲,护甲,力量输出,4,4,5,胸部,260,力量+161；耐力+177,暴击等级+96；护甲穿透等级+96,暴击等级+102；护甲穿透等级+94,暴击等级×1.0625；护甲穿透等级×0.9792,4,520,530,1.0075,1,蓝色,,0,,,,2603,,48617,莉亚德琳的凯旋战甲,258,4,4,5,无,,30990,光明使者胸铠,46350,4,146,70,
101501,红龙军团守望护胸,护甲,力量输出,4,4,5,胸部,260,力量+170；耐力+178,暴击等级+114；精准等级+79,暴击等级+103；精准等级+77,暴击等级×0.9035；精准等级×0.9747,4,413,541,0.9760,2,红色,黄色,0,,,,2613,,45225,断钢者的拥抱,232,4,4,5,无,,30991,光明使者护胸,45683,4,146,70,
101502,银色北伐军降世战带,护甲,力量输出,4,4,6,腰部,260,力量+116；耐力+132,暴击等级+80；命中等级+58,暴击等级+73；命中等级+60,暴击等级×0.9125；命中等级×1.0345,4,401,386,0.9870,1,红色,,0,,,,1468,,50987,恶意板带,264,4,4,6,无,,30915,沸腾怒火腰带,45243,4,141,70,
101503,裁决者之腰甲,护甲,力量输出,4,4,6,腰部,260,力量+137；耐力+132,暴击等级+70；急速等级+79,暴击等级+72；急速等级+82,暴击等级×1.0286；急速等级×1.0380,4,283,418,1.0120,0,,,0,,,,1471,,49808,曲金腰带,219,4,4,6,无,,32333,稳固腰带,45299,4,141,70,
101504,辉煌之战带,护甲,力量输出,4,4,6,腰部,260,力量+116；耐力+132,暴击等级+72；护甲穿透等级+66,暴击等级+65；护甲穿透等级+64,暴击等级×0.9028；护甲穿透等级×0.9697,4,401,386,0.9767,0,,,0,,,,1468,,50187,冷魂锁链,264,4,4,6,无,,32342,坚定意志束带,45298,4,141,70,
101505,风暴峭壁暗影战带,护甲,力量输出,4,4,6,腰部,260,力量+116；耐力+131,暴击等级+69；精准等级+69,暴击等级+63；精准等级+65,暴击等级×0.9130；精准等级×0.9420,4,379,385,0.9740,0,,,0,,,,1463,,47429,血洗束带,258,4,4,6,无,,32512,洛丹伦亡者腰带,44866,4,141,70,
101506,新月·腿铠,护甲,力量输出,4,4,7,腿部,260,力量+160；耐力+178,命中等级+81；暴击等级+103,命中等级+89；暴击等级+106,命中等级×1.0988；暴击等级×1.0291,4,374,522,1.0211,0,,,0,,,,2267,,46222,征服者神御腿铠,226,4,4,7,无,,30993,光明使者腿铠,45686,4,146,70,
101507,夜幕照夜护腿,护甲,力量输出,4,4,7,腿部,260,力量+153；耐力+177,暴击等级+96；急速等级+87,暴击等级+98；急速等级+81,暴击等级×1.0208；急速等级×0.9310,4,504,513,0.9922,0,,,0,,,,2277,,47465,升华腿铠,258,4,4,7,无,,33698,复仇角斗士的板层甲护腿,46951,4,146,70,
101508,剃刀高地奥术腿甲,护甲,力量输出,4,4,7,腿部,260,力量+161；耐力+177,暴击等级+96；护甲穿透等级+96,暴击等级+89；护甲穿透等级+90,暴击等级×0.9271；护甲穿透等级×0.9375,4,520,530,0.9755,2,蓝色,红色,0,,,,2277,,48494,库尔迪拉的凯旋腿铠,258,4,4,7,无,,33731,复仇角斗士的板甲护腿,46866,4,146,70,
101509,先驱者腿胄,护甲,力量输出,4,4,7,腿部,260,力量+161；耐力+177,暴击等级+96；精准等级+96,暴击等级+98；精准等级+101,暴击等级×1.0208；精准等级×1.0521,4,520,530,1.0132,1,红色,,0,,,,2277,,48620,莉亚德琳的凯旋腿铠,258,4,4,7,无,,32419,Tom's Legs 3,40487,4,145,70,
101510,深渊·护足,护甲,力量输出,4,4,8,脚部,260,力量+130；耐力+132,暴击等级+77；命中等级+63,暴击等级+76；命中等级+65,暴击等级×0.9870；命中等级×1.0317,4,448,402,1.0025,2,红色,黄色,0,,,,1800,,53125,末日行进,271,4,4,8,无,,32245,踏潮者胫甲,45349,4,141,70,
101511,龙焰轰雷护足,护甲,力量输出,4,4,8,脚部,260,力量+115；耐力+132,暴击等级+78；急速等级+56,暴击等级+83；急速等级+58,暴击等级×1.0641；急速等级×1.0357,4,312,381,1.0184,0,,,0,,,,1767,,45599,寂夜战靴,239,4,4,8,无,,32268,侍从战靴,45324,4,141,70,
101512,远征军之战靴,护甲,力量输出,4,4,8,脚部,260,力量+116；耐力+132,暴击等级+62；护甲穿透等级+77,暴击等级+58；护甲穿透等级+75,暴击等级×0.9355；护甲穿透等级×0.9740,4,402,387,0.9845,2,蓝色,红色,0,,,,1794,,61019,繁花之板鞋,264,4,4,8,无,,32345,军团恐怖战靴,45287,4,141,70,
101513,屠龙者护足,护甲,力量输出,4,4,8,脚部,260,力量+116；耐力+132,暴击等级+77；精准等级+61,暴击等级+84；精准等级+65,暴击等级×1.0909；精准等级×1.0656,4,380,386,1.0285,1,红色,,0,,,,1789,,47473,邪铁堡垒胫甲,258,4,4,8,无,,34947,正义卫士胫甲,48472,4,141,70,
101514,龙焰·腕铠,护甲,力量输出,4,4,9,腕部,260,力量+91；耐力+99,暴击等级+58；命中等级+50,暴击等级+53；命中等级+46,暴击等级×0.9138；命中等级×0.9200,4,310,298,0.9698,2,红色,黄色,0,,,,1142,,50002,白熊之爪护腕,264,4,4,9,无,,30861,狂暴镣铐,45748,4,141,70,
101515,唤潮者之腕甲,护甲,力量输出,4,4,9,腕部,260,力量+91；耐力+99,暴击等级+50；急速等级+58,暴击等级+52；急速等级+53,暴击等级×1.0400；急速等级×0.9138,4,310,298,0.9899,1,黄色,,0,,,,1142,,51832,针林护腕,264,4,4,9,无,,30862,神圣精金护腕,45741,4,141,70,
101516,裂空护臂,护甲,力量输出,4,4,9,腕部,260,力量+91；耐力+99,暴击等级+58；护甲穿透等级+50,暴击等级+59；护甲穿透等级+47,暴击等级×1.0172；护甲穿透等级×0.9400,4,292,298,0.9933,2,蓝色,红色,0,,,,1139,,53112,传人护腕,258,4,4,9,无,,32232,恒金外壳护腕,45289,4,141,70,
101517,海加尔山臂甲,护甲,力量输出,4,4,9,腕部,260,力量+91；耐力+99,暴击等级+50；精准等级+58,暴击等级+46；精准等级+53,暴击等级×0.9200；精准等级×0.9138,4,292,298,0.9698,1,红色,,0,,,,1139,,47414,碎骨臂铠冑,258,4,4,9,无,,32279,搜寻者的腕甲,45347,4,141,70,
101518,破军手甲,护甲,力量输出,4,4,10,手部,260,力量+125；耐力+132,暴击等级+77；命中等级+69,暴击等级+83；命中等级+74,暴击等级×1.0779；命中等级×1.0725,4,396,403,1.0273,0,,,0,,,,1626,,48618,莉亚德琳的凯旋护手,258,4,4,10,无,,30983,光明使者手套,46357,4,146,70,
101519,风暴峭壁手甲,护甲,力量输出,4,4,10,手部,260,力量+116；耐力+132,暴击等级+77；急速等级+62,暴击等级+77；急速等级+58,暴击等级×1.0000；急速等级×0.9355,4,402,387,0.9897,1,黄色,,0,,,,1631,,50037,裂肉护手,264,4,4,10,无,,33696,复仇角斗士的板层甲护手,46949,4,146,70,
101520,奥格瑞玛精金护手,护甲,力量输出,4,4,10,手部,260,力量+116；耐力+132,暴击等级+77；护甲穿透等级+61,暴击等级+73；护甲穿透等级+62,暴击等级×0.9481；护甲穿透等级×1.0164,4,380,386,0.9922,1,蓝色,,0,,,,1626,,47492,雪恨手甲,258,4,4,10,无,,33729,复仇角斗士的板甲护手,46868,4,146,70,
101521,巨魔祭司之护手,护甲,力量输出,4,4,10,手部,260,力量+127；耐力+140,暴击等级+83；精准等级+52,暴击等级+76；精准等级+56,暴击等级×0.9157；精准等级×1.0769,4,290,402,0.9925,1,红色,,0,,,,1619,,46219,征服者神御护手,226,4,4,10,无,,32278,沉默的公正,46487,4,141,70,
101522,大领主之战盔,护甲,坦克,4,4,1,头部,260,力量+156；耐力+199,防御等级+74；躲闪等级+67；招架等级+74,防御等级+79；躲闪等级+72；招架等级+76,防御等级×1.0676；躲闪等级×1.0746；招架等级×1.0270,5,592,570,1.0211,2,混沌,黄色,0,,,,2120,,51218,神圣伊米亚之王重盔,264,4,4,1,无,,30988,光明使者巨盔,46358,4,146,70,
101523,残月面罩,护甲,坦克,4,4,1,头部,260,力量+118；耐力+198,防御等级+96；命中等级+63；躲闪等级+104,防御等级+92；命中等级+67；躲闪等级+98,防御等级×0.9583；命中等级×1.0635；躲闪等级×0.9423,5,568,579,0.9896,3,混沌,黄色,0,,,,2114,,48550,库尔迪拉的凯旋面甲,258,4,4,1,无,,33697,复仇角斗士的板层甲头盔,47759,4,146,70,蓝色
101524,冬泉谷之战盔,护甲,坦克,4,4,1,头部,260,力量+120；耐力+193,防御等级+94；精准等级+79；躲闪等级+83,防御等级+85；精准等级+76；躲闪等级+84,防御等级×0.9043；精准等级×0.9620；躲闪等级×1.0120,5,496,569,0.9807,3,混沌,红色,0,,,,2098,,47678,荣光头盔,245,4,4,1,无,,33730,复仇角斗士的板甲头盔,49686,4,146,70,蓝色
101525,黑翼之巢极光战盔,护甲,坦克,4,4,1,头部,260,力量+156；耐力+203,防御等级+82；躲闪等级+67；招架等级+74,防御等级+75；躲闪等级+68；招架等级+67,防御等级×0.9146；躲闪等级×1.0149；招架等级×0.9054,5,604,582,0.9777,2,混沌,黄色,0,,,,2120,,51173,神圣光誓面甲,264,4,4,1,无,,32354,命运皇冠,45843,4,141,70,
101526,泰坦肩甲,护甲,坦克,4,4,3,肩部,260,力量+115；耐力+163,防御等级+61；躲闪等级+53；招架等级+61,防御等级+66；躲闪等级+56；招架等级+66,防御等级×1.0820；躲闪等级×1.0566；招架等级×1.0820,5,470,453,1.0287,0,,,0,,,,1957,,51215,神圣伊米亚之王护肩,264,4,4,3,无,,32570,迅钢护肩,45413,4,141,70,
101527,不灭肩甲,护甲,坦克,4,4,3,肩部,260,力量+119；耐力+174,防御等级+64；躲闪等级+58；命中等级+60,防御等级+60；躲闪等级+60；命中等级+57,防御等级×0.9375；躲闪等级×1.0345；命中等级×0.9500,5,365,475,0.9895,0,,,0,,,,1960,,45251,拆解者肩铠,232,4,4,3,无,,32573,晨钢护肩,45407,4,141,70,
101528,裂地肩铠,护甲,坦克,4,4,3,肩部,260,力量+88；耐力+161,防御等级+77；躲闪等级+77；精准等级+51,防御等级+76；躲闪等级+73；精准等级+48,防御等级×0.9870；躲闪等级×0.9481；精准等级×0.9412,5,446,454,0.9824,0,,,0,,,,1952,,48647,莉亚德琳的凯旋肩甲,258,4,4,3,无,,30490,残酷角斗士的板甲护肩,45970,4,136,70,
101529,晨辉·肩甲,护甲,坦克,4,4,3,肩部,260,力量+88；耐力+161,防御等级+77；躲闪等级+77；精准等级+51,防御等级+81；躲闪等级+71；精准等级+47,防御等级×1.0519；躲闪等级×0.9221；精准等级×0.9216,5,446,454,0.9868,1,蓝色,,0,,,,1952,,48646,图拉扬的凯旋肩甲,258,4,4,3,无,,31996,残酷角斗士的板层甲护肩,46012,4,136,70,
101530,祖达克胸铠,护甲,坦克,4,4,5,胸部,260,力量+156；耐力+210,防御等级+81；招架等级+73；躲闪等级+73,防御等级+82；招架等级+66；躲闪等级+78,防御等级×1.0123；招架等级×0.9041；躲闪等级×1.0685,5,583,593,0.9983,2,蓝色,红色,0,,,,2603,,48651,莉亚德琳的凯旋胸甲,258,4,4,5,无,,33695,复仇角斗士的板层甲护胸,47949,4,146,70,
101531,先驱者护胸,护甲,坦克,4,4,5,胸部,260,力量+118；耐力+199,防御等级+104；躲闪等级+105；命中等级+56,防御等级+107；躲闪等级+102；命中等级+60,防御等级×1.0288；躲闪等级×0.9714；命中等级×1.0714,5,604,582,1.0069,0,,,0,,,,2611,,50024,凋零战甲,264,4,4,5,无,,33728,复仇角斗士的板甲护胸,46867,4,146,70,
101532,破晓断岳胸甲,护甲,坦克,4,4,5,胸部,260,力量+118；耐力+185,防御等级+104；精准等级+79；躲闪等级+87,防御等级+109；精准等级+86；躲闪等级+89,防御等级×1.0481；精准等级×1.0886；躲闪等级×1.0230,5,564,573,1.0244,0,,,0,,,,2603,,47415,巨兽胸铠,258,4,4,5,无,,30896,防御者的荣耀,45222,4,141,70,
101533,冻结胸甲,护甲,坦克,4,4,5,胸部,260,力量+115；耐力+202,防御等级+109；招架等级+69；精准等级+90,防御等级+104；招架等级+68；精准等级+95,防御等级×0.9541；招架等级×0.9855；精准等级×1.0556,5,425,585,0.9983,1,蓝色,,0,,,,2591,,46039,永恒胸铠,226,4,4,5,无,,32365,裂心胸铠,45311,4,141,70,
101534,风暴领主守护扣带,护甲,坦克,4,4,6,腰部,260,力量+116；耐力+149,防御等级+61；躲闪等级+45；招架等级+61,防御等级+61；躲闪等级+42；招架等级+60,防御等级×1.0000；躲闪等级×0.9333；招架等级×0.9836,5,424,432,0.9907,0,,,0,,,,1463,,47444,血痕腰带,258,4,4,6,无,,34941,无畏者腰带,42651,4,141,70,
101535,星轨之战带,护甲,坦克,4,4,6,腰部,260,力量+81；耐力+175,防御等级+66；躲闪等级+77；命中等级+79,防御等级+63；躲闪等级+77；命中等级+80,防御等级×0.9545；躲闪等级×1.0000；命中等级×1.0127,5,349,478,0.9958,1,红色,,0,,,,1458,,45825,持盾护卫束带,226,4,4,6,无,,34944,沸腾怒气护腰,48477,4,141,70,
101536,金曦战带,护甲,坦克,4,4,6,腰部,260,力量+116；耐力+149,防御等级+61；躲闪等级+45；招架等级+61,防御等级+63；躲闪等级+47；招架等级+67,防御等级×1.0328；躲闪等级×1.0444；招架等级×1.0984,5,424,432,1.0231,1,黄色,,0,,,,1463,,47076,血痕束带,258,4,4,6,无,,32801,老兵的板层甲腰带,46042,4,136,70,
101537,命运·扣带,护甲,坦克,4,4,6,腰部,260,力量+88；耐力+151,防御等级+83；招架等级+52；命中等级+59,防御等级+85；招架等级+55；命中等级+64,防御等级×1.0241；招架等级×1.0577；命中等级×1.0847,5,450,433,1.0231,1,蓝色,,0,,,,1468,,51831,依米亚铁索腰带,264,4,4,6,无,,32805,老兵的板甲腰带,46039,4,136,70,
101538,费伍德星轨腿胄,护甲,坦克,4,4,7,腿部,260,力量+118；耐力+210,防御等级+75；招架等级+71；躲闪等级+81,防御等级+74；招架等级+67；躲闪等级+80,防御等级×0.9867；招架等级×0.9437；躲闪等级×0.9877,5,546,555,0.9892,1,蓝色,,0,,,,2277,,48551,库尔迪拉的凯旋腿甲,258,4,4,7,无,,32263,执政官护腿,45334,4,141,70,
101539,红龙军团之护腿,护甲,坦克,4,4,7,腿部,260,力量+118；耐力+199,防御等级+89；躲闪等级+105；命中等级+71,防御等级+87；躲闪等级+98；命中等级+67,防御等级×0.9775；躲闪等级×0.9333；命中等级×0.9437,5,604,582,0.9777,0,,,0,,,,2283,,49964,失落希望腿甲,264,4,4,7,无,,32341,神圣惩戒护腿,46488,4,141,70,
101540,腿甲·星环,护甲,坦克,4,4,7,腿部,260,力量+118；耐力+199,防御等级+104；躲闪等级+105；精准等级+56,防御等级+103；躲闪等级+98；精准等级+57,防御等级×0.9904；躲闪等级×0.9333；精准等级×1.0179,5,604,582,0.9880,0,,,0,,,,2283,,51895,亡铸腿铠,264,4,4,7,无,,34922,镇静腿甲,48470,4,141,70,
101541,腿胄·符文,护甲,坦克,4,4,7,腿部,260,力量+118；耐力+198,防御等级+96；招架等级+88；精准等级+79,防御等级+97；招架等级+92；精准等级+72,防御等级×1.0104；招架等级×1.0455；精准等级×0.9114,5,568,579,0.9965,0,,,0,,,,2277,,47434,狂热奉献腿铠,258,4,4,7,无,,34940,太阳卫士腿铠,45220,4,141,70,
101542,战靴·山岳,护甲,坦克,4,4,8,脚部,260,力量+116；耐力+161,防御等级+45；躲闪等级+61；招架等级+53,防御等级+41；躲闪等级+57；招架等级+57,防御等级×0.9111；躲闪等级×0.9344；招架等级×1.0755,5,428,436,0.9908,1,蓝色,,0,,,,1789,,53111,后裔足靴,258,4,4,8,无,,32789,老兵的板层甲护胫,46044,4,136,70,
101543,神祇降世足铠,护甲,坦克,4,4,8,脚部,260,力量+88；耐力+151,防御等级+68；躲闪等级+83；命中等级+43,防御等级+64；躲闪等级+88；命中等级+43,防御等级×0.9412；躲闪等级×1.0602；命中等级×1.0000,5,450,433,1.0023,2,红色,黄色,0,,,,1794,,51816,天谴尖牙踏靴,264,4,4,8,无,,32793,老兵的板甲护胫,46041,4,136,70,
101544,苍穹护足,护甲,坦克,4,4,8,脚部,260,力量+88；耐力+151,防御等级+77；躲闪等级+70；精准等级+51,防御等级+78；躲闪等级+68；精准等级+55,防御等级×1.0130；躲闪等级×0.9714；精准等级×1.0784,5,454,437,1.0069,0,,,0,,,,1794,,50190,狞笑之颅重靴,264,4,4,8,无,,32402,影钢战靴,45785,4,130,70,
101545,沙塔斯之战靴,护甲,坦克,4,4,8,脚部,260,力量+78；耐力+140,防御等级+67；招架等级+79；精准等级+59,防御等级+73；招架等级+86；精准等级+56,防御等级×1.0896；招架等级×1.0886；精准等级×0.9492,5,307,423,1.0236,1,蓝色,,0,,,,1781,,45988,钢铁军队胫甲,226,4,4,8,无,,30027,无尽勇气之靴,44966,4,128,70,
101546,大地·护臂,护甲,坦克,4,4,9,腕部,260,力量+86；耐力+119,防御等级+46；招架等级+39；躲闪等级+47,防御等级+47；招架等级+38；躲闪等级+51,防御等级×1.0217；招架等级×0.9744；躲闪等级×1.0851,5,350,337,1.0119,1,蓝色,,0,,,,1142,,49960,黑暗清算护腕,264,4,4,9,无,,32568,迅钢护腕,45404,4,141,70,
101547,血色修道院护臂,护甲,坦克,4,4,9,腕部,260,力量+68；耐力+117,防御等级+57；命中等级+44；躲闪等级+47,防御等级+56；命中等级+40；躲闪等级+49,防御等级×0.9825；命中等级×0.9091；躲闪等级×1.0426,5,290,333,0.9910,0,,,0,,,,1130,,47571,萨隆邪铁断剑护腕,245,4,4,9,无,,32571,晨钢护腕,45402,4,141,70,
101548,赤霞之腕甲,护甲,坦克,4,4,9,腕部,260,力量+66；耐力+118,防御等级+58；精准等级+44；招架等级+50,防御等级+63；精准等级+47；招架等级+48,防御等级×1.0862；精准等级×1.0682；招架等级×0.9600,5,330,336,1.0179,1,黄色,,0,,,,1139,,47459,盾卫臂甲,258,4,4,9,无,,33813,守备官的板甲护腕,47092,4,141,70,
101549,臂甲·永恒,护甲,坦克,4,4,9,腕部,260,力量+66；耐力+118,防御等级+58；精准等级+44；招架等级+50,防御等级+56；精准等级+48；招架等级+47,防御等级×0.9655；精准等级×1.0909；招架等级×0.9400,5,330,336,0.9970,1,蓝色,,0,,,,1139,,47111,盾卫护腕,258,4,4,9,无,,33889,守备官的板层甲护腕,47416,4,141,70,
101550,银色北伐军驭天臂铠,护甲,坦克,4,4,10,手部,260,力量+116；耐力+161,防御等级+61；躲闪等级+53；招架等级+61,防御等级+63；躲闪等级+51；招架等级+66,防御等级×1.0328；躲闪等级×0.9623；招架等级×1.0820,5,444,452,1.0111,0,,,0,,,,1626,,48650,莉亚德琳的凯旋手甲,258,4,4,10,无,,32280,强制护手,45715,4,141,70,
101551,青铜龙轰雷臂铠,护甲,坦克,4,4,10,手部,260,力量+85；耐力+158,防御等级+65；躲闪等级+73；命中等级+69,防御等级+60；躲闪等级+79；命中等级+64,防御等级×0.9231；躲闪等级×1.0822；命中等级×0.9275,5,329,450,0.9911,0,,,0,,,,1619,,46164,征服者的突围手甲,226,4,4,10,无,,32608,掠夺护手,45728,4,141,70,
101552,壁垒手甲,护甲,坦克,4,4,10,手部,260,力量+83；耐力+151,防御等级+77；躲闪等级+62；精准等级+68,防御等级+71；躲闪等级+56；精准等级+64,防御等级×0.9221；躲闪等级×0.9032；精准等级×0.9412,5,457,441,0.9637,1,黄色,,0,,,,1631,,51835,血管粉碎护手,264,4,4,10,无,,29998,银月皇家护手,46076,4,138,70,
101553,青铜护手,护甲,坦克,4,4,10,手部,260,力量+88；耐力+176,防御等级+67；招架等级+77；精准等级+53,防御等级+62；招架等级+79；精准等级+50,防御等级×0.9254；招架等级×1.0260；精准等级×0.9434,5,335,461,0.9870,0,,,0,,,,1619,,46236,征服者黑暗符文手甲,226,4,4,10,无,,30112,波浪荣耀护手,46079,4,138,70,
101554,红龙军团之霜痕,通用槽位,法系输出,4,0,2,颈部,260,耐力+66；智力+66,法术强度+93；暴击等级+58；急速等级+44,法术强度+99；暴击等级+61；急速等级+40,法术强度×1.0645；暴击等级×1.0517；急速等级×0.9091,5,321,327,1.0153,2,黄色,蓝色,0,,,,,,47468,瓦格里的恸哭,258,4,0,2,无,,17782,束缚坠饰,6494,5,80,60,
101555,龙骨之断岳,通用槽位,法系输出,4,0,2,颈部,260,耐力+68；智力+65,法术强度+94；暴击等级+58；命中等级+50,法术强度+96；暴击等级+60；命中等级+53,法术强度×1.0213；暴击等级×1.0345；命中等级×1.0600,5,348,335,1.0209,1,蓝色,,0,,,,,,51863,血脉分离垂饰,264,4,0,2,无,,34358,硬化氪金项链,39214,4,159,70,
101556,魔能项圈,通用槽位,法系输出,4,0,2,颈部,260,耐力+66；智力+66,法术强度+94；急速等级+58；命中等级+50,法术强度+88；急速等级+54；命中等级+46,法术强度×0.9362；急速等级×0.9310；命中等级×0.9200,5,347,334,0.9581,1,红色,,0,,,,,,50005,默悼护符,264,4,0,2,无,,34359,阳炎坠饰,45351,4,159,70,
101557,月刃之印记,通用槽位,法系输出,4,0,2,颈部,260,耐力+69；智力+66,法术强度+92；暴击等级+58；命中等级+49,法术强度+88；暴击等级+53；命中等级+52,法术强度×0.9565；暴击等级×0.9138；命中等级×1.0612,5,306,334,0.9820,0,,,0,,,,,,51016,血脉分离垂饰,251,4,0,2,无,,34177,终结锁链,48511,4,154,70,
101558,天火·戒律,通用槽位,法系输出,4,0,11,戒指,260,耐力+63；智力+67,法术强度+94；暴击等级+64；急速等级+40,法术强度+97；暴击等级+69；急速等级+41,法术强度×1.0319；暴击等级×1.0781；急速等级×1.0250,5,340,328,1.0274,2,黄色,蓝色,0,,,,,,51849,樱红缠丝指环,264,4,0,11,无,,52572,无尽力量灰烬指环,63958,4,277,1,
101559,镇魂使之印戒,通用槽位,法系输出,4,0,11,戒指,260,耐力+66；智力+66,法术强度+93；暴击等级+58；命中等级+50,法术强度+95；暴击等级+59；命中等级+53,法术强度×1.0215；暴击等级×1.0172；命中等级×1.0600,5,327,333,1.0180,1,蓝色,,0,,,,,,53116,萨薇安娜的供品,258,4,0,11,无,,34361,硬化氪金指环,39126,4,159,70,
101560,冻结之戒,通用槽位,法系输出,4,0,11,戒指,260,耐力+67；智力+67,法术强度+102；急速等级+63；命中等级+51,法术强度+101；急速等级+63；命中等级+46,法术强度×0.9902；急速等级×1.0000；命中等级×0.9020,5,345,350,0.9829,1,红色,,0,,,,,,50384,汹涌毁灭之灰烬指环,259,4,0,11,无,,34362,熔铸能量指环,31616,4,159,70,
101561,惊雷·指环,通用槽位,法系输出,4,0,11,戒指,260,耐力+66；智力+66,法术强度+94；急速等级+67；命中等级+37,法术强度+89；急速等级+66；命中等级+36,法术强度×0.9468；急速等级×0.9851；命中等级×0.9730,5,342,330,0.9788,2,黄色,蓝色,0,,,,,,50170,瓦拉纳的备用徽记之戒,264,4,0,11,无,,34166,光棱指环,39123,4,154,70,
101562,苍白之戒,通用槽位,法系输出,4,0,11,戒指,260,耐力+66；智力+66,法术强度+94；暴击等级+58；急速等级+50,法术强度+95；暴击等级+55；急速等级+48,法术强度×1.0106；暴击等级×0.9483；急速等级×0.9600,5,347,334,0.9880,1,蓝色,,0,,,,,,50008,飞升之戒,264,4,0,11,无,,34189,灾难指环,31655,4,154,70,
101563,生长·戒律,通用槽位,法系输出,4,0,11,戒指,260,耐力+66；智力+66,法术强度+94；命中等级+43；暴击等级+63,法术强度+99；命中等级+41；暴击等级+66,法术强度×1.0532；命中等级×0.9535；暴击等级×1.0476,5,345,332,1.0181,2,红色,黄色,0,,,,,,49977,无尽迷宫指环,264,4,0,11,无,,34213,坚定决心指环,45948,4,154,70,
101564,霜狼酋长之腐化,通用槽位,法系输出,4,1,16,披风,260,耐力+66；智力+66,法术强度+93；暴击等级+58；急速等级+50,法术强度+84；暴击等级+59；急速等级+48,法术强度×0.9032；暴击等级×1.0172；急速等级×0.9600,5,327,333,0.9700,1,黄色,,0,,,,174,,48671,苦咒斗篷,258,4,1,16,无,,34241,原罪披风,48868,4,164,70,
101565,晨辉·斗篷,通用槽位,法系输出,4,1,16,披风,260,耐力+74；智力+63,法术强度+90；命中等级+51；暴击等级+53,法术强度+86；命中等级+50；暴击等级+51,法术强度×0.9556；命中等级×0.9804；暴击等级×0.9623,5,271,331,0.9789,1,蓝色,,0,,,,172,,45242,灭亡斗篷,239,4,1,16,无,,34242,安东尼达斯的破碎斗篷,48871,4,164,70,
101566,裂云斗篷,通用槽位,法系输出,4,1,16,披风,260,耐力+66；智力+66；精神+58,法术强度+93；急速等级+50,法术强度+91；急速等级+51,法术强度×0.9785；急速等级×1.0200,5,327,333,0.9970,1,红色,,0,,,,174,,48672,狂热十字军披风,258,4,1,16,无,,41591,军士的强固斗篷,27088,4,156,70,
101567,驭雷者之峥嵘,通用槽位,法系输出,4,1,16,披风,260,耐力+66；智力+66,法术强度+93；急速等级+58；命中等级+50,法术强度+90；急速等级+61；命中等级+51,法术强度×0.9677；急速等级×1.0517；命中等级×1.0200,5,327,333,1.0030,0,,,0,,,,174,,47452,偏移斗篷,258,4,1,16,无,,34190,血色珍珠披风,48869,4,154,70,
101568,雷霆项链,通用槽位,力量输出,4,0,2,颈部,260,力量+91；耐力+99,暴击等级+58；命中等级+50,暴击等级+56；命中等级+49,暴击等级×0.9655；命中等级×0.9800,4,292,298,0.9899,0,,,0,,,,,,47458,刽子手的恶行,258,4,0,2,无,,34178,深渊领主颈圈,48507,4,154,70,
101569,群星坠饰,通用槽位,力量输出,4,0,2,颈部,260,力量+91；耐力+99,暴击等级+60；急速等级+47,暴击等级+63；急速等级+48,暴击等级×1.0500；急速等级×1.0213,4,309,297,1.0135,2,黄色,蓝色,0,,,,,,51842,傲慢轻蔑项圈,264,4,0,2,无,,34184,贵族精灵的胸针,48509,4,154,70,
101570,矮人锻造师之夜幕,通用槽位,力量输出,4,0,2,颈部,260,力量+91；耐力+99,暴击等级+58；护甲穿透等级+51,暴击等级+57；护甲穿透等级+48,暴击等级×0.9828；护甲穿透等级×0.9412,4,332,299,0.9866,1,蓝色,,0,,,,,,53132,光影相交坠饰,271,4,0,2,无,,34204,自由魔法项链,48512,4,154,70,
101571,回响坠饰,通用槽位,力量输出,4,0,2,颈部,260,力量+91；耐力+99,暴击等级+60；精准等级+47,暴击等级+54；精准等级+45,暴击等级×0.9000；精准等级×0.9574,4,309,297,0.9731,0,,,0,,,,,,51867,感染颈饰,264,4,0,2,无,,35132,护卫者的征服坠饰,39162,4,154,70,
101572,万法王之星云,通用槽位,力量输出,4,0,11,戒指,260,力量+99；耐力+99,暴击等级+58；命中等级+58,暴击等级+62；命中等级+60,暴击等级×1.0690；命中等级×1.0345,4,310,314,1.0191,1,红色,,0,,,,,,52570,强效力量灰烬指环,259,4,0,11,无,,34230,全能之戒,44358,4,154,70,
101573,临世之戒,通用槽位,力量输出,4,0,11,戒指,260,力量+91；耐力+99,暴击等级+58；急速等级+50,暴击等级+53；急速等级+50,暴击等级×0.9138；急速等级×1.0000,4,292,298,0.9832,1,黄色,,0,,,,,,47413,暴戾指环,258,4,0,11,无,,35129,护卫者的统御指环,39129,4,154,70,
101574,咒纹·指环,通用槽位,力量输出,4,0,11,戒指,260,力量+91；耐力+99,暴击等级+58；护甲穿透等级+50,暴击等级+53；护甲穿透等级+53,暴击等级×0.9138；护甲穿透等级×1.0600,4,292,298,0.9933,1,蓝色,,0,,,,,,53110,扎里斯利安的祭品,258,4,0,11,无,,32497,怒风徽记之戒,45362,4,151,70,
101575,远征军之星云,通用槽位,力量输出,4,0,11,戒指,260,力量+91；耐力+99,暴击等级+58；精准等级+50,暴击等级+63；精准等级+49,暴击等级×1.0862；精准等级×0.9800,4,310,298,1.0134,1,红色,,0,,,,,,49999,骷髅领主之环,264,4,0,11,无,,34837,至尊二戒,31800,4,143,70,
101576,荣光之戒,通用槽位,力量输出,4,0,11,戒指,260,力量+103；耐力+99,命中等级+52；护甲穿透等级+60,命中等级+53；护甲穿透等级+57,命中等级×1.0192；护甲穿透等级×0.9500,4,225,314,0.9936,1,黄色,,0,,,,,,45675,能量强化指环,225,4,0,11,无,,32261,深渊领主指环,44357,4,141,70,
101577,圣贤之戒指,通用槽位,力量输出,4,0,11,戒指,260,力量+102；耐力+99,命中等级+65；精准等级+49,命中等级+63；精准等级+48,命中等级×0.9692；精准等级×0.9796,4,226,315,0.9905,1,蓝色,,0,,,,,,45540,持剑者的徽记之戒,226,4,0,11,无,,32335,凶猛进攻指环,44841,4,141,70,
101578,青铜龙之星陨,通用槽位,力量输出,4,1,16,披风,260,力量+91；耐力+99,暴击等级+58；命中等级+50,暴击等级+57；命中等级+53,暴击等级×0.9828；命中等级×1.0600,4,292,298,1.0067,1,红色,,0,,,,174,,48674,胜利斗士披风,258,4,1,16,无,,34205,救赎灵魂披风,48870,4,154,70,
101579,新月之焚烧,通用槽位,力量输出,4,1,16,披风,260,力量+91；耐力+99,暴击等级+37；急速等级+67,暴击等级+39；急速等级+62,暴击等级×1.0541；急速等级×0.9254,4,305,294,0.9898,0,,,0,,,,175,,51912,萨隆邪铁石像鬼披风,264,4,1,16,无,,32524,贵族精灵斗篷,45476,4,151,70,
101580,血战披肩,通用槽位,力量输出,4,1,16,披风,260,力量+101；耐力+99,暴击等级+64；护甲穿透等级+48,暴击等级+70；护甲穿透等级+47,暴击等级×1.0938；护甲穿透等级×0.9792,4,239,312,1.0160,1,蓝色,,0,,,,175,,45138,龙骑士披风,232,4,1,16,无,,32323,影月毁灭者斗篷,45886,4,141,70,
101581,霸主披肩,通用槽位,力量输出,4,1,16,披风,260,力量+101；耐力+99,暴击等级+59；精准等级+58,暴击等级+54；精准等级+61,暴击等级×0.9153；精准等级×1.0517,4,242,317,0.9937,1,红色,,0,,,,172,,54803,冰霜领主的战斗裹尸布,232,4,1,16,无,,32331,伊利达雷议会披风,45885,4,141,70,
101582,蓝龙军团之辉煌,通用槽位,敏捷输出,4,0,2,颈部,260,敏捷+79；耐力+87,攻击强度+99；暴击等级+62；急速等级+51,攻击强度+98；暴击等级+60；急速等级+53,攻击强度×0.9899；暴击等级×0.9677；急速等级×1.0392,5,371,378,0.9974,0,,,0,,,,,,47433,艾瑞达垂饰,258,4,0,2,无,,32362,泰坦坠饰,4841,4,141,70,
101583,太阳之井的天启,通用槽位,敏捷输出,4,0,2,颈部,260,敏捷+85；耐力+76,攻击强度+110；护甲穿透等级+58；暴击等级+50,攻击强度+100；护甲穿透等级+55；暴击等级+55,攻击强度×0.9091；护甲穿透等级×0.9483；暴击等级×1.1000,5,394,379,0.9789,2,黄色,蓝色,0,,,,,,51822,霜牙垂饰,264,4,0,2,无,,32370,纳蒂娜的纯洁坠饰,39212,4,141,70,
101584,血精灵魔导师之护符,通用槽位,敏捷输出,4,0,2,颈部,260,敏捷+85；耐力+87,攻击强度+102；暴击等级+66；命中等级+37,攻击强度+96；暴击等级+70；命中等级+39,攻击强度×0.9412；暴击等级×1.0606；命中等级×1.0541,5,392,377,1.0000,2,蓝色,红色,0,,,,,,50452,伍迪的幸运项链,264,4,0,2,无,,32589,地狱火坠饰,31899,4,141,70,
101585,奥术之镇渊,通用槽位,敏捷输出,4,0,2,颈部,260,敏捷+85；耐力+87,攻击强度+102；护甲穿透等级+58；急速等级+50,攻击强度+104；护甲穿透等级+55；急速等级+47,攻击强度×1.0196；护甲穿透等级×0.9483；急速等级×0.9400,5,397,382,0.9895,1,红色,,0,,,,,,50421,辛达苟萨之爪,264,4,0,2,无,,32591,锯齿利刃项圈,39210,4,141,70,
101586,青铜·之戒,通用槽位,敏捷输出,4,0,11,戒指,260,敏捷+79；耐力+87,攻击强度+99；暴击等级+62；急速等级+51,攻击强度+102；暴击等级+63；急速等级+47,攻击强度×1.0303；暴击等级×1.0161；急速等级×0.9216,5,371,378,1.0000,0,,,0,,,,,,47443,无情侵掠指环,258,4,0,11,无,,34887,安格莉丝塔的复仇,49005,4,141,70,
101587,剃刀高地的银辉,通用槽位,敏捷输出,4,0,11,戒指,260,敏捷+85；耐力+87,攻击强度+102；护甲穿透等级+58；暴击等级+50,攻击强度+106；护甲穿透等级+56；暴击等级+55,攻击强度×1.0392；护甲穿透等级×0.9655；暴击等级×1.1000,5,397,382,1.0183,1,黄色,,0,,,,,,50186,霜脉蓝玉指环,264,4,0,11,无,,34890,安薇娜的触摸,43095,4,141,70,
101588,守护者之钢铁,通用槽位,敏捷输出,4,0,11,戒指,260,敏捷+87；耐力+77,攻击强度+124；暴击等级+58；命中等级+58,攻击强度+119；暴击等级+59；命中等级+63,攻击强度×0.9597；暴击等级×1.0172；命中等级×1.0862,5,399,404,1.0025,0,,,0,,,,,,50387,汹涌复仇之灰烬指环,259,4,0,11,无,,30109,无尽盘蛇之戒,33534,4,138,70,
101589,潜踪玺戒,通用槽位,敏捷输出,4,0,11,戒指,260,敏捷+78；耐力+76,攻击强度+126；急速等级+50；护甲穿透等级+58,攻击强度+130；急速等级+54；护甲穿透等级+62,攻击强度×1.0317；急速等级×1.0800；护甲穿透等级×1.0690,5,402,388,1.0309,1,红色,,0,,,,,,51900,萨鲁法尔的寒铸指环,264,4,0,11,无,,33987,Indalamar's Ring of 200 Spell Crit,26537,4,130,70,
101590,荣光之守望,通用槽位,敏捷输出,4,0,11,戒指,260,敏捷+85；耐力+87,攻击强度+102；暴击等级+58；精准等级+50,攻击强度+107；暴击等级+58；精准等级+49,攻击强度×1.0490；暴击等级×1.0000；精准等级×0.9800,5,397,382,1.0105,1,黄色,,0,,,,,,50025,千口之戒,264,4,0,11,无,,29920,浴火凤凰之戒,35472,4,128,70,
101591,炽焰之玺戒,通用槽位,敏捷输出,4,0,11,戒指,260,敏捷+79；耐力+87,攻击强度+99；暴击等级+62；急速等级+51,攻击强度+104；暴击等级+66；急速等级+50,攻击强度×1.0505；暴击等级×1.0645；急速等级×0.9804,5,371,378,1.0212,1,蓝色,,0,,,,,,47075,无情侵掠之戒,258,4,0,11,无,,29922,奥之指环,39120,4,128,70,
101592,凛冬之罩袍,通用槽位,敏捷输出,4,1,16,披风,260,敏捷+79；耐力+87,攻击强度+99；暴击等级+58；急速等级+58,攻击强度+93；暴击等级+63；急速等级+56,攻击强度×0.9394；暴击等级×1.0862；急速等级×0.9655,5,374,381,0.9921,0,,,0,,,,174,,47418,凶兽披风,258,4,1,16,无,,32337,宽恕披风,46490,4,141,70,
101593,洪荒·镇世,通用槽位,敏捷输出,4,1,16,披风,260,敏捷+87；耐力+87,攻击强度+99；暴击等级+58；护甲穿透等级+50,攻击强度+106；暴击等级+53；护甲穿透等级+46,攻击强度×1.0707；暴击等级×0.9138；护甲穿透等级×0.9200,5,374,381,0.9948,1,黄色,,0,,,,174,,48673,银色盟约披风,258,4,1,16,无,,32590,空灵披风,46124,4,141,70,
101594,梦境·斗篷,通用槽位,敏捷输出,4,1,16,披风,260,耐力+75；敏捷+102,暴击等级+66；命中等级+48；攻击强度+115,暴击等级+69；命中等级+46；攻击强度+107,暴击等级×1.0455；命中等级×0.9583；攻击强度×0.9304,5,289,406,0.9828,2,蓝色,红色,0,,,,176,,45704,碎裂巨人披风,225,4,1,16,无,,34010,镇定斗篷,47249,4,141,70,
101595,镇渊斗篷,通用槽位,敏捷输出,4,1,16,披风,260,敏捷+87；耐力+87,攻击强度+99；暴击等级+58；护甲穿透等级+50,攻击强度+96；暴击等级+54；护甲穿透等级+50,攻击强度×0.9697；暴击等级×0.9310；护甲穿透等级×1.0000,5,374,381,0.9816,0,,,0,,,,174,,48668,锯齿利刃披风,258,4,1,16,无,,34012,决战披风,47252,4,141,70,
101596,自然之裂地,通用槽位,治疗,4,0,2,颈部,260,耐力+64；智力+60；精神+57,法术强度+99；暴击等级+68,法术强度+96；暴击等级+70,法术强度×0.9697；暴击等级×1.0294,5,267,348,0.9971,2,蓝色,黄色,0,,,,,,45236,坚定之眼,232,4,0,2,无,,33466,诅咒骨环,9852,4,133,70,
101597,青霜链坠,通用槽位,治疗,4,0,2,颈部,260,耐力+66；智力+66；精神+58,法术强度+94；急速等级+50,法术强度+92；急速等级+54,法术强度×0.9787；急速等级×1.0800,5,347,334,1.0060,0,,,0,,,,,,49975,冰冠斥候护符,264,4,0,2,无,,30008,流失岁月坠饰,31889,4,128,70,
101598,银辉之破夜,通用槽位,治疗,4,0,2,颈部,260,耐力+66；智力+66,法术强度+94；暴击等级+50；每5秒法力回复+29,法术强度+86；暴击等级+55；每5秒法力回复+29,法术强度×0.9149；暴击等级×1.1000；每5秒法力回复×1.0000,5,317,305,0.9902,1,红色,,0,,,,,,50061,圣日的恩泽,264,4,0,2,无,,30022,危机坠饰,34204,4,128,70,
101599,惊雷·护符,通用槽位,治疗,4,0,2,颈部,260,耐力+68；智力+65,法术强度+94；急速等级+58；每5秒法力回复+25,法术强度+103；急速等级+53；每5秒法力回复+23,法术强度×1.0957；急速等级×0.9138；每5秒法力回复×0.9200,5,322,310,1.0065,1,蓝色,,0,,,,,,51871,秽珠项圈,264,4,0,2,无,,30059,凶兽之怒项圈,33906,4,128,70,
101600,风暴指环,通用槽位,治疗,4,0,11,戒指,260,耐力+66；智力+66；精神+51,法术强度+93；暴击等级+54,法术强度+92；暴击等级+57,法术强度×0.9892；暴击等级×1.0556,5,324,330,1.0061,1,蓝色,,0,,,,,,47489,血红显像之戒,258,4,0,11,无,,30028,提瑞斯法安宁指环,28733,4,128,70,
101601,青霜·指环,通用槽位,治疗,4,0,11,戒指,260,耐力+66；智力+66；精神+58,法术强度+94；急速等级+50,法术强度+91；急速等级+51,法术强度×0.9681；急速等级×1.0200,5,347,334,0.9940,0,,,0,,,,,,50424,玛利苟斯的回忆,264,4,0,11,无,,30061,远古征服指环,31908,4,128,70,
101602,冲击之戒,通用槽位,治疗,4,0,11,戒指,260,耐力+66；智力+66,法术强度+94；暴击等级+50；每5秒法力回复+29,法术强度+87；暴击等级+45；每5秒法力回复+27,法术强度×0.9255；暴击等级×0.9000；每5秒法力回复×0.9310,5,317,305,0.9541,1,红色,,0,,,,,,50174,愈合血环,264,4,0,11,无,,30083,裂魂之戒,24646,4,128,70,
101603,卡拉赞的月刃,通用槽位,治疗,4,0,11,戒指,260,耐力+67；智力+67,法术强度+102；急速等级+57；每5秒法力回复+29,法术强度+109；急速等级+56；每5秒法力回复+27,法术强度×1.0686；急速等级×0.9825；每5秒法力回复×0.9310,5,319,322,1.0124,1,蓝色,,0,,,,,,50386,汹涌智慧之灰烬指环,259,4,0,11,无,,33054,丹扎拉尔徽记,31657,4,128,70,
101604,地狱火半岛的银辉,通用槽位,治疗,4,0,11,戒指,260,耐力+66；智力+66；精神+51,法术强度+93；暴击等级+54,法术强度+92；暴击等级+53,法术强度×0.9892；暴击等级×0.9815,5,324,330,0.9939,0,,,0,,,,,,47237,恶行指环,258,4,0,11,无,,33058,警醒指环,31905,4,128,70,
101605,精金之之戒,通用槽位,治疗,4,0,11,戒指,260,耐力+67；智力+68；精神+58,法术强度+101；急速等级+57,法术强度+100；急速等级+60,法术强度×0.9901；急速等级×1.0526,5,305,351,1.0057,0,,,0,,,,,,47732,唤魔者指环,245,4,0,11,无,,28757,千印之戒,33864,4,125,70,
101606,源质之斗篷,通用槽位,治疗,4,1,16,披风,260,耐力+66；智力+66；精神+58,法术强度+94；暴击等级+50,法术强度+102；暴击等级+50,法术强度×1.0851；暴击等级×1.0000,5,347,334,1.0240,0,,,0,,,,175,,50469,夜空斗篷,264,4,1,16,无,,29989,太阳光芒披风,46123,4,138,70,
101607,裂地披肩,通用槽位,治疗,4,1,16,披风,260,耐力+66；智力+66；精神+58,法术强度+93；急速等级+50,法术强度+100；急速等级+49,法术强度×1.0753；急速等级×0.9800,5,327,333,1.0180,0,,,0,,,,174,,48667,虔诚十字军披风,258,4,1,16,无,,29994,萨拉斯荒野披风,46125,4,138,70,
101608,玄冰斗篷,通用槽位,治疗,4,1,16,披风,260,耐力+66；智力+66,法术强度+93；暴击等级+50；每5秒法力回复+29,法术强度+95；暴击等级+54；每5秒法力回复+30,法术强度×1.0215；暴击等级×1.0800；每5秒法力回复×1.0345,5,298,304,1.0230,2,红色,蓝色,0,,,,174,,47490,少女的倾慕,258,4,1,16,无,,33304,压制能量披风,46812,4,136,70,
101609,神圣斗篷,通用槽位,治疗,4,1,16,披风,260,耐力+66；智力+66,法术强度+93；急速等级+58；每5秒法力回复+24,法术强度+102；急速等级+59；每5秒法力回复+24,法术强度×1.0968；急速等级×1.0172；每5秒法力回复×1.0000,5,302,307,1.0326,1,蓝色,,0,,,,174,,53115,诱拐头罩,258,4,1,16,无,,33333,卡尔玛的希望披风,43292,4,136,70,
101610,晶歌森林的余烬,通用槽位,坦克,4,0,2,颈部,260,力量+85；耐力+119,防御等级+34；躲闪等级+50；招架等级+46,防御等级+35；躲闪等级+49；招架等级+48,防御等级×1.0294；躲闪等级×0.9800；招架等级×1.0435,5,347,334,1.0060,1,蓝色,,0,,,,,,51934,玛洛加尔的斑驳环佩,264,4,0,2,无,,30099,溺水者之链,43599,4,128,70,
101611,龙鳞·镇岳,通用槽位,坦克,4,0,2,颈部,260,力量+66；耐力+119,防御等级+58；躲闪等级+50；命中等级+44,防御等级+61；躲闪等级+46；命中等级+46,防御等级×1.0517；躲闪等级×0.9200；命中等级×1.0455,5,351,337,1.0030,1,红色,,0,,,,,,50195,孔雀石锁链,264,4,0,2,无,,33296,灵巧胸针,46805,4,128,70,
101612,星轨·御风,通用槽位,坦克,4,0,2,颈部,260,耐力+131；力量+68,躲闪等级+56；精准等级+44；防御等级+57,躲闪等级+61；精准等级+48；防御等级+58,躲闪等级×1.0893；精准等级×1.0909；防御等级×1.0175,5,310,356,1.0281,2,黄色,蓝色,0,,,,,,49492,艾斯卡达尔铰链,245,4,0,2,无,,33297,蛮族项圈,43701,4,128,70,
101613,石肤印记,通用槽位,坦克,4,0,2,颈部,260,力量+87；耐力+118,防御等级+32；躲闪等级+48；招架等级+46,防御等级+32；躲闪等级+51；招架等级+43,防御等级×1.0000；躲闪等级×1.0625；招架等级×0.9348,5,304,331,1.0000,0,,,0,,,,,,50763,玛洛加尔的斑驳环佩,251,4,0,2,无,,28762,灵魂窃取项链,35358,4,125,70,
101614,静潮·戒律,通用槽位,坦克,4,0,11,戒指,260,力量+87；耐力+118,防御等级+46；躲闪等级+38；招架等级+46,防御等级+44；躲闪等级+41；招架等级+43,防御等级×0.9565；躲闪等级×1.0789；招架等级×0.9348,5,328,335,0.9940,1,蓝色,,0,,,,,,47476,叛君指环,258,4,0,11,无,,28763,永生之翡翠指环,9847,4,125,70,
101615,晨星·破夜,通用槽位,坦克,4,0,11,戒指,260,力量+63；耐力+130,防御等级+58；躲闪等级+57；命中等级+51,防御等级+62；躲闪等级+55；命中等级+47,防御等级×1.0690；躲闪等级×0.9649；命中等级×0.9216,5,355,359,0.9944,0,,,0,,,,,,50388,汹涌勇气之灰烬指环,259,4,0,11,无,,30738,逆转指环,9834,4,120,70,
101616,磐石之戒,通用槽位,坦克,4,0,11,戒指,260,力量+63；耐力+117,防御等级+58；躲闪等级+46；精准等级+50,防御等级+63；躲闪等级+50；精准等级+49,防御等级×1.0862；躲闪等级×1.0870；精准等级×0.9800,5,275,334,1.0240,0,,,0,,,,,,45471,命运的约束,239,4,0,11,无,,28649,迦萝娜的徽记指环,33728,4,115,70,
101617,秘银·之戒,通用槽位,坦克,4,0,11,戒指,260,力量+87；耐力+118,防御等级+46；躲闪等级+38；招架等级+46,防御等级+44；躲闪等级+39；招架等级+44,防御等级×0.9565；躲闪等级×1.0263；招架等级×0.9565,5,328,335,0.9910,0,,,0,,,,,,47157,叛君徽记,258,4,0,11,无,,28675,谢尔曼指环,26001,4,115,70,
101618,擎天戒律,通用槽位,坦克,4,0,11,戒指,260,力量+55；耐力+119,命中等级+51；躲闪等级+61；防御等级+54,命中等级+53；躲闪等级+63；防御等级+51,命中等级×1.0392；躲闪等级×1.0328；防御等级×0.9444,5,353,340,1.0029,1,红色,,0,,,,,,51913,憎恶血戒,264,4,0,11,无,,28753,循环之戒,9846,4,115,70,
101619,裁决者之玺戒,通用槽位,坦克,4,0,11,戒指,260,力量+86；耐力+119,防御等级+41；躲闪等级+42；招架等级+46,防御等级+38；躲闪等级+46；招架等级+44,防御等级×0.9268；躲闪等级×1.0952；招架等级×0.9565,5,347,334,0.9970,1,黄色,,0,,,,,,49985,蛮力指环,264,4,0,11,无,,31399,自然屏障,44086,4,115,70,
101620,亘古之驭雷,通用槽位,坦克,4,1,16,披风,260,力量+87；耐力+118,防御等级+46；躲闪等级+38；招架等级+46,防御等级+43；躲闪等级+35；招架等级+49,防御等级×0.9348；躲闪等级×0.9211；招架等级×1.0652,5,328,335,0.9910,0,,,0,,,,174,,48675,坚定卫士披风,258,4,1,16,无,,33484,多莉的拥抱,47589,4,136,70,
101621,符文大师之罩袍,通用槽位,坦克,4,1,16,披风,260,力量+66；耐力+119,防御等级+58；躲闪等级+58；命中等级+37,防御等级+62；躲闪等级+63；命中等级+38,防御等级×1.0690；躲闪等级×1.0862；命中等级×1.0270,5,351,338,1.0296,1,红色,,0,,,,175,,50074,皇家血色披风,264,4,1,16,无,,32420,夜色之末,45480,4,130,70,
101622,银辉之净世,通用槽位,坦克,4,1,16,披风,260,力量+66；耐力+118,防御等级+58；躲闪等级+50；精准等级+44,防御等级+58；躲闪等级+55；精准等级+46,防御等级×1.0000；躲闪等级×1.1000；精准等级×1.0455,5,330,336,1.0208,1,黄色,,0,,,,174,,47436,恶魔领主的荣傲披风,258,4,1,16,无,,29925,凤翼披风,46126,4,128,70,
101623,暗影·披肩,通用槽位,坦克,4,1,16,披风,260,力量+87；耐力+118,防御等级+46；躲闪等级+38；招架等级+46,防御等级+50；躲闪等级+35；招架等级+44,防御等级×1.0870；躲闪等级×0.9211；招架等级×0.9565,5,328,335,0.9970,1,蓝色,,0,,,,174,,48670,无畏卫士披风,258,4,1,16,无,,30098,锋鳞作战披风,43597,4,128,70,
101624,海加尔山的青铜,副手,法系输出,4,0,23,副手物品,260,耐力+66；智力+66,法术强度+102；暴击等级+58；急速等级+58,法术强度+94；暴击等级+53；急速等级+63,法术强度×0.9216；暴击等级×0.9138；急速等级×1.0862,5,364,350,0.9771,1,黄色,,0,,,,,,50173,影丝纺锤,264,4,0,23,无,,38322,铁箍之书,23171,4,200,77,
101625,黑锋骑士之宝珠,副手,法系输出,4,0,23,副手物品,260,耐力+66；智力+66,法术强度+102；暴击等级+58；命中等级+58,法术强度+93；暴击等级+59；命中等级+53,法术强度×0.9118；暴击等级×1.0172；命中等级×0.9138,5,344,350,0.9629,0,,,0,,,,,,47437,无心之罪饰物,258,4,0,23,无,,35008,野蛮角斗士的决战,39505,4,159,70,
101626,海加尔山的魔铁,副手,法系输出,4,0,23,副手物品,260,耐力+66；智力+66；精神+58,法术强度+102；急速等级+58,法术强度+97；急速等级+58,法术强度×0.9510；急速等级×1.0000,5,364,350,0.9857,0,,,0,,,,,,50423,永恒暮色日晷,264,4,0,23,无,,34179,深渊之心,48894,4,154,70,
101627,暮星之裂云,副手,法系输出,4,0,23,副手物品,260,耐力+66；智力+66,法术强度+102；暴击等级+58；命中等级+58,法术强度+102；暴击等级+55；命中等级+53,法术强度×1.0000；暴击等级×0.9483；命中等级×0.9138,5,344,350,0.9771,2,黄色,蓝色,0,,,,,,47064,侵越之印,258,4,0,23,无,,34206,贵族精灵的赞美诗,48895,4,154,70,
101628,晨辉魔典,副手,治疗,4,0,23,副手物品,260,耐力+66；智力+66；精神+58,法术强度+102；暴击等级+58,法术强度+95；暴击等级+59,法术强度×0.9314；暴击等级×1.0172,5,344,350,0.9829,0,,,0,,,,,,47470,幻变咒符,258,4,0,23,无,,30911,净化节杖,39420,4,151,70,
101629,轰雷法球,副手,治疗,4,0,23,副手物品,260,耐力+66；智力+66；精神+58,法术强度+102；急速等级+58,法术强度+100；急速等级+59,法术强度×0.9804；急速等级×1.0172,5,364,350,0.9971,1,黄色,,0,,,,,,50423,永恒暮色日晷,264,4,0,23,无,,30872,黑暗秘密编年史,45211,4,141,70,
101630,龙骨·宝珠,副手,治疗,4,0,23,副手物品,260,耐力+66；智力+66；精神+58,法术强度+102；暴击等级+58,法术强度+106；暴击等级+61,法术强度×1.0392；暴击等级×1.0517,5,344,350,1.0200,2,红色,蓝色,0,,,,,,47146,炽光圣杯,258,4,0,23,无,,32350,灵感之触,41453,4,141,70,
101631,星云之断空,副手,治疗,4,0,23,副手物品,260,耐力+66；智力+66；精神+58,法术强度+103；急速等级+59,法术强度+97；急速等级+64,法术强度×0.9417；急速等级×1.0847,5,411,352,0.9972,1,蓝色,,0,,,,,,50635,永恒幽暮日晷,277,4,0,23,无,,32361,盲眼先知圣像,45275,4,141,70,
101632,魔能壁垒,盾牌,法系输出,4,6,14,盾牌,260,耐力+66；智力+66,法术强度+102；急速等级+58；暴击等级+58,法术强度+95；急速等级+56；暴击等级+56,法术强度×0.9314；急速等级×0.9655；暴击等级×0.9655,5,344,350,0.9686,0,,,0,,,,8746,247,47448,决心壁垒,258,4,6,14,无,,30314,相位壁垒,40867,5,175,70,
101633,祖达克之盾牌,盾牌,法系输出,4,6,14,盾牌,260,耐力+66；智力+66,法术强度+102；急速等级+58；暴击等级+58,法术强度+100；急速等级+55；暴击等级+61,法术强度×0.9804；急速等级×0.9483；暴击等级×1.0517,5,344,350,0.9943,1,蓝色,,0,,,,8746,247,47085,圣洁壁垒,258,4,6,14,无,,34986,野蛮角斗士的屏障,49154,4,159,70,
101634,紫电纹章盾,盾牌,法系输出,4,6,14,盾牌,260,耐力+66；智力+66,法术强度+102；急速等级+58；暴击等级+58,法术强度+96；急速等级+58；暴击等级+61,法术强度×0.9412；急速等级×1.0000；暴击等级×1.0517,5,364,350,0.9914,0,,,0,,,,8771,241,49976,燃铁壁垒,264,4,6,14,无,,35073,野蛮角斗士的壁垒,49153,4,159,70,
101635,灵能坚盾,盾牌,法系输出,4,6,14,盾牌,260,耐力+66；智力+66,法术强度+102；急速等级+58；暴击等级+58,法术强度+92；急速等级+59；暴击等级+59,法术强度×0.9020；急速等级×1.0172；暴击等级×1.0172,5,344,350,0.9771,0,,,0,,,,8746,247,47448,决心壁垒,258,4,6,14,无,,35094,野蛮角斗士的墙盾,49155,4,159,70,
101636,风暴领主之护盾,盾牌,治疗,4,6,14,盾牌,260,耐力+62；智力+59,每5秒法力回复+31；暴击等级+51；法术强度+91,每5秒法力回复+34；暴击等级+50；法术强度+89,每5秒法力回复×1.0968；暴击等级×0.9804；法术强度×0.9780,5,256,294,1.0000,2,蓝色,黄色,0,,,,8678,259,48040,库卡隆的荣耀,245,4,6,14,无,,34185,折戟壁垒,48907,4,154,70,
101637,黎明大盾,盾牌,治疗,4,6,14,盾牌,260,耐力+66；智力+66,法术强度+94；急速等级+50；每5秒法力回复+29,法术强度+92；急速等级+49；每5秒法力回复+31,法术强度×0.9787；急速等级×0.9800；每5秒法力回复×1.0690,5,317,305,0.9967,0,,,0,,,,8771,241,51812,蓝龙军团的失落之盾,264,4,6,14,无,,34231,天使命运之盾,48906,4,154,70,
101638,生命大盾,盾牌,治疗,4,6,14,盾牌,260,耐力+62；智力+59,每5秒法力回复+31；暴击等级+51；法术强度+91,每5秒法力回复+29；暴击等级+54；法术强度+100,每5秒法力回复×0.9355；暴击等级×1.0588；法术强度×1.0989,5,256,294,1.0340,1,红色,,0,,,,8678,259,47963,警觉护盾,245,4,6,14,无,,30909,安东尼达斯的专注纹章盾,45204,4,151,70,
101639,黎明纹章盾,盾牌,治疗,4,6,14,盾牌,260,耐力+66；智力+67,法术强度+102；急速等级+57；每5秒法力回复+29,法术强度+107；急速等级+62；每5秒法力回复+31,法术强度×1.0490；急速等级×1.0877；每5秒法力回复×1.0690,5,296,321,1.0374,1,蓝色,,0,,,,8711,253,51791,蓝龙军团的失落之盾,251,4,6,14,无,,32375,埃辛诺斯壁垒,45653,4,151,70,
101640,破夜壁垒,盾牌,坦克,4,6,14,盾牌,260,力量+79；耐力+119,防御等级+46；格挡等级+41；招架等级+49,防御等级+45；格挡等级+44；招架等级+53,防御等级×0.9783；格挡等级×1.0732；招架等级×1.0816,5,347,334,1.0180,0,,,0,,,,8771,241,51909,无尽寒冬,264,4,6,14,无,,33661,复仇角斗士的屏障,42376,4,146,70,
101641,凋零护盾,盾牌,坦克,4,6,14,盾牌,260,力量+88；耐力+131,防御等级+45；格挡等级+40；招架等级+49,防御等级+47；格挡等级+39；招架等级+47,防御等级×1.0444；格挡等级×0.9750；招架等级×0.9592,5,324,353,0.9972,0,,,0,,,,8711,253,50794,无尽寒冬,251,4,6,14,无,,30882,圣光壁垒,44863,4,141,70,
101642,诅咒之城之护盾,盾牌,坦克,4,6,14,盾牌,260,力量+79；耐力+119,防御等级+46；格挡等级+41；招架等级+49,防御等级+49；格挡等级+41；招架等级+45,防御等级×1.0652；格挡等级×1.0000；招架等级×0.9184,5,347,334,0.9970,1,黄色,,0,,,,8771,241,51909,无尽寒冬,264,4,6,14,无,,30889,卡兹洛加之心,44865,4,141,70,
101643,镇岳壁垒,盾牌,坦克,4,6,14,盾牌,260,力量+88；耐力+117,防御等级+46；躲闪等级+34；格挡等级+43,防御等级+43；躲闪等级+37；格挡等级+42,防御等级×0.9348；躲闪等级×1.0882；格挡等级×0.9767,5,271,328,0.9970,1,蓝色,,0,,,,8641,265,45587,奥尔加隆的壁垒,239,4,6,14,无,,32255,魔石壁垒,44869,4,141,70,
101644,降世短斧,武器,力量输出,2,0,13,单手武器,260,力量+52；耐力+100,暴击等级+42；命中等级+34；精准等级+47,暴击等级+40；命中等级+31；精准等级+47,暴击等级×0.9524；命中等级×0.9118；精准等级×1.0000,5,199,275,0.9818,0,,,0,246.94-459.15,1600,220.65,,,40402,最后的笑容,226,2,0,13,同子类坦克评级等价替换,防御等级→暴击等级；招架等级→精准等级,34995,野蛮角斗士的切碎者,49150,4,154,70,
101645,赤霞之手斧,武器,力量输出,2,0,13,单手武器,260,力量+67；耐力+101,暴击等级+36；护甲穿透等级+38；命中等级+30,暴击等级+35；护甲穿透等级+36；命中等级+33,暴击等级×0.9722；护甲穿透等级×0.9474；命中等级×1.1000,5,267,272,1.0000,0,,,0,245.61-457.73,1600,219.79,,,51795,托格拜恩，冰霜之王的战斧,258,2,0,13,同子类坦克评级等价替换,防御等级→暴击等级；招架等级→护甲穿透等级；躲闪等级→命中等级,35110,野蛮角斗士的战斧,49152,4,154,70,
101646,炽焰战斧,武器,力量输出,2,0,13,单手武器,260,力量+59；耐力+100,精准等级+33；暴击等级+35；急速等级+29,精准等级+36；暴击等级+38；急速等级+27,精准等级×1.0909；暴击等级×1.0857；急速等级×0.9310,5,284,256,1.0156,1,蓝色,,0,246.12-459.06,1600,220.37,,,51947,托格班恩，霜育王之斧,271,2,0,13,同子类坦克评级等价替换,防御等级→精准等级；招架等级→暴击等级；躲闪等级→急速等级,33669,复仇角斗士的利斧,46962,4,146,70,
101647,疾影战斧,武器,敏捷输出,2,0,13,单手武器,260,敏捷+64；耐力+67,攻击强度+92；暴击等级+44；急速等级+45,攻击强度+94；暴击等级+47；急速等级+41,攻击强度×1.0217；暴击等级×1.0682；急速等级×0.9111,5,345,312,1.0032,1,红色,,0,400.99-745.75,2600,220.53,,,50012,浩劫的召唤，洛丹伦王权之刃,271,2,0,13,无,,32236,涨潮,44959,4,141,70,
101648,血月短斧,武器,敏捷输出,2,0,13,单手武器,260,敏捷+68；耐力+67,攻击强度+73；暴击等级+37；护甲穿透等级+45,攻击强度+67；暴击等级+37；护甲穿透等级+46,攻击强度×0.9178；暴击等级×1.0000；护甲穿透等级×1.0222,5,284,290,0.9828,1,黄色,,0,230.39-429.31,1500,219.90,,,47427,血怒,258,2,0,13,无,,32254,残酷者,44960,4,141,70,
101649,逐风短斧,武器,敏捷输出,2,0,13,单手武器,260,敏捷+42；耐力+76,攻击强度+120；暴击等级+39；命中等级+51,攻击强度+127；暴击等级+37；命中等级+54,攻击强度×1.0583；暴击等级×0.9487；命中等级×1.0588,5,228,328,1.0244,2,蓝色,红色,0,402.29-747.69,2600,221.15,,,46031,疯狂之触,219,2,0,13,无,,33476,无情利斧,46999,4,138,70,
101650,血色修道院之短斧,武器,坦克,2,0,13,单手武器,260,力量+67；耐力+101,防御等级+36；招架等级+38；躲闪等级+30,防御等级+34；招架等级+41；躲闪等级+32,防御等级×0.9444；招架等级×1.0789；躲闪等级×1.0667,5,267,272,1.0110,1,蓝色,,0,245.61-457.73,1600,219.79,,,51795,托格拜恩，冰霜之王的战斧,258,2,0,13,无,,28433,邪恶位面战斧,41630,4,136,70,
101651,不灭短斧,武器,坦克,2,0,13,单手武器,260,力量+59；耐力+100,防御等级+33；招架等级+35；躲闪等级+29,防御等级+31；招架等级+37；躲闪等级+27,防御等级×0.9394；招架等级×1.0571；躲闪等级×0.9310,5,284,256,0.9922,0,,,0,246.12-459.06,1600,220.37,,,51947,托格班恩，霜育王之斧,271,2,0,13,无,,31965,残酷角斗士的利斧,41559,4,136,70,
101652,岩心手斧,武器,坦克,2,0,13,单手武器,260,力量+67；耐力+101,防御等级+36；招架等级+38；躲闪等级+30,防御等级+34；招架等级+35；躲闪等级+32,防御等级×0.9444；招架等级×0.9211；躲闪等级×1.0667,5,267,272,0.9890,0,,,0,245.61-457.73,1600,219.79,,,51795,托格拜恩，冰霜之王的战斧,258,2,0,13,无,,29924,虚空梦魇,42177,4,134,70,
101653,仲裁者重斧,武器,力量输出,2,1,17,双手武器,260,力量+171；耐力+178,命中等级+81；暴击等级+98,命中等级+78；暴击等级+98,命中等级×0.9630；暴击等级×1.0000,4,457,528,0.9943,1,红色,,0,824.33-1237.61,3600,286.38,,,48713,洛萨战斧,245,2,1,17,无,,30316,毁灭,41560,5,175,70,
101654,战争领主重斧,武器,力量输出,2,1,17,双手武器,260,力量+161；耐力+177,暴击等级+96；护甲穿透等级+96,暴击等级+99；护甲穿透等级+98,暴击等级×1.0312；护甲穿透等级×1.0208,4,520,530,1.0094,1,黄色,,0,823.35-1235.53,3600,285.96,,,47446,双刃屠斧,258,2,1,17,无,,34997,野蛮角斗士的斩首斧,49149,4,154,70,
101655,神祇焚烧重斧,武器,力量输出,2,1,17,双手武器,260,力量+161；耐力+177,暴击等级+96；护甲穿透等级+96,暴击等级+104；护甲穿透等级+91,暴击等级×1.0833；护甲穿透等级×0.9479,4,520,530,1.0057,0,,,0,823.35-1235.53,3600,285.96,,,47078,公正使者,258,2,1,17,无,,33670,复仇角斗士的斩首斧,47732,4,146,70,
101656,大领主之重斧,武器,力量输出,2,1,17,双手武器,260,力量+155；耐力+178,护甲穿透等级+88；精准等级+95,护甲穿透等级+92；精准等级+99,护甲穿透等级×1.0455；精准等级×1.0421,4,536,516,1.0155,0,,,0,800.44-1201.14,3500,285.94,,,51905,拉玛兰迪的抉择之刃,264,2,1,17,无,,34014,复仇角斗士的战斧,47771,4,146,70,
101657,游侠将军强弓,武器,敏捷输出,2,2,15,弓,260,敏捷+54；耐力+47,攻击强度+66；暴击等级+32；急速等级+28,攻击强度+61；暴击等级+35；急速等级+27,攻击强度×0.9242；暴击等级×1.0938；急速等级×0.9643,5,184,227,0.9868,0,,,0,512.48-877.28,2800,248.17,27,,45327,海妖的悲鸣,238,2,2,15,无,,30318,灵弦长弓,41875,5,175,70,
101658,通灵学院战弓,武器,敏捷输出,2,2,15,弓,260,敏捷+41；耐力+38,攻击强度+76；暴击等级+35；命中等级+22,攻击强度+78；暴击等级+37；命中等级+20,攻击强度×1.0263；暴击等级×1.0571；命中等级×0.9091,5,219,212,1.0094,1,黄色,,0,531.99-874.19,2900,242.44,,,51927,海洋之神骨弓,264,2,2,15,无,,34334,索利达尔，群星之怒,48902,5,164,70,
101659,裂云战弓,武器,敏捷输出,2,2,15,弓,260,敏捷+51；耐力+37,攻击强度+73；暴击等级+34；命中等级+31,攻击强度+74；暴击等级+36；命中等级+33,攻击强度×1.0137；暴击等级×1.0588；命中等级×1.0645,5,207,226,1.0221,0,,,0,540.08-895.37,2900,247.49,,,50776,海洋之神骨弓,251,2,2,15,无,,23051,防御者之刃,35450,5,86,60,
101660,潜踪猎弓,武器,敏捷输出,2,2,15,弓,260,敏捷+48；耐力+37,攻击强度+63；护甲穿透等级+27；命中等级+28,攻击强度+60；护甲穿透等级+26；命中等级+26,攻击强度×0.9524；护甲穿透等级×0.9630；命中等级×0.9286,5,176,203,0.9704,0,,,0,521.59-872.05,2800,248.86,,,48711,洛克夏拉，暗影诛灭者,245,2,2,15,无,,34196,奎尔萨拉斯金弓,48294,4,154,70,
101661,仲裁者之火枪,武器,敏捷输出,2,3,26,远程武器,260,敏捷+49；耐力+49,攻击强度+50；暴击等级+33；急速等级+24,攻击强度+50；暴击等级+31；急速等级+23,攻击强度×1.0000；暴击等级×0.9394；急速等级×0.9583,5,201,205,0.9854,0,,,0,539.30-886.57,2900,245.84,,,47523,菲斯克的自动火炮,258,2,3,26,无,,35075,野蛮角斗士的步枪,49393,4,154,70,
101662,镇魂使铳枪,武器,敏捷输出,2,3,26,远程武器,260,敏捷+49；耐力+49,攻击强度+50；暴击等级+33；急速等级+24,攻击强度+47；暴击等级+34；急速等级+24,攻击强度×0.9400；暴击等级×1.0303；急速等级×1.0000,5,201,205,0.9902,0,,,0,539.30-886.57,2900,245.84,,,47521,BRK-1000型火枪,258,2,3,26,无,,34530,复仇角斗士的步枪,48183,4,146,70,
101663,血精灵魔导师铳枪,武器,敏捷输出,2,3,26,远程武器,260,敏捷+49；耐力+26,攻击强度+73；暴击等级+35；命中等级+21,攻击强度+74；暴击等级+36；命中等级+22,攻击强度×1.0137；暴击等级×1.0286；命中等级×1.0476,5,177,204,1.0147,2,蓝色,红色,0,521.59-872.05,2800,248.86,,,48022,大口径燧石火枪,245,2,3,26,无,,32325,坚韧卫士火枪,44962,4,141,70,
101664,复苏之火枪,武器,敏捷输出,2,3,26,远程武器,260,敏捷+41；耐力+35,攻击强度+77；护甲穿透等级+35；急速等级+22,攻击强度+72；护甲穿透等级+33；急速等级+23,攻击强度×0.9351；护甲穿透等级×0.9429；急速等级×1.0455,5,217,210,0.9714,2,红色,黄色,0,551.16-904.86,3000,242.67,,,51845,打桩枪,264,2,3,26,无,,29949,奥金气枪,42178,4,134,70,
101665,破晓者之权杖,武器,力量输出,2,4,21,主手武器,260,耐力+89；力量+46,暴击等级+41；命中等级+42；精准等级+40,暴击等级+38；命中等级+45；精准等级+42,暴击等级×0.9268；命中等级×1.0714；精准等级×1.0500,5,267,258,1.0078,1,红色,,0,261.15-486.39,1700,219.86,,,51937,断骨权杖,264,2,4,13,同子类坦克评级等价替换,躲闪等级→暴击等级；防御等级→精准等级,30317,宇宙灌注者,41873,5,175,70,
101666,通灵学院钉锤,武器,力量输出,2,4,21,主手武器,260,耐力+100；力量+46,急速等级+47；命中等级+43；暴击等级+39,急速等级+50；命中等级+46；暴击等级+42,急速等级×1.0638；命中等级×1.0698；暴击等级×1.0769,5,253,275,1.0327,1,黄色,,0,260.81-485.27,1700,219.44,,,50760,断骨权杖,251,2,4,13,同子类坦克评级等价替换,躲闪等级→急速等级；防御等级→暴击等级,34335,圣灵之锤,48029,4,164,70,
101667,失落破夜短锤,武器,力量输出,2,4,21,主手武器,260,力量+50；耐力+100,命中等级+44；暴击等级+44；精准等级+34,命中等级+47；暴击等级+40；精准等级+36,命中等级×1.0682；暴击等级×0.9091；精准等级×1.0588,5,303,272,1.0037,2,蓝色,红色,0,246.12-459.06,1600,220.37,,,49997,米瑟里奥斯，铜须的遗产,271,2,4,13,同子类坦克评级等价替换,防御等级→命中等级；招架等级→暴击等级,34176,哀难,47992,4,154,70,
101668,泰坦监护者之短锤,武器,坦克,2,4,21,主手武器,260,耐力+88；力量+68,躲闪等级+32；招架等级+27；防御等级+37,躲闪等级+34；招架等级+26；防御等级+38,躲闪等级×1.0625；招架等级×0.9630；防御等级×1.0270,5,218,252,1.0079,1,蓝色,,0,245.83-457.02,1600,219.64,,,48714,忠烈之锤,245,2,4,13,无,,34199,执政官之槌,48908,4,154,70,
101669,余烬钉锤,武器,坦克,2,4,21,主手武器,260,耐力+89；力量+46,躲闪等级+41；命中等级+42；防御等级+40,躲闪等级+42；命中等级+40；防御等级+39,躲闪等级×1.0244；命中等级×0.9524；防御等级×0.9750,5,267,258,0.9922,1,红色,,0,261.15-486.39,1700,219.86,,,51937,断骨权杖,264,2,4,13,无,,34988,野蛮角斗士的碎骨锤,49136,4,154,70,
101670,焚烧战锤,武器,坦克,2,4,21,主手武器,260,耐力+101；力量+53,躲闪等级+47；精准等级+33；防御等级+37,躲闪等级+46；精准等级+35；防御等级+38,躲闪等级×0.9787；精准等级×1.0606；防御等级×1.0270,5,197,271,1.0074,1,黄色,,0,261.73-487.18,1700,220.27,,,45892,雷霆的传承,225,2,4,13,无,,35014,野蛮角斗士的木槌,49135,4,154,70,
101671,奥术轰雷权杖,武器,法系输出,2,4,21,主手武器,260,耐力+67；智力+67,法术强度+713；急速等级+67；暴击等级+45,法术强度+760；急速等级+65；暴击等级+49,法术强度×1.0659；急速等级×0.9701；暴击等级×1.0889,5,943,959,1.0511,0,,,0,109.83-347.79,1800,127.12,,,47483,苦难之末,258,2,4,21,无,,35082,野蛮角斗士的拯救,49146,4,154,70,
101672,奥术权杖,武器,法系输出,2,4,21,主手武器,260,耐力+67；智力+67,法术强度+713；急速等级+67；暴击等级+45,法术强度+770；急速等级+70；暴击等级+46,法术强度×1.0799；急速等级×1.0448；暴击等级×1.0222,5,943,959,1.0636,1,蓝色,,0,109.83-347.79,1800,127.12,,,47206,哀难的终结,258,2,4,21,无,,32500,卡拉波水晶之塔,45365,4,151,70,
101673,寒冰皇冠之短锤,武器,法系输出,2,4,21,主手武器,260,智力+65；耐力+64,法术强度+710；暴击等级+59；急速等级+53,法术强度+679；暴击等级+56；急速等级+50,法术强度×0.9563；暴击等级×0.9492；急速等级×0.9434,5,878,951,0.9611,1,红色,,0,111.08-350.48,1800,128.21,,,50051,真炎锤,251,2,4,21,无,,33662,复仇角斗士的碎骨锤,47606,4,146,70,
101674,唤星者短锤,武器,治疗,2,4,21,主手武器,260,耐力+66；智力+64,法术强度+713；暴击等级+57；每5秒法力回复+29,法术强度+779；暴击等级+61；每5秒法力回复+27,法术强度×1.0926；暴击等级×1.0702；每5秒法力回复×0.9310,5,913,929,1.0732,1,蓝色,,0,133.22-425.07,2200,126.88,,,51798,瓦琉斯，圣光使者之锤,258,2,4,21,无,,33687,复仇角斗士的木槌,47740,4,146,70,
101675,铁炉堡铁锤,武器,治疗,2,4,21,主手武器,260,耐力+63；智力+60,法术强度+716；急速等级+49；每5秒法力回复+28,法术强度+743；急速等级+47；每5秒法力回复+30,法术强度×1.0377；急速等级×0.9592；每5秒法力回复×1.0714,5,949,916,1.0295,1,黄色,,0,133.45-423.55,2200,126.59,,,51875,感染之伤,264,2,4,21,无,,34896,纳鲁赐福之槌,49111,4,146,70,
101676,仲裁者之钉锤,武器,治疗,2,4,21,主手武器,260,耐力+67；智力+56,法术强度+719；暴击等级+49；每5秒法力回复+28,法术强度+746；暴击等级+48；每5秒法力回复+29,法术强度×1.0376；暴击等级×0.9796；每5秒法力回复×1.0357,5,1014,919,1.0294,0,,,0,133.13-421.28,2200,126.00,,,51944,法流士，光明使者裁决槌,271,2,4,21,无,,30108,浅水权杖,47438,4,141,70,
101677,无尽战锤,武器,力量输出,2,5,17,双手武器,260,力量+182；耐力+178,暴击等级+114；命中等级+92,暴击等级+123；命中等级+88,暴击等级×1.0789；命中等级×0.9565,4,456,566,1.0088,0,,,0,826.59-1238.70,3600,286.85,,,45521,辟地,238,2,5,17,无,,17182,萨弗拉斯，炎魔拉格纳罗斯之手,29698,5,80,60,
101678,万法王巨锤,武器,力量输出,2,5,17,双手武器,260,力量+166；耐力+137,暴击等级+146；急速等级+75,暴击等级+148；急速等级+70,暴击等级×1.0137；急速等级×0.9333,4,353,524,0.9943,1,黄色,,0,832.88-1250.00,3600,289.29,,,49802,千钧,219,2,5,17,无,,34989,野蛮角斗士的碾骨锤,49993,4,154,70,
101679,破军者之破甲锤,武器,力量输出,2,5,17,双手武器,260,力量+161；耐力+177,暴击等级+96；护甲穿透等级+96,暴击等级+88；护甲穿透等级+103,暴击等级×0.9167；护甲穿透等级×1.0729,4,520,530,0.9981,1,蓝色,,0,823.35-1235.53,3600,285.96,,,51796,米奈希尔战槌,258,2,5,17,无,,33663,复仇角斗士的碾骨锤,47742,4,146,70,
101680,青铜之破甲锤,武器,力量输出,2,5,17,双手武器,260,力量+161；耐力+177,暴击等级+98；精准等级+94,暴击等级+94；精准等级+96,暴击等级×0.9592；精准等级×1.0213,4,520,530,0.9962,1,红色,,0,823.35-1235.53,3600,285.96,,,47520,咒怨,258,2,5,17,无,,32332,诅咒火炬,45350,4,141,70,
101681,命轮破天长矛,武器,力量输出,2,6,17,双手武器,260,力量+162；耐力+178,暴击等级+76；命中等级+111,暴击等级+82；命中等级+111,暴击等级×1.0789；命中等级×1.0000,4,549,527,1.0114,2,红色,黄色,0,777.15-1167.19,3400,285.93,,,51936,堡垒卫士的巨剑,264,2,8,17,同手位力量双手预算,,34183,魔脊之枪,47996,4,154,70,
101682,破云战戟,武器,力量输出,2,6,17,双手武器,260,力量+180；耐力+178,暴击等级+108；急速等级+98,暴击等级+98；急速等级+99,暴击等级×0.9074；急速等级×1.0102,4,518,564,0.9840,1,黄色,,0,823.11-1236.28,3600,286.03,,,50048,奎尔德拉，信仰之力,251,2,8,17,同手位力量双手预算,,35064,野蛮角斗士的痛苦之锯,49142,4,154,70,
101683,冻结长枪,武器,力量输出,2,6,17,双手武器,260,力量+178；耐力+178,暴击等级+88；护甲穿透等级+89,暴击等级+92；护甲穿透等级+86,暴击等级×1.0455；护甲穿透等级×0.9663,4,554,533,1.0019,0,,,0,846.04-1270.03,3700,285.96,,,49888,影锋,264,2,1,17,同手位力量双手预算,,33727,复仇角斗士的痛苦之锯,40368,4,146,70,
101684,穿云战戟,武器,敏捷输出,2,6,17,双手武器,260,敏捷+153；耐力+156,攻击强度+179；暴击等级+104；急速等级+89,攻击强度+169；暴击等级+104；急速等级+81,攻击强度×0.9441；暴击等级×1.0000；急速等级×0.9101,5,708,681,0.9736,2,红色,黄色,0,777.15-1167.19,3400,285.93,,,50178,血瀑,264,2,6,17,无,,32248,荒芜之戟,45318,4,141,70,
101685,轮回长矛,武器,敏捷输出,2,6,17,双手武器,260,敏捷+141；耐力+156,攻击强度+190；暴击等级+104；护甲穿透等级+96,攻击强度+178；暴击等级+110；护甲穿透等级+101,攻击强度×0.9368；暴击等级×1.0577；护甲穿透等级×1.0521,5,674,687,0.9985,1,黄色,,0,800.00-1201.01,3500,285.86,,,47491,恶徒长戟,258,2,6,17,无,,32025,残酷角斗士的痛苦之锯,41562,4,136,70,
101686,刀锋山长矛,武器,敏捷输出,2,6,17,双手武器,260,耐力+120；敏捷+164,攻击强度+220；暴击等级+87；命中等级+111,攻击强度+204；暴击等级+86；命中等级+102,攻击强度×0.9273；暴击等级×0.9885；命中等级×0.9189,5,537,702,0.9630,1,蓝色,,0,780.91-1172.59,3400,287.28,,,50296,逆戟鲸猎叉,232,2,6,17,无,,28774,深渊巨刃,40366,4,125,70,
101687,圣殿骑士之利剑,武器,力量输出,2,7,21,主手武器,260,力量+49；耐力+101,暴击等级+45；精准等级+43；命中等级+38,暴击等级+43；精准等级+43；命中等级+36,暴击等级×0.9556；精准等级×1.0000；命中等级×0.9474,5,212,276,0.9855,1,红色,,0,246.05-457.66,1600,219.91,,,45110,泰坦禁卫,232,2,7,13,同子类坦克评级等价替换,防御等级→暴击等级；招架等级→精准等级,30311,迁跃切割者,41867,5,175,70,
101688,唤星者之军刀,武器,力量输出,2,7,21,主手武器,260,力量+67；耐力+89,暴击等级+27；命中等级+36；护甲穿透等级+36,暴击等级+26；命中等级+37；护甲穿透等级+37,暴击等级×0.9630；命中等级×1.0278；护甲穿透等级×1.0278,5,250,255,1.0039,1,黄色,,0,245.61-457.73,1600,219.79,,,47513,奥格瑞姆斜锋剑,258,2,7,13,同子类坦克评级等价替换,防御等级→暴击等级；躲闪等级→命中等级；招架等级→护甲穿透等级,32837,埃辛诺斯战刃,45479,5,156,70,
101689,破阵利剑,武器,力量输出,2,7,21,主手武器,260,力量+67；耐力+89,精准等级+27；急速等级+36；暴击等级+36,精准等级+25；急速等级+38；暴击等级+33,精准等级×0.9259；急速等级×1.0556；暴击等级×0.9167,5,250,255,0.9882,1,蓝色,,0,245.61-457.73,1600,219.79,,,47506,银翼护卫者,258,2,7,13,同子类坦克评级等价替换,防御等级→精准等级；躲闪等级→急速等级；招架等级→暴击等级,32838,埃辛诺斯战刃,45481,5,156,70,
101690,冬泉谷之长剑,武器,坦克,2,7,21,主手武器,260,力量+67；耐力+89,防御等级+27；躲闪等级+36；招架等级+36,防御等级+25；躲闪等级+36；招架等级+38,防御等级×0.9259；躲闪等级×1.0000；招架等级×1.0556,5,250,255,1.0000,1,蓝色,,0,245.61-457.73,1600,219.79,,,47513,奥格瑞姆斜锋剑,258,2,7,13,无,,22736,安杜尼苏斯，灵魂的收割者,35152,5,100,60,
101691,铁壁利剑,武器,坦克,2,7,21,主手武器,260,力量+67；耐力+89,防御等级+27；躲闪等级+36；招架等级+36,防御等级+27；躲闪等级+38；招架等级+38,防御等级×1.0000；躲闪等级×1.0556；招架等级×1.0556,5,250,255,1.0157,1,红色,,0,245.61-457.73,1600,219.79,,,47506,银翼护卫者,258,2,7,13,无,,19019,雷霆之怒，逐风者的祝福之剑,30606,5,80,60,
101692,亘古之佩剑,武器,坦克,2,7,21,主手武器,260,力量+40；耐力+89,防御等级+44；招架等级+44；精准等级+40,防御等级+42；招架等级+46；精准等级+41,防御等级×0.9545；招架等级×1.0455；精准等级×1.0250,5,267,257,1.0039,1,黄色,,0,466.00-723.27,2700,220.24,,,51869,整容刀,264,2,7,13,无,,61040,主-阿兹加洛战刃·绿,420106,5,70,70,
101693,星陨佩剑,武器,法系输出,2,7,21,主手武器,260,耐力+59；智力+67,法术强度+713；急速等级+40；暴击等级+59,法术强度+679；急速等级+37；暴击等级+62,法术强度×0.9523；急速等级×0.9250；暴击等级×1.0508,5,922,938,0.9638,1,黄色,,0,109.83-347.79,1800,127.12,,,47518,尘缘,258,2,7,21,无,,61041,副-阿兹加洛战刃·绿,421039,5,70,70,
101694,星陨短剑,武器,法系输出,2,7,21,主手武器,260,智力+73；耐力+51,暴击等级+59；法术强度+707；命中等级+51,暴击等级+57；法术强度+741；命中等级+55,暴击等级×0.9661；法术强度×1.0481；命中等级×1.0784,5,823,941,1.0383,2,蓝色,红色,0,148.56-470.64,2400,129.00,,,49499,流光碧空之歌,245,2,7,21,无,,61042,主-阿兹加洛战刃·红,420108,5,70,70,
101695,破天长剑,武器,法系输出,2,7,21,主手武器,260,耐力+65；智力+57,法术强度+716；急速等级+54；命中等级+50,法术强度+646；急速等级+58；命中等级+54,法术强度×0.9022；急速等级×1.0741；命中等级×1.0800,5,975,942,0.9342,2,红色,黄色,0,109.27-347.16,1800,126.79,,,51932,霜刺,264,2,7,21,无,,61043,副-阿兹加洛战刃·红,421042,5,70,70,
101696,破晓者短剑,武器,敏捷输出,2,7,21,主手武器,260,敏捷+58；耐力+51,攻击强度+103；急速等级+42；暴击等级+38,攻击强度+98；急速等级+45；暴击等级+36,攻击强度×0.9515；急速等级×1.0714；暴击等级×0.9474,5,303,292,0.9863,1,红色,,0,399.98-743.66,2600,219.93,,,51858,断魂,264,2,7,13,无,,34164,龙鳞,48078,4,154,70,
101697,冰封短剑,武器,敏捷输出,2,7,21,主手武器,260,敏捷+70；耐力+59,攻击强度+93；暴击等级+46；护甲穿透等级+42,攻击强度+91；暴击等级+42；护甲穿透等级+38,攻击强度×0.9785；暴击等级×0.9130；护甲穿透等级×0.9048,5,285,310,0.9677,0,,,0,414.72-771.73,2700,219.71,,,50046,奎尔德拉，阴影之诈,251,2,7,13,无,,34214,村正,48079,4,154,70,
101698,暗影·利剑,武器,敏捷输出,2,7,21,主手武器,260,敏捷+76；耐力+66,命中等级+48；暴击等级+26；攻击强度+87,命中等级+48；暴击等级+24；攻击强度+91,命中等级×1.0000；暴击等级×0.9231；攻击强度×1.0460,5,231,303,1.0066,2,蓝色,红色,0,230.06-429.36,1500,219.81,,,46036,虚空弯刀,232,2,7,13,无,,35072,野蛮角斗士的迅捷之刃,49143,4,154,70,
101699,翡翠·阔剑,武器,力量输出,2,8,17,双手武器,260,力量+171；耐力+178,暴击等级+83；命中等级+113,暴击等级+88；命中等级+109,暴击等级×1.0602；命中等级×0.9646,4,499,545,1.0018,0,,,0,778.16-1167.77,3400,286.17,,,50761,堡垒卫士的巨剑,251,2,8,17,无,,13262,灰烬使者,23875,5,76,60,
101700,潮汐战刃,武器,力量输出,2,8,17,双手武器,260,力量+180；耐力+178,暴击等级+108；急速等级+98,暴击等级+98；急速等级+98,暴击等级×0.9074；急速等级×1.0000,4,518,564,0.9823,1,黄色,,0,823.11-1236.28,3600,286.03,,,50048,奎尔德拉，信仰之力,251,2,8,17,无,,50442,Ashbringer (Extra Effects),64030,5,76,60,
101701,月刃驭雷阔剑,武器,力量输出,2,8,17,双手武器,260,力量+150；耐力+185,护甲穿透等级+83；暴击等级+106,护甲穿透等级+89；暴击等级+113,护甲穿透等级×1.0723；暴击等级×1.0660,4,455,524,1.0248,2,蓝色,红色,0,824.33-1236.49,3600,286.23,,,45868,艾塞尔之刃,245,2,8,17,无,,61030,天启·蓝,421007,5,32,27,
101702,战吼大剑,武器,力量输出,2,8,17,双手武器,260,力量+162；耐力+178,暴击等级+103；精准等级+90,暴击等级+108；精准等级+92,暴击等级×1.0485；精准等级×1.0222,4,592,533,1.0131,2,红色,黄色,0,823.62-1236.81,3600,286.17,,,50070,格罗萨格，白银之手骑士团圣剑,271,2,8,17,无,,61031,天启·红,421009,5,32,27,
101703,苍穹王座之权杖,武器,法系输出,2,10,17,双手武器,260,耐力+118；智力+140,法术强度+713；暴击等级+148；急速等级+110,法术强度+782；暴击等级+137；急速等级+105,法术强度×1.0968；暴击等级×0.9257；急速等级×0.9545,5,1207,1229,1.0431,1,黄色,,0,352.82-651.75,2600,193.19,,,51799,海里昂，遗忘之爱,258,2,10,17,无,,30313,瓦解法杖,41895,5,175,70,
101704,天启·法杖,武器,法系输出,2,10,17,双手武器,260,耐力+118；智力+133,法术强度+716；暴击等级+107；命中等级+144,法术强度+648；暴击等级+116；命中等级+137,法术强度×0.9050；暴击等级×1.0841；命中等级×0.9514,5,1263,1218,0.9458,2,蓝色,红色,0,374.34-671.30,2600,201.08,,,51828,席瓦娜的苍穹法杖,264,2,10,17,无,,22589,埃提耶什，守护者的传说之杖,35632,5,90,60,
101705,暮光审判官之权杖,武器,法系输出,2,10,17,双手武器,260,耐力+101；智力+107；精神+144,法术强度+716；急速等级+145,法术强度+766；急速等级+149,法术强度×1.0698；急速等级×1.0276,5,1257,1213,1.0445,0,,,0,419.80-773.83,3100,192.52,,,51898,玛格汉大酋长的法杖,264,2,10,17,无,,22630,埃提耶什，守护者的传说之杖,35631,5,90,60,
101706,冲击秘杖,武器,法系输出,2,10,17,双手武器,260,耐力+118；智力+133,法术强度+716；命中等级+107；急速等级+145,法术强度+706；命中等级+101；急速等级+156,法术强度×0.9860；命中等级×0.9439；急速等级×1.0759,5,1263,1219,0.9959,1,黄色,,0,284.38-524.27,2100,192.54,,,51887,尸煞,264,2,10,17,无,,22631,埃提耶什，守护者的传说之杖,35634,5,90,60,
101707,失落·权杖,武器,治疗,2,10,17,双手武器,260,耐力+156；智力+156；精神+88,法术强度+713；暴击等级+140,法术强度+777；暴击等级+151,法术强度×1.0898；暴击等级×1.0786,5,1230,1253,1.0599,0,,,0,285.71-526.69,2100,193.43,,,47525,隐忍,258,2,10,17,无,,22632,埃提耶什，守护者的传说之杖,35633,5,90,60,
101708,冲击手杖,武器,治疗,2,10,17,双手武器,260,耐力+150；智力+150；精神+116,法术强度+716；急速等级+117,法术强度+776；急速等级+128,法术强度×1.0838；急速等级×1.0940,5,1295,1249,1.0568,0,,,0,325.01-564.90,2100,211.88,,,50181,圣光将熄,264,2,10,17,无,,61036,安东尼达斯法杖·紫,420603,5,70,70,
101709,圣光权杖,武器,治疗,2,10,17,双手武器,260,耐力+156；智力+156；精神+88,法术强度+713；暴击等级+140,法术强度+720；暴击等级+136,法术强度×1.0098；暴击等级×0.9714,5,1230,1253,1.0024,1,红色,,0,285.71-526.69,2100,193.43,,,47524,沐恩,258,2,10,17,无,,61037,安东尼达斯法杖·红,420604,5,70,70,
101710,奥格瑞玛之秘杖,武器,治疗,2,10,17,双手武器,260,耐力+106；智力+111；精神+149,法术强度+710；急速等级+147,法术强度+645；急速等级+148,法术强度×0.9085；急速等级×1.0068,5,1127,1223,0.9477,1,蓝色,,0,423.54-781.33,3100,194.33,,,50805,玛格汉大酋长的法杖,251,2,10,17,无,,34337,辛多雷金杖,48030,4,164,70,
101711,银色北伐军之秘杖,武器,敏捷输出,2,10,17,双手武器,260,敏捷+138；耐力+133,攻击强度+210；暴击等级+104；急速等级+104,攻击强度+215；暴击等级+106；急速等级+95,攻击强度×1.0238；暴击等级×1.0192；急速等级×0.9135,5,716,689,0.9971,1,红色,,0,548.18-823.72,2400,285.81,,,50040,天涯,264,2,10,17,无,,34182,大魔导师的洪流法杖,49132,4,154,70,
101712,猎手权杖,武器,敏捷输出,2,10,17,双手武器,260,敏捷+141；耐力+141,攻击强度+219；暴击等级+100；护甲穿透等级+92,攻击强度+199；暴击等级+97；护甲穿透等级+98,攻击强度×0.9087；暴击等级×0.9700；护甲穿透等级×1.0652,5,679,693,0.9755,2,黄色,蓝色,0,548.22-823.35,2400,285.74,,,51797,诺达希尔的污染嫩枝,258,2,10,17,无,,34198,远古本能之柱,48290,4,154,70,
101713,影月谷权杖,武器,敏捷输出,2,10,17,双手武器,260,敏捷+138；耐力+141,攻击强度+223；暴击等级+104；命中等级+88,攻击强度+238；暴击等级+109；命中等级+95,攻击强度×1.0673；暴击等级×1.0481；命中等级×1.0795,5,721,694,1.0389,1,蓝色,,0,548.18-823.72,2400,285.81,,,51881,冰河之柱,264,2,10,17,无,,34987,野蛮角斗士的战斗法杖,47994,4,154,70,
101714,暮光审判官拳套,武器,敏捷输出,2,13,21,主手武器,260,敏捷+68；耐力+51,暴击等级+46；急速等级+43；攻击强度+101,暴击等级+49；急速等级+46；攻击强度+103,暴击等级×1.0652；急速等级×1.0698；攻击强度×1.0198,5,303,309,1.0259,2,红色,黄色,0,456.71-686.08,2600,219.77,,,51801,普尤斯，抗争之拳,258,2,13,21,无,,34331,欺诈者之手,48028,4,164,70,
101715,寒冰皇冠之利爪,武器,敏捷输出,2,13,21,主手武器,260,敏捷+71；耐力+51,护甲穿透等级+35；暴击等级+45；攻击强度+81,护甲穿透等级+36；暴击等级+44；攻击强度+85,护甲穿透等级×1.0286；暴击等级×0.9778；攻击强度×1.0494,5,245,283,1.0141,2,黄色,蓝色,0,457.02-686.09,2600,219.83,,,48712,碎脊之拳,245,2,13,21,无,,34203,玛诺洛斯之握,48002,4,154,70,
101716,生命之手甲,武器,敏捷输出,2,13,21,主手武器,260,敏捷+59；耐力+59,命中等级+45；暴击等级+39；攻击强度+100,命中等级+43；暴击等级+39；攻击强度+101,命中等级×0.9556；暴击等级×1.0000；攻击强度×1.0100,5,263,302,0.9967,1,蓝色,,0,473.78-711.79,2700,219.55,,,45449,切碎者,245,2,13,21,无,,34346,复仇,48038,4,154,70,
101717,费伍德之铁拳,武器,敏捷输出,2,13,22,副手武器,260,敏捷+57；耐力+50,暴击等级+46；急速等级+36；攻击强度+105,暴击等级+49；急速等级+37；攻击强度+111,暴击等级×1.0652；急速等级×1.0278；攻击强度×1.0571,5,325,294,1.0340,2,红色,黄色,0,458.14-687.67,2600,220.35,,,51941,普鸠斯，蔑视之拳,271,2,13,21,无,,35037,野蛮角斗士的左拳套,49139,4,154,70,
101718,唤星者手甲,武器,敏捷输出,2,13,22,副手武器,260,敏捷+71；耐力+51,护甲穿透等级+35；暴击等级+45；攻击强度+81,护甲穿透等级+35；暴击等级+46；攻击强度+79,护甲穿透等级×1.0000；暴击等级×1.0222；攻击强度×0.9753,5,245,283,0.9965,1,黄色,,0,457.02-686.09,2600,219.83,,,48703,毁容之拳,245,2,13,21,无,,35076,野蛮角斗士的右拳刃,49145,4,154,70,
101719,金曦·铁拳,武器,敏捷输出,2,13,22,副手武器,260,敏捷+59；耐力+59,命中等级+45；暴击等级+39；攻击强度+100,命中等级+48；暴击等级+36；攻击强度+93,命中等级×1.0667；暴击等级×0.9231；攻击强度×0.9300,5,263,302,0.9768,0,,,0,473.78-711.79,2700,219.55,,,45449,切碎者,245,2,13,21,无,,33705,复仇角斗士的左拳刃,46967,4,146,70,
101720,艾萨拉尖刺,武器,敏捷输出,2,15,21,主手武器,260,敏捷+65；耐力+51,攻击强度+88；暴击等级+38；急速等级+43,攻击强度+96；暴击等级+40；急速等级+45,攻击强度×1.0909；暴击等级×1.0526；急速等级×1.0465,5,296,285,1.0421,1,红色,,0,276.69-515.51,1800,220.06,,,51846,血啜,264,2,15,13,无,,30312,无尽之刃,41872,5,175,70,
101721,裁断匕首,武器,敏捷输出,2,15,21,主手武器,260,敏捷+60；耐力+67,攻击强度+85；暴击等级+51；护甲穿透等级+34,攻击强度+87；暴击等级+53；护甲穿透等级+37,攻击强度×1.0235；暴击等级×1.0392；护甲穿透等级×1.0882,5,291,297,1.0236,1,黄色,,0,245.61-369.43,1400,219.66,,,47416,冥河碎刃短刀,258,2,15,13,无,,17142,污染者碎片,29097,5,70,60,
101722,银辉尖刺,武器,敏捷输出,2,15,21,主手武器,260,敏捷+81；耐力+51,命中等级+41；攻击强度+92；暴击等级+49,命中等级+38；攻击强度+93；暴击等级+49,命中等级×0.9268；攻击强度×1.0109；暴击等级×1.0000,5,211,314,0.9936,1,蓝色,,0,318.31-478.14,1800,221.24,,,49682,黑骑士的挽歌之刃,219,2,15,13,无,,34329,天启,48026,4,164,70,
101723,静潮之利刃,武器,法系输出,2,15,21,主手武器,260,耐力+48；智力+66,法术强度+713；暴击等级+52；急速等级+66,法术强度+692；暴击等级+49；急速等级+65,法术强度×0.9705；暴击等级×0.9423；急速等级×0.9848,5,929,945,0.9735,0,,,0,109.83-347.79,1800,127.12,,,51803,泰尔萨斯，鲜血之王的匕首,258,2,15,21,无,,34336,日灸,48031,4,164,70,
101724,幻影轰雷匕首,武器,法系输出,2,15,21,主手武器,260,耐力+48；智力+59,法术强度+716；暴击等级+44；命中等级+66,法术强度+720；暴击等级+48；命中等级+71,法术强度×1.0056；暴击等级×1.0909；命中等级×1.0758,5,967,933,1.0139,1,蓝色,,0,109.27-347.16,1800,126.79,,,51815,阴冷凛惧岛刻刃,264,2,15,21,无,,34165,卡雷苟斯之牙,49970,4,154,70,
101725,斯坦索姆刺刀,武器,法系输出,2,15,21,主手武器,260,耐力+49；智力+66,法术强度+704；命中等级+52；急速等级+58,法术强度+660；命中等级+50；急速等级+58,法术强度×0.9375；命中等级×0.9615；急速等级×1.0000,5,913,929,0.9505,1,红色,,0,109.83-347.79,1800,127.12,,,47422,狂心倒钩,258,2,15,21,无,,34197,放血剃刀,49971,4,154,70,
101726,腐化短刃,武器,治疗,2,15,21,主手武器,260,耐力+65；智力+64；精神+57,法术强度+716；暴击等级+57,法术强度+753；暴击等级+56,法术强度×1.0517；暴击等级×0.9825,5,993,959,1.0375,0,,,0,109.27-347.16,1800,126.79,,,49968,冰封骨针,264,2,15,21,无,,35058,野蛮角斗士的切割者,49141,4,154,70,
101727,地狱火半岛匕首,武器,治疗,2,15,21,主手武器,260,耐力+49；智力+53；精神+51,急速等级+75；法术强度+697,急速等级+74；法术强度+718,急速等级×0.9867；法术强度×1.0301,5,679,925,1.0216,1,黄色,,0,120.71-367.48,1800,135.61,,,45332,风暴之刺,225,2,15,21,无,,35102,野蛮角斗士的法术之刃,49147,4,154,70,
101728,星芒短刃,武器,治疗,2,15,21,主手武器,260,智力+68；耐力+46,暴击等级+53；法术强度+707；每5秒法力回复+34,暴击等级+51；法术强度+768；每5秒法力回复+34,暴击等级×0.9623；法术强度×1.0863；每5秒法力回复×1.0000,5,794,908,1.0650,1,红色,,0,91.86-293.72,1500,128.53,,,49494,砺亮的秘法之牙,245,2,15,21,无,,32471,埃辛诺斯碎片,45487,4,151,70,
101729,碎星尖刺,武器,敏捷输出,2,15,22,副手武器,260,敏捷+65；耐力+66,攻击强度+91；暴击等级+44；急速等级+44,攻击强度+88；暴击等级+42；急速等级+41,攻击强度×0.9670；暴击等级×0.9545；急速等级×0.9318,5,323,310,0.9742,1,红色,,0,316.49-475.71,1800,220.06,,,50016,解骨,264,2,15,13,无,,33754,复仇角斗士的军刺,47733,4,146,70,
101730,虚空风暴之短刃,武器,敏捷输出,2,15,22,副手武器,260,敏捷+60；耐力+67,攻击强度+85；暴击等级+51；护甲穿透等级+34,攻击强度+86；暴击等级+53；护甲穿透等级+31,攻击强度×1.0118；暴击等级×1.0392；护甲穿透等级×0.9118,5,291,297,1.0000,1,黄色,,0,245.61-369.43,1400,219.66,,,46969,钢铁碎刃短刀,258,2,15,13,无,,33763,复仇角斗士的法术之刃,46973,4,146,70,
101731,祖尔格拉布之短刃,武器,敏捷输出,2,15,22,副手武器,260,敏捷+68；耐力+51,攻击强度+101；暴击等级+45；精准等级+45,攻击强度+106；暴击等级+48；精准等级+41,攻击强度×1.0495；暴击等级×1.0667；精准等级×0.9111,5,304,310,1.0129,1,蓝色,,0,277.07-514.56,1800,219.90,,,51800,风雷之怒，背叛者的黑锋剑,258,2,15,13,无,,34894,锯刃,48888,4,146,70,
101732,苍穹缚龙标枪,武器,敏捷输出,2,16,25,投掷武器,260,敏捷+48；耐力+49,攻击强度+66；暴击等级+33；急速等级+33,攻击强度+71；暴击等级+31；急速等级+33,攻击强度×1.0758；暴击等级×0.9394；急速等级×1.0000,5,238,229,1.0131,1,红色,,0,411.90-618.82,1800,286.31,,,50474,弹片之星,264,2,16,25,无,,34349,死亡飞刀,48035,4,154,70,
101733,掠影标枪,武器,敏捷输出,2,16,25,投掷武器,260,敏捷+41；耐力+44,攻击强度+70；暴击等级+27；命中等级+30,攻击强度+74；暴击等级+25；命中等级+31,攻击强度×1.0571；暴击等级×0.9259；命中等级×1.0333,5,220,212,1.0142,1,黄色,,0,411.90-618.82,1800,286.31,,,51880,古鲁斯的生魂小刀,264,2,16,25,无,,35108,野蛮角斗士的战刃,38679,4,154,70,
101734,游侠将军飞刃,武器,敏捷输出,2,16,25,投掷武器,260,敏捷+51；耐力+45,攻击强度+68；暴击等级+34；命中等级+31,攻击强度+63；暴击等级+32；命中等级+29,攻击强度×0.9265；暴击等级×0.9412；命中等级×0.9355,5,209,229,0.9607,0,,,0,409.85-615.85,1800,284.92,,,50999,格拉斯的玩具刀,251,2,16,25,无,,32326,萨拉克的扭曲飞刀,45738,4,141,70,
101735,圣贤重弩,武器,敏捷输出,2,18,26,远程武器,260,敏捷+43；耐力+50,攻击强度+63；暴击等级+35；急速等级+20,攻击强度+67；暴击等级+32；急速等级+21,攻击强度×1.0635；暴击等级×0.9143；急速等级×1.0500,5,183,211,1.0095,0,,,0,600.12-841.57,2900,248.57,,,48052,暗喉之弩,245,2,18,26,无,,35018,野蛮角斗士的重弩,49138,4,154,70,
101736,回响连弩,武器,敏捷输出,2,18,26,远程武器,260,敏捷+49；耐力+43,攻击强度+70；暴击等级+33；护甲穿透等级+33,攻击强度+70；暴击等级+33；护甲穿透等级+31,攻击强度×1.0000；暴击等级×1.0000；护甲穿透等级×0.9394,5,223,228,0.9912,2,黄色,蓝色,0,616.93-857.98,3000,245.82,,,51802,风行者的穿心弩,258,2,18,26,无,,33006,复仇角斗士的重弩,46964,4,146,70,
101737,咒纹重弩,武器,敏捷输出,2,18,26,远程武器,260,敏捷+53；耐力+49,攻击强度+67；暴击等级+34；命中等级+28,攻击强度+70；暴击等级+36；命中等级+30,攻击强度×1.0448；暴击等级×1.0588；命中等级×1.0714,5,189,231,1.0303,1,蓝色,,0,582.02-820.58,2800,250.46,,,45570,天铸之弩,239,2,18,26,无,,34892,无情打击之弩,49114,4,146,70,
101738,银月城连弩,武器,敏捷输出,2,18,26,远程武器,260,敏捷+41；耐力+49,攻击强度+50；急速等级+33；护甲穿透等级+33,攻击强度+55；急速等级+33；护甲穿透等级+31,攻击强度×1.1000；急速等级×1.0000；护甲穿透等级×0.9394,5,201,206,1.0146,1,红色,,0,576.07-800.78,2800,245.87,,,47428,亡颅强弩,258,2,18,26,无,,32253,军团杀手,45491,4,141,70,
101739,蓝龙军团之咒珠,武器,法系输出,2,19,26,远程武器,260,耐力+38；智力+37,法术强度+58；暴击等级+33；急速等级+33,法术强度+63；暴击等级+35；急速等级+31,法术强度×1.0862；暴击等级×1.0606；急速等级×0.9394,5,206,199,1.0251,0,,,0,508.42-946.00,1800,404.01,,,50033,贯体之刺,264,2,19,26,无,,34347,魔魂手杖,48040,4,154,70,
101740,奥格瑞玛之法珠,武器,法系输出,2,19,26,远程武器,260,耐力+43；智力+36,暴击等级+29；命中等级+36；法术强度+56,暴击等级+27；命中等级+33；法术强度+59,暴击等级×0.9310；命中等级×0.9167；法术强度×1.0536,5,153,200,0.9900,1,蓝色,,0,596.66-1109.33,2100,406.19,,,50291,碎魂者,232,2,19,26,无,,34348,净化光芒魔杖,48042,4,154,70,
101741,咒术魔杖,武器,法系输出,2,19,26,远程武器,260,耐力+46；智力+34,命中等级+28；急速等级+27；法术强度+49,命中等级+30；急速等级+25；法术强度+48,命中等级×1.0714；急速等级×0.9259；法术强度×0.9796,5,191,184,0.9946,1,红色,,0,537.52-998.40,1900,404.19,,,51852,酒红宝石魔杖,264,2,19,26,无,,34985,野蛮角斗士的光明法杖,46606,4,154,70,
101742,执剑者咒珠,武器,法系输出,2,19,26,远程武器,260,耐力+47；智力+34,命中等级+36；急速等级+27；法术强度+57,命中等级+36；急速等级+26；法术强度+62,命中等级×1.0000；急速等级×0.9630；法术强度×1.0877,5,185,201,1.0199,1,黄色,,0,537.29-998.58,1900,404.18,,,51326,血红宝石魔杖,251,2,19,26,无,,32343,棱光聚焦魔杖,45357,4,141,70,
101743,铁炉堡星珠,武器,治疗,2,19,26,远程武器,260,耐力+46；智力+34；精神+36,暴击等级+19；法术强度+49,暴击等级+18；法术强度+45,暴击等级×0.9474；法术强度×0.9184,5,191,184,0.9728,2,蓝色,黄色,0,621.94-1155.58,2200,403.98,,,51838,兰娜瑟尔的染血之指,264,2,19,26,无,,32363,纳鲁生命魔杖,41668,4,141,70,
101744,金曦·灵珠,武器,治疗,2,19,26,远程武器,260,耐力+44；智力+36；精神+33,法术强度+56；急速等级+31,法术强度+55；急速等级+30,法术强度×0.9821；急速等级×0.9677,5,137,200,0.9900,0,,,0,515.10-956.61,1800,408.81,,,49852,棺钉,219,2,19,26,无,,29982,遗忘之星,42181,4,134,70,
101745,黑锋骑士之星珠,武器,治疗,2,19,26,远程武器,260,耐力+38；智力+37；精神+33,法术强度+58；暴击等级+33,法术强度+54；暴击等级+35,法术强度×0.9310；暴击等级×1.0606,5,206,199,0.9899,0,,,0,508.42-946.00,1800,404.01,,,50472,梦魇终结者,264,2,19,26,无,,33192,雕刻过的巫医之杖,48216,4,132,70,
101746,仁爱星珠,武器,治疗,2,19,26,远程武器,260,耐力+47；智力+34；精神+36,暴击等级+27；法术强度+57,暴击等级+29；法术强度+62,暴击等级×1.0741；法术强度×1.0877,5,185,201,1.0348,1,蓝色,,0,621.84-1155.91,2200,404.03,,,51553,兰娜瑟尔的染血之指,251,2,19,26,无,,32482,Touch of Victory,41367,4,130,70,
