entry,名称,分组,定位,class,subclass,InventoryType,槽位,装等,白字属性,绿字理论归一值,触发属性预算系数,绿字触发附加前归一值,绿字最终值,绿字最终随机系数,属性条数,插槽数量,插槽1颜色,插槽2颜色,插槽Bonus,伤害,攻速毫秒,DPS,护甲,格挡值,触发法术ID,触发方式,触发效果类别,效果来源装等,效果来源物品ID,效果来源物品,基准entry,基准名称,基准装等,基准class,基准subclass,基准InventoryType,预算回退方式,等价词条映射,外观entry,外观名称,displayid,外观品质,外观物品装等,外观需求等级,插槽3颜色
102947,苍穹洞察王冠,护甲,法系输出,4,1,1,头部,280,耐力+143；智力+143,法术强度+191；暴击等级+126；急速等级+100,1.00（触发效果额外，不扣属性预算）,法术强度+191；暴击等级+126；急速等级+100,法术强度+179；暴击等级+136；急速等级+104,法术强度×0.9372；暴击等级×1.0794；急速等级×1.0400,5,3,混沌,黄色,0,,,,303,,,,,,,,51281,神圣血法罩帽,277,4,1,1,无,,42553,外观液化护目镜,44949,4,200,72,红色
102948,守望者镇压头饰,护甲,法系输出,4,1,1,头部,280,智力+131；耐力+113,命中等级+91；暴击等级+121；法术强度+203,1.00（触发效果额外，不扣属性预算）,命中等级+91；暴击等级+121；法术强度+203,命中等级+98；暴击等级+122；法术强度+198,命中等级×1.0769；暴击等级×1.0083；法术强度×0.9754,5,3,混沌,蓝色,0,,,,298,,,,,,,,49481,灵风头冠,245,4,1,1,无,,34339,纯净圣光兜帽,50018,4,164,70,红色
102949,失落荣光头冠,护甲,法系输出,4,1,1,头部,280,耐力+143；智力+145；精神+117,法术强度+196；急速等级+96,1.00（触发效果额外，不扣属性预算）,法术强度+196；急速等级+96,法术强度+212；急速等级+104,法术强度×1.0816；急速等级×1.0833,5,2,混沌,蓝色,0,,,,301,,,,,,,,51896,魔术师的龟裂兜帽,264,4,1,1,无,,34340,黑暗咒术之环,50019,4,164,70,
102950,灰熊丘陵之冠冕,护甲,法系输出,4,1,1,头部,280,耐力+143；智力+145；精神+107,法术强度+183；命中等级+117,1.00（触发效果额外，不扣属性预算）,法术强度+183；命中等级+117,法术强度+171；命中等级+108,法术强度×0.9344；命中等级×0.9231,5,3,混沌,黄色,0,,,,301,,,,,,,,48088,萨布拉的凯旋头环,258,4,1,1,无,,34405,奥术纯净头盔,50020,4,164,70,黄色
102951,奥杜尔星界肩卫,护甲,法系输出,4,1,3,肩部,280,耐力+106；智力+106,法术强度+154；暴击等级+93；急速等级+84,1.00（触发效果额外，不扣属性预算）,法术强度+154；暴击等级+93；急速等级+84,法术强度+154；暴击等级+102；急速等级+79,法术强度×1.0000；暴击等级×1.0968；急速等级×0.9405,5,1,黄色,,0,,,,279,,,,,,,,51284,神圣血法肩垫,277,4,1,3,无,,34202,奇迹披肩,50013,4,159,70,
102952,虚空肩胄,护甲,法系输出,4,1,3,肩部,280,耐力+107；智力+110,法术强度+147；暴击等级+83；命中等级+95,1.00（触发效果额外，不扣属性预算）,法术强度+147；暴击等级+83；命中等级+95,法术强度+138；暴击等级+87；命中等级+100,法术强度×0.9388；暴击等级×1.0482；命中等级×1.0526,5,1,蓝色,,0,,,,274,,,,,,,,47714,灾降衬肩,245,4,1,3,无,,34210,唤魔师护肩,50012,4,159,70,
102953,幻光肩铠,护甲,法系输出,4,1,3,肩部,280,耐力+106；智力+106,法术强度+144；急速等级+92；命中等级+76,1.00（触发效果额外，不扣属性预算）,法术强度+144；急速等级+92；命中等级+76,法术强度+136；急速等级+96；命中等级+75,法术强度×0.9444；急速等级×1.0435；命中等级×0.9868,5,0,,,0,,,,279,,,,,,,,50643,仁慈杀戮肩甲,277,4,1,3,无,,34393,求知护肩,50014,4,159,70,
102954,肩饰·寒星,护甲,法系输出,4,1,3,肩部,280,耐力+106；智力+106,法术强度+144；急速等级+92；命中等级+76,1.00（触发效果额外，不扣属性预算）,法术强度+144；急速等级+92；命中等级+76,法术强度+155；急速等级+95；命中等级+70,法术强度×1.0764；急速等级×1.0326；命中等级×0.9211,5,1,黄色,,0,,,,279,,,,,,,,50643,仁慈杀戮肩甲,277,4,1,3,无,,35006,野蛮角斗士的鬼纹护肩,50009,4,159,70,
102955,深空长袍,护甲,法系输出,4,1,20,胸部,280,耐力+143；智力+143,法术强度+200；暴击等级+109；急速等级+125,1.00（触发效果额外，不扣属性预算）,法术强度+200；暴击等级+109；急速等级+125,法术强度+192；暴击等级+103；急速等级+115,法术强度×0.9600；暴击等级×0.9450；急速等级×0.9200,5,1,黄色,,0,,,,372,,,,,,,,51283,神圣血法长袍,277,4,1,20,无,,34232,魔能征服者外衣,48299,4,159,70,
102956,时流破界外衣,护甲,法系输出,4,1,20,胸部,280,耐力+143；智力+143,法术强度+191；暴击等级+126；命中等级+101,1.00（触发效果额外，不扣属性预算）,法术强度+191；暴击等级+126；命中等级+101,法术强度+194；暴击等级+122；命中等级+99,法术强度×1.0157；暴击等级×0.9683；命中等级×0.9802,5,1,蓝色,,0,,,,372,,,,,,,,50629,噩梦乍醒法袍,277,4,1,20,无,,34364,阳炎之袍,48925,4,159,70,
102957,游侠将军唤醒礼服,护甲,法系输出,4,1,20,胸部,280,耐力+143；智力+143；精神+126,法术强度+191；急速等级+100,1.00（触发效果额外，不扣属性预算）,法术强度+191；急速等级+100,法术强度+173；急速等级+96,法术强度×0.9058；急速等级×0.9600,5,2,红色,黄色,0,,,,372,,,,,,,,50717,血红丝质长袍,277,4,1,20,无,,34365,永恒光芒长袍,48921,4,159,70,
102958,唤星者降临外衣,护甲,法系输出,4,1,20,胸部,280,耐力+143；智力+143,法术强度+191；暴击等级+126；命中等级+101,1.00（触发效果额外，不扣属性预算）,法术强度+191；暴击等级+126；命中等级+101,法术强度+173；暴击等级+132；命中等级+98,法术强度×0.9058；暴击等级×1.0476；命中等级×0.9703,5,1,黄色,,0,,,,372,,,,,,,,50629,噩梦乍醒法袍,277,4,1,20,无,,34399,幽怨之袍,48384,4,159,70,
102959,深空腰链,护甲,法系输出,4,1,6,腰部,280,耐力+106；智力+106,法术强度+144；暴击等级+76；急速等级+92,1.00（触发效果额外，不扣属性预算）,法术强度+144；暴击等级+76；急速等级+92,法术强度+147；暴击等级+75；急速等级+97,法术强度×1.0208；暴击等级×0.9868；急速等级×1.0543,5,1,黄色,,0,,,,210,,,,,,,,50613,破碎冷魂腰带,277,4,1,6,无,,35153,护卫者的鬼纹腰带,48683,4,159,70,
102960,腰链·凛冬余威,护甲,法系输出,4,1,6,腰部,280,耐力+107；智力+107,法术强度+142；暴击等级+100；命中等级+65,1.00（触发效果额外，不扣属性预算）,法术强度+142；暴击等级+100；命中等级+65,法术强度+141；暴击等级+101；命中等级+66,法术强度×0.9930；暴击等级×1.0100；命中等级×1.0154,5,1,蓝色,,0,,,,209,,,,,,,,54562,卑鄙腰带,271,4,1,6,无,,35159,护卫者的月布腰带,48686,4,159,70,
102961,长夜围带,护甲,法系输出,4,1,6,腰部,280,耐力+107；智力+108；精神+73,法术强度+140；急速等级+89,1.00（触发效果额外，不扣属性预算）,法术强度+140；急速等级+89,法术强度+131；急速等级+93,法术强度×0.9357；急速等级×1.0449,5,2,红色,黄色,0,,,,208,,,,,,,,51930,恩医束带,264,4,1,6,无,,35164,护卫者的丝质腰带,48689,4,159,70,
102962,永夜束带,护甲,法系输出,4,1,6,腰部,280,耐力+107；智力+108,法术强度+140；暴击等级+93；命中等级+75,1.00（触发效果额外，不扣属性预算）,法术强度+140；暴击等级+93；命中等级+75,法术强度+147；暴击等级+96；命中等级+77,法术强度×1.0500；暴击等级×1.0323；命中等级×1.0267,5,0,,,0,,,,208,,,,,,,,50996,渎职腰带,264,4,1,6,无,,34527,赦免腰带,48356,4,154,70,
102963,屠龙者裁断腿胄,护甲,法系输出,4,1,7,腿部,280,耐力+143；智力+145,法术强度+186；急速等级+110；暴击等级+112,1.00（触发效果额外，不扣属性预算）,法术强度+186；急速等级+110；暴击等级+112,法术强度+175；急速等级+113；暴击等级+119,法术强度×0.9409；急速等级×1.0273；暴击等级×1.0625,5,1,黄色,,0,,,,324,,,,,,,,51882,新伤褶裙,264,4,1,7,无,,34170,止战马裤,48295,4,159,70,
102964,无声裁决·护胫,护甲,法系输出,4,1,7,腿部,280,耐力+143；智力+143,法术强度+200；暴击等级+126；命中等级+109,1.00（触发效果额外，不扣属性预算）,法术强度+200；暴击等级+126；命中等级+109,法术强度+211；暴击等级+131；命中等级+99,法术强度×1.0550；暴击等级×1.0397；命中等级×0.9083,5,2,蓝色,红色,0,,,,326,,,,,,,,51282,神圣血法护腿,277,4,1,7,无,,34181,灾难护腿,48296,4,159,70,
102965,最后守望·下装,护甲,法系输出,4,1,7,腿部,280,耐力+143；智力+143；精神+126,法术强度+200；急速等级+109,1.00（触发效果额外，不扣属性预算）,法术强度+200；急速等级+109,法术强度+190；急速等级+105,法术强度×0.9500；急速等级×0.9633,5,1,红色,,0,,,,326,,,,,,,,51262,神圣血色侍僧护腿,277,4,1,7,无,,34386,激战长裤,48307,4,159,70,
102966,黑锋骑士凝视腿铠,护甲,法系输出,4,1,7,腿部,280,耐力+143；智力+143,法术强度+200；暴击等级+126；命中等级+109,1.00（触发效果额外，不扣属性预算）,法术强度+200；暴击等级+126；命中等级+109,法术强度+201；暴击等级+116；命中等级+106,法术强度×1.0050；暴击等级×0.9206；命中等级×0.9725,5,1,黄色,,0,,,,326,,,,,,,,51258,神圣血色侍僧长裤,277,4,1,7,无,,35005,野蛮角斗士的鬼纹护腿,49952,4,159,70,
102967,红龙军团的黎明赞歌,护甲,法系输出,4,1,8,脚部,280,耐力+106；智力+106,法术强度+144；急速等级+92；暴击等级+76,1.00（触发效果额外，不扣属性预算）,法术强度+144；急速等级+92；暴击等级+76,法术强度+158；急速等级+89；暴击等级+74,法术强度×1.0972；急速等级×0.9674；暴击等级×0.9737,5,1,黄色,,0,,,,256,,,,,,,,50699,瘟疫科学家长靴,277,4,1,8,无,,35138,护卫者的鬼纹软靴,48685,4,159,70,
102968,永恒征途·足具,护甲,法系输出,4,1,8,脚部,280,耐力+107；智力+108,法术强度+140；命中等级+63；暴击等级+100,1.00（触发效果额外，不扣属性预算）,法术强度+140；命中等级+63；暴击等级+100,法术强度+134；命中等级+68；暴击等级+107,法术强度×0.9571；命中等级×1.0794；暴击等级×1.0700,5,2,蓝色,红色,0,,,,255,,,,,,,,51899,冰冠尖塔便鞋,264,4,1,8,无,,35144,护卫者的月布便鞋,48688,4,159,70,
102969,奥术足具,护甲,法系输出,4,1,8,脚部,280,耐力+106；智力+107,法术强度+138；命中等级+75；急速等级+91,1.00（触发效果额外，不扣属性预算）,法术强度+138；命中等级+75；急速等级+91,法术强度+150；命中等级+76；急速等级+97,法术强度×1.0870；命中等级×1.0133；急速等级×1.0659,5,0,,,0,,,,254,,,,,,,,47482,浮冰长靴,258,4,1,8,无,,35149,护卫者的丝质裹足,48691,4,159,70,
102970,苍穹洞察足具,护甲,法系输出,4,1,8,脚部,280,耐力+107；智力+108,法术强度+140；命中等级+75；暴击等级+93,1.00（触发效果额外，不扣属性预算）,法术强度+140；命中等级+75；暴击等级+93,法术强度+135；命中等级+81；暴击等级+93,法术强度×0.9643；命中等级×1.0800；暴击等级×1.0000,5,1,黄色,,0,,,,255,,,,,,,,49890,亡霜布履,264,4,1,8,无,,34562,赦免长靴,48367,4,154,70,
102971,深空护腕,护甲,法系输出,4,1,9,腕部,280,耐力+80；智力+80,法术强度+114；暴击等级+63；急速等级+71,1.00（触发效果额外，不扣属性预算）,法术强度+114；暴击等级+63；急速等级+71,法术强度+106；暴击等级+66；急速等级+77,法术强度×0.9298；暴击等级×1.0476；急速等级×1.0845,5,1,黄色,,0,,,,163,,,,,,,,54582,夜火护腕,284,4,1,9,无,,34434,赦免护腕,48321,4,154,70,
102972,黑锋骑士团永夜臂环,护甲,法系输出,4,1,9,腕部,280,耐力+80；智力+80,法术强度+113；暴击等级+75；命中等级+54,1.00（触发效果额外，不扣属性预算）,法术强度+113；暴击等级+75；命中等级+54,法术强度+105；暴击等级+76；命中等级+51,法术强度×0.9292；暴击等级×1.0133；命中等级×0.9444,5,1,蓝色,,0,,,,163,,,,,,,,50651,亡语者女士的脆弱护腕,277,4,1,9,无,,34436,凶星护腕,48349,4,154,70,
102973,惊雷·臂环,护甲,法系输出,4,1,9,腕部,280,耐力+80；智力+81,法术强度+111；命中等级+45；急速等级+79,1.00（触发效果额外，不扣属性预算）,法术强度+111；命中等级+45；急速等级+79,法术强度+116；命中等级+43；急速等级+74,法术强度×1.0450；命中等级×0.9556；急速等级×0.9367,5,1,红色,,0,,,,162,,,,,,,,51872,药浸护腕,264,4,1,9,无,,34447,风暴护腕,48316,4,154,70,
102974,龙眠的群星回响,护甲,法系输出,4,1,9,腕部,280,耐力+80；智力+80,法术强度+113；暴击等级+75；命中等级+54,1.00（触发效果额外，不扣属性预算）,法术强度+113；暴击等级+75；命中等级+54,法术强度+114；暴击等级+81；命中等级+49,法术强度×1.0088；暴击等级×1.0800；命中等级×0.9074,5,0,,,0,,,,163,,,,,,,,50651,亡语者女士的脆弱护腕,277,4,1,9,无,,35168,护卫者的鬼纹护腕,48684,4,154,70,
102975,圣贤之符文,护甲,法系输出,4,1,10,手部,280,耐力+107；智力+108,法术强度+140；暴击等级+93；急速等级+73,1.00（触发效果额外，不扣属性预算）,法术强度+140；暴击等级+93；急速等级+73,法术强度+153；暴击等级+94；急速等级+78,法术强度×1.0929；暴击等级×1.0108；急速等级×1.0685,5,0,,,0,,,,231,,,,,,,,50983,假意手套,264,4,1,10,无,,34342,黎明护手,48305,4,164,70,
102976,符文大师之深空,护甲,法系输出,4,1,10,手部,280,耐力+106；智力+106,法术强度+154；暴击等级+93；命中等级+84,1.00（触发效果额外，不扣属性预算）,法术强度+154；暴击等级+93；命中等级+84,法术强度+140；暴击等级+95；命中等级+78,法术强度×0.9091；暴击等级×1.0215；命中等级×0.9286,5,1,蓝色,,0,,,,233,,,,,,,,51280,神圣血法手套,277,4,1,10,无,,34344,诸界亵渎护手,48306,4,164,70,
102977,永夜破界战拳,护甲,法系输出,4,1,10,手部,280,耐力+106；智力+106；精神+93,法术强度+154；急速等级+84,1.00（触发效果额外，不扣属性预算）,法术强度+154；急速等级+84,法术强度+159；急速等级+78,法术强度×1.0325；急速等级×0.9286,5,1,红色,,0,,,,233,,,,,,,,51260,神圣血色侍僧手套,277,4,1,10,无,,34406,泰莉的强能手套,48387,4,164,70,
102978,手甲·风暴前夜,护甲,法系输出,4,1,10,手部,280,耐力+106；智力+106,法术强度+154；暴击等级+93；命中等级+84,1.00（触发效果额外，不扣属性预算）,法术强度+154；暴击等级+93；命中等级+84,法术强度+165；暴击等级+86；命中等级+81,法术强度×1.0714；暴击等级×0.9247；命中等级×0.9643,5,0,,,0,,,,233,,,,,,,,51256,神圣血色侍僧裹手,277,4,1,10,无,,34366,阳炎护手,48923,4,159,70,
102979,大领主凝视战盔,护甲,法系输出,4,2,1,头部,280,耐力+143；智力+143,法术强度+191；暴击等级+117；急速等级+109,1.00（触发效果额外，不扣属性预算）,法术强度+191；暴击等级+117；急速等级+109,法术强度+175；暴击等级+120；急速等级+117,法术强度×0.9162；暴击等级×1.0256；急速等级×1.0734,5,3,混沌,红色,0,,,,569,,,,,,,,51290,神圣树纹头巾,277,4,2,1,无,,42550,弱点分析眼镜,45779,4,200,72,黄色
102980,暗影穹殿符文面罩,护甲,法系输出,4,2,1,头部,280,耐力+143；智力+145,法术强度+183；命中等级+117；暴击等级+107,1.00（触发效果额外，不扣属性预算）,法术强度+183；命中等级+117；暴击等级+107,法术强度+183；命中等级+127；暴击等级+103,法术强度×1.0000；命中等级×1.0855；暴击等级×0.9626,5,2,混沌,红色,0,,,,564,,,,,,,,48174,符文图腾的凯旋头巾,258,4,2,1,无,,42554,绿色视界护目镜,45780,4,200,72,
102981,深空战盔,护甲,法系输出,4,2,1,头部,280,耐力+143；智力+147；精神+116,法术强度+177；急速等级+99,1.00（触发效果额外，不扣属性预算）,法术强度+177；急速等级+99,法术强度+185；急速等级+96,法术强度×1.0452；急速等级×0.9697,5,3,混沌,红色,0,,,,560,,,,,,,,47691,盎然生机面罩,245,4,2,1,无,,34244,狡诈之盔,48020,4,164,70,蓝色
102982,惊雷·面甲,护甲,法系输出,4,2,1,头部,280,耐力+143；智力+145,法术强度+183；命中等级+117；暴击等级+107,1.00（触发效果额外，不扣属性预算）,法术强度+183；命中等级+117；暴击等级+107,法术强度+183；命中等级+106；暴击等级+102,法术强度×1.0000；命中等级×0.9060；暴击等级×0.9533,5,2,混沌,黄色,0,,,,564,,,,,,,,48171,玛法里奥的凯旋头巾,258,4,2,1,无,,34245,智者乌索尔之帽,48019,4,164,70,
102983,肩铠·霜火,护甲,法系输出,4,2,3,肩部,280,耐力+106；智力+106,法术强度+154；暴击等级+93；急速等级+84,1.00（触发效果额外，不扣属性预算）,法术强度+154；暴击等级+93；急速等级+84,法术强度+162；暴击等级+102；急速等级+92,法术强度×1.0519；暴击等级×1.0968；急速等级×1.0952,5,0,,,0,,,,526,,,,,,,,51292,神圣树纹衬肩,277,4,2,3,无,,34195,盛怒护肩,47999,4,159,70,
102984,龙眠的泰坦遗训,护甲,法系输出,4,2,3,肩部,280,耐力+106；智力+106；精神+93,法术强度+154；暴击等级+84,1.00（触发效果额外，不扣属性预算）,法术强度+154；暴击等级+84,法术强度+147；暴击等级+77,法术强度×0.9545；暴击等级×0.9167,5,1,蓝色,,0,,,,526,,,,,,,,51304,神圣树纹肩甲,277,4,2,3,无,,34209,拓荒护肩,48005,4,159,70,
102985,永夜披肩,护甲,法系输出,4,2,3,肩部,280,耐力+106；智力+106；精神+93,法术强度+144；急速等级+76,1.00（触发效果额外，不扣属性预算）,法术强度+144；急速等级+76,法术强度+156；急速等级+81,法术强度×1.0833；急速等级×1.0658,5,0,,,0,,,,526,,,,,,,,50715,霜尖荆棘护肩,277,4,2,3,无,,34392,魔牙护肩,48052,4,159,70,
102986,灵辉之霜原孤歌,护甲,法系输出,4,2,3,肩部,280,耐力+106；智力+106；精神+93,法术强度+154；暴击等级+84,1.00（触发效果额外，不扣属性预算）,法术强度+154；暴击等级+84,法术强度+148；暴击等级+87,法术强度×0.9610；暴击等级×1.0357,5,1,黄色,,0,,,,526,,,,,,,,51304,神圣树纹肩甲,277,4,2,3,无,,35001,野蛮角斗士的龙皮护肩,48591,4,159,70,
102987,暮光审判官的外衣,护甲,法系输出,4,2,20,胸部,280,耐力+143；智力+143,法术强度+200；暴击等级+126；急速等级+109,1.00（触发效果额外，不扣属性预算）,法术强度+200；暴击等级+126；急速等级+109,法术强度+183；暴击等级+116；急速等级+103,法术强度×0.9150；暴击等级×0.9206；急速等级×0.9450,5,2,黄色,蓝色,0,,,,700,,,,,,,,51294,神圣树纹法衣,277,4,2,20,无,,34211,野兽本能外套,48011,4,159,70,
102988,风暴前夜·法衣,护甲,法系输出,4,2,20,胸部,280,耐力+143；智力+143；精神+126,法术强度+200；暴击等级+109,1.00（触发效果额外，不扣属性预算）,法术强度+200；暴击等级+109,法术强度+187；暴击等级+113,法术强度×0.9350；暴击等级×1.0367,5,1,蓝色,,0,,,,700,,,,,,,,51300,神圣树纹长袍,277,4,2,20,无,,34212,阳光外衣,48012,4,159,70,
102989,霜脉矮人星界外衣,护甲,法系输出,4,2,20,胸部,280,耐力+143；智力+145；精神+98,法术强度+186；急速等级+123,1.00（触发效果额外，不扣属性预算）,法术强度+186；急速等级+123,法术强度+198；急速等级+120,法术强度×1.0645；急速等级×0.9756,5,1,红色,,0,,,,697,,,,,,,,50973,杉林胸甲,264,4,2,20,无,,34369,烈日暗影甲冑,48912,4,159,70,
102990,奥术之苍白月色,护甲,法系输出,4,2,20,胸部,280,耐力+143；智力+143；精神+126,法术强度+191；暴击等级+101,1.00（触发效果额外，不扣属性预算）,法术强度+191；暴击等级+101,法术强度+207；暴击等级+110,法术强度×1.0838；暴击等级×1.0891,5,1,黄色,,0,,,,700,,,,,,,,50649,亡语胸甲,277,4,2,20,无,,34371,骄阳之皮革胸甲,48916,4,159,70,
102991,风暴峭壁暮星护腰,护甲,法系输出,4,2,6,腰部,280,耐力+107；智力+108,法术强度+140；暴击等级+93；急速等级+73,1.00（触发效果额外，不扣属性预算）,法术强度+140；暴击等级+93；急速等级+73,法术强度+136；暴击等级+87；急速等级+66,法术强度×0.9714；暴击等级×0.9355；急速等级×0.9041,5,1,黄色,,0,,,,392,,,,,,,,50994,石化藤条腰带,264,4,2,6,无,,35152,护卫者的龙皮腰带,48676,4,159,70,
102992,游侠将军的战带,护甲,法系输出,4,2,6,腰部,280,耐力+107；智力+108；精神+94,法术强度+140；暴击等级+75,1.00（触发效果额外，不扣属性预算）,法术强度+140；暴击等级+75,法术强度+130；暴击等级+75,法术强度×0.9286；暴击等级×1.0000,5,2,蓝色,红色,0,,,,392,,,,,,,,51908,黑暗苦痛束带,264,4,2,6,无,,35156,护卫者的皮甲腰带,48677,4,159,70,
102993,泰坦监护者凝视腰甲,护甲,法系输出,4,2,6,腰部,280,耐力+106；智力+106；精神+76,法术强度+144；急速等级+92,1.00（触发效果额外，不扣属性预算）,法术强度+144；急速等级+92,法术强度+132；急速等级+83,法术强度×0.9167；急速等级×0.9022,5,0,,,0,,,,394,,,,,,,,50705,教授的染血工作服,277,4,2,6,无,,34554,雷霆之心腰带,48352,4,154,70,
102994,泰坦遗迹的群星回响,护甲,法系输出,4,2,6,腰部,280,耐力+106；智力+106；精神+76,法术强度+144；急速等级+92,1.00（触发效果额外，不扣属性预算）,法术强度+144；急速等级+92,法术强度+141；急速等级+91,法术强度×0.9792；急速等级×0.9891,5,1,黄色,,0,,,,394,,,,,,,,50705,教授的染血工作服,277,4,2,6,无,,34558,刺杀者腰带,48357,4,154,70,
102995,群星回响·战裙,护甲,法系输出,4,2,7,腿部,280,耐力+143；智力+145,法术强度+183；急速等级+113；暴击等级+107,1.00（触发效果额外，不扣属性预算）,法术强度+183；急速等级+113；暴击等级+107,法术强度+169；急速等级+102；暴击等级+114,法术强度×0.9235；急速等级×0.9027；暴击等级×1.0654,5,0,,,0,,,,608,,,,,,,,47479,苏醒护腿,258,4,2,7,无,,34169,自然侵攻护腿,47975,4,159,70,
102996,荒野猎手的护腿,护甲,法系输出,4,2,7,腿部,280,耐力+143；智力+143,法术强度+200；暴击等级+126；命中等级+109,1.00（触发效果额外，不扣属性预算）,法术强度+200；暴击等级+126；命中等级+109,法术强度+210；暴击等级+122；命中等级+116,法术强度×1.0500；暴击等级×0.9683；命中等级×1.0642,5,2,蓝色,红色,0,,,,613,,,,,,,,51293,神圣树纹长裤,277,4,2,7,无,,34188,永恒长夜护腿,47995,4,159,70,
102997,逐日者之深空,护甲,法系输出,4,2,7,腿部,280,耐力+143；智力+143；精神+126,法术强度+200；急速等级+107,1.00（触发效果额外，不扣属性预算）,法术强度+200；急速等级+107,法术强度+219；急速等级+110,法术强度×1.0950；急速等级×1.0280,5,0,,,0,,,,613,,,,,,,,51303,神圣树纹腿甲,277,4,2,7,无,,35000,野蛮角斗士的龙皮护腿,48603,4,159,70,
102998,战裙·远古誓言,护甲,法系输出,4,2,7,腿部,280,耐力+143；智力+143,法术强度+200；暴击等级+126；命中等级+109,1.00（触发效果额外，不扣属性预算）,法术强度+200；暴击等级+126；命中等级+109,法术强度+216；暴击等级+114；命中等级+114,法术强度×1.0800；暴击等级×0.9048；命中等级×1.0459,5,2,黄色,蓝色,0,,,,613,,,,,,,,51293,神圣树纹长裤,277,4,2,7,无,,35034,野蛮角斗士的皮甲护腿,48597,4,159,70,
102999,奥术之余烬,护甲,法系输出,4,2,8,脚部,280,耐力+107；智力+108,法术强度+140；急速等级+98；暴击等级+63,1.00（触发效果额外，不扣属性预算）,法术强度+140；急速等级+98；暴击等级+63,法术强度+127；急速等级+102；暴击等级+59,法术强度×0.9071；急速等级×1.0408；暴击等级×0.9365,5,2,黄色,蓝色,0,,,,479,,,,,,,,51920,霜籽长靴,264,4,2,8,无,,35137,护卫者的龙皮长靴,48678,4,159,70,
103000,无声裁决·长靴,护甲,法系输出,4,2,8,脚部,280,耐力+106；智力+106；精神+76,法术强度+144；暴击等级+93,1.00（触发效果额外，不扣属性预算）,法术强度+144；暴击等级+93,法术强度+146；暴击等级+90,法术强度×1.0139；暴击等级×0.9677,5,2,蓝色,红色,0,,,,481,,,,,,,,50665,非自然成长长靴,277,4,2,8,无,,35141,护卫者的皮甲长靴,48679,4,159,70,
103001,远古誓言·踏靴,护甲,法系输出,4,2,8,脚部,280,耐力+107；智力+108；精神+84,法术强度+140；急速等级+82,1.00（触发效果额外，不扣属性预算）,法术强度+140；急速等级+82,法术强度+130；急速等级+83,法术强度×0.9286；急速等级×1.0122,5,0,,,0,,,,479,,,,,,,,49894,塞纳里奥祝福之靴,264,4,2,8,无,,34571,雷霆之心长靴,48363,4,154,70,
103002,霜裔之星界,护甲,法系输出,4,2,8,脚部,280,耐力+106；智力+106；精神+76,法术强度+144；暴击等级+93,1.00（触发效果额外，不扣属性预算）,法术强度+144；暴击等级+93,法术强度+148；暴击等级+94,法术强度×1.0278；暴击等级×1.0108,5,1,黄色,,0,,,,481,,,,,,,,50665,非自然成长长靴,277,4,2,8,无,,34573,雷霆之心战靴,48362,4,154,70,
103003,逐日者凝视腕铠,护甲,法系输出,4,2,9,腕部,280,耐力+80；智力+80,法术强度+114；暴击等级+70；急速等级+63,1.00（触发效果额外，不扣属性预算）,法术强度+114；暴击等级+70；急速等级+63,法术强度+117；暴击等级+65；急速等级+64,法术强度×1.0263；暴击等级×0.9286；急速等级×1.0159,5,1,黄色,,0,,,,307,,,,,,,,54584,相位移形者护腕,284,4,2,9,无,,34444,雷霆之心腕甲,48311,4,154,70,
103004,星界旅者的腕铠,护甲,法系输出,4,2,9,腕部,280,耐力+80；智力+80；精神+70,法术强度+113；暴击等级+62,1.00（触发效果额外，不扣属性预算）,法术强度+113；暴击等级+62,法术强度+109；暴击等级+62,法术强度×0.9646；暴击等级×1.0000,5,1,蓝色,,0,,,,307,,,,,,,,50630,无尽梦境护腕,277,4,2,9,无,,34445,雷霆之心护腕,48322,4,154,70,
103005,时流之新月,护甲,法系输出,4,2,9,腕部,280,耐力+80；智力+81；精神+61,法术强度+110；急速等级+68,1.00（触发效果额外，不扣属性预算）,法术强度+110；急速等级+68,法术强度+107；急速等级+62,法术强度×0.9727；急速等级×0.9118,5,1,红色,,0,,,,304,,,,,,,,47438,秋木束腕,258,4,2,9,无,,34448,刺杀者护腕,48324,4,154,70,
103006,腕甲·不灭烽火,护甲,法系输出,4,2,9,腕部,280,耐力+79；智力+80,法术强度+112；暴击等级+70；急速等级+60,1.00（触发效果额外，不扣属性预算）,法术强度+112；暴击等级+70；急速等级+60,法术强度+113；暴击等级+75；急速等级+61,法术强度×1.0089；暴击等级×1.0714；急速等级×1.0167,5,2,黄色,蓝色,0,,,,306,,,,,,,,53134,相位移形者护腕,271,4,2,9,无,,35167,护卫者的龙皮护腕,48681,4,154,70,
103007,星界旅者回响护手,护甲,法系输出,4,2,10,手部,280,耐力+107；智力+107,法术强度+142；暴击等级+85；急速等级+84,1.00（触发效果额外，不扣属性预算）,法术强度+142；暴击等级+85；急速等级+84,法术强度+153；暴击等级+83；急速等级+90,法术强度×1.0775；暴击等级×0.9765；急速等级×1.0714,5,1,黄色,,0,,,,436,,,,,,,,54560,变形手套,271,4,2,10,无,,34234,暗影爆发护手,48018,4,159,70,
103008,寒星·战拳,护甲,法系输出,4,2,10,手部,280,耐力+106；智力+106,法术强度+154；暴击等级+93；命中等级+84,1.00（触发效果额外，不扣属性预算）,法术强度+154；暴击等级+93；命中等级+84,法术强度+145；暴击等级+85；命中等级+86,法术强度×0.9416；暴击等级×0.9140；命中等级×1.0238,5,1,蓝色,,0,,,,438,,,,,,,,51291,神圣树纹手套,277,4,2,10,无,,34372,骄阳之皮革护手,48917,4,159,70,
103009,黎明圣所的天穹,护甲,法系输出,4,2,10,手部,280,耐力+106；智力+106；精神+93,法术强度+154；急速等级+84,1.00（触发效果额外，不扣属性预算）,法术强度+154；急速等级+84,法术强度+139；急速等级+79,法术强度×0.9026；急速等级×0.9405,5,2,红色,黄色,0,,,,438,,,,,,,,51301,神圣树纹护手,277,4,2,10,无,,34408,森林流浪者手套,48059,4,159,70,
103010,霜裔的裹手,护甲,法系输出,4,2,10,手部,280,耐力+106；智力+106,法术强度+154；暴击等级+93；命中等级+84,1.00（触发效果额外，不扣属性预算）,法术强度+154；暴击等级+93；命中等级+84,法术强度+153；暴击等级+88；命中等级+90,法术强度×0.9935；暴击等级×0.9462；命中等级×1.0714,5,1,黄色,,0,,,,438,,,,,,,,51291,神圣树纹手套,277,4,2,10,无,,34998,野蛮角斗士的龙皮手套,49966,4,159,70,
103011,黎明圣所之兜帽,护甲,法系输出,4,3,1,头部,280,耐力+143；智力+143,法术强度+190；暴击等级+117；急速等级+109,1.00（触发效果额外，不扣属性预算）,法术强度+190；暴击等级+117；急速等级+109,法术强度+199；暴击等级+125；急速等级+113,法术强度×1.0474；暴击等级×1.0684；急速等级×1.0367,5,2,混沌,红色,0,,,,1264,,,,,,,,51247,神圣霜巫头饰,277,4,3,1,无,,42551,真视冰雪眼罩,53564,4,200,72,
103012,银色北伐军的远古誓言,护甲,法系输出,4,3,1,头部,280,智力+90；耐力+149,法术强度+191；暴击等级+132；命中等级+123,1.00（触发效果额外，不扣属性预算）,法术强度+191；暴击等级+132；命中等级+123,法术强度+183；暴击等级+143；命中等级+123,法术强度×0.9581；暴击等级×1.0833；命中等级×1.0000,5,3,混沌,蓝色,0,,,,1244,,,,,,,,49468,无尽风暴头盔,245,4,3,1,无,,34332,古尔丹的兜帽,48025,4,164,70,蓝色
103013,时流破界头饰,护甲,法系输出,4,3,1,头部,280,耐力+143；智力+143,法术强度+190；暴击等级+117；急速等级+109,1.00（触发效果额外，不扣属性预算）,法术强度+190；暴击等级+117；急速等级+109,法术强度+184；暴击等级+112；急速等级+102,法术强度×0.9684；暴击等级×0.9573；急速等级×0.9358,5,2,混沌,黄色,0,,,,1264,,,,,,,,51237,神圣霜巫头盔,277,4,3,1,无,,34333,奥蕾莉亚的头盔,48024,4,164,70,
103014,冬拥湖的惊雷,护甲,法系输出,4,3,1,头部,280,智力+90；耐力+149,法术强度+191；暴击等级+132；命中等级+123,1.00（触发效果额外，不扣属性预算）,法术强度+191；暴击等级+132；命中等级+123,法术强度+208；暴击等级+143；命中等级+134,法术强度×1.0890；暴击等级×1.0833；命中等级×1.0894,5,3,混沌,黄色,0,,,,1244,,,,,,,,49468,无尽风暴头盔,245,4,3,1,无,,34355,闪电蚀刻护目镜,45778,4,159,70,红色
103015,群星之庭之衬肩,护甲,法系输出,4,3,3,肩部,280,耐力+106；智力+106,法术强度+154；暴击等级+93；急速等级+84,1.00（触发效果额外，不扣属性预算）,法术强度+154；暴击等级+93；急速等级+84,法术强度+158；暴击等级+97；急速等级+76,法术强度×1.0260；暴击等级×1.0430；急速等级×0.9048,5,1,黄色,,0,,,,1167,,,,,,,,51245,神圣霜巫护肩,277,4,3,3,无,,34194,金色森林护肩,47998,4,159,70,
103016,霜裔洞察肩饰,护甲,法系输出,4,3,3,肩部,280,耐力+106；智力+106,法术强度+154；暴击等级+93；急速等级+84,1.00（触发效果额外，不扣属性预算）,法术强度+154；暴击等级+93；急速等级+84,法术强度+152；暴击等级+98；急速等级+77,法术强度×0.9870；暴击等级×1.0538；急速等级×0.9167,5,1,蓝色,,0,,,,1167,,,,,,,,51235,神圣霜巫肩垫,277,4,3,3,无,,34208,均衡肩饰,48004,4,159,70,
103017,灵辉肩卫,护甲,法系输出,4,3,3,肩部,280,耐力+106；智力+106,法术强度+144；暴击等级+93；急速等级+76,1.00（触发效果额外，不扣属性预算）,法术强度+144；暴击等级+93；急速等级+76,法术强度+149；暴击等级+88；急速等级+73,法术强度×1.0347；暴击等级×0.9462；急速等级×0.9605,5,0,,,0,,,,1167,,,,,,,,50698,恐怖血肉肩胄,277,4,3,3,无,,34994,野蛮角斗士的链甲护肩,48609,4,159,70,
103018,星界肩胄,护甲,法系输出,4,3,3,肩部,280,耐力+106；智力+106,法术强度+154；暴击等级+93；急速等级+84,1.00（触发效果额外，不扣属性预算）,法术强度+154；暴击等级+93；急速等级+84,法术强度+140；暴击等级+95；急速等级+85,法术强度×0.9091；暴击等级×1.0215；急速等级×1.0119,5,1,黄色,,0,,,,1167,,,,,,,,51245,神圣霜巫护肩,277,4,3,3,无,,35046,野蛮角斗士的鳞甲护肩,48616,4,159,70,
103019,寒星法衣,护甲,法系输出,4,3,20,胸部,280,耐力+143；智力+143,法术强度+200；暴击等级+126；急速等级+109,1.00（触发效果额外，不扣属性预算）,法术强度+200；暴击等级+126；急速等级+109,法术强度+207；暴击等级+134；急速等级+119,法术强度×1.0350；暴击等级×1.0635；急速等级×1.0917,5,1,黄色,,0,,,,1555,,,,,,,,51249,神圣霜巫外套,277,4,3,5,无,,34228,邪恶陆行鸟胸甲,48014,4,159,70,
103020,灰熊丘陵的失落荣光,护甲,法系输出,4,3,20,胸部,280,耐力+143；智力+143,法术强度+200；暴击等级+126；急速等级+109,1.00（触发效果额外，不扣属性预算）,法术强度+200；暴击等级+126；急速等级+109,法术强度+207；暴击等级+133；急速等级+99,法术强度×1.0350；暴击等级×1.0556；急速等级×0.9083,5,0,,,0,,,,1555,,,,,,,,51239,神圣霜巫锁甲,277,4,3,5,无,,34229,静谧海岸外衣,48013,4,159,70,
103021,永夜之无声裁决,护甲,法系输出,4,3,20,胸部,280,耐力+143；智力+145,法术强度+193；急速等级+113；命中等级+117,1.00（触发效果额外，不扣属性预算）,法术强度+193；急速等级+113；命中等级+117,法术强度+177；急速等级+124；命中等级+121,法术强度×0.9171；急速等级×1.0973；命中等级×1.0342,5,0,,,0,,,,1543,,,,,,,,48326,萨尔的凯旋胸铠,258,4,3,5,无,,34373,凤凰的拥抱,48913,4,159,70,
103022,星界旅者的外衣,护甲,法系输出,4,3,20,胸部,280,耐力+143；智力+145,法术强度+193；急速等级+113；命中等级+117,1.00（触发效果额外，不扣属性预算）,法术强度+193；急速等级+113；命中等级+117,法术强度+190；急速等级+120；命中等级+114,法术强度×0.9845；急速等级×1.0619；命中等级×0.9744,5,0,,,0,,,,1543,,,,,,,,48325,努波顿的凯旋胸铠,258,4,3,5,无,,34375,炙日鳞片胸甲,48918,4,159,70,
103023,秘法裁断战带,护甲,法系输出,4,3,6,腰部,280,耐力+107；智力+107,法术强度+142；暴击等级+76；急速等级+93,1.00（触发效果额外，不扣属性预算）,法术强度+142；暴击等级+76；急速等级+93,法术强度+155；暴击等级+76；急速等级+88,法术强度×1.0915；暴击等级×1.0000；急速等级×0.9462,5,1,黄色,,0,,,,874,,,,,,,,53488,分形腰带,271,4,3,6,无,,35151,护卫者的链甲束带,48671,4,159,70,
103024,蓝龙军团奥术腰链,护甲,法系输出,4,3,6,腰部,280,耐力+107；智力+108,法术强度+140；暴击等级+93；急速等级+73,1.00（触发效果额外，不扣属性预算）,法术强度+140；暴击等级+93；急速等级+73,法术强度+139；暴击等级+98；急速等级+76,法术强度×0.9929；暴击等级×1.0538；急速等级×1.0411,5,0,,,0,,,,870,,,,,,,,50992,绝望腰带,264,4,3,6,无,,35157,护卫者的鳞甲束带,48674,4,159,70,
103025,霜脉矮人的凛冬余威,护甲,法系输出,4,3,6,腰部,280,耐力+107；智力+107,法术强度+142；暴击等级+76；急速等级+93,1.00（触发效果额外，不扣属性预算）,法术强度+142；暴击等级+76；急速等级+93,法术强度+135；暴击等级+70；急速等级+88,法术强度×0.9507；暴击等级×0.9211；急速等级×0.9462,5,0,,,0,,,,874,,,,,,,,53488,分形腰带,271,4,3,6,无,,34542,破天裹腰,48358,4,154,70,
103026,屠龙者洞察腰带,护甲,法系输出,4,3,6,腰部,280,耐力+107；智力+108,法术强度+140；暴击等级+93；急速等级+73,1.00（触发效果额外，不扣属性预算）,法术强度+140；暴击等级+93；急速等级+73,法术强度+142；暴击等级+91；急速等级+69,法术强度×1.0143；暴击等级×0.9785；急速等级×0.9452,5,1,黄色,,0,,,,870,,,,,,,,50992,绝望腰带,264,4,3,6,无,,34549,戈隆追猎者腰带,48353,4,154,70,
103027,暮光审判官之苍穹,护甲,法系输出,4,3,7,腿部,280,耐力+143；智力+145,法术强度+186；急速等级+110；暴击等级+112,1.00（触发效果额外，不扣属性预算）,法术强度+186；急速等级+110；暴击等级+112,法术强度+172；急速等级+114；暴击等级+110,法术强度×0.9247；急速等级×1.0364；暴击等级×0.9821,5,1,黄色,,0,,,,1354,,,,,,,,51860,血肉涟漪褶裙,264,4,3,7,无,,34168,逐星者护腿,47990,4,159,70,
103028,永夜之烈日,护甲,法系输出,4,3,7,腿部,280,耐力+143；智力+143,法术强度+200；暴击等级+126；命中等级+109,1.00（触发效果额外，不扣属性预算）,法术强度+200；暴击等级+126；命中等级+109,法术强度+187；暴击等级+115；命中等级+103,法术强度×0.9350；暴击等级×0.9127；命中等级×0.9450,5,0,,,0,,,,1361,,,,,,,,51236,神圣霜巫褶裙,277,4,3,7,无,,34186,雷暴锁链护腿,47993,4,159,70,
103029,烈日护胫,护甲,法系输出,4,3,7,腿部,280,耐力+143；智力+143,法术强度+200；暴击等级+126；命中等级+109,1.00（触发效果额外，不扣属性预算）,法术强度+200；暴击等级+126；命中等级+109,法术强度+192；暴击等级+132；命中等级+105,法术强度×0.9600；暴击等级×1.0476；命中等级×0.9633,5,2,红色,黄色,0,,,,1361,,,,,,,,51236,神圣霜巫褶裙,277,4,3,7,无,,34383,灵魂重铸褶裙,48050,4,159,70,
103030,永夜之霜火,护甲,法系输出,4,3,7,腿部,280,耐力+143；智力+145,法术强度+196；暴击等级+126；命中等级+108,1.00（触发效果额外，不扣属性预算）,法术强度+196；暴击等级+126；命中等级+108,法术强度+183；暴击等级+124；命中等级+115,法术强度×0.9337；暴击等级×0.9841；命中等级×1.0648,5,2,黄色,蓝色,0,,,,1354,,,,,,,,51203,神圣霜巫褶裙,264,4,3,7,无,,34993,野蛮角斗士的链甲护腿,48608,4,159,70,
103031,失落神殿之护足,护甲,法系输出,4,3,8,脚部,280,耐力+107；智力+107,法术强度+142；暴击等级+94；急速等级+75,1.00（触发效果额外，不扣属性预算）,法术强度+142；暴击等级+94；急速等级+75,法术强度+129；暴击等级+101；急速等级+75,法术强度×0.9085；暴击等级×1.0745；急速等级×1.0000,5,1,黄色,,0,,,,1068,,,,,,,,54558,分生长靴,271,4,3,8,无,,35136,护卫者的链甲战靴,48672,4,159,70,
103032,逐日者镇压战靴,护甲,法系输出,4,3,8,脚部,280,耐力+107；智力+108,法术强度+140；暴击等级+75；急速等级+91,1.00（触发效果额外，不扣属性预算）,法术强度+140；暴击等级+75；急速等级+91,法术强度+152；暴击等级+80；急速等级+96,法术强度×1.0857；暴击等级×1.0667；急速等级×1.0549,5,0,,,0,,,,1064,,,,,,,,49896,地魂之靴,264,4,3,8,无,,35142,护卫者的鳞甲战靴,48675,4,159,70,
103033,风暴领主裁断便鞋,护甲,法系输出,4,3,8,脚部,280,耐力+107；智力+107,法术强度+142；暴击等级+94；急速等级+75,1.00（触发效果额外，不扣属性预算）,法术强度+142；暴击等级+94；急速等级+75,法术强度+139；暴击等级+97；急速等级+74,法术强度×0.9789；暴击等级×1.0319；急速等级×0.9867,5,2,红色,黄色,0,,,,1068,,,,,,,,54558,分生长靴,271,4,3,8,无,,34565,破天长靴,48370,4,154,70,
103034,银色北伐军的风暴前夜,护甲,法系输出,4,3,8,脚部,280,耐力+106；智力+107,法术强度+138；暴击等级+94；急速等级+72,1.00（触发效果额外，不扣属性预算）,法术强度+138；暴击等级+94；急速等级+72,法术强度+133；暴击等级+94；急速等级+73,法术强度×0.9638；暴击等级×1.0000；急速等级×1.0139,5,1,黄色,,0,,,,1061,,,,,,,,53119,分生长靴,258,4,3,8,无,,34570,戈隆追猎者长靴,48364,4,154,70,
103035,暮星洞察腕甲,护甲,法系输出,4,3,9,腕部,280,耐力+80；智力+80,法术强度+113；暴击等级+62；急速等级+70,1.00（触发效果额外，不扣属性预算）,法术强度+113；暴击等级+62；急速等级+70,法术强度+109；暴击等级+57；急速等级+65,法术强度×0.9646；暴击等级×0.9194；急速等级×0.9286,5,2,黄色,蓝色,0,,,,681,,,,,,,,50687,鲜血之离护腕,277,4,3,9,无,,34437,破天腕环,48325,4,154,70,
103036,腕轮·无声裁决,护甲,法系输出,4,3,9,腕部,280,耐力+80；智力+80,法术强度+113；暴击等级+62；急速等级+70,1.00（触发效果额外，不扣属性预算）,法术强度+113；暴击等级+62；急速等级+70,法术强度+119；暴击等级+59；急速等级+76,法术强度×1.0531；暴击等级×0.9516；急速等级×1.0857,5,0,,,0,,,,681,,,,,,,,50687,鲜血之离护腕,277,4,3,9,无,,34439,破天腕甲,48326,4,154,70,
103037,深空之长夜,护甲,法系输出,4,3,9,腕部,280,耐力+80；智力+81,法术强度+111；暴击等级+61；急速等级+69,1.00（触发效果额外，不扣属性预算）,法术强度+111；暴击等级+61；急速等级+69,法术强度+117；暴击等级+64；急速等级+68,法术强度×1.0541；暴击等级×1.0492；急速等级×0.9855,5,0,,,0,,,,677,,,,,,,,50030,血裂护腕,264,4,3,9,无,,34443,戈隆追猎者护腕,48315,4,154,70,
103038,幻光腕轮,护甲,法系输出,4,3,9,腕部,280,耐力+87；智力+82,暴击等级+63；命中等级+77；法术强度+119,1.00（触发效果额外，不扣属性预算）,暴击等级+63；命中等级+77；法术强度+119,暴击等级+58；命中等级+84；法术强度+116,暴击等级×0.9206；命中等级×1.0909；法术强度×0.9748,5,2,黄色,蓝色,0,,,,678,,,,,,,,49787,风雷七晨,219,4,3,9,无,,35166,护卫者的链甲护腕,48670,4,154,70,
103039,星界护手,护甲,法系输出,4,3,10,手部,280,耐力+107；智力+108,急速等级+66；暴击等级+98；法术强度+140,1.00（触发效果额外，不扣属性预算）,急速等级+66；暴击等级+98；法术强度+140,急速等级+66；暴击等级+98；法术强度+144,急速等级×1.0000；暴击等级×1.0000；法术强度×1.0286,5,1,黄色,,0,,,,967,,,,,,,,51827,风暴使者手套,264,4,3,10,无,,34343,萨拉斯游侠护手,48034,4,164,70,
103040,时流手甲,护甲,法系输出,4,3,10,手部,280,耐力+106；智力+106,法术强度+154；暴击等级+93；命中等级+84,1.00（触发效果额外，不扣属性预算）,法术强度+154；暴击等级+93；命中等级+84,法术强度+151；暴击等级+87；命中等级+83,法术强度×0.9805；暴击等级×0.9355；命中等级×0.9881,5,2,蓝色,红色,0,,,,972,,,,,,,,51238,神圣霜巫手套,277,4,3,10,无,,34374,凤凰飞羽手套,48914,4,159,70,
103041,幻光护手,护甲,法系输出,4,3,10,手部,280,耐力+106；智力+107,法术强度+150；急速等级+82；命中等级+95,1.00（触发效果额外，不扣属性预算）,法术强度+150；急速等级+82；命中等级+95,法术强度+149；急速等级+88；命中等级+90,法术强度×0.9933；急速等级×1.0732；命中等级×0.9474,5,1,红色,,0,,,,965,,,,,,,,48327,萨尔的凯旋手套,258,4,3,10,无,,34376,炙日鳞片手套,48919,4,159,70,
103042,臂铠·幽影,护甲,法系输出,4,3,10,手部,280,耐力+106；智力+106,法术强度+154；暴击等级+93；命中等级+84,1.00（触发效果额外，不扣属性预算）,法术强度+154；暴击等级+93；命中等级+84,法术强度+165；暴击等级+95；命中等级+80,法术强度×1.0714；暴击等级×1.0215；命中等级×0.9524,5,0,,,0,,,,972,,,,,,,,51238,神圣霜巫手套,277,4,3,10,无,,34409,上古霜狼护手,48060,4,159,70,
103043,永夜凝视战盔,护甲,法系输出,4,4,1,头部,280,耐力+143；智力+143,法术强度+191；暴击等级+117；急速等级+109,1.00（触发效果额外，不扣属性预算）,法术强度+191；暴击等级+117；急速等级+109,法术强度+208；暴击等级+118；急速等级+102,法术强度×1.0890；暴击等级×1.0085；急速等级×0.9358,5,3,混沌,黄色,0,,,,2259,,,,,,,,51272,神圣光誓头冠,277,4,4,1,无,,42549,装甲泰坦神铁护目镜,43886,4,200,72,蓝色
103044,新月·头冠,护甲,法系输出,4,4,1,头部,280,耐力+143；智力+143,法术强度+191；暴击等级+117；急速等级+109,1.00（触发效果额外，不扣属性预算）,法术强度+191；暴击等级+117；急速等级+109,法术强度+186；暴击等级+124；急速等级+102,法术强度×0.9738；暴击等级×1.0598；急速等级×0.9358,5,3,混沌,黄色,0,,,,2259,,,,,,,,51272,神圣光誓头冠,277,4,4,1,无,,44949,牢固治疗增幅器,45782,4,200,72,黄色
103045,幻光唤醒兜帽,护甲,法系输出,4,4,1,头部,280,耐力+143；智力+145,法术强度+186；暴击等级+117；急速等级+105,1.00（触发效果额外，不扣属性预算）,法术强度+186；暴击等级+117；急速等级+105,法术强度+171；暴击等级+122；急速等级+98,法术强度×0.9194；暴击等级×1.0427；急速等级×0.9333,5,2,混沌,红色,0,,,,2247,,,,,,,,51167,神圣光誓头冠,264,4,4,1,无,,34243,燃烧的正义,48022,4,164,70,
103046,符文之流光,护甲,法系输出,4,4,1,头部,280,耐力+143；智力+145,法术强度+183；暴击等级+107；急速等级+113,1.00（触发效果额外，不扣属性预算）,法术强度+183；暴击等级+107；急速等级+113,法术强度+167；暴击等级+111；急速等级+118,法术强度×0.9126；暴击等级×1.0374；急速等级×1.0442,5,2,混沌,红色,0,,,,2240,,,,,,,,48587,莉亚德琳的凯旋头饰,258,4,4,1,无,,34345,安纳斯特里亚的王冠,48033,4,164,70,
103047,苍穹凝视肩卫,护甲,法系输出,4,4,3,肩部,280,耐力+106；智力+106,法术强度+154；暴击等级+93；急速等级+84,1.00（触发效果额外，不扣属性预算）,法术强度+154；暴击等级+93；急速等级+84,法术强度+165；暴击等级+95；急速等级+83,法术强度×1.0714；暴击等级×1.0215；急速等级×0.9881,5,1,黄色,,0,,,,2085,,,,,,,,51273,神圣光誓肩铠,277,4,4,3,无,,34192,坚定肩铠,50016,4,159,70,
103048,破晓护肩,护甲,法系输出,4,4,3,肩部,280,耐力+106；智力+106,法术强度+154；暴击等级+93；急速等级+84,1.00（触发效果额外，不扣属性预算）,法术强度+154；暴击等级+93；急速等级+84,法术强度+149；暴击等级+99；急速等级+80,法术强度×0.9675；暴击等级×1.0645；急速等级×0.9524,5,1,蓝色,,0,,,,2085,,,,,,,,51273,神圣光誓肩铠,277,4,4,3,无,,34193,萨拉斯救世主护肩,50017,4,159,70,
103049,凛冬余威·肩卫,护甲,法系输出,4,4,3,肩部,280,耐力+107；智力+108,法术强度+152；暴击等级+93；急速等级+82,1.00（触发效果额外，不扣属性预算）,法术强度+152；暴击等级+93；急速等级+82,法术强度+151；暴击等级+101；急速等级+77,法术强度×0.9934；暴击等级×1.0860；急速等级×0.9390,5,1,红色,,0,,,,2074,,,,,,,,51166,神圣光誓肩铠,264,4,4,3,无,,34388,狂暴肩铠,50015,4,159,70,
103050,黑锋骑士之虚空,护甲,法系输出,4,4,3,肩部,280,耐力+106；智力+107,法术强度+150；暴击等级+94；急速等级+82,1.00（触发效果额外，不扣属性预算）,法术强度+150；暴击等级+94；急速等级+82,法术强度+162；暴击等级+91；急速等级+79,法术强度×1.0800；暴击等级×0.9681；急速等级×0.9634,5,1,黄色,,0,,,,2069,,,,,,,,48585,莉亚德琳的凯旋护肩,258,4,4,3,无,,35031,野蛮角斗士的板层甲护肩,50003,4,159,70,
103051,时流战衣,护甲,法系输出,4,4,5,胸部,280,耐力+143；智力+143,法术强度+200；暴击等级+126；急速等级+109,1.00（触发效果额外，不扣属性预算）,法术强度+200；暴击等级+126；急速等级+109,法术强度+209；暴击等级+122；急速等级+117,法术强度×1.0450；暴击等级×0.9683；急速等级×1.0734,5,2,黄色,蓝色,0,,,,2780,,,,,,,,51274,神圣光誓罩袍,277,4,4,5,无,,34215,鲁莽怒火战甲,48015,4,159,70,
103052,暮光审判官唤醒战甲,护甲,法系输出,4,4,5,胸部,280,耐力+143；智力+143,法术强度+190；暴击等级+109；急速等级+117,1.00（触发效果额外，不扣属性预算）,法术强度+190；暴击等级+109；急速等级+117,法术强度+199；暴击等级+101；急速等级+113,法术强度×1.0474；暴击等级×0.9266；急速等级×0.9658,5,1,蓝色,,0,,,,2780,,,,,,,,50680,抗腐胸甲,277,4,4,5,无,,34216,英勇仲裁者胸甲,48016,4,159,70,
103053,祖达克之甲胄,护甲,法系输出,4,4,5,胸部,280,耐力+143；智力+143,法术强度+200；暴击等级+126；急速等级+109,1.00（触发效果额外，不扣属性预算）,法术强度+200；暴击等级+126；急速等级+109,法术强度+199；暴击等级+135；急速等级+105,法术强度×0.9950；暴击等级×1.0714；急速等级×0.9633,5,0,,,0,,,,2780,,,,,,,,51274,神圣光誓罩袍,277,4,4,5,无,,34377,硬化氪金战甲,48927,4,159,70,
103054,外套·静潮,护甲,法系输出,4,4,5,胸部,280,耐力+143；智力+143,法术强度+190；暴击等级+109；急速等级+117,1.00（触发效果额外，不扣属性预算）,法术强度+190；暴击等级+109；急速等级+117,法术强度+178；暴击等级+107；急速等级+109,法术强度×0.9368；暴击等级×0.9817；急速等级×0.9316,5,2,黄色,蓝色,0,,,,2780,,,,,,,,50680,抗腐胸甲,277,4,4,5,无,,34379,圣日胸甲,48928,4,159,70,
103055,奥杜尔的深渊凝视,护甲,法系输出,4,4,6,腰部,280,耐力+107；智力+107,法术强度+142；急速等级+75；暴击等级+94,1.00（触发效果额外，不扣属性预算）,法术强度+142；急速等级+75；暴击等级+94,法术强度+143；急速等级+81；暴击等级+96,法术强度×1.0070；急速等级×1.0800；暴击等级×1.0213,5,0,,,0,,,,1560,,,,,,,,54565,代行者腰带,271,4,4,6,无,,35155,护卫者的板层甲腰带,48660,4,159,70,
103056,游侠将军回响护腰,护甲,法系输出,4,4,6,腰部,280,耐力+107；智力+108,法术强度+140；暴击等级+93；急速等级+73,1.00（触发效果额外，不扣属性预算）,法术强度+140；暴击等级+93；急速等级+73,法术强度+144；暴击等级+86；急速等级+77,法术强度×1.0286；暴击等级×0.9247；急速等级×1.0548,5,1,蓝色,,0,,,,1556,,,,,,,,50989,巫妖杀手的索带,264,4,4,6,无,,35161,护卫者的板甲腰带,48661,4,159,70,
103057,圣贤回响腰带,护甲,法系输出,4,4,6,腰部,280,耐力+107；智力+108,法术强度+140；暴击等级+93；急速等级+73,1.00（触发效果额外，不扣属性预算）,法术强度+140；暴击等级+93；急速等级+73,法术强度+150；暴击等级+95；急速等级+69,法术强度×1.0714；暴击等级×1.0215；急速等级×0.9452,5,0,,,0,,,,1556,,,,,,,,50451,孤王腰带,264,4,4,6,无,,34485,光明使者护腰,48355,4,154,70,
103058,北风苔原永夜战带,护甲,法系输出,4,4,6,腰部,280,耐力+107；智力+107,法术强度+142；急速等级+75；暴击等级+94,1.00（触发效果额外，不扣属性预算）,法术强度+142；急速等级+75；暴击等级+94,法术强度+138；急速等级+71；暴击等级+97,法术强度×0.9718；急速等级×0.9467；暴击等级×1.0319,5,1,黄色,,0,,,,1560,,,,,,,,54565,代行者腰带,271,4,4,6,无,,34546,冲锋腰带,48360,4,154,70,
103059,泰坦监护者之深空,护甲,法系输出,4,4,7,腿部,280,耐力+143；智力+145,法术强度+186；暴击等级+109；急速等级+113,1.00（触发效果额外，不扣属性预算）,法术强度+186；暴击等级+109；急速等级+113,法术强度+168；暴击等级+117；急速等级+110,法术强度×0.9032；暴击等级×1.0734；急速等级×0.9735,5,1,黄色,,0,,,,2420,,,,,,,,51928,蚀银腿甲,264,4,4,7,无,,34167,神圣信仰腿铠,47988,4,159,70,
103060,时流护胫,护甲,法系输出,4,4,7,腿部,280,耐力+143；智力+145,法术强度+186；暴击等级+117；急速等级+105,1.00（触发效果额外，不扣属性预算）,法术强度+186；暴击等级+117；急速等级+105,法术强度+197；暴击等级+122；急速等级+102,法术强度×1.0591；暴击等级×1.0427；急速等级×0.9714,5,1,蓝色,,0,,,,2420,,,,,,,,49902,纯钢腿甲,264,4,4,7,无,,34180,魔怒腿铠,47991,4,159,70,
103061,冬拥湖符文腿胄,护甲,法系输出,4,4,7,腿部,280,耐力+143；智力+145,法术强度+183；暴击等级+109；急速等级+110,1.00（触发效果额外，不扣属性预算）,法术强度+183；暴击等级+109；急速等级+110,法术强度+200；暴击等级+99；急速等级+103,法术强度×1.0929；暴击等级×0.9083；急速等级×0.9364,5,0,,,0,,,,2413,,,,,,,,47440,陨落圣光护腿,258,4,4,7,无,,34381,魔能力量腿铠,48043,4,159,70,
103062,星界长裤,护甲,法系输出,4,4,7,腿部,280,耐力+143；智力+145,法术强度+183；暴击等级+109；急速等级+110,1.00（触发效果额外，不扣属性预算）,法术强度+183；暴击等级+109；急速等级+110,法术强度+171；暴击等级+99；急速等级+107,法术强度×0.9344；暴击等级×0.9083；急速等级×0.9727,5,2,黄色,蓝色,0,,,,2413,,,,,,,,47067,陨落圣光腿铠,258,4,4,7,无,,34382,仲裁者护腿,48045,4,159,70,
103063,暮星破界护足,护甲,法系输出,4,4,8,脚部,280,耐力+107；智力+107,法术强度+142；暴击等级+76；急速等级+93,1.00（触发效果额外，不扣属性预算）,法术强度+142；暴击等级+76；急速等级+93,法术强度+131；暴击等级+72；急速等级+95,法术强度×0.9225；暴击等级×0.9474；急速等级×1.0215,5,1,黄色,,0,,,,1907,,,,,,,,53487,兆示之足音,271,4,4,8,无,,35140,护卫者的板层甲护胫,48663,4,159,70,
103064,战靴·龙魂低语,护甲,法系输出,4,4,8,脚部,280,耐力+107；智力+108,法术强度+140；暴击等级+93；急速等级+73,1.00（触发效果额外，不扣属性预算）,法术强度+140；暴击等级+93；急速等级+73,法术强度+137；暴击等级+91；急速等级+69,法术强度×0.9786；暴击等级×0.9785；急速等级×0.9452,5,1,蓝色,,0,,,,1901,,,,,,,,49905,生命的守护,264,4,4,8,无,,35146,护卫者的板甲护胫,48669,4,159,70,
103065,群星之庭的天穹,护甲,法系输出,4,4,8,脚部,280,耐力+107；智力+107,法术强度+142；暴击等级+76；急速等级+93,1.00（触发效果额外，不扣属性预算）,法术强度+142；暴击等级+76；急速等级+93,法术强度+145；暴击等级+72；急速等级+93,法术强度×1.0211；暴击等级×0.9474；急速等级×1.0000,5,1,红色,,0,,,,1907,,,,,,,,53487,兆示之足音,271,4,4,8,无,,34559,光明使者轻靴,48366,4,154,70,
103066,苍白月色·战靴,护甲,法系输出,4,4,8,脚部,280,耐力+106；智力+107,法术强度+138；暴击等级+74；急速等级+91,1.00（触发效果额外，不扣属性预算）,法术强度+138；暴击等级+74；急速等级+91,法术强度+131；暴击等级+74；急速等级+85,法术强度×0.9493；暴击等级×1.0000；急速等级×0.9341,5,1,黄色,,0,,,,1896,,,,,,,,47424,英勇战靴,258,4,4,8,无,,34568,冲锋战靴,48372,4,154,70,
103067,永恒之眼时流护臂,护甲,法系输出,4,4,9,腕部,280,耐力+80；智力+80,法术强度+113；暴击等级+62；急速等级+70,1.00（触发效果额外，不扣属性预算）,法术强度+113；暴击等级+62；急速等级+70,法术强度+111；暴击等级+66；急速等级+70,法术强度×0.9823；暴击等级×1.0645；急速等级×1.0000,5,1,黄色,,0,,,,1217,,,,,,,,50721,镇墓人护腕,277,4,4,9,无,,34431,光明使者腕环,48313,4,154,70,
103068,群星之庭之束腕,护甲,法系输出,4,4,9,腕部,280,耐力+80；智力+80,法术强度+113；暴击等级+62；急速等级+70,1.00（触发效果额外，不扣属性预算）,法术强度+113；暴击等级+62；急速等级+70,法术强度+120；暴击等级+65；急速等级+68,法术强度×1.0619；暴击等级×1.0484；急速等级×0.9714,5,0,,,0,,,,1217,,,,,,,,50721,镇墓人护腕,277,4,4,9,无,,34432,光明使者护腕,48312,4,154,70,
103069,护臂·无声裁决,护甲,法系输出,4,4,9,腕部,280,耐力+80；智力+81,法术强度+111；暴击等级+61；急速等级+69,1.00（触发效果额外，不扣属性预算）,法术强度+111；暴击等级+61；急速等级+69,法术强度+115；暴击等级+64；急速等级+71,法术强度×1.0360；暴击等级×1.0492；急速等级×1.0290,5,0,,,0,,,,1210,,,,,,,,50175,镇墓人护腕,264,4,4,9,无,,34433,光明使者腕甲,48314,4,154,70,
103070,时流腕铠,护甲,法系输出,4,4,9,腕部,280,耐力+80；智力+80,法术强度+113；暴击等级+62；急速等级+70,1.00（触发效果额外，不扣属性预算）,法术强度+113；暴击等级+62；急速等级+70,法术强度+103；暴击等级+64；急速等级+70,法术强度×0.9115；暴击等级×1.0323；急速等级×1.0000,5,0,,,0,,,,1217,,,,,,,,50721,镇墓人护腕,277,4,4,9,无,,34441,冲锋护腕,48347,4,154,70,
103071,荒野猎手庇佑臂铠,护甲,法系输出,4,4,10,手部,280,耐力+106；智力+106,法术强度+144；暴击等级+93；急速等级+76,1.00（触发效果额外，不扣属性预算）,法术强度+144；暴击等级+93；急速等级+76,法术强度+155；暴击等级+93；急速等级+75,法术强度×1.0764；暴击等级×1.0000；急速等级×0.9868,5,2,黄色,蓝色,0,,,,1738,,,,,,,,50650,阵亡领主的手甲,277,4,4,10,无,,34341,边疆手套,48032,4,164,70,
103072,符文裁断拳甲,护甲,法系输出,4,4,10,手部,280,耐力+106；智力+106,法术强度+144；暴击等级+93；急速等级+76,1.00（触发效果额外，不扣属性预算）,法术强度+144；暴击等级+93；急速等级+76,法术强度+132；暴击等级+93；急速等级+81,法术强度×0.9167；暴击等级×1.0000；急速等级×1.0658,5,1,蓝色,,0,,,,1738,,,,,,,,50650,阵亡领主的手甲,277,4,4,10,无,,34240,宁静灵魂护手,48905,4,159,70,
103073,不灭烽火裹手,护甲,法系输出,4,4,10,手部,280,耐力+107；智力+108,法术强度+140；暴击等级+93；急速等级+73,1.00（触发效果额外，不扣属性预算）,法术强度+140；暴击等级+93；急速等级+73,法术强度+148；暴击等级+95；急速等级+73,法术强度×1.0571；暴击等级×1.0215；急速等级×1.0000,5,1,红色,,0,,,,1728,,,,,,,,50976,白炽护手,264,4,4,10,无,,34378,硬化氪金拳甲,48926,4,159,70,
103074,奥杜尔之战拳,护甲,法系输出,4,4,10,手部,280,耐力+107；智力+108,法术强度+140；暴击等级+93；急速等级+73,1.00（触发效果额外，不扣属性预算）,法术强度+140；暴击等级+93；急速等级+73,法术强度+138；暴击等级+93；急速等级+68,法术强度×0.9857；暴击等级×1.0000；急速等级×0.9315,5,1,黄色,,0,,,,1728,,,,,,,,49995,阵亡领主的手甲,264,4,4,10,无,,35028,野蛮角斗士的板层甲手套,48640,4,159,70,
103075,游侠将军镇压兜帽,护甲,治疗,4,1,1,头部,280,耐力+143；智力+143；精神+109,法术强度+191；暴击等级+117,1.00（触发效果额外，不扣属性预算）,法术强度+191；暴击等级+117,法术强度+182；暴击等级+114,法术强度×0.9529；暴击等级×0.9744,5,2,混沌,黄色,0,,,,303,,,,,,,,51261,神圣血色侍僧罩帽,277,4,1,1,无,,34847,湮灭全视护目镜,43891,4,159,70,
103076,银色勇士的兜帽,护甲,治疗,4,1,1,头部,280,耐力+143；智力+145；精神+117,法术强度+196；急速等级+96,1.00（触发效果额外，不扣属性预算）,法术强度+196；急速等级+96,法术强度+192；急速等级+99,法术强度×0.9796；急速等级×1.0312,5,2,混沌,红色,0,,,,301,,,,,,,,51896,魔术师的龟裂兜帽,264,4,1,1,无,,35004,野蛮角斗士的鬼纹软帽,50005,4,159,70,
103077,红龙军团生命面甲,护甲,治疗,4,1,1,头部,280,耐力+143；智力+143；精神+117,法术强度+191；暴击等级+109,1.00（触发效果额外，不扣属性预算）,法术强度+191；暴击等级+109,法术强度+195；暴击等级+109,法术强度×1.0209；暴击等级×1.0000,5,2,混沌,红色,0,,,,303,,,,,,,,50661,科雷萨仪祭之冠,277,4,1,1,无,,35054,野蛮角斗士的月布软帽,50007,4,159,70,
103078,冰冠祈愿冠冕,护甲,治疗,4,1,1,头部,280,耐力+143；智力+146；精神+117,法术强度+191；急速等级+92,1.00（触发效果额外，不扣属性预算）,法术强度+191；急速等级+92,法术强度+180；急速等级+89,法术强度×0.9424；急速等级×0.9674,5,3,混沌,蓝色,0,,,,299,,,,,,,,50807,魔术师的龟裂兜帽,251,4,1,1,无,,35097,野蛮角斗士的丝质罩帽,50008,4,159,70,红色
103079,暗影穹殿之衬肩,护甲,治疗,4,1,3,肩部,280,耐力+106；智力+106；精神+93,法术强度+154；暴击等级+84,1.00（触发效果额外，不扣属性预算）,法术强度+154；暴击等级+84,法术强度+152；暴击等级+90,法术强度×0.9870；暴击等级×1.0714,5,1,蓝色,,0,,,,279,,,,,,,,51264,神圣血色侍僧肩垫,277,4,1,3,无,,35056,野蛮角斗士的月布衬肩,50010,4,159,70,
103080,先知唤醒肩胄,护甲,治疗,4,1,3,肩部,280,耐力+107；智力+110；精神+94,法术强度+147；急速等级+79,1.00（触发效果额外，不扣属性预算）,法术强度+147；急速等级+79,法术强度+157；急速等级+79,法术强度×1.0680；急速等级×1.0000,5,1,黄色,,0,,,,274,,,,,,,,47716,人性敬畏护肩,245,4,1,3,无,,35096,野蛮角斗士的丝质护肩,50011,4,159,70,
103081,新生回响肩甲,护甲,治疗,4,1,3,肩部,280,耐力+106；智力+106；精神+93,法术强度+154；暴击等级+84,1.00（触发效果额外，不扣属性预算）,法术强度+154；暴击等级+84,法术强度+157；暴击等级+90,法术强度×1.0195；暴击等级×1.0714,5,0,,,0,,,,279,,,,,,,,51264,神圣血色侍僧肩垫,277,4,1,3,无,,31054,凶星衬肩,45676,4,146,70,
103082,远征军之慈悲,护甲,治疗,4,1,3,肩部,280,耐力+107；智力+110；精神+94,法术强度+147；急速等级+79,1.00（触发效果额外，不扣属性预算）,法术强度+147；急速等级+79,法术强度+147；急速等级+86,法术强度×1.0000；急速等级×1.0886,5,2,蓝色,黄色,0,,,,274,,,,,,,,47715,人性敬畏衬肩,245,4,1,3,无,,31059,风暴衬肩,45126,4,146,70,
103083,圣贤征伐祭袍,护甲,治疗,4,1,20,胸部,280,耐力+143；智力+143；精神+117,法术强度+200；暴击等级+117,1.00（触发效果额外，不扣属性预算）,法术强度+200；暴击等级+117,法术强度+192；暴击等级+115,法术强度×0.9600；暴击等级×0.9829,5,0,,,0,,,,372,,,,,,,,51263,神圣血色侍僧法袍,277,4,1,20,无,,35007,野蛮角斗士的鬼纹长袍,49954,4,159,70,
103084,永恒征途·法衣,护甲,治疗,4,1,20,胸部,280,耐力+143；智力+143；精神+126,法术强度+191；急速等级+100,1.00（触发效果额外，不扣属性预算）,法术强度+191；急速等级+100,法术强度+189；急速等级+107,法术强度×0.9895；急速等级×1.0700,5,0,,,0,,,,372,,,,,,,,50717,血红丝质长袍,277,4,1,20,无,,35057,野蛮角斗士的月布长袍,49963,4,159,70,
103085,圣袍·群星回响,护甲,治疗,4,1,20,胸部,280,耐力+143；智力+143；精神+117,法术强度+200；暴击等级+117,1.00（触发效果额外，不扣属性预算）,法术强度+200；暴击等级+117,法术强度+208；暴击等级+108,法术强度×1.0400；暴击等级×0.9231,5,0,,,0,,,,372,,,,,,,,51263,神圣血色侍僧法袍,277,4,1,20,无,,35099,野蛮角斗士的丝质外衣,49958,4,159,70,
103086,风暴前夜圣袍,护甲,治疗,4,1,20,胸部,280,耐力+143；智力+145；精神+105,法术强度+186；急速等级+117,1.00（触发效果额外，不扣属性预算）,法术强度+186；急速等级+117,法术强度+197；急速等级+119,法术强度×1.0591；急速等级×1.0171,5,0,,,0,,,,371,,,,,,,,51851,血魂衣饰,264,4,1,20,无,,34233,幻化光芒长袍,48300,4,154,70,
103087,慈悲守护腰链,护甲,治疗,4,1,6,腰部,280,耐力+106；智力+106；精神+93,法术强度+144；暴击等级+76,1.00（触发效果额外，不扣属性预算）,法术强度+144；暴击等级+76,法术强度+151；暴击等级+78,法术强度×1.0486；暴击等级×1.0263,5,2,蓝色,黄色,0,,,,210,,,,,,,,50702,顽疾束带,277,4,1,6,无,,34541,凶星腰带,48359,4,154,70,
103088,腰甲·静潮,护甲,治疗,4,1,6,腰部,280,耐力+107；智力+108；精神+75,法术强度+140；急速等级+91,1.00（触发效果额外，不扣属性预算）,法术强度+140；急速等级+91,法术强度+142；急速等级+82,法术强度×1.0143；急速等级×0.9011,5,1,黄色,,0,,,,208,,,,,,,,50997,欧塞斯教派束环,264,4,1,6,无,,34557,风暴腰带,48354,4,154,70,
103089,纯净守护战带,护甲,治疗,4,1,6,腰部,280,耐力+106；智力+106；精神+93,法术强度+144；暴击等级+76,1.00（触发效果额外，不扣属性预算）,法术强度+144；暴击等级+76,法术强度+158；暴击等级+78,法术强度×1.0972；暴击等级×1.0263,5,0,,,0,,,,210,,,,,,,,50702,顽疾束带,277,4,1,6,无,,33882,守备官的鬼纹腰带,47412,4,146,70,
103090,腰带·霜火,护甲,治疗,4,1,6,腰部,280,耐力+106；智力+107；精神+94,法术强度+138；急速等级+72,1.00（触发效果额外，不扣属性预算）,法术强度+138；急速等级+72,法术强度+149；急速等级+75,法术强度×1.0797；急速等级×1.0417,5,2,蓝色,黄色,0,,,,208,,,,,,,,47419,黑雾腰带,258,4,1,6,无,,33900,守备官的月布腰带,47421,4,146,70,
103091,远古誓言护胫,护甲,治疗,4,1,7,腿部,280,耐力+129；智力+135；精神+108,法术强度+196；暴击等级+126,1.00（触发效果额外，不扣属性预算）,法术强度+196；暴击等级+126,法术强度+212；暴击等级+131,法术强度×1.0816；暴击等级×1.0397,5,0,,,0,,,,324,,,,,,,,51823,心灵映射护腿,264,4,1,7,无,,35013,野蛮角斗士的邪纹长裤,49955,4,159,70,
103092,北风苔原的长夜,护甲,治疗,4,1,7,腿部,280,耐力+143；智力+143；精神+126,法术强度+200；急速等级+109,1.00（触发效果额外，不扣属性预算）,法术强度+200；急速等级+109,法术强度+220；急速等级+103,法术强度×1.1000；急速等级×0.9450,5,1,黄色,,0,,,,326,,,,,,,,51262,神圣血色侍僧护腿,277,4,1,7,无,,35055,野蛮角斗士的月布护腿,49964,4,159,70,
103093,蓝龙军团之腿甲,护甲,治疗,4,1,7,腿部,280,耐力+143；智力+145；精神+126,法术强度+186；暴击等级+98,1.00（触发效果额外，不扣属性预算）,法术强度+186；暴击等级+98,法术强度+171；暴击等级+94,法术强度×0.9194；暴击等级×0.9592,5,1,红色,,0,,,,324,,,,,,,,49892,光纹护腿,264,4,1,7,无,,35100,野蛮角斗士的丝质长裤,49959,4,159,70,
103094,纯净之破晓,护甲,治疗,4,1,7,腿部,280,耐力+143；智力+145；精神+126,法术强度+196；急速等级+105,1.00（触发效果额外，不扣属性预算）,法术强度+196；急速等级+105,法术强度+200；急速等级+114,法术强度×1.0204；急速等级×1.0857,5,1,蓝色,,0,,,,324,,,,,,,,51177,神圣血色侍僧护腿,264,4,1,7,无,,30912,永恒护腿,45218,4,151,70,
103095,纯净护足,护甲,治疗,4,1,8,脚部,280,耐力+107；智力+108；精神+94,法术强度+140；暴击等级+75,1.00（触发效果额外，不扣属性预算）,法术强度+140；暴击等级+75,法术强度+129；暴击等级+72,法术强度×0.9214；暴击等级×0.9600,5,1,蓝色,,0,,,,255,,,,,,,,61016,繁花之生命,264,4,1,8,无,,34563,赦免软靴,48368,4,154,70,
103096,银色勇士征伐胫甲,护甲,治疗,4,1,8,脚部,280,耐力+106；智力+107；精神+94,法术强度+150；急速等级+82,1.00（触发效果额外，不扣属性预算）,法术强度+150；急速等级+82,法术强度+154；急速等级+77,法术强度×1.0267；急速等级×0.9390,5,1,黄色,,0,,,,254,,,,,,,,47454,孀妇便鞋,258,4,1,8,无,,34564,凶星长靴,48371,4,154,70,
103097,红龙军团的最后守望,护甲,治疗,4,1,8,脚部,280,耐力+107；智力+108；精神+75,法术强度+140；暴击等级+93,1.00（触发效果额外，不扣属性预算）,法术强度+140；暴击等级+93,法术强度+135；暴击等级+86,法术强度×0.9643；暴击等级×0.9247,5,2,红色,蓝色,0,,,,255,,,,,,,,51850,白凶长靴,264,4,1,8,无,,34574,风暴长靴,48365,4,154,70,
103098,游侠将军的便鞋,护甲,治疗,4,1,8,脚部,280,耐力+106；智力+107；精神+94,法术强度+150；急速等级+82,1.00（触发效果额外，不扣属性预算）,法术强度+150；急速等级+82,法术强度+148；急速等级+76,法术强度×0.9867；急速等级×0.9268,5,1,蓝色,,0,,,,254,,,,,,,,47097,孀妇长靴,258,4,1,8,无,,33884,守备官的鬼纹便鞋,47414,4,146,70,
103099,游侠将军的臂环,护甲,治疗,4,1,9,腕部,280,耐力+80；智力+80；精神+70,法术强度+113；暴击等级+62,1.00（触发效果额外，不扣属性预算）,法术强度+113；暴击等级+62,法术强度+111；暴击等级+57,法术强度×0.9823；暴击等级×0.9194,5,1,蓝色,,0,,,,163,,,,,,,,50686,死亡医师的袖腕,277,4,1,9,无,,35174,护卫者的月布护腕,48687,4,154,70,
103100,圣光束腕,护甲,治疗,4,1,9,腕部,280,耐力+80；智力+81；精神+71,法术强度+110；急速等级+59,1.00（触发效果额外，不扣属性预算）,法术强度+110；急速等级+59,法术强度+118；急速等级+59,法术强度×1.0727；急速等级×1.0000,5,1,黄色,,0,,,,162,,,,,,,,47485,苍白圣徒护腕,258,4,1,9,无,,35179,护卫者的丝质护腕,48690,4,154,70,
103101,恩泽凝视腕轮,护甲,治疗,4,1,9,腕部,280,耐力+80；智力+80；精神+70,法术强度+113；暴击等级+62,1.00（触发效果额外，不扣属性预算）,法术强度+113；暴击等级+62,法术强度+124；暴击等级+62,法术强度×1.0973；暴击等级×1.0000,5,1,红色,,0,,,,163,,,,,,,,50686,死亡医师的袖腕,277,4,1,9,无,,30870,崩坏腕甲,45745,4,141,70,
103102,流光束腕,护甲,治疗,4,1,9,腕部,280,耐力+80；智力+81；精神+71,法术强度+110；急速等级+59,1.00（触发效果额外，不扣属性预算）,法术强度+110；急速等级+59,法术强度+107；急速等级+59,法术强度×0.9727；急速等级×1.0000,5,1,蓝色,,0,,,,162,,,,,,,,47208,苍白圣徒腕甲,258,4,1,9,无,,30871,殉难护腕,45743,4,141,70,
103103,寒星手甲,护甲,治疗,4,1,10,手部,280,耐力+107；智力+108；精神+94,法术强度+140；暴击等级+75,1.00（触发效果额外，不扣属性预算）,法术强度+140；暴击等级+75,法术强度+136；暴击等级+77,法术强度×0.9714；暴击等级×1.0267,5,2,蓝色,黄色,0,,,,231,,,,,,,,50984,矛盾手套,264,4,1,10,无,,34367,永恒光芒之手,48920,4,159,70,
103104,不灭烽火·拳甲,护甲,治疗,4,1,10,手部,280,耐力+106；智力+106；精神+76,法术强度+144；急速等级+92,1.00（触发效果额外，不扣属性预算）,法术强度+144；急速等级+92,法术强度+138；急速等级+90,法术强度×0.9583；急速等级×0.9783,5,0,,,0,,,,233,,,,,,,,50722,萨莱因仪祭手套,277,4,1,10,无,,35003,野蛮角斗士的鬼纹手套,48618,4,159,70,
103105,嚎风峡湾的秘法洪流,护甲,治疗,4,1,10,手部,280,耐力+107；智力+108；精神+94,法术强度+140；暴击等级+75,1.00（触发效果额外，不扣属性预算）,法术强度+140；暴击等级+75,法术强度+143；暴击等级+68,法术强度×1.0214；暴击等级×0.9067,5,1,红色,,0,,,,231,,,,,,,,50984,矛盾手套,264,4,1,10,无,,35053,野蛮角斗士的月布手套,49960,4,159,70,
103106,龙眠之臂铠,护甲,治疗,4,1,10,手部,280,耐力+106；智力+106；精神+93,法术强度+154；急速等级+84,1.00（触发效果额外，不扣属性预算）,法术强度+154；急速等级+84,法术强度+169；急速等级+90,法术强度×1.0974；急速等级×1.0714,5,2,蓝色,黄色,0,,,,233,,,,,,,,51260,神圣血色侍僧手套,277,4,1,10,无,,35098,野蛮角斗士的丝质护手,49957,4,159,70,
103107,远征军的战盔,护甲,治疗,4,2,1,头部,280,耐力+143；智力+143；精神+117,法术强度+191；暴击等级+109,1.00（触发效果额外，不扣属性预算）,法术强度+191；暴击等级+109,法术强度+194；暴击等级+107,法术强度×1.0157；暴击等级×0.9817,5,2,混沌,红色,0,,,,569,,,,,,,,51302,神圣树纹头盔,277,4,2,1,无,,34999,野蛮角斗士的龙皮头盔,48601,4,159,70,
103108,翡翠梦境月泉战盔,护甲,治疗,4,2,1,头部,280,耐力+143；智力+147；精神+116,法术强度+177；急速等级+99,1.00（触发效果额外，不扣属性预算）,法术强度+177；急速等级+99,法术强度+171；急速等级+100,法术强度×0.9661；急速等级×1.0101,5,3,混沌,红色,0,,,,560,,,,,,,,47690,盎然生长头盔,245,4,2,1,无,,35023,野蛮角斗士的科多皮头盔,48602,4,159,70,黄色
103109,圣光唤醒兜帽,护甲,治疗,4,2,1,头部,280,耐力+143；智力+143；精神+117,法术强度+191；暴击等级+109,1.00（触发效果额外，不扣属性预算）,法术强度+191；暴击等级+109,法术强度+199；暴击等级+116,法术强度×1.0419；暴击等级×1.0642,5,2,混沌,黄色,0,,,,569,,,,,,,,50679,古月头盔,277,4,2,1,无,,35033,野蛮角斗士的皮甲头盔,48739,4,159,70,
103110,冰冠的新月,护甲,治疗,4,2,1,头部,280,耐力+143；智力+147；精神+116,法术强度+177；急速等级+99,1.00（触发效果额外，不扣属性预算）,法术强度+177；急速等级+99,法术强度+163；急速等级+92,法术强度×0.9209；急速等级×0.9293,5,3,混沌,黄色,0,,,,560,,,,,,,,47691,盎然生机面罩,245,4,2,1,无,,32235,萨格拉斯的诅咒视界,52634,4,151,70,黄色
103111,星界旅者之祈愿,护甲,治疗,4,2,3,肩部,280,耐力+107；智力+108；精神+94,法术强度+152；暴击等级+84,1.00（触发效果额外，不扣属性预算）,法术强度+152；暴击等级+84,法术强度+160；暴击等级+83,法术强度×1.0526；暴击等级×0.9881,5,0,,,0,,,,523,,,,,,,,51135,神圣树纹肩甲,264,4,2,3,无,,35035,野蛮角斗士的皮甲护肩,48598,4,159,70,
103112,晨曦披肩,护甲,治疗,4,2,3,肩部,280,耐力+106；智力+106；精神+93,法术强度+144；急速等级+76,1.00（触发效果额外，不扣属性预算）,法术强度+144；急速等级+76,法术强度+134；急速等级+82,法术强度×0.9306；急速等级×1.0789,5,0,,,0,,,,526,,,,,,,,50715,霜尖荆棘护肩,277,4,2,3,无,,31030,刺杀者护肩,45436,4,146,70,
103113,寒星肩铠,护甲,治疗,4,2,3,肩部,280,耐力+106；智力+107；精神+94,法术强度+150；暴击等级+84,1.00（触发效果额外，不扣属性预算）,法术强度+150；暴击等级+84,法术强度+161；暴击等级+84,法术强度×1.0733；暴击等级×1.0000,5,0,,,0,,,,521,,,,,,,,48177,符文图腾的凯旋护肩,258,4,2,3,无,,31047,雷霆之心肩甲,45667,4,146,70,
103114,肩饰·永恒征途,护甲,治疗,4,2,3,肩部,280,耐力+113；智力+105；精神+94,法术强度+140；急速等级+73,1.00（触发效果额外，不扣属性预算）,法术强度+140；急速等级+73,法术强度+134；急速等级+80,法术强度×0.9571；急速等级×1.0959,5,1,蓝色,,0,,,,523,,,,,,,,51839,灼热之吻肩垫,264,4,2,3,无,,33674,复仇角斗士的龙皮护肩,46944,4,146,70,
103115,荒野猎手的外衣,护甲,治疗,4,2,20,胸部,280,耐力+143；智力+143；精神+126,法术强度+200；暴击等级+109,1.00（触发效果额外，不扣属性预算）,法术强度+200；暴击等级+109,法术强度+207；暴击等级+109,法术强度×1.0350；暴击等级×1.0000,5,1,蓝色,,0,,,,700,,,,,,,,51300,神圣树纹长袍,277,4,2,20,无,,34397,混沌刀锋外套,48054,4,159,70,
103116,泰坦遗迹的秘法洪流,护甲,治疗,4,2,20,胸部,280,耐力+143；智力+145；精神+127,法术强度+183；急速等级+94,1.00（触发效果额外，不扣属性预算）,法术强度+183；急速等级+94,法术强度+186；急速等级+99,法术强度×1.0164；急速等级×1.0532,5,0,,,0,,,,695,,,,,,,,47453,反目长袍,258,4,2,20,无,,34398,艾露恩的幻想外套,48055,4,159,70,
103117,泰坦监护者守护长袍,护甲,治疗,4,2,20,胸部,280,耐力+143；智力+143；精神+126,法术强度+191；暴击等级+101,1.00（触发效果额外，不扣属性预算）,法术强度+191；暴击等级+101,法术强度+210；暴击等级+107,法术强度×1.0995；暴击等级×1.0594,5,0,,,0,,,,700,,,,,,,,50649,亡语胸甲,277,4,2,20,无,,35002,野蛮角斗士的龙皮外套,49968,4,159,70,
103118,晨曦祭袍,护甲,治疗,4,2,20,胸部,280,耐力+143；智力+145；精神+127,法术强度+183；急速等级+94,1.00（触发效果额外，不扣属性预算）,法术强度+183；急速等级+94,法术强度+165；急速等级+89,法术强度×0.9016；急速等级×0.9468,5,1,蓝色,,0,,,,695,,,,,,,,47096,反目外衣,258,4,2,20,无,,35036,野蛮角斗士的皮甲外套,48599,4,159,70,
103119,祖达克的余烬,护甲,治疗,4,2,6,腰部,280,耐力+107；智力+108；精神+94,法术强度+140；暴击等级+75,1.00（触发效果额外，不扣属性预算）,法术强度+140；暴击等级+75,法术强度+151；暴击等级+68,法术强度×1.0786；暴击等级×0.9067,5,1,蓝色,,0,,,,392,,,,,,,,51908,黑暗苦痛束带,264,4,2,6,无,,33879,守备官的龙皮腰带,47409,4,146,70,
103120,流光护腰,护甲,治疗,4,2,6,腰部,280,耐力+107；智力+108；精神+75,法术强度+140；急速等级+91,1.00（触发效果额外，不扣属性预算）,法术强度+140；急速等级+91,法术强度+143；急速等级+86,法术强度×1.0214；急速等级×0.9451,5,0,,,0,,,,392,,,,,,,,50069,教授的血斑罩衫,264,4,2,6,无,,33891,守备官的皮甲腰带,47900,4,146,70,
103121,祖达克生命腰链,护甲,治疗,4,2,6,腰部,280,耐力+106；智力+109；精神+94,法术强度+136；暴击等级+73,1.00（触发效果额外，不扣属性预算）,法术强度+136；暴击等级+73,法术强度+128；暴击等级+80,法术强度×0.9412；暴击等级×1.0959,5,1,红色,,0,,,,389,,,,,,,,50795,黑暗苦痛束带,251,4,2,6,无,,30879,阿加多的腰带,45245,4,141,70,
103122,护腰·新月,护甲,治疗,4,2,6,腰部,280,耐力+106；智力+107；精神+94,法术强度+138；急速等级+72,1.00（触发效果额外，不扣属性预算）,法术强度+138；急速等级+72,法术强度+151；急速等级+69,法术强度×1.0942；急速等级×0.9583,5,1,蓝色,,0,,,,391,,,,,,,,47469,灰棘腰带,258,4,2,6,无,,30914,新月腰带,45244,4,141,70,
103123,新生凝视战裙,护甲,治疗,4,2,7,腿部,280,耐力+143；智力+145；精神+117,法术强度+186；暴击等级+107,1.00（触发效果额外，不扣属性预算）,法术强度+186；暴击等级+107,法术强度+176；暴击等级+105,法术强度×0.9462；暴击等级×0.9813,5,2,蓝色,黄色,0,,,,610,,,,,,,,49898,自然喷薄裹腿,264,4,2,7,无,,31029,刺杀者护腿,45428,4,146,70,
103124,守望者之晨曦,护甲,治疗,4,2,7,腿部,280,耐力+143；智力+143；精神+126,法术强度+190；急速等级+100,1.00（触发效果额外，不扣属性预算）,法术强度+190；急速等级+100,法术强度+176；急速等级+106,法术强度×0.9263；急速等级×1.0600,5,0,,,0,,,,613,,,,,,,,50696,天谴碎块缝合护腿,277,4,2,7,无,,31044,雷霆之心护腿,45665,4,146,70,
103125,远古誓言腿胄,护甲,治疗,4,2,7,腿部,280,耐力+143；智力+145；精神+117,法术强度+186；暴击等级+107,1.00（触发效果额外，不扣属性预算）,法术强度+186；暴击等级+107,法术强度+190；暴击等级+114,法术强度×1.0215；暴击等级×1.0654,5,1,红色,,0,,,,610,,,,,,,,49898,自然喷薄裹腿,264,4,2,7,无,,31045,雷霆之心腿甲,45666,4,146,70,
103126,红龙军团救赎腿胄,护甲,治疗,4,2,7,腿部,280,耐力+143；智力+143；精神+126,法术强度+200；急速等级+107,1.00（触发效果额外，不扣属性预算）,法术强度+200；急速等级+107,法术强度+200；急速等级+103,法术强度×1.0000；急速等级×0.9626,5,0,,,0,,,,613,,,,,,,,51303,神圣树纹腿甲,277,4,2,7,无,,33673,复仇角斗士的龙皮护腿,46946,4,146,70,
103127,寒星·胫甲,护甲,治疗,4,2,8,脚部,280,耐力+107；智力+108；精神+75,法术强度+140；暴击等级+93,1.00（触发效果额外，不扣属性预算）,法术强度+140；暴击等级+93,法术强度+131；暴击等级+91,法术强度×0.9357；暴击等级×0.9785,5,0,,,0,,,,479,,,,,,,,50009,异常生长之靴,264,4,2,8,无,,34575,刺杀者战靴,48369,4,154,70,
103128,幽影·护足,护甲,治疗,4,2,8,脚部,280,耐力+107；智力+108；精神+84,法术强度+140；急速等级+82,1.00（触发效果额外，不扣属性预算）,法术强度+140；急速等级+82,法术强度+146；急速等级+81,法术强度×1.0429；急速等级×0.9878,5,1,黄色,,0,,,,479,,,,,,,,49894,塞纳里奥祝福之靴,264,4,2,8,无,,33880,守备官的龙皮长靴,47428,4,146,70,
103129,黑锋骑士之月泉,护甲,治疗,4,2,8,脚部,280,耐力+106；智力+107；精神+74,法术强度+138；暴击等级+94,1.00（触发效果额外，不扣属性预算）,法术强度+138；暴击等级+94,法术强度+130；暴击等级+88,法术强度×0.9420；暴击等级×0.9362,5,0,,,0,,,,478,,,,,,,,47423,严冬长靴,258,4,2,8,无,,33892,守备官的皮甲长靴,47403,4,146,70,
103130,圣光战靴,护甲,治疗,4,2,8,脚部,280,耐力+107；智力+108；精神+84,法术强度+140；急速等级+82,1.00（触发效果额外，不扣属性预算）,法术强度+140；急速等级+82,法术强度+135；急速等级+76,法术强度×0.9643；急速等级×0.9268,5,0,,,0,,,,479,,,,,,,,49894,塞纳里奥祝福之靴,264,4,2,8,无,,30886,魔化皮质便鞋,45238,4,141,70,
103131,风暴峭壁之护腕,护甲,治疗,4,2,9,腕部,280,耐力+80；智力+80；精神+70,法术强度+113；暴击等级+62,1.00（触发效果额外，不扣属性预算）,法术强度+113；暴击等级+62,法术强度+107；暴击等级+59,法术强度×0.9469；暴击等级×0.9516,5,1,蓝色,,0,,,,307,,,,,,,,50630,无尽梦境护腕,277,4,2,9,无,,35171,护卫者的皮甲护腕,48682,4,154,70,
103132,臂甲·破晓,护甲,治疗,4,2,9,腕部,280,耐力+80；智力+81；精神+61,法术强度+110；急速等级+68,1.00（触发效果额外，不扣属性预算）,法术强度+110；急速等级+68,法术强度+114；急速等级+70,法术强度×1.0364；急速等级×1.0294,5,0,,,0,,,,304,,,,,,,,47066,秋木护腕,258,4,2,9,无,,30863,致命腕甲,45746,4,141,70,
103133,泰坦遗训·束腕,护甲,治疗,4,2,9,腕部,280,耐力+80；智力+81；精神+74,法术强度+111；暴击等级+56,1.00（触发效果额外，不扣属性预算）,法术强度+111；暴击等级+56,法术强度+117；暴击等级+52,法术强度×1.0541；暴击等级×0.9286,5,1,红色,,0,,,,305,,,,,,,,51885,剧毒冲击护腕,264,4,2,9,无,,30868,回春护腕,45753,4,141,70,
103134,灰熊丘陵祈愿腕甲,护甲,治疗,4,2,9,腕部,280,耐力+80；智力+81；精神+61,法术强度+110；急速等级+68,1.00（触发效果额外，不扣属性预算）,法术强度+110；急速等级+68,法术强度+110；急速等级+70,法术强度×1.0000；急速等级×1.0294,5,0,,,0,,,,304,,,,,,,,47438,秋木束腕,258,4,2,9,无,,32324,阴险护腕,47436,4,141,70,
103135,黎明手套,护甲,治疗,4,2,10,手部,280,耐力+106；智力+107；精神+94,法术强度+150；暴击等级+84,1.00（触发效果额外，不扣属性预算）,法术强度+150；暴击等级+84,法术强度+138；暴击等级+77,法术强度×0.9200；暴击等级×0.9167,5,1,蓝色,,0,,,,434,,,,,,,,48143,符文图腾的凯旋护手,258,4,2,10,无,,35032,野蛮角斗士的皮甲手套,49965,4,159,70,
103136,祖达克祈愿护手,护甲,治疗,4,2,10,手部,280,耐力+106；智力+106；精神+93,法术强度+144；急速等级+76,1.00（触发效果额外，不扣属性预算）,法术强度+144；急速等级+76,法术强度+136；急速等级+71,法术强度×0.9444；急速等级×0.9342,5,1,黄色,,0,,,,438,,,,,,,,50615,融雪手甲,277,4,2,10,无,,34351,稳固王权护手,48039,4,154,70,
103137,手甲·秘法洪流,护甲,治疗,4,2,10,手部,280,耐力+106；智力+107；精神+94,法术强度+150；暴击等级+84,1.00（触发效果额外，不扣属性预算）,法术强度+150；暴击等级+84,法术强度+152；暴击等级+78,法术强度×1.0133；暴击等级×0.9286,5,2,红色,蓝色,0,,,,434,,,,,,,,48142,玛法里奥的凯旋护手,258,4,2,10,无,,31026,刺杀者护手,45426,4,146,70,
103138,暮光前线之裹手,护甲,治疗,4,2,10,手部,280,耐力+106；智力+106；精神+93,法术强度+154；急速等级+84,1.00（触发效果额外，不扣属性预算）,法术强度+154；急速等级+84,法术强度+164；急速等级+80,法术强度×1.0649；急速等级×0.9524,5,2,蓝色,黄色,0,,,,438,,,,,,,,51301,神圣树纹护手,277,4,2,10,无,,31032,雷霆之心手套,45664,4,146,70,
103139,圣光征伐战盔,护甲,治疗,4,3,1,头部,280,耐力+143；智力+143,法术强度+191；暴击等级+109；每5秒法力回复+59,1.00（触发效果额外，不扣属性预算）,法术强度+191；暴击等级+109；每5秒法力回复+59,法术强度+190；暴击等级+104；每5秒法力回复+61,法术强度×0.9948；暴击等级×0.9541；每5秒法力回复×1.0339,5,3,混沌,黄色,0,,,,1264,,,,,,,,50626,暴雪头盔,277,4,3,1,无,,34356,必中护目镜V3.0,45783,4,159,70,蓝色
103140,守望者凝视王冠,护甲,治疗,4,3,1,头部,280,耐力+129；智力+138,法术强度+196；急速等级+114；每5秒法力回复+57,1.00（触发效果额外，不扣属性预算）,法术强度+196；急速等级+114；每5秒法力回复+57,法术强度+195；急速等级+103；每5秒法力回复+53,法术强度×0.9949；急速等级×0.9035；每5秒法力回复×0.9298,5,2,混沌,蓝色,0,,,,1257,,,,,,,,51906,玄冰维库人头盔,264,4,3,1,无,,34992,野蛮角斗士的链甲头盔,48606,4,159,70,
103141,长夜兜帽,护甲,治疗,4,3,1,头部,280,耐力+143；智力+143,法术强度+191；暴击等级+109；每5秒法力回复+59,1.00（触发效果额外，不扣属性预算）,法术强度+191；暴击等级+109；每5秒法力回复+59,法术强度+179；暴击等级+105；每5秒法力回复+55,法术强度×0.9372；暴击等级×0.9633；每5秒法力回复×0.9322,5,2,混沌,蓝色,0,,,,1264,,,,,,,,50626,暴雪头盔,277,4,3,1,无,,35044,野蛮角斗士的鳞甲头盔,48613,4,159,70,
103142,星界旅者之恩泽,护甲,治疗,4,3,1,头部,280,耐力+129；智力+138,法术强度+196；急速等级+114；每5秒法力回复+57,1.00（触发效果额外，不扣属性预算）,法术强度+196；急速等级+114；每5秒法力回复+57,法术强度+198；急速等级+122；每5秒法力回复+52,法术强度×1.0102；急速等级×1.0702；每5秒法力回复×0.9123,5,3,混沌,蓝色,0,,,,1257,,,,,,,,51906,玄冰维库人头盔,264,4,3,1,无,,35079,野蛮角斗士的环甲头盔,48614,4,159,70,黄色
103143,肩铠·龙魂低语,护甲,治疗,4,3,3,肩部,280,耐力+107；智力+110,法术强度+147；暴击等级+83；每5秒法力回复+48,1.00（触发效果额外，不扣属性预算）,法术强度+147；暴击等级+83；每5秒法力回复+48,法术强度+148；暴击等级+83；每5秒法力回复+50,法术强度×1.0068；暴击等级×1.0000；每5秒法力回复×1.0417,5,1,蓝色,,0,,,,1149,,,,,,,,47707,碎地者护肩,245,4,3,3,无,,31006,戈隆追猎者护肩,45682,4,146,70,
103144,圣光之远古誓言,护甲,治疗,4,3,3,肩部,280,耐力+106；智力+107,法术强度+150；急速等级+82；每5秒法力回复+47,1.00（触发效果额外，不扣属性预算）,法术强度+150；急速等级+82；每5秒法力回复+47,法术强度+158；急速等级+90；每5秒法力回复+45,法术强度×1.0533；急速等级×1.0976；每5秒法力回复×0.9574,5,0,,,0,,,,1158,,,,,,,,48309,萨尔的凯旋护肩,258,4,3,3,无,,31022,破天肩垫,45672,4,146,70,
103145,救赎披肩,护甲,治疗,4,3,3,肩部,280,耐力+107；智力+110,法术强度+147；暴击等级+83；每5秒法力回复+48,1.00（触发效果额外，不扣属性预算）,法术强度+147；暴击等级+83；每5秒法力回复+48,法术强度+161；暴击等级+77；每5秒法力回复+46,法术强度×1.0952；暴击等级×0.9277；每5秒法力回复×0.9583,5,0,,,0,,,,1149,,,,,,,,47706,碎地者肩饰,245,4,3,3,无,,33668,复仇角斗士的链甲护肩,46881,4,146,70,
103146,暮光审判官的肩胄,护甲,治疗,4,3,3,肩部,280,耐力+106；智力+107,法术强度+150；急速等级+82；每5秒法力回复+47,1.00（触发效果额外，不扣属性预算）,法术强度+150；急速等级+82；每5秒法力回复+47,法术强度+140；急速等级+79；每5秒法力回复+49,法术强度×0.9333；急速等级×0.9634；每5秒法力回复×1.0426,5,1,蓝色,,0,,,,1158,,,,,,,,48290,努波顿的凯旋护肩,258,4,3,3,无,,33710,复仇角斗士的鳞甲护肩,46890,4,146,70,
103147,蓝龙军团祈愿法袍,护甲,治疗,4,3,20,胸部,280,耐力+143；智力+145,法术强度+186；暴击等级+117；每5秒法力回复+54,1.00（触发效果额外，不扣属性预算）,法术强度+186；暴击等级+117；每5秒法力回复+54,法术强度+191；暴击等级+107；每5秒法力回复+50,法术强度×1.0269；暴击等级×0.9145；每5秒法力回复×0.9259,5,0,,,0,,,,1547,,,,,,,,50971,涌泉锁甲,264,4,3,5,无,,34990,野蛮角斗士的链甲护胸,48604,4,159,70,
103148,群星之庭之外衣,护甲,治疗,4,3,20,胸部,280,耐力+143；智力+143,法术强度+191；急速等级+100；每5秒法力回复+63,1.00（触发效果额外，不扣属性预算）,法术强度+191；急速等级+100；每5秒法力回复+63,法术强度+204；急速等级+94；每5秒法力回复+58,法术强度×1.0681；急速等级×0.9400；每5秒法力回复×0.9206,5,2,黄色,红色,0,,,,1555,,,,,,,,50723,血钱锁甲,277,4,3,5,无,,35042,野蛮角斗士的鳞甲护胸,49969,4,159,70,
103149,黎明之长夜,护甲,治疗,4,3,20,胸部,280,耐力+143；智力+145,法术强度+183；暴击等级+97；每5秒法力回复+63,1.00（触发效果额外，不扣属性预算）,法术强度+183；暴击等级+97；每5秒法力回复+63,法术强度+193；暴击等级+101；每5秒法力回复+67,法术强度×1.0546；暴击等级×1.0412；每5秒法力回复×1.0635,5,1,红色,,0,,,,1543,,,,,,,,47486,元素流动胄甲,258,4,3,5,无,,30907,狂热追击锁甲,46356,4,151,70,
103150,圣贤的法袍,护甲,治疗,4,3,20,胸部,280,耐力+143；智力+143,法术强度+191；急速等级+100；每5秒法力回复+63,1.00（触发效果额外，不扣属性预算）,法术强度+191；急速等级+100；每5秒法力回复+63,法术强度+189；急速等级+103；每5秒法力回复+68,法术强度×0.9895；急速等级×1.0300；每5秒法力回复×1.0794,5,0,,,0,,,,1555,,,,,,,,50723,血钱锁甲,277,4,3,5,无,,23565,扭曲虚空的拥抱,45807,4,146,70,
103151,恩泽之苍白月色,护甲,治疗,4,3,6,腰部,280,耐力+106；智力+107,法术强度+138；暴击等级+74；每5秒法力回复+47,1.00（触发效果额外，不扣属性预算）,法术强度+138；暴击等级+74；每5秒法力回复+47,法术强度+149；暴击等级+80；每5秒法力回复+45,法术强度×1.0797；暴击等级×1.0811；每5秒法力回复×0.9574,5,1,蓝色,,0,,,,868,,,,,,,,47426,冰层挖掘者护腕,258,4,3,6,无,,33877,守备官的链甲束带,47406,4,146,70,
103152,新生之长夜,护甲,治疗,4,3,6,腰部,280,耐力+106；智力+106,法术强度+144；急速等级+84；每5秒法力回复+42,1.00（触发效果额外，不扣属性预算）,法术强度+144；急速等级+84；每5秒法力回复+42,法术强度+145；急速等级+82；每5秒法力回复+43,法术强度×1.0069；急速等级×0.9762；每5秒法力回复×1.0238,5,0,,,0,,,,875,,,,,,,,50671,鲜血新星腰带,277,4,3,6,无,,33895,守备官的鳞甲束带,47419,4,146,70,
103153,永恒征途腰带,护甲,治疗,4,3,6,腰部,280,耐力+106；智力+107,法术强度+150；暴击等级+84；每5秒法力回复+47,1.00（触发效果额外，不扣属性预算）,法术强度+150；暴击等级+84；每5秒法力回复+47,法术强度+142；暴击等级+83；每5秒法力回复+47,法术强度×0.9467；暴击等级×0.9881；每5秒法力回复×1.0000,5,0,,,0,,,,868,,,,,,,,46991,冰层挖掘者腰带,258,4,3,6,无,,30919,峡谷猎手腰带,45247,4,141,70,
103154,凛冬余威·腰链,护甲,治疗,4,3,6,腰部,280,耐力+106；智力+106,法术强度+144；急速等级+84；每5秒法力回复+42,1.00（触发效果额外，不扣属性预算）,法术强度+144；急速等级+84；每5秒法力回复+42,法术强度+157；急速等级+90；每5秒法力回复+40,法术强度×1.0903；急速等级×1.0714；每5秒法力回复×0.9524,5,0,,,0,,,,875,,,,,,,,50671,鲜血新星腰带,277,4,3,6,无,,32258,自然庇护腰带,45765,4,141,70,
103155,大领主之黎明,护甲,治疗,4,3,7,腿部,280,耐力+143；智力+143,法术强度+200；暴击等级+126；每5秒法力回复+55,1.00（触发效果额外，不扣属性预算）,法术强度+200；暴击等级+126；每5秒法力回复+55,法术强度+216；暴击等级+135；每5秒法力回复+51,法术强度×1.0800；暴击等级×1.0714；每5秒法力回复×0.9273,5,0,,,0,,,,1361,,,,,,,,51246,神圣霜巫腿甲,277,4,3,7,无,,35045,野蛮角斗士的鳞甲护腿,48615,4,159,70,
103156,黎明战裙,护甲,治疗,4,3,7,腿部,280,耐力+143；智力+145,法术强度+183；急速等级+103；每5秒法力回复+58,1.00（触发效果额外，不扣属性预算）,法术强度+183；急速等级+103；每5秒法力回复+58,法术强度+187；急速等级+103；每5秒法力回复+62,法术强度×1.0219；急速等级×1.0000；每5秒法力回复×1.0690,5,1,黄色,,0,,,,1350,,,,,,,,47450,仇恨深藏护腿,258,4,3,7,无,,31005,戈隆追猎者护腿,45681,4,146,70,
103157,龙眠黎明战裙,护甲,治疗,4,3,7,腿部,280,耐力+143；智力+143,法术强度+200；暴击等级+126；每5秒法力回复+55,1.00（触发效果额外，不扣属性预算）,法术强度+200；暴击等级+126；每5秒法力回复+55,法术强度+199；暴击等级+134；每5秒法力回复+54,法术强度×0.9950；暴击等级×1.0635；每5秒法力回复×0.9818,5,1,红色,,0,,,,1361,,,,,,,,51246,神圣霜巫腿甲,277,4,3,7,无,,31019,破天护腿,45671,4,146,70,
103158,恩泽守护腿甲,护甲,治疗,4,3,7,腿部,280,耐力+143；智力+145,法术强度+183；急速等级+103；每5秒法力回复+58,1.00（触发效果额外，不扣属性预算）,法术强度+183；急速等级+103；每5秒法力回复+58,法术强度+191；急速等级+95；每5秒法力回复+54,法术强度×1.0437；急速等级×0.9223；每5秒法力回复×0.9310,5,1,蓝色,,0,,,,1350,,,,,,,,47087,仇恨深藏腿甲,258,4,3,7,无,,33667,复仇角斗士的链甲护腿,46882,4,146,70,
103159,踏靴·远古誓言,护甲,治疗,4,3,8,脚部,280,耐力+106；智力+106,法术强度+144；暴击等级+84；每5秒法力回复+42,1.00（触发效果额外，不扣属性预算）,法术强度+144；暴击等级+84；每5秒法力回复+42,法术强度+139；暴击等级+92；每5秒法力回复+39,法术强度×0.9653；暴击等级×1.0952；每5秒法力回复×0.9286,5,2,蓝色,黄色,0,,,,1069,,,,,,,,50652,冥光胫甲,277,4,3,8,无,,33878,守备官的链甲战靴,47408,4,146,70,
103160,风暴峭壁之踏靴,护甲,治疗,4,3,8,脚部,280,耐力+107；智力+108,法术强度+140；每5秒法力回复+47；急速等级+73,1.00（触发效果额外，不扣属性预算）,法术强度+140；每5秒法力回复+47；急速等级+73,法术强度+128；每5秒法力回复+49；急速等级+77,法术强度×0.9143；每5秒法力回复×1.0426；急速等级×1.0548,5,1,黄色,,0,,,,1064,,,,,,,,51873,曳行轻鞋,264,4,3,8,无,,33896,守备官的鳞甲战靴,47420,4,146,70,
103161,战靴·深渊凝视,护甲,治疗,4,3,8,脚部,280,耐力+106；智力+106,法术强度+144；暴击等级+84；每5秒法力回复+42,1.00（触发效果额外，不扣属性预算）,法术强度+144；暴击等级+84；每5秒法力回复+42,法术强度+140；暴击等级+92；每5秒法力回复+42,法术强度×0.9722；暴击等级×1.0952；每5秒法力回复×1.0000,5,2,红色,蓝色,0,,,,1069,,,,,,,,50652,冥光胫甲,277,4,3,8,无,,30873,止水长靴,45240,4,141,70,
103162,圣贤的长靴,护甲,治疗,4,3,8,脚部,280,耐力+107；智力+108,法术强度+140；每5秒法力回复+47；急速等级+73,1.00（触发效果额外，不扣属性预算）,法术强度+140；每5秒法力回复+47；急速等级+73,法术强度+153；每5秒法力回复+47；急速等级+72,法术强度×1.0929；每5秒法力回复×1.0000；急速等级×0.9863,5,1,蓝色,,0,,,,1064,,,,,,,,51873,曳行轻鞋,264,4,3,8,无,,30880,疾步长靴,45239,4,141,70,
103163,凛冬余威·腕铠,护甲,治疗,4,3,9,腕部,280,耐力+80；智力+81,法术强度+110；每5秒法力回复+35；暴击等级+61,1.00（触发效果额外，不扣属性预算）,法术强度+110；每5秒法力回复+35；暴击等级+61,法术强度+121；每5秒法力回复+34；暴击等级+56,法术强度×1.1000；每5秒法力回复×0.9714；暴击等级×0.9180,5,1,蓝色,,0,,,,675,,,,,,,,47441,溷沌预兆裹腕,258,4,3,9,无,,35172,护卫者的鳞甲护腕,48673,4,154,70,
103164,寒星腕轮,护甲,治疗,4,3,9,腕部,280,耐力+80；智力+81,法术强度+111；急速等级+64；每5秒法力回复+32,1.00（触发效果额外，不扣属性预算）,法术强度+111；急速等级+64；每5秒法力回复+32,法术强度+109；急速等级+62；每5秒法力回复+31,法术强度×0.9820；急速等级×0.9688；每5秒法力回复×0.9688,5,1,黄色,,0,,,,677,,,,,,,,51929,冷魂护腕,264,4,3,9,无,,30864,寻路者护腕,45744,4,141,70,
103165,泰坦监护者的腕甲,护甲,治疗,4,3,9,腕部,280,耐力+80；智力+81,法术强度+110；每5秒法力回复+35；暴击等级+61,1.00（触发效果额外，不扣属性预算）,法术强度+110；每5秒法力回复+35；暴击等级+61,法术强度+106；每5秒法力回复+35；暴击等级+63,法术强度×0.9636；每5秒法力回复×1.0000；暴击等级×1.0328,5,0,,,0,,,,675,,,,,,,,47068,溷沌预兆护腕,258,4,3,9,无,,30869,嚎风护腕,45750,4,141,70,
103166,最后守望·臂环,护甲,治疗,4,3,9,腕部,280,耐力+80；智力+81,法术强度+111；急速等级+64；每5秒法力回复+32,1.00（触发效果额外，不扣属性预算）,法术强度+111；急速等级+64；每5秒法力回复+32,法术强度+106；急速等级+69；每5秒法力回复+33,法术强度×0.9550；急速等级×1.0781；每5秒法力回复×1.0312,5,0,,,0,,,,677,,,,,,,,51929,冷魂护腕,264,4,3,9,无,,32251,精准腕甲,45358,4,141,70,
103167,大领主的战拳,护甲,治疗,4,3,10,手部,280,耐力+106；智力+106,法术强度+154；暴击等级+93；每5秒法力回复+42,1.00（触发效果额外，不扣属性预算）,法术强度+154；暴击等级+93；每5秒法力回复+42,法术强度+164；暴击等级+89；每5秒法力回复+45,法术强度×1.0649；暴击等级×0.9570；每5秒法力回复×1.0714,5,1,蓝色,,0,,,,972,,,,,,,,51248,神圣霜巫手甲,277,4,3,10,无,,34991,野蛮角斗士的链甲手套,48605,4,159,70,
103168,护手·凛冬余威,护甲,治疗,4,3,10,手部,280,耐力+106；智力+106,法术强度+144；急速等级+92；每5秒法力回复+38,1.00（触发效果额外，不扣属性预算）,法术强度+144；急速等级+92；每5秒法力回复+38,法术强度+153；急速等级+86；每5秒法力回复+41,法术强度×1.0625；急速等级×0.9348；每5秒法力回复×1.0789,5,1,黄色,,0,,,,972,,,,,,,,50703,骯脏的外科手套,277,4,3,10,无,,35043,野蛮角斗士的鳞甲手套,48611,4,159,70,
103169,泰坦遗迹救赎拳甲,护甲,治疗,4,3,10,手部,280,耐力+106；智力+106,法术强度+154；暴击等级+93；每5秒法力回复+42,1.00（触发效果额外，不扣属性预算）,法术强度+154；暴击等级+93；每5秒法力回复+42,法术强度+151；暴击等级+86；每5秒法力回复+45,法术强度×0.9805；暴击等级×0.9247；每5秒法力回复×1.0714,5,0,,,0,,,,972,,,,,,,,51248,神圣霜巫手甲,277,4,3,10,无,,34350,上古影月护手,48037,4,154,70,
103170,失落神殿月泉手铠,护甲,治疗,4,3,10,手部,280,耐力+106；智力+106,法术强度+144；急速等级+92；每5秒法力回复+38,1.00（触发效果额外，不扣属性预算）,法术强度+144；急速等级+92；每5秒法力回复+38,法术强度+144；急速等级+88；每5秒法力回复+41,法术强度×1.0000；急速等级×0.9565；每5秒法力回复×1.0789,5,0,,,0,,,,972,,,,,,,,50703,骯脏的外科手套,277,4,3,10,无,,31001,戈隆追猎者手套,45679,4,146,70,
103171,唤星者的面罩,护甲,治疗,4,4,1,头部,280,耐力+143；智力+143,法术强度+200；暴击等级+109；每5秒法力回复+55,1.00（触发效果额外，不扣属性预算）,法术强度+200；暴击等级+109；每5秒法力回复+55,法术强度+183；暴击等级+108；每5秒法力回复+51,法术强度×0.9150；暴击等级×0.9908；每5秒法力回复×0.9273,5,3,混沌,红色,0,,,,2259,,,,,,,,50701,被遗忘面甲,277,4,4,1,无,,34400,达斯雷玛之冠,48058,4,159,70,红色
103172,新生裁断战盔,护甲,治疗,4,4,1,头部,280,耐力+143；智力+143,法术强度+200；暴击等级+109；每5秒法力回复+55,1.00（触发效果额外，不扣属性预算）,法术强度+200；暴击等级+109；每5秒法力回复+55,法术强度+197；暴击等级+109；每5秒法力回复+60,法术强度×0.9850；暴击等级×1.0000；每5秒法力回复×1.0909,5,2,混沌,蓝色,0,,,,2259,,,,,,,,50701,被遗忘面甲,277,4,4,1,无,,34401,乌瑟尔的决心之盔,48057,4,159,70,
103173,圣光裁断面罩,护甲,治疗,4,4,1,头部,280,耐力+143；智力+145,法术强度+196；暴击等级+107；每5秒法力回复+54,1.00（触发效果额外，不扣属性预算）,法术强度+196；暴击等级+107；每5秒法力回复+54,法术强度+211；暴击等级+99；每5秒法力回复+57,法术强度×1.0765；暴击等级×0.9252；每5秒法力回复×1.0556,5,2,混沌,黄色,0,,,,2247,,,,,,,,50060,遗忘者面甲,264,4,4,1,无,,35029,野蛮角斗士的板层甲头盔,48740,4,159,70,
103174,泰坦遗训·战盔,护甲,治疗,4,4,1,头部,280,耐力+143；智力+143,法术强度+200；暴击等级+109；每5秒法力回复+55,1.00（触发效果额外，不扣属性预算）,法术强度+200；暴击等级+109；每5秒法力回复+55,法术强度+186；暴击等级+108；每5秒法力回复+60,法术强度×0.9300；暴击等级×0.9908；每5秒法力回复×1.0909,5,3,混沌,红色,0,,,,2259,,,,,,,,50701,被遗忘面甲,277,4,4,1,无,,35068,野蛮角斗士的板甲头盔,49685,4,159,70,蓝色
103175,暮光审判官唤醒披肩,护甲,治疗,4,4,3,肩部,280,耐力+106；智力+106,法术强度+144；暴击等级+93；每5秒法力回复+38,1.00（触发效果额外，不扣属性预算）,法术强度+144；暴击等级+93；每5秒法力回复+38,法术强度+145；暴击等级+101；每5秒法力回复+41,法术强度×1.0069；暴击等级×1.0860；每5秒法力回复×1.0789,5,2,蓝色,黄色,0,,,,2085,,,,,,,,50617,锈蚀骨尖肩铠,277,4,4,3,无,,35070,野蛮角斗士的板甲护肩,49995,4,159,70,
103176,无声裁决衬肩,护甲,治疗,4,4,3,肩部,280,耐力+107；智力+112,法术强度+159；急速等级+94；每5秒法力回复+42,1.00（触发效果额外，不扣属性预算）,法术强度+159；急速等级+94；每5秒法力回复+42,法术强度+156；急速等级+95；每5秒法力回复+39,法术强度×0.9811；急速等级×1.0106；每5秒法力回复×0.9286,5,1,黄色,,0,,,,2077,,,,,,,,45140,锋鳞护肩,232,4,4,3,无,,30979,冲锋肩刃,45661,4,146,70,
103177,祈愿之无声裁决,护甲,治疗,4,4,3,肩部,280,耐力+106；智力+106,法术强度+144；暴击等级+93；每5秒法力回复+38,1.00（触发效果额外，不扣属性预算）,法术强度+144；暴击等级+93；每5秒法力回复+38,法术强度+147；暴击等级+86；每5秒法力回复+39,法术强度×1.0208；暴击等级×0.9247；每5秒法力回复×1.0263,5,1,红色,,0,,,,2085,,,,,,,,50617,锈蚀骨尖肩铠,277,4,4,3,无,,30996,光明使者护肩,45884,4,146,70,
103178,静谧护肩,护甲,治疗,4,4,3,肩部,280,耐力+107；智力+108,法术强度+140；暴击等级+75；每5秒法力回复+47,1.00（触发效果额外，不扣属性预算）,法术强度+140；暴击等级+75；每5秒法力回复+47,法术强度+130；暴击等级+80；每5秒法力回复+49,法术强度×0.9286；暴击等级×1.0667；每5秒法力回复×1.0426,5,1,蓝色,,0,,,,2074,,,,,,,,51824,翡翠圣徒肩甲,264,4,4,3,无,,33699,复仇角斗士的板层甲护肩,46953,4,146,70,
103179,永恒之眼月泉战甲,护甲,治疗,4,4,5,胸部,280,耐力+143；智力+145,法术强度+186；每5秒法力回复+49；暴击等级+126,1.00（触发效果额外，不扣属性预算）,法术强度+186；每5秒法力回复+49；暴击等级+126,法术强度+173；每5秒法力回复+53；暴击等级+116,法术强度×0.9301；每5秒法力回复×1.0816；暴击等级×0.9206,5,1,蓝色,,0,,,,2766,,,,,,,,51861,败血缝合胸铠,264,4,4,5,无,,34395,尊贵仲裁者胸甲,48053,4,159,70,
103180,星界旅者的护胸,护甲,治疗,4,4,5,胸部,280,耐力+143；智力+196,法术强度+162；每5秒法力回复+55；急速等级+104,1.00（触发效果额外，不扣属性预算）,法术强度+162；每5秒法力回复+55；急速等级+104,法术强度+153；每5秒法力回复+57；急速等级+110,法术强度×0.9444；每5秒法力回复×1.0364；急速等级×1.0577,5,2,黄色,红色,0,,,,2796,,,,,,,,45305,冥界胸铠,225,4,4,5,无,,35027,野蛮角斗士的板层甲护胸,50001,4,159,70,
103181,符文大师洞察护胸,护甲,治疗,4,4,5,胸部,280,耐力+143；智力+145,法术强度+186；暴击等级+117；每5秒法力回复+54,1.00（触发效果额外，不扣属性预算）,法术强度+186；暴击等级+117；每5秒法力回复+54,法术强度+182；暴击等级+115；每5秒法力回复+56,法术强度×0.9785；暴击等级×0.9829；每5秒法力回复×1.0370,5,0,,,0,,,,2766,,,,,,,,50969,无言真理护胸,264,4,4,5,无,,35066,野蛮角斗士的板甲护胸,49999,4,159,70,
103182,银色勇士回响胸甲,护甲,治疗,4,4,5,胸部,280,耐力+143；智力+145,法术强度+193；暴击等级+107；每5秒法力回复+63,1.00（触发效果额外，不扣属性预算）,法术强度+193；暴击等级+107；每5秒法力回复+63,法术强度+203；暴击等级+105；每5秒法力回复+60,法术强度×1.0518；暴击等级×0.9813；每5秒法力回复×0.9524,5,0,,,0,,,,2758,,,,,,,,48589,莉亚德琳的凯旋护胸,258,4,4,5,无,,30904,救世胸铠,46351,4,151,70,
103183,群星之庭之束带,护甲,治疗,4,4,6,腰部,280,耐力+106；智力+106,法术强度+144；暴击等级+93；每5秒法力回复+38,1.00（触发效果额外，不扣属性预算）,法术强度+144；暴击等级+93；每5秒法力回复+38,法术强度+150；暴击等级+85；每5秒法力回复+38,法术强度×1.0417；暴击等级×0.9140；每5秒法力回复×1.0000,5,1,蓝色,,0,,,,1564,,,,,,,,50667,公正之怒腰带,277,4,4,6,无,,34547,冲锋束腰,48361,4,154,70,
103184,星界旅者之救赎,护甲,治疗,4,4,6,腰部,280,耐力+107；智力+108,法术强度+140；急速等级+91；每5秒法力回复+37,1.00（触发效果额外，不扣属性预算）,法术强度+140；急速等级+91；每5秒法力回复+37,法术强度+143；急速等级+91；每5秒法力回复+38,法术强度×1.0214；急速等级×1.0000；每5秒法力回复×1.0270,5,2,黄色,红色,0,,,,1556,,,,,,,,51836,紧致腰带,264,4,4,6,无,,33811,守备官的板甲腰带,47047,4,146,70,
103185,群星回响围带,护甲,治疗,4,4,6,腰部,280,耐力+106；智力+106,法术强度+144；暴击等级+93；每5秒法力回复+38,1.00（触发效果额外，不扣属性预算）,法术强度+144；暴击等级+93；每5秒法力回复+38,法术强度+131；暴击等级+88；每5秒法力回复+40,法术强度×0.9097；暴击等级×0.9462；每5秒法力回复×1.0526,5,2,红色,蓝色,0,,,,1564,,,,,,,,50667,公正之怒腰带,277,4,4,6,无,,33888,守备官的板层甲腰带,47415,4,146,70,
103186,风暴领主之晨曦,护甲,治疗,4,4,6,腰部,280,耐力+107；智力+108,法术强度+140；急速等级+91；每5秒法力回复+37,1.00（触发效果额外，不扣属性预算）,法术强度+140；急速等级+91；每5秒法力回复+37,法术强度+143；急速等级+98；每5秒法力回复+35,法术强度×1.0214；急速等级×1.0769；每5秒法力回复×0.9459,5,0,,,0,,,,1556,,,,,,,,51836,紧致腰带,264,4,4,6,无,,30897,希望束带,48291,4,141,70,
103187,圣光腿甲,护甲,治疗,4,4,7,腿部,280,耐力+143；智力+143,法术强度+200；暴击等级+126；每5秒法力回复+55,1.00（触发效果额外，不扣属性预算）,法术强度+200；暴击等级+126；每5秒法力回复+55,法术强度+201；暴击等级+126；每5秒法力回复+51,法术强度×1.0050；暴击等级×1.0000；每5秒法力回复×0.9273,5,1,蓝色,,0,,,,2433,,,,,,,,51271,神圣光誓护胫,277,4,4,7,无,,35030,野蛮角斗士的板层甲护腿,50002,4,159,70,
103188,泰坦遗迹静谧战裙,护甲,治疗,4,4,7,腿部,280,耐力+143；智力+143,法术强度+191；暴击等级+109；每5秒法力回复+59,1.00（触发效果额外，不扣属性预算）,法术强度+191；暴击等级+109；每5秒法力回复+59,法术强度+203；暴击等级+107；每5秒法力回复+61,法术强度×1.0628；暴击等级×0.9817；每5秒法力回复×1.0339,5,1,黄色,,0,,,,2433,,,,,,,,50623,残烛护腿,277,4,4,7,无,,35069,野蛮角斗士的板甲护腿,49996,4,159,70,
103189,幽影·战裙,护甲,治疗,4,4,7,腿部,280,耐力+143；智力+143,法术强度+200；暴击等级+126；每5秒法力回复+55,1.00（触发效果额外，不扣属性预算）,法术强度+200；暴击等级+126；每5秒法力回复+55,法术强度+206；暴击等级+138；每5秒法力回复+60,法术强度×1.0300；暴击等级×1.0952；每5秒法力回复×1.0909,5,1,红色,,0,,,,2433,,,,,,,,51271,神圣光誓护胫,277,4,4,7,无,,30903,无尽怒气腿甲,46359,4,151,70,
103190,索拉查之长裤,护甲,治疗,4,4,7,腿部,280,耐力+144；智力+143,法术强度+200；急速等级+113；每5秒法力回复+64,1.00（触发效果额外，不扣属性预算）,法术强度+200；急速等级+113；每5秒法力回复+64,法术强度+200；急速等级+117；每5秒法力回复+70,法术强度×1.0000；急速等级×1.0354；每5秒法力回复×1.0938,5,2,蓝色,黄色,0,,,,2383,,,,,,,,50229,寒冰深渊腿甲,232,4,4,7,无,,30977,冲锋护腿,45660,4,146,70,
103191,游侠将军庇佑战靴,护甲,治疗,4,4,8,脚部,280,耐力+106；智力+106,法术强度+144；暴击等级+84；每5秒法力回复+42,1.00（触发效果额外，不扣属性预算）,法术强度+144；暴击等级+84；每5秒法力回复+42,法术强度+148；暴击等级+78；每5秒法力回复+39,法术强度×1.0278；暴击等级×0.9286；每5秒法力回复×0.9286,5,0,,,0,,,,1912,,,,,,,,50632,送葬长靴,277,4,4,8,无,,33812,守备官的板甲护胫,44735,4,146,70,
103192,荒野猎手之月泉,护甲,治疗,4,4,8,脚部,280,耐力+121；智力+104,法术强度+129；急速等级+77；每5秒法力回复+41,1.00（触发效果额外，不扣属性预算）,法术强度+129；急速等级+77；每5秒法力回复+41,法术强度+138；急速等级+73；每5秒法力回复+42,法术强度×1.0698；急速等级×0.9481；每5秒法力回复×1.0244,5,0,,,0,,,,1888,,,,,,,,45561,命运之靴,226,4,4,8,无,,33890,守备官的板层甲护胫,47417,4,146,70,
103193,生命回响足甲,护甲,治疗,4,4,8,脚部,280,耐力+106；智力+106,法术强度+144；暴击等级+84；每5秒法力回复+42,1.00（触发效果额外，不扣属性预算）,法术强度+144；暴击等级+84；每5秒法力回复+42,法术强度+142；暴击等级+76；每5秒法力回复+42,法术强度×0.9861；暴击等级×0.9048；每5秒法力回复×1.0000,5,0,,,0,,,,1912,,,,,,,,50632,送葬长靴,277,4,4,8,无,,32956,Tom's Boots 3,29863,4,145,70,
103194,灰熊丘陵纯净长靴,护甲,治疗,4,4,8,脚部,280,耐力+107；智力+108,法术强度+140；暴击等级+93；每5秒法力回复+37,1.00（触发效果额外，不扣属性预算）,法术强度+140；暴击等级+93；每5秒法力回复+37,法术强度+147；暴击等级+93；每5秒法力回复+40,法术强度×1.0500；暴击等级×1.0000；每5秒法力回复×1.0811,5,1,蓝色,,0,,,,1901,,,,,,,,51931,朽骨长靴,264,4,4,8,无,,32243,珍珠镶饰长靴,45332,4,141,70,
103195,嚎风峡湾晨曦护臂,护甲,治疗,4,4,9,腕部,280,耐力+80；智力+81,法术强度+110；暴击等级+71；每5秒法力回复+30,1.00（触发效果额外，不扣属性预算）,法术强度+110；暴击等级+71；每5秒法力回复+30,法术强度+103；暴击等级+72；每5秒法力回复+28,法术强度×0.9364；暴击等级×1.0141；每5秒法力回复×0.9333,5,1,蓝色,,0,,,,1207,,,,,,,,47455,碎约护腕,258,4,4,9,无,,34442,冲锋腕甲,48348,4,154,70,
103196,失落荣光·护臂,护甲,治疗,4,4,9,腕部,280,耐力+92；智力+76,法术强度+111；急速等级+59；每5秒法力回复+35,1.00（触发效果额外，不扣属性预算）,法术强度+111；急速等级+59；每5秒法力回复+35,法术强度+108；急速等级+59；每5秒法力回复+38,法术强度×0.9730；急速等级×1.0000；每5秒法力回复×1.0857,5,1,黄色,,0,,,,1210,,,,,,,,51907,灰霭护腕,264,4,4,9,无,,35170,护卫者的板层甲护腕,48662,4,154,70,
103197,圣贤镇压臂甲,护甲,治疗,4,4,9,腕部,280,耐力+80；智力+81,法术强度+110；暴击等级+71；每5秒法力回复+30,1.00（触发效果额外，不扣属性预算）,法术强度+110；暴击等级+71；每5秒法力回复+30,法术强度+103；暴击等级+73；每5秒法力回复+31,法术强度×0.9364；暴击等级×1.0282；每5秒法力回复×1.0333,5,1,红色,,0,,,,1207,,,,,,,,47098,碎约护臂,258,4,4,9,无,,35176,护卫者的板甲护腕,48664,4,154,70,
103198,泰坦监护者之新生,护甲,治疗,4,4,9,腕部,280,耐力+92；智力+76,法术强度+111；急速等级+59；每5秒法力回复+35,1.00（触发效果额外，不扣属性预算）,法术强度+111；急速等级+59；每5秒法力回复+35,法术强度+111；急速等级+58；每5秒法力回复+38,法术强度×1.0000；急速等级×0.9831；每5秒法力回复×1.0857,5,0,,,0,,,,1210,,,,,,,,51907,灰霭护腕,264,4,4,9,无,,32959,Tom's Bracer 3,29859,4,145,70,
103199,泰坦监护者的手甲,护甲,治疗,4,4,10,手部,280,耐力+106；智力+106,法术强度+154；暴击等级+93；每5秒法力回复+42,1.00（触发效果额外，不扣属性预算）,法术强度+154；暴击等级+93；每5秒法力回复+42,法术强度+148；暴击等级+95；每5秒法力回复+46,法术强度×0.9610；暴击等级×1.0215；每5秒法力回复×1.0952,5,2,蓝色,黄色,0,,,,1738,,,,,,,,51270,神圣光誓手套,277,4,4,10,无,,35067,野蛮角斗士的板甲手套,49998,4,159,70,
103200,冰冠之臂铠,护甲,治疗,4,4,10,手部,280,耐力+106；智力+107,法术强度+150；急速等级+91；每5秒法力回复+42,1.00（触发效果额外，不扣属性预算）,法术强度+150；急速等级+91；每5秒法力回复+42,法术强度+149；急速等级+87；每5秒法力回复+44,法术强度×0.9933；急速等级×0.9560；每5秒法力回复×1.0476,5,0,,,0,,,,1724,,,,,,,,48588,莉亚德琳的凯旋手套,258,4,4,10,无,,34352,堡垒手套,48036,4,156,70,
103201,烈日·裹手,护甲,治疗,4,4,10,手部,280,耐力+106；智力+106,法术强度+154；暴击等级+93；每5秒法力回复+42,1.00（触发效果额外，不扣属性预算）,法术强度+154；暴击等级+93；每5秒法力回复+42,法术强度+145；暴击等级+90；每5秒法力回复+46,法术强度×0.9416；暴击等级×0.9677；每5秒法力回复×1.0952,5,1,红色,,0,,,,1738,,,,,,,,51270,神圣光誓手套,277,4,4,10,无,,30969,冲锋护手,45659,4,146,70,
103202,风暴峭壁的新月,护甲,治疗,4,4,10,手部,280,耐力+106；智力+107,法术强度+150；急速等级+91；每5秒法力回复+42,1.00（触发效果额外，不扣属性预算）,法术强度+150；急速等级+91；每5秒法力回复+42,法术强度+162；急速等级+89；每5秒法力回复+38,法术强度×1.0800；急速等级×0.9780；每5秒法力回复×0.9048,5,1,蓝色,,0,,,,1724,,,,,,,,48583,图拉扬的凯旋手套,258,4,4,10,无,,30982,光明使者护手,45685,4,146,70,
103203,游侠镇压头冠,护甲,敏捷输出,4,2,1,头部,280,敏捷+191；耐力+188,攻击强度+200；暴击等级+117；护甲穿透等级+109,1.00（触发效果额外，不扣属性预算）,攻击强度+200；暴击等级+117；护甲穿透等级+109,攻击强度+191；暴击等级+125；护甲穿透等级+99,攻击强度×0.9550；暴击等级×1.0684；护甲穿透等级×0.9083,5,3,混沌,蓝色,0,,,,569,,,,,,,,51296,神圣树纹头甲,277,4,2,1,无,,31027,刺杀者头盔,45434,4,146,70,红色
103204,风暴领主洞察面罩,护甲,敏捷输出,4,2,1,头部,280,敏捷+191；耐力+188,攻击强度+200；暴击等级+117；护甲穿透等级+109,1.00（触发效果额外，不扣属性预算）,攻击强度+200；暴击等级+117；护甲穿透等级+109,攻击强度+196；暴击等级+109；护甲穿透等级+113,攻击强度×0.9800；暴击等级×0.9316；护甲穿透等级×1.0367,5,2,混沌,红色,0,,,,569,,,,,,,,51252,神圣影刃头盔,277,4,2,1,无,,31037,雷霆之心头盔,45663,4,146,70,
103205,风暴前夜王冠,护甲,敏捷输出,4,2,1,头部,280,敏捷+166；耐力+188,攻击强度+249；暴击等级+126；命中等级+101,1.00（触发效果额外，不扣属性预算）,攻击强度+249；暴击等级+126；命中等级+101,攻击强度+271；暴击等级+116；命中等级+91,攻击强度×1.0884；暴击等级×0.9206；命中等级×0.9010,5,3,混沌,黄色,0,,,,569,,,,,,,,50713,鬼王的酷刑袋,277,4,2,1,无,,33672,复仇角斗士的龙皮头盔,48262,4,146,70,黄色
103206,夜幕头冠,护甲,敏捷输出,4,2,1,头部,280,敏捷+192；耐力+129,攻击强度+256；急速等级+105；护甲穿透等级+114,1.00（触发效果额外，不扣属性预算）,攻击强度+256；急速等级+105；护甲穿透等级+114,攻击强度+259；急速等级+114；护甲穿透等级+106,攻击强度×1.0117；急速等级×1.0857；护甲穿透等级×0.9298,5,2,混沌,黄色,0,,,,566,,,,,,,,51866,毁弃的肠袋,264,4,2,1,无,,33691,复仇角斗士的科多皮头盔,48261,4,146,70,
103207,霜火披肩,护甲,敏捷输出,4,2,3,肩部,280,敏捷+133；耐力+140,攻击强度+168；暴击等级+93；急速等级+76,1.00（触发效果额外，不扣属性预算）,攻击强度+168；暴击等级+93；急速等级+76,攻击强度+174；暴击等级+92；急速等级+71,攻击强度×1.0357；暴击等级×0.9892；急速等级×0.9342,5,1,红色,,0,,,,526,,,,,,,,50646,教徒浸血肩甲,277,4,2,3,无,,33703,复仇角斗士的皮甲护肩,46938,4,146,70,
103208,肩卫·余烬,护甲,敏捷输出,4,2,3,肩部,280,敏捷+142；耐力+140,攻击强度+168；暴击等级+93；护甲穿透等级+84,1.00（触发效果额外，不扣属性预算）,攻击强度+168；暴击等级+93；护甲穿透等级+84,攻击强度+178；暴击等级+84；护甲穿透等级+86,攻击强度×1.0595；暴击等级×0.9032；护甲穿透等级×1.0238,5,1,黄色,,0,,,,526,,,,,,,,51299,神圣树纹肩垫,277,4,2,3,无,,30917,刀锋怒火护肩,45752,4,141,70,
103209,银色勇士之夜幕,护甲,敏捷输出,4,2,3,肩部,280,敏捷+142；耐力+140,攻击强度+168；暴击等级+93；命中等级+84,1.00（触发效果额外，不扣属性预算）,攻击强度+168；暴击等级+93；命中等级+84,攻击强度+172；暴击等级+96；命中等级+76,攻击强度×1.0238；暴击等级×1.0323；命中等级×0.9048,5,0,,,0,,,,526,,,,,,,,51254,神圣影刃护肩,277,4,2,3,无,,32377,黑暗护肩,45816,4,141,70,
103210,龙眠的苍白月色,护甲,敏捷输出,4,2,3,肩部,280,敏捷+143；耐力+140,攻击强度+174；急速等级+91；护甲穿透等级+82,1.00（触发效果额外，不扣属性预算）,攻击强度+174；急速等级+91；护甲穿透等级+82,攻击强度+189；急速等级+89；护甲穿透等级+77,攻击强度×1.0862；急速等级×0.9780；护甲穿透等级×0.9390,5,0,,,0,,,,521,,,,,,,,48207,玛法里奥的凯旋肩甲,258,4,2,3,无,,32518,旋叶护肩,45758,4,141,70,
103211,暗影穹殿游侠战衣,护甲,敏捷输出,4,2,5,胸部,280,敏捷+185；耐力+188,攻击强度+236；暴击等级+119；急速等级+110,1.00（触发效果额外，不扣属性预算）,攻击强度+236；暴击等级+119；急速等级+110,攻击强度+231；暴击等级+129；急速等级+116,攻击强度×0.9788；暴击等级×1.0840；急速等级×1.0545,5,0,,,0,,,,695,,,,,,,,48206,玛法里奥的凯旋外衣,258,4,2,20,无,,30905,午夜胸甲,46352,4,151,70,
103212,凛冬余威·护胸,护甲,敏捷输出,4,2,5,胸部,280,敏捷+191；耐力+188,攻击强度+216；暴击等级+126；护甲穿透等级+109,1.00（触发效果额外，不扣属性预算）,攻击强度+216；暴击等级+126；护甲穿透等级+109,攻击强度+230；暴击等级+126；护甲穿透等级+107,攻击强度×1.0648；暴击等级×1.0000；护甲穿透等级×0.9817,5,1,黄色,,0,,,,700,,,,,,,,51298,神圣树纹胸甲,277,4,2,20,无,,31028,刺杀者胸甲,45425,4,146,70,
103213,暮光前线的凛冬余威,护甲,敏捷输出,4,2,5,胸部,280,敏捷+185；耐力+188,攻击强度+217；暴击等级+126；命中等级+117,1.00（触发效果额外，不扣属性预算）,攻击强度+217；暴击等级+126；命中等级+117,攻击强度+213；暴击等级+126；命中等级+108,攻击强度×0.9816；暴击等级×1.0000；命中等级×0.9231,5,0,,,0,,,,695,,,,,,,,48233,迦罗娜的凯旋胸甲,258,4,2,5,无,,31041,雷霆之心外套,45662,4,146,70,
103214,银色勇士的胸衣,护甲,敏捷输出,4,2,5,胸部,280,敏捷+187；耐力+124,攻击强度+253；急速等级+127；护甲穿透等级+104,1.00（触发效果额外，不扣属性预算）,攻击强度+253；急速等级+127；护甲穿透等级+104,攻击强度+276；急速等级+128；护甲穿透等级+101,攻击强度×1.0909；急速等级×1.0079；护甲穿透等级×0.9712,5,1,红色,,0,,,,697,,,,,,,,51923,极寒绞索胸甲,264,4,2,5,无,,33675,复仇角斗士的龙皮外套,46945,4,146,70,
103215,黎明圣所之腰链,护甲,敏捷输出,4,2,6,腰部,280,敏捷+125；耐力+140,攻击强度+185；暴击等级+93；护甲穿透等级+76,1.00（触发效果额外，不扣属性预算）,攻击强度+185；暴击等级+93；护甲穿透等级+76,攻击强度+192；暴击等级+99；护甲穿透等级+75,攻击强度×1.0378；暴击等级×1.0645；护甲穿透等级×0.9868,5,2,红色,黄色,0,,,,394,,,,,,,,50707,亚斯崔立安的缝合系腰,277,4,2,6,无,,32265,暗影行者腰带,45730,4,141,70,
103216,荒野之寒星,护甲,敏捷输出,4,2,6,腰部,280,敏捷+125；耐力+140,攻击强度+185；暴击等级+93；护甲穿透等级+76,1.00（触发效果额外，不扣属性预算）,攻击强度+185；暴击等级+93；护甲穿透等级+76,攻击强度+172；暴击等级+94；护甲穿透等级+83,攻击强度×0.9297；暴击等级×1.0108；护甲穿透等级×1.0921,5,1,黄色,,0,,,,394,,,,,,,,50707,亚斯崔立安的缝合系腰,277,4,2,6,无,,32339,原始王权腰带,45264,4,141,70,
103217,腰链·寒星,护甲,敏捷输出,4,2,6,腰部,280,敏捷+129；耐力+107,攻击强度+203；命中等级+63；暴击等级+100,1.00（触发效果额外，不扣属性预算）,攻击强度+203；命中等级+63；暴击等级+100,攻击强度+189；命中等级+60；暴击等级+100,攻击强度×0.9310；命中等级×0.9524；暴击等级×1.0000,5,1,蓝色,,0,,,,392,,,,,,,,51925,窃魂者的织带,264,4,2,6,无,,34929,寂静路途腰带,48483,4,141,70,
103218,长夜腰带,护甲,敏捷输出,4,2,6,腰部,280,敏捷+149；耐力+139,攻击强度+143；急速等级+73；护甲穿透等级+91,1.00（触发效果额外，不扣属性预算）,攻击强度+143；急速等级+73；护甲穿透等级+91,攻击强度+150；急速等级+79；护甲穿透等级+89,攻击强度×1.0490；急速等级×1.0822；护甲穿透等级×0.9780,5,1,红色,,0,,,,392,,,,,,,,50995,复仇腰索,264,4,2,6,无,,30106,百亡腰带,42636,4,138,70,
103219,幽影·腿铠,护甲,敏捷输出,4,2,7,腿部,280,敏捷+202；耐力+188,攻击强度+187；急速等级+123；暴击等级+98,1.00（触发效果额外，不扣属性预算）,攻击强度+187；急速等级+123；暴击等级+98,攻击强度+180；急速等级+121；暴击等级+99,攻击强度×0.9626；急速等级×0.9837；暴击等级×1.0102,5,1,红色,,0,,,,610,,,,,,,,51889,染疫皮制护腿,264,4,2,7,无,,33702,复仇角斗士的皮甲护腿,46937,4,146,70,
103220,长裤·不灭烽火,护甲,敏捷输出,4,2,7,腿部,280,敏捷+172；耐力+165,攻击强度+258；护甲穿透等级+81；暴击等级+136,1.00（触发效果额外，不扣属性预算）,攻击强度+258；护甲穿透等级+81；暴击等级+136,攻击强度+243；护甲穿透等级+85；暴击等级+145,攻击强度×0.9419；护甲穿透等级×1.0494；暴击等级×1.0662,5,1,黄色,,0,,,,610,,,,,,,,51841,象牙镶嵌护腿,264,4,2,7,无,,30898,秘密商人长裤,45227,4,141,70,
103221,迅牙之破晓,护甲,敏捷输出,4,2,7,腿部,280,敏捷+174；耐力+188,攻击强度+233；暴击等级+126；命中等级+101,1.00（触发效果额外，不扣属性预算）,攻击强度+233；暴击等级+126；命中等级+101,攻击强度+237；暴击等级+129；命中等级+103,攻击强度×1.0172；暴击等级×1.0238；命中等级×1.0198,5,0,,,0,,,,613,,,,,,,,50697,坏疽护腿,277,4,2,7,无,,32271,不朽自然褶裙,45724,4,141,70,
103222,群星回响·护胫,护甲,敏捷输出,4,2,7,腿部,280,敏捷+191；耐力+188,攻击强度+216；护甲穿透等级+125；精准等级+109,1.00（触发效果额外，不扣属性预算）,攻击强度+216；护甲穿透等级+125；精准等级+109,攻击强度+195；护甲穿透等级+126；精准等级+110,攻击强度×0.9028；护甲穿透等级×1.0080；精准等级×1.0092,5,0,,,0,,,,613,,,,,,,,51297,神圣树纹护腿,277,4,2,7,无,,34901,巡林者护腿,48449,4,141,70,
103223,锐眼征伐足具,护甲,敏捷输出,4,2,8,脚部,280,敏捷+137；耐力+111；智力+73,攻击强度+158；暴击等级+93；护甲穿透等级+58,1.00（触发效果额外，不扣属性预算）,攻击强度+158；暴击等级+93；护甲穿透等级+58,攻击强度+159；暴击等级+89；护甲穿透等级+56,攻击强度×1.0063；暴击等级×0.9570；护甲穿透等级×0.9655,6,1,红色,,0,,,,1072,,,,,,,,54577,回归之足音,284,4,2,8,无,,30891,黑羽之靴,45800,4,141,70,
103224,迅牙之龙魂低语,护甲,敏捷输出,4,2,8,脚部,280,敏捷+137；耐力+111；智力+73,攻击强度+158；暴击等级+93；护甲穿透等级+58,1.00（触发效果额外，不扣属性预算）,攻击强度+158；暴击等级+93；护甲穿透等级+58,攻击强度+153；暴击等级+89；护甲穿透等级+58,攻击强度×0.9684；暴击等级×0.9570；护甲穿透等级×1.0000,6,0,,,0,,,,1072,,,,,,,,54577,回归之足音,284,4,2,8,无,,32352,自然护卫者之靴,45326,4,141,70,
103225,冰冠的余烬,护甲,敏捷输出,4,2,8,脚部,280,敏捷+125；耐力+140,攻击强度+185；暴击等级+93；护甲穿透等级+76,1.00（触发效果额外，不扣属性预算）,攻击强度+185；暴击等级+93；护甲穿透等级+76,攻击强度+174；暴击等级+90；护甲穿透等级+73,攻击强度×0.9405；暴击等级×0.9677；护甲穿透等级×0.9605,5,1,蓝色,,0,,,,481,,,,,,,,50607,结霜皮靴,277,4,2,8,无,,32366,暗影主宰之靴,45729,4,141,70,
103226,足具·天穹,护甲,敏捷输出,4,2,8,脚部,280,敏捷+137；耐力+111；智力+73,攻击强度+158；暴击等级+93；护甲穿透等级+58,1.00（触发效果额外，不扣属性预算）,攻击强度+158；暴击等级+93；护甲穿透等级+58,攻击强度+152；暴击等级+91；护甲穿透等级+57,攻击强度×0.9620；暴击等级×0.9785；护甲穿透等级×0.9828,6,0,,,0,,,,1072,,,,,,,,54577,回归之足音,284,4,2,8,无,,32593,兽穴领袖之靴,45352,4,141,70,
103227,祖达克之束腕,护甲,敏捷输出,4,2,9,腕部,280,敏捷+103；耐力+105,攻击强度+110；暴击等级+70；急速等级+71,1.00（触发效果额外，不扣属性预算）,攻击强度+110；暴击等级+70；急速等级+71,攻击强度+99；暴击等级+75；急速等级+65,攻击强度×0.9000；暴击等级×1.0714；急速等级×0.9155,5,1,红色,,0,,,,307,,,,,,,,54580,不快臂环,284,4,2,9,无,,32351,艾露恩神力护腕,45288,4,141,70,
103228,月刃征伐护臂,护甲,敏捷输出,4,2,9,腕部,280,敏捷+106；耐力+105,攻击强度+122；暴击等级+62；护甲穿透等级+70,1.00（触发效果额外，不扣属性预算）,攻击强度+122；暴击等级+62；护甲穿透等级+70,攻击强度+114；暴击等级+68；护甲穿透等级+73,攻击强度×0.9344；暴击等级×1.0968；护甲穿透等级×1.0429,5,1,黄色,,0,,,,307,,,,,,,,50670,托斯克的巨型腕甲,277,4,2,9,无,,32580,迅捷打击护腕,45775,4,141,70,
103229,星界旅者的臂甲,护甲,敏捷输出,4,2,9,腕部,280,敏捷+93；耐力+105,攻击强度+113；命中等级+61；暴击等级+71,1.00（触发效果额外，不扣属性预算）,攻击强度+113；命中等级+61；暴击等级+71,攻击强度+119；命中等级+66；暴击等级+77,攻击强度×1.0531；命中等级×1.0820；暴击等级×1.0845,5,0,,,0,,,,304,,,,,,,,47474,黑暗决心臂甲,258,4,2,9,无,,32582,新生护腕,45401,4,141,70,
103230,护臂·失落荣光,护甲,敏捷输出,4,2,9,腕部,280,敏捷+110；耐力+106,攻击强度+127；急速等级+67；护甲穿透等级+56,1.00（触发效果额外，不扣属性预算）,攻击强度+127；急速等级+67；护甲穿透等级+56,攻击强度+123；急速等级+69；护甲穿透等级+59,攻击强度×0.9685；急速等级×1.0299；护甲穿透等级×1.0536,5,2,红色,黄色,0,,,,301,,,,,,,,47582,迅杀护腕,245,4,2,9,无,,33881,守备官的龙皮护腕,47411,4,141,70,
103231,霜羽回响手甲,护甲,敏捷输出,4,2,10,手部,280,敏捷+142；耐力+140,攻击强度+168；暴击等级+93；急速等级+84,1.00（触发效果额外，不扣属性预算）,攻击强度+168；暴击等级+93；急速等级+84,攻击强度+156；暴击等级+101；急速等级+76,攻击强度×0.9286；暴击等级×1.0860；急速等级×0.9048,5,1,红色,,0,,,,438,,,,,,,,51251,神圣影刃护手,277,4,2,10,无,,33671,复仇角斗士的龙皮手套,46941,4,146,70,
103232,失落神殿之手甲,护甲,敏捷输出,4,2,10,手部,280,敏捷+149；耐力+100,攻击强度+172；暴击等级+84；护甲穿透等级+82,1.00（触发效果额外，不扣属性预算）,攻击强度+172；暴击等级+84；护甲穿透等级+82,攻击强度+180；暴击等级+89；护甲穿透等级+89,攻击强度×1.0465；暴击等级×1.0595；护甲穿透等级×1.0854,5,1,黄色,,0,,,,436,,,,,,,,51904,天谴扼杀手套,264,4,2,10,无,,33700,复仇角斗士的皮甲手套,46940,4,146,70,
103233,灰熊丘陵潜踪拳甲,护甲,敏捷输出,4,2,10,手部,280,敏捷+154；耐力+140,攻击强度+156；暴击等级+94；命中等级+85,1.00（触发效果额外，不扣属性预算）,攻击强度+156；暴击等级+94；命中等级+85,攻击强度+148；暴击等级+92；命中等级+85,攻击强度×0.9487；暴击等级×0.9787；命中等级×1.0000,5,0,,,0,,,,434,,,,,,,,48234,迦罗娜的凯旋护手,258,4,2,10,无,,32328,植物学者的生长手套,45707,4,141,70,
103234,黑锋骑士的护手,护甲,敏捷输出,4,2,10,手部,280,敏捷+142；耐力+140,攻击强度+168；护甲穿透等级+92；急速等级+84,1.00（触发效果额外，不扣属性预算）,攻击强度+168；护甲穿透等级+92；急速等级+84,攻击强度+184；护甲穿透等级+101；急速等级+85,攻击强度×1.0952；护甲穿透等级×1.0978；急速等级×1.0119,5,1,红色,,0,,,,438,,,,,,,,51295,神圣树纹裹手,277,4,2,10,无,,32347,诅咒之握,45718,4,141,70,
103235,烈日战盔,护甲,敏捷输出,4,3,1,头部,280,敏捷+182；耐力+148；智力+99,攻击强度+216；暴击等级+117；急速等级+82,1.00（触发效果额外，不扣属性预算）,攻击强度+216；暴击等级+117；急速等级+82,攻击强度+202；暴击等级+121；急速等级+84,攻击强度×0.9352；暴击等级×1.0342；急速等级×1.0244,6,2,混沌,红色,0,,,,1264,,,,,,,,51242,神圣霜巫面甲,277,4,3,1,无,,31003,戈隆追猎者头盔,45680,4,146,70,
103236,先知凝视冠冕,护甲,敏捷输出,4,3,1,头部,280,敏捷+182；耐力+148；智力+99,攻击强度+216；暴击等级+109；护甲穿透等级+90,1.00（触发效果额外，不扣属性预算）,攻击强度+216；暴击等级+109；护甲穿透等级+90,攻击强度+200；暴击等级+108；护甲穿透等级+92,攻击强度×0.9259；暴击等级×0.9908；护甲穿透等级×1.0222,6,2,混沌,蓝色,0,,,,1264,,,,,,,,51286,神圣安卡哈猎血头盔,277,4,3,1,无,,31012,破天头盔,45669,4,146,70,
103237,迅牙之永恒征途,护甲,敏捷输出,4,3,1,头部,280,敏捷+174；耐力+148；智力+99,攻击强度+233；暴击等级+117；命中等级+82,1.00（触发效果额外，不扣属性预算）,攻击强度+233；暴击等级+117；命中等级+82,攻击强度+240；暴击等级+110；命中等级+77,攻击强度×1.0300；暴击等级×0.9402；命中等级×0.9390,6,2,混沌,黄色,0,,,,1264,,,,,,,,50605,雪蛇链盔,277,4,3,1,无,,33666,复仇角斗士的链甲头盔,47951,4,146,70,
103238,长夜·兜帽,护甲,敏捷输出,4,3,1,头部,280,敏捷+194；耐力+149；智力+101,攻击强度+188；护甲穿透等级+121；急速等级+74,1.00（触发效果额外，不扣属性预算）,攻击强度+188；护甲穿透等级+121；急速等级+74,攻击强度+176；护甲穿透等级+124；急速等级+71,攻击强度×0.9362；护甲穿透等级×1.0248；急速等级×0.9595,6,3,混沌,红色,0,,,,1244,,,,,,,,47685,雏龙头盔,245,4,3,1,无,,33708,复仇角斗士的鳞甲头盔,46894,4,146,70,红色
103239,泰坦监护者的衬肩,护甲,敏捷输出,4,3,3,肩部,280,敏捷+142；耐力+110；智力+73,攻击强度+168；暴击等级+93；急速等级+65,1.00（触发效果额外，不扣属性预算）,攻击强度+168；暴击等级+93；急速等级+65,攻击强度+153；暴击等级+90；急速等级+63,攻击强度×0.9107；暴击等级×0.9677；急速等级×0.9692,6,0,,,0,,,,1167,,,,,,,,51240,神圣霜巫肩甲,277,4,3,3,无,,42668,复仇斗士环甲肩甲,41149,4,146,70,
103240,圣贤破界肩铠,护甲,敏捷输出,4,3,3,肩部,280,敏捷+142；耐力+110；智力+73,攻击强度+168；暴击等级+93；护甲穿透等级+65,1.00（触发效果额外，不扣属性预算）,攻击强度+168；暴击等级+93；护甲穿透等级+65,攻击强度+179；暴击等级+86；护甲穿透等级+60,攻击强度×1.0655；暴击等级×0.9247；护甲穿透等级×0.9231,6,2,黄色,蓝色,0,,,,1167,,,,,,,,51288,神圣安卡哈猎血护肩,277,4,3,3,无,,30892,驯兽者护肩,45735,4,141,70,
103241,符文大师之荒野,护甲,敏捷输出,4,3,3,肩部,280,敏捷+149；耐力+110；智力+74,攻击强度+143；暴击等级+93；命中等级+55,1.00（触发效果额外，不扣属性预算）,攻击强度+143；暴击等级+93；命中等级+55,攻击强度+150；暴击等级+89；命中等级+58,攻击强度×1.0490；暴击等级×0.9570；命中等级×1.0545,6,1,蓝色,,0,,,,1161,,,,,,,,51864,病态仪式肩垫,264,4,3,3,无,,32264,隐藏猎手护肩,45731,4,141,70,
103242,流光·肩甲,护甲,敏捷输出,4,3,3,肩部,280,敏捷+127；耐力+110；智力+65,攻击强度+184；护甲穿透等级+81；急速等级+60,1.00（触发效果额外，不扣属性预算）,攻击强度+184；护甲穿透等级+81；急速等级+60,攻击强度+180；护甲穿透等级+87；急速等级+55,攻击强度×0.9783；护甲穿透等级×1.0741；急速等级×0.9167,6,2,红色,黄色,0,,,,1164,,,,,,,,54566,暮光龙鳞护肩,271,4,3,3,无,,32517,波浪治愈护肩,45757,4,141,70,
103243,圣贤之逐星,护甲,敏捷输出,4,3,5,胸部,280,敏捷+191；耐力+148；智力+99,攻击强度+216；暴击等级+117；急速等级+90,1.00（触发效果额外，不扣属性预算）,攻击强度+216；暴击等级+117；急速等级+90,攻击强度+236；暴击等级+109；急速等级+89,攻击强度×1.0926；暴击等级×0.9316；急速等级×0.9889,6,2,红色,黄色,0,,,,1555,,,,,,,,51244,神圣霜巫胸甲,277,4,3,5,无,,31004,戈隆追猎者护胸,45678,4,146,70,
103244,疾风庇佑胸铠,护甲,敏捷输出,4,3,5,胸部,280,敏捷+191；耐力+148；智力+99,攻击强度+216；暴击等级+117；护甲穿透等级+90,1.00（触发效果额外，不扣属性预算）,攻击强度+216；暴击等级+117；护甲穿透等级+90,攻击强度+203；暴击等级+125；护甲穿透等级+93,攻击强度×0.9398；暴击等级×1.0684；护甲穿透等级×1.0333,6,1,黄色,,0,,,,1555,,,,,,,,51289,神圣安卡哈猎血外套,277,4,3,5,无,,31016,破天护胸,45668,4,146,70,
103245,暮光审判官之风行,护甲,敏捷输出,4,3,5,胸部,280,敏捷+182；耐力+148；智力+99,攻击强度+216；暴击等级+117；命中等级+82,1.00（触发效果额外，不扣属性预算）,攻击强度+216；暴击等级+117；命中等级+82,攻击强度+228；暴击等级+116；命中等级+76,攻击强度×1.0556；暴击等级×0.9915；命中等级×0.9268,6,2,蓝色,红色,0,,,,1555,,,,,,,,50689,遗忘诸王壳甲,277,4,3,5,无,,33664,复仇角斗士的链甲护胸,46880,4,146,70,
103246,霜裔的外套,护甲,敏捷输出,4,3,5,胸部,280,敏捷+194；耐力+149；智力+101,攻击强度+188；护甲穿透等级+110；急速等级+84,1.00（触发效果额外，不扣属性预算）,攻击强度+188；护甲穿透等级+110；急速等级+84,攻击强度+185；护甲穿透等级+103；急速等级+88,攻击强度×0.9840；护甲穿透等级×0.9364；急速等级×1.0476,6,0,,,0,,,,1532,,,,,,,,47596,十字军的龙鳞胸甲,245,4,3,5,无,,33706,复仇角斗士的鳞甲护胸,46891,4,146,70,
103247,疾风扣带,护甲,敏捷输出,4,3,6,腰部,280,敏捷+125；耐力+110；智力+73,攻击强度+185；暴击等级+76；护甲穿透等级+73,1.00（触发效果额外，不扣属性预算）,攻击强度+185；暴击等级+76；护甲穿透等级+73,攻击强度+195；暴击等级+80；护甲穿透等级+75,攻击强度×1.0541；暴击等级×1.0526；护甲穿透等级×1.0274,6,0,,,0,,,,875,,,,,,,,50688,奈幽巴潜猎者之索,277,4,3,6,无,,32276,闪火腰带,45763,4,141,70,
103248,祖达克疾风战带,护甲,敏捷输出,4,3,6,腰部,280,敏捷+125；耐力+110；智力+73,攻击强度+185；暴击等级+76；护甲穿透等级+73,1.00（触发效果额外，不扣属性预算）,攻击强度+185；暴击等级+76；护甲穿透等级+73,攻击强度+198；暴击等级+73；护甲穿透等级+72,攻击强度×1.0703；暴击等级×0.9605；护甲穿透等级×0.9863,6,0,,,0,,,,875,,,,,,,,50688,奈幽巴潜猎者之索,277,4,3,6,无,,32346,骨纹束带,45277,4,141,70,
103249,秘法洪流·护腰,护甲,敏捷输出,4,3,6,腰部,280,敏捷+129；耐力+110；智力+74,攻击强度+179；命中等级+55；暴击等级+93,1.00（触发效果额外，不扣属性预算）,攻击强度+179；命中等级+55；暴击等级+93,攻击强度+179；命中等级+56；暴击等级+99,攻击强度×1.0000；命中等级×1.0182；暴击等级×1.0645,6,2,蓝色,红色,0,,,,870,,,,,,,,51935,天谴椎骨链带,264,4,3,6,无,,34932,抚慰轻风腰带,48490,4,141,70,
103250,迅牙之凛冬余威,护甲,敏捷输出,4,3,6,腰部,280,敏捷+129；耐力+110；智力+66,攻击强度+179；急速等级+59；护甲穿透等级+91,1.00（触发效果额外，不扣属性预算）,攻击强度+179；急速等级+59；护甲穿透等级+91,攻击强度+188；急速等级+63；护甲穿透等级+88,攻击强度×1.0503；急速等级×1.0678；护甲穿透等级×0.9670,6,1,红色,,0,,,,870,,,,,,,,51853,饮血者束带,264,4,3,6,无,,32797,老兵的链甲束带,46052,4,136,70,
103251,索拉查逐星腿胄,护甲,敏捷输出,4,3,7,腿部,280,敏捷+191；耐力+148；智力+99,攻击强度+216；暴击等级+117；急速等级+90,1.00（触发效果额外，不扣属性预算）,攻击强度+216；暴击等级+117；急速等级+90,攻击强度+204；暴击等级+128；急速等级+86,攻击强度×0.9444；暴击等级×1.0940；急速等级×0.9556,6,0,,,0,,,,1361,,,,,,,,51287,神圣安卡哈猎血腿甲,277,4,3,7,无,,33709,复仇角斗士的鳞甲护腿,46895,4,146,70,
103252,潜踪之无声裁决,护甲,敏捷输出,4,3,7,腿部,280,敏捷+174；耐力+148；智力+99,攻击强度+233；暴击等级+109；护甲穿透等级+90,1.00（触发效果额外，不扣属性预算）,攻击强度+233；暴击等级+109；护甲穿透等级+90,攻击强度+249；暴击等级+99；护甲穿透等级+87,攻击强度×1.0687；暴击等级×0.9083；护甲穿透等级×0.9667,6,1,黄色,,0,,,,1361,,,,,,,,50645,北地之光护腿,277,4,3,7,无,,42667,复仇斗士环甲护腿,41148,4,146,70,
103253,月刃战裙,护甲,敏捷输出,4,3,7,腿部,280,敏捷+191；耐力+148；智力+99,攻击强度+216；暴击等级+117；命中等级+91,1.00（触发效果额外，不扣属性预算）,攻击强度+216；暴击等级+117；命中等级+91,攻击强度+223；暴击等级+121；命中等级+82,攻击强度×1.0324；暴击等级×1.0342；命中等级×0.9011,6,1,蓝色,,0,,,,1361,,,,,,,,51241,神圣霜巫战裙,277,4,3,7,无,,30893,阳炎锁链护腿,45229,4,141,70,
103254,暮光前线之护胫,护甲,敏捷输出,4,3,7,腿部,280,敏捷+191；耐力+148；智力+99,攻击强度+216；暴击等级+117；急速等级+90,1.00（触发效果额外，不扣属性预算）,攻击强度+216；暴击等级+117；急速等级+90,攻击强度+232；暴击等级+111；急速等级+82,攻击强度×1.0741；暴击等级×0.9487；急速等级×0.9111,6,2,红色,黄色,0,,,,1361,,,,,,,,51287,神圣安卡哈猎血腿甲,277,4,3,7,无,,30900,弯弓护腿,47778,4,141,70,
103255,游侠便鞋,护甲,敏捷输出,4,3,8,脚部,280,敏捷+163；耐力+111；智力+70,攻击强度+170；急速等级+52；暴击等级+74,1.00（触发效果额外，不扣属性预算）,攻击强度+170；急速等级+52；暴击等级+74,攻击强度+156；急速等级+47；暴击等级+70,攻击强度×0.9176；急速等级×0.9038；暴击等级×0.9459,6,2,红色,黄色,0,,,,1053,,,,,,,,48006,战歌偷猎者胫甲,245,4,3,8,无,,32242,海洋之怒长靴,45278,4,141,70,
103256,夜幕之破晓,护甲,敏捷输出,4,3,8,脚部,280,敏捷+145；耐力+110；智力+73,攻击强度+147；暴击等级+94；护甲穿透等级+55,1.00（触发效果额外，不扣属性预算）,攻击强度+147；暴击等级+94；护甲穿透等级+55,攻击强度+148；暴击等级+93；护甲穿透等级+60,攻击强度×1.0068；暴击等级×0.9894；护甲穿透等级×1.0909,6,1,黄色,,0,,,,1068,,,,,,,,53127,回归之足音,271,4,3,8,无,,32510,追踪软靴,45733,4,141,70,
103257,荒野猎手之疾风,护甲,敏捷输出,4,3,8,脚部,280,敏捷+133；耐力+110；智力+73,攻击强度+168；暴击等级+93；命中等级+57,1.00（触发效果额外，不扣属性预算）,攻击强度+168；暴击等级+93；命中等级+57,攻击强度+166；暴击等级+92；命中等级+59,攻击强度×0.9881；暴击等级×0.9892；命中等级×1.0351,6,1,蓝色,,0,,,,1069,,,,,,,,50711,荒地足靴,277,4,3,8,无,,30104,毒蛇长靴,45845,4,138,70,
103258,群星之庭锐眼踏靴,护甲,敏捷输出,4,3,8,脚部,280,敏捷+174；耐力+110；智力+78,攻击强度+166；护甲穿透等级+90；急速等级+67,1.00（触发效果额外，不扣属性预算）,攻击强度+166；护甲穿透等级+90；急速等级+67,攻击强度+182；护甲穿透等级+91；急速等级+69,攻击强度×1.0964；护甲穿透等级×1.0111；急速等级×1.0299,6,2,红色,黄色,0,,,,1064,,,,,,,,45249,铜丝战靴,232,4,3,8,无,,32785,老兵的链甲战靴,46053,4,136,70,
103259,荒野猎手守护臂环,护甲,敏捷输出,4,3,9,腕部,280,敏捷+106；耐力+82；智力+56,攻击强度+122；暴击等级+70；护甲穿透等级+47,1.00（触发效果额外，不扣属性预算）,攻击强度+122；暴击等级+70；护甲穿透等级+47,攻击强度+125；暴击等级+69；护甲穿透等级+48,攻击强度×1.0246；暴击等级×0.9857；护甲穿透等级×1.0213,6,0,,,0,,,,681,,,,,,,,50655,天谴猎手护臂,277,4,3,9,无,,32259,风暴降临护腕,45762,4,141,70,
103260,逐星征伐腕铠,护甲,敏捷输出,4,3,9,腕部,280,敏捷+106；耐力+82；智力+56,攻击强度+122；暴击等级+70；护甲穿透等级+47,1.00（触发效果额外，不扣属性预算）,攻击强度+122；暴击等级+70；护甲穿透等级+47,攻击强度+111；暴击等级+73；护甲穿透等级+49,攻击强度×0.9098；暴击等级×1.0429；护甲穿透等级×1.0426,6,0,,,0,,,,681,,,,,,,,50655,天谴猎手护臂,277,4,3,9,无,,32574,闪电反射护腕,45399,4,141,70,
103261,远征军裁断腕铠,护甲,敏捷输出,4,3,9,腕部,280,敏捷+102；耐力+83；智力+56,攻击强度+143；命中等级+56；暴击等级+53,1.00（触发效果额外，不扣属性预算）,攻击强度+143；命中等级+56；暴击等级+53,攻击强度+147；命中等级+53；暴击等级+58,攻击强度×1.0280；命中等级×0.9464；暴击等级×1.0943,6,2,蓝色,红色,0,,,,677,,,,,,,,51914,冰冠城防护腕,264,4,3,9,无,,32577,生命之地护腕,45403,4,141,70,
103262,霜羽腕甲,护甲,敏捷输出,4,3,9,腕部,280,敏捷+112；耐力+83；智力+56,攻击强度+117；暴击等级+70；护甲穿透等级+46,1.00（触发效果额外，不扣属性预算）,攻击强度+117；暴击等级+70；护甲穿透等级+46,攻击强度+119；暴击等级+75；护甲穿透等级+47,攻击强度×1.0171；暴击等级×1.0714；护甲穿透等级×1.0217,6,2,红色,黄色,0,,,,677,,,,,,,,50000,天谴猎手臂铠,264,4,3,9,无,,33876,守备官的链甲护腕,47405,4,141,70,
103263,北风苔原之手铠,护甲,敏捷输出,4,3,10,手部,280,敏捷+133；耐力+110；智力+73,攻击强度+152；暴击等级+93；急速等级+65,1.00（触发效果额外，不扣属性预算）,攻击强度+152；暴击等级+93；急速等级+65,攻击强度+140；暴击等级+86；急速等级+67,攻击强度×0.9211；暴击等级×0.9247；急速等级×1.0308,6,2,红色,黄色,0,,,,972,,,,,,,,50619,阿努巴潜猎者手套,277,4,3,10,无,,31007,破天手套,45670,4,146,70,
103264,秘法洪流手铠,护甲,敏捷输出,4,3,10,手部,280,敏捷+139；耐力+110；智力+74,攻击强度+161；暴击等级+75；护甲穿透等级+72,1.00（触发效果额外，不扣属性预算）,攻击强度+161；暴击等级+75；护甲穿透等级+72,攻击强度+167；暴击等级+79；护甲穿透等级+69,攻击强度×1.0373；暴击等级×1.0533；护甲穿透等级×0.9583,6,1,黄色,,0,,,,967,,,,,,,,50979,裂木手套,264,4,3,10,无,,33665,复仇角斗士的链甲护手,46883,4,146,70,
103265,霜火·臂铠,护甲,敏捷输出,4,3,10,手部,280,敏捷+142；耐力+110；智力+73,攻击强度+168；暴击等级+84；命中等级+73,1.00（触发效果额外，不扣属性预算）,攻击强度+168；暴击等级+84；命中等级+73,攻击强度+177；暴击等级+86；命中等级+79,攻击强度×1.0536；暴击等级×1.0238；命中等级×1.0822,6,2,蓝色,红色,0,,,,972,,,,,,,,51285,神圣安卡哈猎血护手,277,4,3,10,无,,33707,复仇角斗士的鳞甲护手,46892,4,146,70,
103266,嚎风峡湾猎影手铠,护甲,敏捷输出,4,3,10,手部,280,敏捷+172；耐力+111；智力+76,攻击强度+166；护甲穿透等级+72；急速等级+88,1.00（触发效果额外，不扣属性预算）,攻击强度+166；护甲穿透等级+72；急速等级+88,攻击强度+158；护甲穿透等级+70；急速等级+87,攻击强度×0.9518；护甲穿透等级×0.9722；急速等级×0.9886,6,1,红色,,0,,,,968,,,,,,,,45109,烈焰巨兽手套,232,4,3,10,无,,42665,复仇斗士环甲护手,41145,4,146,70,
103267,远征军的面甲,护甲,力量输出,4,4,1,头部,280,力量+191；耐力+215,暴击等级+117；命中等级+109,1.00（触发效果额外，不扣属性预算）,暴击等级+117；命中等级+109,暴击等级+118；命中等级+107,暴击等级×1.0085；命中等级×0.9817,4,2,混沌,黄色,0,,,,2259,,,,,,,,50712,地魂的角巨盔,277,4,4,1,无,,35185,审判者护目镜3000型,43889,4,159,70,
103268,长夜头冠,护甲,力量输出,4,4,1,头部,280,力量+191；耐力+215,暴击等级+117；急速等级+109,1.00（触发效果额外，不扣属性预算）,暴击等级+117；急速等级+109,暴击等级+112；急速等级+106,暴击等级×0.9573；急速等级×0.9725,4,2,混沌,蓝色,0,,,,2259,,,,,,,,51277,神圣光誓战盔,277,4,4,1,无,,32521,铁壁面甲,46205,4,151,70,
103269,余烬面甲,护甲,力量输出,4,4,1,头部,280,力量+191；耐力+215,暴击等级+117；护甲穿透等级+109,1.00（触发效果额外，不扣属性预算）,暴击等级+117；护甲穿透等级+109,暴击等级+114；护甲穿透等级+100,暴击等级×0.9744；护甲穿透等级×0.9174,4,2,混沌,黄色,0,,,,2259,,,,,,,,51312,神圣天谴领主战盔,277,4,4,1,无,,30972,冲锋战盔,49684,4,146,70,
103270,屠龙者庇佑头饰,护甲,力量输出,4,4,1,头部,280,力量+188；耐力+214,暴击等级+116；精准等级+105,1.00（触发效果额外，不扣属性预算）,暴击等级+116；精准等级+105,暴击等级+107；精准等级+104,暴击等级×0.9224；精准等级×0.9905,4,2,混沌,黄色,0,,,,2240,,,,,,,,48493,库尔迪拉的凯旋头盔,258,4,4,1,无,,30987,光明使者面甲,45684,4,146,70,
103271,披肩·苍白月色,护甲,力量输出,4,4,3,肩部,280,力量+143；耐力+159,暴击等级+93；命中等级+76,1.00（触发效果额外，不扣属性预算）,暴击等级+93；命中等级+76,暴击等级+86；命中等级+77,暴击等级×0.9247；命中等级×1.0132,4,1,红色,,0,,,,2085,,,,,,,,50674,狂怒巨兽重肩甲,277,4,4,3,无,,33732,复仇角斗士的板甲护肩,46865,4,146,70,
103272,黎明赞歌·肩胄,护甲,力量输出,4,4,3,肩部,280,力量+152；耐力+159,暴击等级+93；急速等级+84,1.00（触发效果额外，不扣属性预算）,暴击等级+93；急速等级+84,暴击等级+96；急速等级+86,暴击等级×1.0323；急速等级×1.0238,4,1,黄色,,0,,,,2085,,,,,,,,51279,神圣光誓肩甲,277,4,4,3,无,,30866,染血肩铠,45759,4,141,70,
103273,霜裔破界披肩,护甲,力量输出,4,4,3,肩部,280,力量+152；耐力+159,暴击等级+93；护甲穿透等级+84,1.00（触发效果额外，不扣属性预算）,暴击等级+93；护甲穿透等级+84,暴击等级+86；护甲穿透等级+88,暴击等级×0.9247；护甲穿透等级×1.0476,4,1,蓝色,,0,,,,2085,,,,,,,,51314,神圣天谴领主肩铠,277,4,4,3,无,,30878,闪光的钢铁护肩,45212,4,141,70,
103274,先知的肩甲,护甲,力量输出,4,4,3,肩部,280,力量+152；耐力+159,暴击等级+93；护甲穿透等级+84,1.00（触发效果额外，不扣属性预算）,暴击等级+93；护甲穿透等级+84,暴击等级+91；护甲穿透等级+77,暴击等级×0.9785；护甲穿透等级×0.9167,4,0,,,0,,,,2085,,,,,,,,51229,神圣伊米亚之王肩甲,277,4,4,3,无,,32250,深渊愤怒肩铠,45760,4,141,70,
103275,胸衣·永恒征途,护甲,力量输出,4,4,5,胸部,280,力量+191；耐力+215,暴击等级+117；命中等级+109,1.00（触发效果额外，不扣属性预算）,暴击等级+117；命中等级+109,暴击等级+123；命中等级+117,暴击等级×1.0513；命中等级×1.0734,4,0,,,0,,,,2780,,,,,,,,50606,军兵胸胄,277,4,4,5,无,,28485,列王壁垒,39659,4,146,70,
103276,战衣·长夜,护甲,力量输出,4,4,5,胸部,280,力量+199；耐力+215,暴击等级+126；急速等级+109,1.00（触发效果额外，不扣属性预算）,暴击等级+126；急速等级+109,暴击等级+118；急速等级+108,暴击等级×0.9365；急速等级×0.9908,4,1,黄色,,0,,,,2780,,,,,,,,51275,神圣光誓战甲,277,4,4,5,无,,30975,冲锋胸甲,45658,4,146,70,
103277,红龙军团赤焰战甲,护甲,力量输出,4,4,5,胸部,280,力量+199；耐力+215,暴击等级+126；护甲穿透等级+109,1.00（触发效果额外，不扣属性预算）,暴击等级+126；护甲穿透等级+109,暴击等级+121；护甲穿透等级+119,暴击等级×0.9603；护甲穿透等级×1.0917,4,0,,,0,,,,2780,,,,,,,,51310,神圣天谴领主战甲,277,4,4,5,无,,30990,光明使者胸铠,46350,4,146,70,
103278,永恒之眼的凛冬余威,护甲,力量输出,4,4,5,胸部,280,力量+199；耐力+215,暴击等级+126；护甲穿透等级+109,1.00（触发效果额外，不扣属性预算）,暴击等级+126；护甲穿透等级+109,暴击等级+119；护甲穿透等级+105,暴击等级×0.9444；护甲穿透等级×0.9633,4,1,红色,,0,,,,2780,,,,,,,,51225,神圣伊米亚之王战甲,277,4,4,5,无,,30991,光明使者护胸,45683,4,146,70,
103279,无畏腰带,护甲,力量输出,4,4,6,腰部,280,力量+143；耐力+159,暴击等级+97；命中等级+70,1.00（触发效果额外，不扣属性预算）,暴击等级+97；命中等级+70,暴击等级+97；命中等级+70,暴击等级×1.0000；命中等级×1.0000,4,1,红色,,0,,,,1556,,,,,,,,50987,恶意板带,264,4,4,6,无,,30915,沸腾怒火腰带,45243,4,141,70,
103280,圣贤追猎战带,护甲,力量输出,4,4,6,腰部,280,力量+143；耐力+159,暴击等级+88；护甲穿透等级+80,1.00（触发效果额外，不扣属性预算）,暴击等级+88；护甲穿透等级+80,暴击等级+82；护甲穿透等级+86,暴击等级×0.9318；护甲穿透等级×1.0750,4,1,黄色,,0,,,,1564,,,,,,,,50620,冷魂锁链,277,4,4,6,无,,32333,稳固腰带,45299,4,141,70,
103281,星界旅者降临扣带,护甲,力量输出,4,4,6,腰部,280,力量+143；耐力+159,暴击等级+88；护甲穿透等级+80,1.00（触发效果额外，不扣属性预算）,暴击等级+88；护甲穿透等级+80,暴击等级+81；护甲穿透等级+80,暴击等级×0.9205；护甲穿透等级×1.0000,4,1,蓝色,,0,,,,1564,,,,,,,,50620,冷魂锁链,277,4,4,6,无,,32342,坚定意志束带,45298,4,141,70,
103282,腰带·烈日,护甲,力量输出,4,4,6,腰部,280,力量+143；耐力+159,暴击等级+100；精准等级+62,1.00（触发效果额外，不扣属性预算）,暴击等级+100；精准等级+62,暴击等级+94；精准等级+60,暴击等级×0.9400；精准等级×0.9677,4,0,,,0,,,,1556,,,,,,,,51821,蚀刻龙骨束腰,264,4,4,6,无,,32512,洛丹伦亡者腰带,44866,4,141,70,
103283,护腿·不灭烽火,护甲,力量输出,4,4,7,腿部,280,力量+199；耐力+215,暴击等级+126；精准等级+109,1.00（触发效果额外，不扣属性预算）,暴击等级+126；精准等级+109,暴击等级+124；精准等级+119,暴击等级×0.9841；精准等级×1.0917,4,1,红色,,0,,,,2433,,,,,,,,51313,神圣天谴领主腿铠,277,4,4,7,无,,30993,光明使者腿铠,45686,4,146,70,
103284,翡翠梦境征服腿甲,护甲,力量输出,4,4,7,腿部,280,力量+191；耐力+215,暴击等级+126；急速等级+100,1.00（触发效果额外，不扣属性预算）,暴击等级+126；急速等级+100,暴击等级+134；急速等级+91,暴击等级×1.0635；急速等级×0.9100,4,0,,,0,,,,2433,,,,,,,,50624,天谴收割者腿甲,277,4,4,7,无,,33698,复仇角斗士的板层甲护腿,46951,4,146,70,
103285,黑锋骑士团之腿胄,护甲,力量输出,4,4,7,腿部,280,力量+190；耐力+215,暴击等级+98；护甲穿透等级+123,1.00（触发效果额外，不扣属性预算）,暴击等级+98；护甲穿透等级+123,暴击等级+99；护甲穿透等级+114,暴击等级×1.0102；护甲穿透等级×0.9268,4,0,,,0,,,,2420,,,,,,,,51817,苍穹之击腿铠,264,4,4,7,无,,33731,复仇角斗士的板甲护腿,46866,4,146,70,
103286,霜裔征伐腿胄,护甲,力量输出,4,4,7,腿部,280,力量+199；耐力+215,暴击等级+126；精准等级+109,1.00（触发效果额外，不扣属性预算）,暴击等级+126；精准等级+109,暴击等级+136；精准等级+108,暴击等级×1.0794；精准等级×0.9908,4,0,,,0,,,,2433,,,,,,,,51278,神圣光誓护腿,277,4,4,7,无,,32419,Tom's Legs 3,40487,4,145,70,
103287,肯瑞托泰坦便鞋,护甲,力量输出,4,4,8,脚部,280,力量+158；耐力+159,暴击等级+93；命中等级+78,1.00（触发效果额外，不扣属性预算）,暴击等级+93；命中等级+78,暴击等级+96；命中等级+79,暴击等级×1.0323；命中等级×1.0128,4,0,,,0,,,,1917,,,,,,,,54578,末日行进,284,4,4,8,无,,32245,踏潮者胫甲,45349,4,141,70,
103288,索拉查的失落荣光,护甲,力量输出,4,4,8,脚部,280,力量+142；耐力+159,暴击等级+95；急速等级+66,1.00（触发效果额外，不扣属性预算）,暴击等级+95；急速等级+66,暴击等级+92；急速等级+61,暴击等级×0.9684；急速等级×0.9242,4,1,黄色,,0,,,,1873,,,,,,,,45599,寂夜战靴,239,4,4,8,无,,32268,侍从战靴,45324,4,141,70,
103289,霜裔之泰坦,护甲,力量输出,4,4,8,脚部,280,力量+143；耐力+159,暴击等级+93；护甲穿透等级+76,1.00（触发效果额外，不扣属性预算）,暴击等级+93；护甲穿透等级+76,暴击等级+88；护甲穿透等级+77,暴击等级×0.9462；护甲穿透等级×1.0132,4,0,,,0,,,,1912,,,,,,,,50639,血沁邪铁战靴,277,4,4,8,无,,32345,军团恐怖战靴,45287,4,141,70,
103290,龙眠之长靴,护甲,力量输出,4,4,8,脚部,280,力量+143；耐力+160,暴击等级+94；精准等级+73,1.00（触发效果额外，不扣属性预算）,暴击等级+94；精准等级+73,暴击等级+95；精准等级+71,暴击等级×1.0106；精准等级×0.9726,4,1,红色,,0,,,,1896,,,,,,,,47473,邪铁堡垒胫甲,258,4,4,8,无,,34947,正义卫士胫甲,48472,4,141,70,
103291,唤星者降临腕轮,护甲,力量输出,4,4,9,腕部,280,力量+111；耐力+119,暴击等级+70；命中等级+62,1.00（触发效果额外，不扣属性预算）,暴击等级+70；命中等级+62,暴击等级+71；命中等级+60,暴击等级×1.0143；命中等级×0.9677,4,1,红色,,0,,,,1217,,,,,,,,50659,北极熊利爪护腕,277,4,4,9,无,,30861,狂暴镣铐,45748,4,141,70,
103292,裁决臂甲,护甲,力量输出,4,4,9,腕部,280,力量+112；耐力+120,暴击等级+61；急速等级+69,1.00（触发效果额外，不扣属性预算）,暴击等级+61；急速等级+69,暴击等级+58；急速等级+66,暴击等级×0.9508；急速等级×0.9565,4,0,,,0,,,,1210,,,,,,,,51832,针林护腕,264,4,4,9,无,,30862,神圣精金护腕,45741,4,141,70,
103293,裁决降临臂环,护甲,力量输出,4,4,9,腕部,280,力量+112；耐力+120,暴击等级+70；护甲穿透等级+60,1.00（触发效果额外，不扣属性预算）,暴击等级+70；护甲穿透等级+60,暴击等级+70；护甲穿透等级+63,暴击等级×1.0000；护甲穿透等级×1.0500,4,2,蓝色,红色,0,,,,1213,,,,,,,,54559,传人护腕,271,4,4,9,无,,32232,恒金外壳护腕,45289,4,141,70,
103294,符文大师守护臂甲,护甲,力量输出,4,4,9,腕部,280,力量+111；耐力+119,暴击等级+61；精准等级+70,1.00（触发效果额外，不扣属性预算）,暴击等级+61；精准等级+70,暴击等级+66；精准等级+75,暴击等级×1.0820；精准等级×1.0714,4,1,红色,,0,,,,1207,,,,,,,,47414,碎骨臂铠冑,258,4,4,9,无,,32279,搜寻者的腕甲,45347,4,141,70,
103295,黎明圣所的寒星,护甲,力量输出,4,4,10,手部,280,力量+152；耐力+159,暴击等级+93；命中等级+84,1.00（触发效果额外，不扣属性预算）,暴击等级+93；命中等级+84,暴击等级+92；命中等级+76,暴击等级×0.9892；命中等级×0.9048,4,1,红色,,0,,,,1738,,,,,,,,51311,神圣天谴领主护手,277,4,4,10,无,,30983,光明使者手套,46357,4,146,70,
103296,天穹·护手,护甲,力量输出,4,4,10,手部,280,力量+143；耐力+159,暴击等级+93；急速等级+76,1.00（触发效果额外，不扣属性预算）,暴击等级+93；急速等级+76,暴击等级+100；急速等级+80,暴击等级×1.0753；急速等级×1.0526,4,2,黄色,蓝色,0,,,,1738,,,,,,,,50690,裂肉护手,277,4,4,10,无,,33696,复仇角斗士的板层甲护手,46949,4,146,70,
103297,风暴领主之裁决,护甲,力量输出,4,4,10,手部,280,力量+143；耐力+159,暴击等级+93；护甲穿透等级+73,1.00（触发效果额外，不扣属性预算）,暴击等级+93；护甲穿透等级+73,暴击等级+90；护甲穿透等级+73,暴击等级×0.9677；护甲穿透等级×1.0000,4,1,蓝色,,0,,,,1728,,,,,,,,50977,破城者护手,264,4,4,10,无,,33729,复仇角斗士的板甲护手,46868,4,146,70,
103298,怒火洞察战拳,护甲,力量输出,4,4,10,手部,280,力量+152；耐力+159,暴击等级+93；命中等级+84,1.00（触发效果额外，不扣属性预算）,暴击等级+93；命中等级+84,暴击等级+94；命中等级+82,暴击等级×1.0108；命中等级×0.9762,4,0,,,0,,,,1738,,,,,,,,51276,神圣光誓护手,277,4,4,10,无,,32278,沉默的公正,46487,4,141,70,
103299,黎明赞歌头冠,护甲,坦克,4,4,1,头部,280,力量+189；耐力+246,防御等级+99；躲闪等级+82；招架等级+91,1.00（触发效果额外，不扣属性预算）,防御等级+99；躲闪等级+82；招架等级+91,防御等级+94；躲闪等级+82；招架等级+90,防御等级×0.9495；躲闪等级×1.0000；招架等级×0.9890,5,3,混沌,黄色,0,,,,2259,,,,,,,,51306,神圣天谴领主面甲,277,4,4,1,无,,30988,光明使者巨盔,46358,4,146,70,蓝色
103300,冰冠之王冠,护甲,坦克,4,4,1,头部,280,力量+143；耐力+246,防御等级+125；命中等级+88；躲闪等级+108,1.00（触发效果额外，不扣属性预算）,防御等级+125；命中等级+88；躲闪等级+108,防御等级+124；命中等级+90；躲闪等级+106,防御等级×0.9920；命中等级×1.0227；躲闪等级×0.9815,5,3,混沌,黄色,0,,,,2259,,,,,,,,50640,破损的公羊颅盔,277,4,4,1,无,,33697,复仇角斗士的板层甲头盔,47759,4,146,70,红色
103301,山岳头冠,护甲,坦克,4,4,1,头部,280,力量+147；耐力+233,防御等级+112；精准等级+95；躲闪等级+96,1.00（触发效果额外，不扣属性预算）,防御等级+112；精准等级+95；躲闪等级+96,防御等级+118；精准等级+87；躲闪等级+101,防御等级×1.0536；精准等级×0.9158；躲闪等级×1.0521,5,3,混沌,红色,0,,,,2224,,,,,,,,47678,荣光头盔,245,4,4,1,无,,33730,复仇角斗士的板甲头盔,49686,4,146,70,红色
103302,荒野猎手的王冠,护甲,坦克,4,4,1,头部,280,力量+189；耐力+250,防御等级+99；躲闪等级+82；招架等级+91,1.00（触发效果额外，不扣属性预算）,防御等级+99；躲闪等级+82；招架等级+91,防御等级+100；躲闪等级+82；招架等级+83,防御等级×1.0101；躲闪等级×1.0000；招架等级×0.9121,5,3,混沌,黄色,0,,,,2259,,,,,,,,51266,神圣光誓面甲,277,4,4,1,无,,32354,命运皇冠,45843,4,141,70,红色
103303,守誓洞察护肩,护甲,坦克,4,4,3,肩部,280,力量+140；耐力+197,防御等级+73；躲闪等级+64；招架等级+73,1.00（触发效果额外，不扣属性预算）,防御等级+73；躲闪等级+64；招架等级+73,防御等级+77；躲闪等级+70；招架等级+77,防御等级×1.0548；躲闪等级×1.0938；招架等级×1.0548,5,1,蓝色,,0,,,,2085,,,,,,,,51309,神圣天谴领主护肩,277,4,4,3,无,,32570,迅钢护肩,45413,4,141,70,
103304,磐石肩饰,护甲,坦克,4,4,3,肩部,280,力量+140；耐力+197,防御等级+73；躲闪等级+64；招架等级+73,1.00（触发效果额外，不扣属性预算）,防御等级+73；躲闪等级+64；招架等级+73,防御等级+66；躲闪等级+60；招架等级+75,防御等级×0.9041；躲闪等级×0.9375；招架等级×1.0274,5,2,红色,黄色,0,,,,2085,,,,,,,,51269,神圣光誓护肩,277,4,4,3,无,,32573,晨钢护肩,45407,4,141,70,
103305,镇守凝视肩胄,护甲,坦克,4,4,3,肩部,280,力量+108；耐力+194,防御等级+92；躲闪等级+89；精准等级+61,1.00（触发效果额外，不扣属性预算）,防御等级+92；躲闪等级+89；精准等级+61,防御等级+98；躲闪等级+91；精准等级+63,防御等级×1.0652；躲闪等级×1.0225；精准等级×1.0328,5,2,黄色,蓝色,0,,,,2069,,,,,,,,48647,莉亚德琳的凯旋肩甲,258,4,4,3,无,,30490,残酷角斗士的板甲护肩,45970,4,136,70,
103306,远古誓言肩饰,护甲,坦克,4,4,3,肩部,280,力量+140；耐力+197,防御等级+73；躲闪等级+64；招架等级+73,1.00（触发效果额外，不扣属性预算）,防御等级+73；躲闪等级+64；招架等级+73,防御等级+77；躲闪等级+69；招架等级+80,防御等级×1.0548；躲闪等级×1.0781；招架等级×1.0959,5,2,蓝色,红色,0,,,,2085,,,,,,,,51224,神圣伊米亚之王护肩,277,4,4,3,无,,31996,残酷角斗士的板层甲护肩,46012,4,136,70,
103307,新月·胸甲,护甲,坦克,4,4,5,胸部,280,力量+191；耐力+241,防御等级+105；招架等级+99；躲闪等级+57,1.00（触发效果额外，不扣属性预算）,防御等级+105；招架等级+99；躲闪等级+57,防御等级+99；招架等级+92；躲闪等级+62,防御等级×0.9429；招架等级×0.9293；躲闪等级×1.0877,5,1,蓝色,,0,,,,2766,,,,,,,,51917,食尸鬼指挥官胸甲,264,4,4,5,无,,33695,复仇角斗士的板层甲护胸,47949,4,146,70,
103308,山岳之惊雷,护甲,坦克,4,4,5,胸部,280,力量+143；耐力+246,防御等级+125；躲闪等级+125；命中等级+71,1.00（触发效果额外，不扣属性预算）,防御等级+125；躲闪等级+125；命中等级+71,防御等级+129；躲闪等级+120；命中等级+74,防御等级×1.0320；躲闪等级×0.9600；命中等级×1.0423,5,1,红色,,0,,,,2780,,,,,,,,50681,荒萎降临战铠,277,4,4,5,无,,33728,复仇角斗士的板甲护胸,46867,4,146,70,
103309,暗影穹殿的泰坦遗训,护甲,坦克,4,4,5,胸部,280,力量+145；耐力+224,防御等级+124；精准等级+95；躲闪等级+101,1.00（触发效果额外，不扣属性预算）,防御等级+124；精准等级+95；躲闪等级+101,防御等级+125；精准等级+101；躲闪等级+111,防御等级×1.0081；精准等级×1.0632；躲闪等级×1.0990,5,2,黄色,蓝色,0,,,,2758,,,,,,,,47415,巨兽胸铠,258,4,4,5,无,,30896,防御者的荣耀,45222,4,141,70,
103310,翡翠梦境壁垒战衣,护甲,坦克,4,4,5,胸部,280,力量+141；耐力+244,防御等级+130；招架等级+83；精准等级+108,1.00（触发效果额外，不扣属性预算）,防御等级+130；招架等级+83；精准等级+108,防御等级+136；招架等级+82；精准等级+114,防御等级×1.0462；招架等级×0.9880；精准等级×1.0556,5,1,蓝色,,0,,,,2746,,,,,,,,46039,永恒胸铠,226,4,4,5,无,,32365,裂心胸铠,45311,4,141,70,
103311,腰带·幽影,护甲,坦克,4,4,6,腰部,280,力量+140；耐力+185,防御等级+65；躲闪等级+64；招架等级+73,1.00（触发效果额外，不扣属性预算）,防御等级+65；躲闪等级+64；招架等级+73,防御等级+65；躲闪等级+63；招架等级+66,防御等级×1.0000；躲闪等级×0.9844；招架等级×0.9041,5,2,蓝色,红色,0,,,,1564,,,,,,,,50691,断骨腰带,277,4,4,6,无,,34941,无畏者腰带,42651,4,141,70,
103312,大领主之镇守,护甲,坦克,4,4,6,腰部,280,力量+99；耐力+211,防御等级+79；躲闪等级+90；命中等级+96,1.00（触发效果额外，不扣属性预算）,防御等级+79；躲闪等级+90；命中等级+96,防御等级+79；躲闪等级+87；命中等级+87,防御等级×1.0000；躲闪等级×0.9667；命中等级×0.9062,5,1,红色,,0,,,,1545,,,,,,,,45825,持盾护卫束带,226,4,4,6,无,,34944,沸腾怒气护腰,48477,4,141,70,
103313,荒野猎手洞察腰带,护甲,坦克,4,4,6,腰部,280,力量+140；耐力+185,防御等级+65；躲闪等级+64；招架等级+73,1.00（触发效果额外，不扣属性预算）,防御等级+65；躲闪等级+64；招架等级+73,防御等级+68；躲闪等级+66；招架等级+67,防御等级×1.0462；躲闪等级×1.0312；招架等级×0.9178,5,1,黄色,,0,,,,1564,,,,,,,,50691,断骨腰带,277,4,4,6,无,,32801,老兵的板层甲腰带,46042,4,136,70,
103314,灰熊丘陵的破晓,护甲,坦克,4,4,6,腰部,280,力量+108；耐力+182,防御等级+99；招架等级+63；命中等级+72,1.00（触发效果额外，不扣属性预算）,防御等级+99；招架等级+63；命中等级+72,防御等级+90；招架等级+67；命中等级+78,防御等级×0.9091；招架等级×1.0635；命中等级×1.0833,5,0,,,0,,,,1556,,,,,,,,51831,依米亚铁索腰带,264,4,4,6,无,,32805,老兵的板甲腰带,46039,4,136,70,
103315,暗影穹殿庇护护腿,护甲,坦克,4,4,7,腿部,280,力量+145；耐力+253,防御等级+90；招架等级+86；躲闪等级+94,1.00（触发效果额外，不扣属性预算）,防御等级+90；招架等级+86；躲闪等级+94,防御等级+90；招架等级+83；躲闪等级+89,防御等级×1.0000；招架等级×0.9651；躲闪等级×0.9468,5,1,蓝色,,0,,,,2413,,,,,,,,48551,库尔迪拉的凯旋腿甲,258,4,4,7,无,,32263,执政官护腿,45334,4,141,70,
103316,不屈下装,护甲,坦克,4,4,7,腿部,280,力量+143；耐力+246,防御等级+109；躲闪等级+125；命中等级+88,1.00（触发效果额外，不扣属性预算）,防御等级+109；躲闪等级+125；命中等级+88,防御等级+119；躲闪等级+114；命中等级+96,防御等级×1.0917；躲闪等级×0.9120；命中等级×1.0909,5,1,红色,,0,,,,2433,,,,,,,,50612,失落希望腿甲,277,4,4,7,无,,32341,神圣惩戒护腿,46488,4,141,70,
103317,苍白月色·腿甲,护甲,坦克,4,4,7,腿部,280,力量+143；耐力+258,防御等级+125；躲闪等级+108；精准等级+96,1.00（触发效果额外，不扣属性预算）,防御等级+125；躲闪等级+108；精准等级+96,防御等级+126；躲闪等级+111；精准等级+103,防御等级×1.0080；躲闪等级×1.0278；精准等级×1.0729,5,1,黄色,,0,,,,2433,,,,,,,,51308,神圣天谴领主腿甲,277,4,4,7,无,,34922,镇静腿甲,48470,4,141,70,
103318,守望者之镇守,护甲,坦克,4,4,7,腿部,280,力量+145；耐力+239,防御等级+114；招架等级+106；精准等级+95,1.00（触发效果额外，不扣属性预算）,防御等级+114；招架等级+106；精准等级+95,防御等级+110；招架等级+99；精准等级+87,防御等级×0.9649；招架等级×0.9340；精准等级×0.9158,5,1,蓝色,,0,,,,2413,,,,,,,,47434,狂热奉献腿铠,258,4,4,7,无,,34940,太阳卫士腿铠,45220,4,141,70,
103319,暮光审判官的足具,护甲,坦克,4,4,8,脚部,280,力量+139；耐力+198,防御等级+66；躲闪等级+66；招架等级+65,1.00（触发效果额外，不扣属性预算）,防御等级+66；躲闪等级+66；招架等级+65,防御等级+60；躲闪等级+61；招架等级+60,防御等级×0.9091；躲闪等级×0.9242；招架等级×0.9231,5,2,蓝色,红色,0,,,,1917,,,,,,,,54579,复苏将至薄靴,284,4,4,8,无,,32789,老兵的板层甲护胫,46044,4,136,70,
103320,泰坦监护者的护足,护甲,坦克,4,4,8,脚部,280,力量+108；耐力+182,防御等级+81；躲闪等级+97；命中等级+53,1.00（触发效果额外，不扣属性预算）,防御等级+81；躲闪等级+97；命中等级+53,防御等级+76；躲闪等级+93；命中等级+55,防御等级×0.9383；躲闪等级×0.9588；命中等级×1.0377,5,1,红色,,0,,,,1901,,,,,,,,51816,天谴尖牙踏靴,264,4,4,8,无,,32793,老兵的板甲护胫,46041,4,136,70,
103321,先知裁断便鞋,护甲,坦克,4,4,8,脚部,280,力量+106；耐力+185,防御等级+92；躲闪等级+84；精准等级+63,1.00（触发效果额外，不扣属性预算）,防御等级+92；躲闪等级+84；精准等级+63,防御等级+87；躲闪等级+84；精准等级+62,防御等级×0.9457；躲闪等级×1.0000；精准等级×0.9841,5,0,,,0,,,,1912,,,,,,,,50625,狞笑之颅重靴,277,4,4,8,无,,32402,影钢战靴,45785,4,130,70,
103322,幽影胫甲,护甲,坦克,4,4,8,脚部,280,力量+140；耐力+196,防御等级+55；躲闪等级+72；招架等级+64,1.00（触发效果额外，不扣属性预算）,防御等级+55；躲闪等级+72；招架等级+64,防御等级+51；躲闪等级+70；招架等级+65,防御等级×0.9273；躲闪等级×0.9722；招架等级×1.0156,5,2,蓝色,红色,0,,,,1907,,,,,,,,54564,后裔足靴,271,4,4,8,无,,30027,无尽勇气之靴,44966,4,128,70,
103323,先知的腕铠,护甲,坦克,4,4,9,腕部,280,力量+105；耐力+145,防御等级+55；招架等级+47；躲闪等级+55,1.00（触发效果额外，不扣属性预算）,防御等级+55；招架等级+47；躲闪等级+55,防御等级+57；招架等级+48；躲闪等级+57,防御等级×1.0364；招架等级×1.0213；躲闪等级×1.0364,5,1,蓝色,,0,,,,1217,,,,,,,,50611,黑暗清算护腕,277,4,4,9,无,,32568,迅钢护腕,45404,4,141,70,
103324,先知镇压束腕,护甲,坦克,4,4,9,腕部,280,力量+83；耐力+142,防御等级+68；命中等级+54；躲闪等级+54,1.00（触发效果额外，不扣属性预算）,防御等级+68；命中等级+54；躲闪等级+54,防御等级+62；命中等级+58；躲闪等级+57,防御等级×0.9118；命中等级×1.0741；躲闪等级×1.0556,5,0,,,0,,,,1198,,,,,,,,47571,萨隆邪铁断剑护腕,245,4,4,9,无,,32571,晨钢护腕,45402,4,141,70,
103325,永固臂甲,护甲,坦克,4,4,9,腕部,280,力量+105；耐力+145,防御等级+55；招架等级+47；躲闪等级+55,1.00（触发效果额外，不扣属性预算）,防御等级+55；招架等级+47；躲闪等级+55,防御等级+52；招架等级+43；躲闪等级+57,防御等级×0.9455；招架等级×0.9149；躲闪等级×1.0364,5,1,黄色,,0,,,,1217,,,,,,,,50611,黑暗清算护腕,277,4,4,9,无,,33813,守备官的板甲护腕,47092,4,141,70,
103326,先知的腕轮,护甲,坦克,4,4,9,腕部,280,力量+81；耐力+143,防御等级+69；精准等级+53；招架等级+60,1.00（触发效果额外，不扣属性预算）,防御等级+69；精准等级+53；招架等级+60,防御等级+67；精准等级+57；招架等级+66,防御等级×0.9710；精准等级×1.0755；招架等级×1.1000,5,0,,,0,,,,1207,,,,,,,,47459,盾卫臂甲,258,4,4,9,无,,33889,守备官的板层甲护腕,47416,4,141,70,
103327,泰坦遗迹之护手,护甲,坦克,4,4,10,手部,280,力量+140；耐力+185,防御等级+73；招架等级+73；躲闪等级+56,1.00（触发效果额外，不扣属性预算）,防御等级+73；招架等级+73；躲闪等级+56,防御等级+71；招架等级+76；躲闪等级+57,防御等级×0.9726；招架等级×1.0411；躲闪等级×1.0179,5,2,蓝色,红色,0,,,,1738,,,,,,,,50716,泰尔达朗装甲拳甲,277,4,4,10,无,,32280,强制护手,45715,4,141,70,
103328,符文大师之坚城,护甲,坦克,4,4,10,手部,280,力量+106；耐力+197,防御等级+92；命中等级+71,1.00（触发效果额外，不扣属性预算）,防御等级+92；命中等级+71,防御等级+89；命中等级+68,防御等级×0.9674；命中等级×0.9577,4,1,红色,,0,,,,2896,,,,,,,,51307,神圣天谴领主手甲,277,4,4,10,无,,32608,掠夺护手,45728,4,141,70,
103329,铁壁裹手,护甲,坦克,4,4,10,手部,280,力量+101；耐力+182,防御等级+92；躲闪等级+72；精准等级+81,1.00（触发效果额外，不扣属性预算）,防御等级+92；躲闪等级+72；精准等级+81,防御等级+99；躲闪等级+69；精准等级+85,防御等级×1.0761；躲闪等级×0.9583；精准等级×1.0494,5,2,黄色,蓝色,0,,,,1728,,,,,,,,51835,血管粉碎护手,264,4,4,10,无,,29998,银月皇家护手,46076,4,138,70,
103330,远征军降临战拳,护甲,坦克,4,4,10,手部,280,力量+108；耐力+213,防御等级+80；招架等级+93；精准等级+64,1.00（触发效果额外，不扣属性预算）,防御等级+80；招架等级+93；精准等级+64,防御等级+81；招架等级+87；精准等级+70,防御等级×1.0125；招架等级×0.9355；精准等级×1.0938,5,0,,,0,,,,1716,,,,,,,,46236,征服者黑暗符文手甲,226,4,4,10,无,,30112,波浪荣耀护手,46079,4,138,70,
103331,符文大师的项链,通用槽位,法系输出,4,0,2,颈部,280,耐力+80；智力+80,法术强度+113；暴击等级+67；急速等级+62,1.00（触发效果额外，不扣属性预算）,法术强度+113；暴击等级+67；急速等级+62,法术强度+113；暴击等级+68；急速等级+67,法术强度×1.0000；暴击等级×1.0149；急速等级×1.0806,5,1,黄色,,0,,,,,,,,,,,,50724,鲜血皇后的殷红项圈,277,4,0,2,无,,17782,束缚坠饰,6494,5,80,60,
103332,符印·惊雷,通用槽位,法系输出,4,0,2,颈部,280,耐力+83；智力+80,法术强度+111；暴击等级+70；命中等级+61,1.00（触发效果额外，不扣属性预算）,法术强度+111；暴击等级+70；命中等级+61,法术强度+116；暴击等级+74；命中等级+61,法术强度×1.0450；暴击等级×1.0571；命中等级×1.0000,5,1,蓝色,,0,,,,,,,,,,,,51863,血脉分离垂饰,264,4,0,2,无,,34358,硬化氪金项链,39214,4,159,70,
103333,惊雷徽记,通用槽位,法系输出,4,0,2,颈部,280,耐力+80；智力+80,法术强度+113；急速等级+70；命中等级+62,1.00（触发效果额外，不扣属性预算）,法术强度+113；急速等级+70；命中等级+62,法术强度+121；急速等级+65；命中等级+61,法术强度×1.0708；急速等级×0.9286；命中等级×0.9839,5,2,红色,黄色,0,,,,,,,,,,,,50658,默悼护符,277,4,0,2,无,,34359,阳炎坠饰,45351,4,159,70,
103334,深空庇佑颈链,通用槽位,法系输出,4,0,2,颈部,280,耐力+80；智力+80,法术强度+113；急速等级+70；命中等级+62,1.00（触发效果额外，不扣属性预算）,法术强度+113；急速等级+70；命中等级+62,法术强度+114；急速等级+66；命中等级+56,法术强度×1.0088；急速等级×0.9429；命中等级×0.9032,5,1,黄色,,0,,,,,,,,,,,,50658,默悼护符,277,4,0,2,无,,34177,终结锁链,48511,4,154,70,
103335,幻光铭戒,通用槽位,法系输出,4,0,11,戒指,280,耐力+80；智力+80,法术强度+113；暴击等级+70；急速等级+62,1.00（触发效果额外，不扣属性预算）,法术强度+113；暴击等级+70；急速等级+62,法术强度+102；暴击等级+73；急速等级+68,法术强度×0.9027；暴击等级×1.0429；急速等级×1.0968,5,1,黄色,,0,,,,,,,,,,,,50664,飞升之戒,277,4,0,11,无,,52572,无尽力量灰烬指环,63958,4,277,1,
103336,远征军的指环,通用槽位,法系输出,4,0,11,戒指,280,耐力+80；智力+80,法术强度+113；命中等级+54；暴击等级+75,1.00（触发效果额外，不扣属性预算）,法术强度+113；命中等级+54；暴击等级+75,法术强度+122；命中等级+52；暴击等级+68,法术强度×1.0796；命中等级×0.9630；暴击等级×0.9067,5,1,蓝色,,0,,,,,,,,,,,,50614,无尽迷宫指环,277,4,0,11,无,,34361,硬化氪金指环,39126,4,159,70,
103337,暮星唤醒铭戒,通用槽位,法系输出,4,0,11,戒指,280,耐力+80；智力+80,法术强度+113；急速等级+80；命中等级+45,1.00（触发效果额外，不扣属性预算）,法术强度+113；急速等级+80；命中等级+45,法术强度+111；急速等级+85；命中等级+47,法术强度×0.9823；急速等级×1.0625；命中等级×1.0444,5,0,,,0,,,,,,,,,,,,50714,瓦拉纳的备用徽记之戒,277,4,0,11,无,,34362,熔铸能量指环,31616,4,159,70,
103338,蓝龙军团之铭戒,通用槽位,法系输出,4,0,11,戒指,280,耐力+75；智力+75,法术强度+104；急速等级+66；命中等级+53,1.00（触发效果额外，不扣属性预算）,法术强度+104；急速等级+66；命中等级+53,法术强度+101；急速等级+63；命中等级+53,法术强度×0.9712；急速等级×0.9545；命中等级×1.0000,5,1,黄色,,0,,,,,,,,,,,,50398,永恒毁灭之灰烬指环,277,4,0,11,无,,34166,光棱指环,39123,4,154,70,
103339,逐日者凝视玺戒,通用槽位,法系输出,4,0,11,戒指,280,耐力+80；智力+80,法术强度+113；暴击等级+70；急速等级+62,1.00（触发效果额外，不扣属性预算）,法术强度+113；暴击等级+70；急速等级+62,法术强度+116；暴击等级+76；急速等级+58,法术强度×1.0265；暴击等级×1.0857；急速等级×0.9355,5,2,蓝色,红色,0,,,,,,,,,,,,50664,飞升之戒,277,4,0,11,无,,34189,灾难指环,31655,4,154,70,
103340,星界追猎戒指,通用槽位,法系输出,4,0,11,戒指,280,耐力+79；智力+80,法术强度+112；暴击等级+70；命中等级+61,1.00（触发效果额外，不扣属性预算）,法术强度+112；暴击等级+70；命中等级+61,法术强度+104；暴击等级+76；命中等级+62,法术强度×0.9286；暴击等级×1.0857；命中等级×1.0164,5,1,红色,,0,,,,,,,,,,,,54563,萨薇安娜的供品,271,4,0,11,无,,34213,坚定决心指环,45948,4,154,70,
103341,罩衣·深渊凝视,通用槽位,法系输出,4,1,16,披风,280,耐力+80；智力+80,法术强度+113；暴击等级+70；急速等级+62,1.00（触发效果额外，不扣属性预算）,法术强度+113；暴击等级+70；急速等级+62,法术强度+106；暴击等级+76；急速等级+62,法术强度×0.9381；暴击等级×1.0857；急速等级×1.0000,5,2,黄色,蓝色,0,,,,187,,,,,,,,50628,霜缚者的残破斗篷,277,4,1,16,无,,34241,原罪披风,48868,4,164,70,
103342,大领主回响罩衣,通用槽位,法系输出,4,1,16,披风,280,耐力+90；智力+77,法术强度+107；命中等级+62；暴击等级+64,1.00（触发效果额外，不扣属性预算）,法术强度+107；命中等级+62；暴击等级+64,法术强度+112；命中等级+64；暴击等级+64,法术强度×1.0467；命中等级×1.0323；暴击等级×1.0000,5,0,,,0,,,,182,,,,,,,,45242,灭亡斗篷,239,4,1,16,无,,34242,安东尼达斯的破碎斗篷,48871,4,164,70,
103343,泰坦遗迹的余烬,通用槽位,法系输出,4,1,16,披风,280,耐力+80；智力+80；精神+70,法术强度+113；急速等级+62,1.00（触发效果额外，不扣属性预算）,法术强度+113；急速等级+62,法术强度+115；急速等级+63,法术强度×1.0177；急速等级×1.0161,5,1,红色,,0,,,,187,,,,,,,,50668,叛变勇士的大氅,277,4,1,16,无,,41591,军士的强固斗篷,27088,4,156,70,
103344,破晓披肩,通用槽位,法系输出,4,1,16,披风,280,耐力+80；智力+81,法术强度+111；急速等级+72；命中等级+56,1.00（触发效果额外，不扣属性预算）,法术强度+111；急速等级+72；命中等级+56,法术强度+110；急速等级+70；命中等级+56,法术强度×0.9910；急速等级×0.9722；命中等级×1.0000,5,1,黄色,,0,,,,185,,,,,,,,51826,巫妖裹布,264,4,1,16,无,,34190,血色珍珠披风,48869,4,154,70,
103345,奥杜尔之徽记,通用槽位,力量输出,4,0,2,颈部,280,力量+111；耐力+119,暴击等级+70；命中等级+62,1.00（触发效果额外，不扣属性预算）,暴击等级+70；命中等级+62,暴击等级+64；命中等级+68,暴击等级×0.9143；命中等级×1.0968,4,1,红色,,0,,,,,,,,,,,,50647,安卡哈黑玛瑙护颈,277,4,0,2,无,,34178,深渊领主颈圈,48507,4,154,70,
103346,群星回响·勋章,通用槽位,力量输出,4,0,2,颈部,280,力量+112；耐力+120,暴击等级+72；急速等级+56,1.00（触发效果额外，不扣属性预算）,暴击等级+72；急速等级+56,暴击等级+75；急速等级+51,暴击等级×1.0417；急速等级×0.9107,4,1,黄色,,0,,,,,,,,,,,,51842,傲慢轻蔑项圈,264,4,0,2,无,,34184,贵族精灵的胸针,48509,4,154,70,
103347,护符·长夜,通用槽位,力量输出,4,0,2,颈部,280,力量+111；耐力+119,暴击等级+70；护甲穿透等级+63,1.00（触发效果额外，不扣属性预算）,暴击等级+70；护甲穿透等级+63,暴击等级+66；护甲穿透等级+62,暴击等级×0.9429；护甲穿透等级×0.9841,4,1,蓝色,,0,,,,,,,,,,,,54581,光影相交坠饰,284,4,0,2,无,,34204,自由魔法项链,48512,4,154,70,
103348,破军镇压勋章,通用槽位,力量输出,4,0,2,颈部,280,力量+112；耐力+120,暴击等级+72；精准等级+57,1.00（触发效果额外，不扣属性预算）,暴击等级+72；精准等级+57,暴击等级+71；精准等级+56,暴击等级×0.9861；精准等级×0.9825,4,0,,,0,,,,,,,,,,,,51867,感染颈饰,264,4,0,2,无,,35132,护卫者的征服坠饰,39162,4,154,70,
103349,怒火玺戒,通用槽位,力量输出,4,0,11,戒指,280,力量+102；耐力+110,暴击等级+61；命中等级+61,1.00（触发效果额外，不扣属性预算）,暴击等级+61；命中等级+61,暴击等级+66；命中等级+62,暴击等级×1.0820；命中等级×1.0164,4,1,红色,,0,,,,,,,,,,,,52572,无尽力量灰烬指环,277,4,0,11,无,,34230,全能之戒,44358,4,154,70,
103350,幽影·铭戒,通用槽位,力量输出,4,0,11,戒指,280,力量+112；耐力+120,暴击等级+61；急速等级+69,1.00（触发效果额外，不扣属性预算）,暴击等级+61；急速等级+69,暴击等级+65；急速等级+65,暴击等级×1.0656；急速等级×0.9420,4,1,黄色,,0,,,,,,,,,,,,51855,三牙饰物,264,4,0,11,无,,35129,护卫者的统御指环,39129,4,154,70,
103351,雷霆戒指,通用槽位,力量输出,4,0,11,戒指,280,力量+111；耐力+119,暴击等级+70；护甲穿透等级+62,1.00（触发效果额外，不扣属性预算）,暴击等级+70；护甲穿透等级+62,暴击等级+70；护甲穿透等级+65,暴击等级×1.0000；护甲穿透等级×1.0484,4,0,,,0,,,,,,,,,,,,50693,凋零之力,277,4,0,11,无,,32497,怒风徽记之戒,45362,4,151,70,
103352,苍穹王座的流光,通用槽位,力量输出,4,0,11,戒指,280,力量+111；耐力+119,暴击等级+70；精准等级+62,1.00（触发效果额外，不扣属性预算）,暴击等级+70；精准等级+62,暴击等级+67；精准等级+61,暴击等级×0.9571；精准等级×0.9839,4,1,红色,,0,,,,,,,,,,,,50657,骷髅领主之环,277,4,0,11,无,,34837,至尊二戒,31800,4,143,70,
103353,霜脉矮人之指环,通用槽位,力量输出,4,0,11,戒指,280,力量+112；耐力+120,暴击等级+70；护甲穿透等级+60,1.00（触发效果额外，不扣属性预算）,暴击等级+70；护甲穿透等级+60,暴击等级+75；护甲穿透等级+64,暴击等级×1.0714；护甲穿透等级×1.0667,4,0,,,0,,,,,,,,,,,,54567,扎里斯利安的祭品,271,4,0,11,无,,32261,深渊领主指环,44357,4,141,70,
103354,灰熊丘陵之玺戒,通用槽位,力量输出,4,0,11,戒指,280,力量+111；耐力+110,暴击等级+64；命中等级+64,1.00（触发效果额外，不扣属性预算）,暴击等级+64；命中等级+64,暴击等级+67；命中等级+70,暴击等级×1.0469；命中等级×1.0938,4,1,蓝色,,0,,,,,,,,,,,,52571,无比力量灰烬指环,268,4,0,11,无,,32335,凶猛进攻指环,44841,4,141,70,
103355,泰坦遗迹之披巾,通用槽位,力量输出,4,1,16,披风,280,力量+112；耐力+120,暴击等级+70；命中等级+62,1.00（触发效果额外，不扣属性预算）,暴击等级+70；命中等级+62,暴击等级+71；命中等级+68,暴击等级×1.0143；命中等级×1.0968,4,0,,,0,,,,186,,,,,,,,61014,阿尔萨斯之影,272,4,1,16,无,,34205,救赎灵魂披风,48870,4,154,70,
103356,黎明赞歌·罩衣,通用槽位,力量输出,4,1,16,披风,280,力量+111；耐力+119,暴击等级+70；急速等级+62,1.00（触发效果额外，不扣属性预算）,暴击等级+70；急速等级+62,暴击等级+75；急速等级+61,暴击等级×1.0714；急速等级×0.9839,4,1,黄色,,0,,,,187,,,,,,,,50677,裹尸布,277,4,1,16,无,,32524,贵族精灵斗篷,45476,4,151,70,
103357,烈日披肩,通用槽位,力量输出,4,1,16,披风,280,力量+112；耐力+120,暴击等级+70；命中等级+62,1.00（触发效果额外，不扣属性预算）,暴击等级+70；命中等级+62,暴击等级+74；命中等级+56,暴击等级×1.0571；命中等级×0.9032,4,1,蓝色,,0,,,,186,,,,,,,,47548,加尔鲁什之怒,272,4,1,16,无,,32323,影月毁灭者斗篷,45886,4,141,70,
103358,风暴前夜幕帘,通用槽位,力量输出,4,1,16,披风,280,力量+112；耐力+120,暴击等级+70；命中等级+62,1.00（触发效果额外，不扣属性预算）,暴击等级+70；命中等级+62,暴击等级+66；命中等级+59,暴击等级×0.9429；命中等级×0.9516,4,1,红色,,0,,,,186,,,,,,,,47547,瓦立安的狂怒,272,4,1,16,无,,32331,伊利达雷议会披风,45885,4,141,70,
103359,长夜徽记,通用槽位,敏捷输出,4,0,2,颈部,280,敏捷+104；耐力+105,攻击强度+113；暴击等级+76；急速等级+60,1.00（触发效果额外，不扣属性预算）,攻击强度+113；暴击等级+76；急速等级+60,攻击强度+110；暴击等级+77；急速等级+61,攻击强度×0.9735；暴击等级×1.0132；急速等级×1.0167,5,0,,,0,,,,,,,,,,,,47433,艾瑞达垂饰,258,4,0,2,无,,32362,泰坦坠饰,4841,4,141,70,
103360,霜脉矮人疾风颈链,通用槽位,敏捷输出,4,0,2,颈部,280,敏捷+112；耐力+92,攻击强度+126；护甲穿透等级+69；暴击等级+61,1.00（触发效果额外，不扣属性预算）,攻击强度+126；护甲穿透等级+69；暴击等级+61,攻击强度+115；护甲穿透等级+72；暴击等级+56,攻击强度×0.9127；护甲穿透等级×1.0435；暴击等级×0.9180,5,1,黄色,,0,,,,,,,,,,,,51822,霜牙垂饰,264,4,0,2,无,,32370,纳蒂娜的纯洁坠饰,39212,4,141,70,
103361,肯瑞托的龙魂低语,通用槽位,敏捷输出,4,0,2,颈部,280,敏捷+112；耐力+105,攻击强度+117；暴击等级+81；命中等级+45,1.00（触发效果额外，不扣属性预算）,攻击强度+117；暴击等级+81；命中等级+45,攻击强度+126；暴击等级+76；命中等级+46,攻击强度×1.0769；暴击等级×0.9383；命中等级×1.0222,5,0,,,0,,,,,,,,,,,,50452,伍迪的幸运项链,264,4,0,2,无,,32589,地狱火坠饰,31899,4,141,70,
103362,猎影之深渊凝视,通用槽位,敏捷输出,4,0,2,颈部,280,敏捷+106；耐力+105,攻击强度+122；护甲穿透等级+70；急速等级+62,1.00（触发效果额外，不扣属性预算）,攻击强度+122；护甲穿透等级+70；急速等级+62,攻击强度+131；护甲穿透等级+73；急速等级+57,攻击强度×1.0738；护甲穿透等级×1.0429；急速等级×0.9194,5,2,红色,黄色,0,,,,,,,,,,,,50633,辛德拉苟莎的残酷利爪,277,4,0,2,无,,32591,锯齿利刃项圈,39210,4,141,70,
103363,风暴领主之猎影,通用槽位,敏捷输出,4,0,11,戒指,280,敏捷+102；耐力+92,攻击强度+143；急速等级+69；暴击等级+61,1.00（触发效果额外，不扣属性预算）,攻击强度+143；急速等级+69；暴击等级+61,攻击强度+155；急速等级+68；暴击等级+56,攻击强度×1.0839；急速等级×0.9855；暴击等级×0.9180,5,2,红色,黄色,0,,,,,,,,,,,,51843,暮光女王的印记,264,4,0,11,无,,34887,安格莉丝塔的复仇,49005,4,141,70,
103364,夜幕洞察戒指,通用槽位,敏捷输出,4,0,11,戒指,280,敏捷+106；耐力+105,攻击强度+122；护甲穿透等级+70；暴击等级+62,1.00（触发效果额外，不扣属性预算）,攻击强度+122；护甲穿透等级+70；暴击等级+62,攻击强度+127；护甲穿透等级+75；暴击等级+56,攻击强度×1.0410；护甲穿透等级×1.0714；暴击等级×0.9032,5,2,黄色,蓝色,0,,,,,,,,,,,,50618,霜育蓝宝石戒指,277,4,0,11,无,,34890,安薇娜的触摸,43095,4,141,70,
103365,符文大师的戒指,通用槽位,敏捷输出,4,0,11,戒指,280,敏捷+92；耐力+86,攻击强度+138；暴击等级+61；命中等级+61,1.00（触发效果额外，不扣属性预算）,攻击强度+138；暴击等级+61；命中等级+61,攻击强度+134；暴击等级+55；命中等级+63,攻击强度×0.9710；暴击等级×0.9016；命中等级×1.0328,5,0,,,0,,,,,,,,,,,,50402,永恒复仇之灰烬指环,277,4,0,11,无,,30109,无尽盘蛇之戒,33534,4,138,70,
103366,法戒·苍白月色,通用槽位,敏捷输出,4,0,11,戒指,280,敏捷+102；耐力+92,攻击强度+143；急速等级+59；护甲穿透等级+69,1.00（触发效果额外，不扣属性预算）,攻击强度+143；急速等级+59；护甲穿透等级+69,攻击强度+137；急速等级+55；护甲穿透等级+71,攻击强度×0.9580；急速等级×0.9322；护甲穿透等级×1.0290,5,0,,,0,,,,,,,,,,,,51900,萨鲁法尔的寒铸指环,264,4,0,11,无,,33987,Indalamar's Ring of 200 Spell Crit,26537,4,130,70,
103367,游侠之流光,通用槽位,敏捷输出,4,0,11,戒指,280,敏捷+106；耐力+105,攻击强度+122；暴击等级+70；精准等级+62,1.00（触发效果额外，不扣属性预算）,攻击强度+122；暴击等级+70；精准等级+62,攻击强度+122；暴击等级+75；精准等级+65,攻击强度×1.0000；暴击等级×1.0714；精准等级×1.0484,5,2,黄色,蓝色,0,,,,,,,,,,,,50678,千口之戒,277,4,0,11,无,,29920,浴火凤凰之戒,35472,4,128,70,
103368,静潮铭戒,通用槽位,敏捷输出,4,0,11,戒指,280,敏捷+104；耐力+105,攻击强度+113；暴击等级+76；急速等级+60,1.00（触发效果额外，不扣属性预算）,攻击强度+113；暴击等级+76；急速等级+60,攻击强度+108；暴击等级+81；急速等级+60,攻击强度×0.9558；暴击等级×1.0658；急速等级×1.0000,5,1,蓝色,,0,,,,,,,,,,,,47443,无情侵掠指环,258,4,0,11,无,,29922,奥之指环,39120,4,128,70,
103369,静潮斗衣,通用槽位,敏捷输出,4,1,16,披风,280,敏捷+106；耐力+105,攻击强度+122；暴击等级+62；急速等级+70,1.00（触发效果额外，不扣属性预算）,攻击强度+122；暴击等级+62；急速等级+70,攻击强度+121；暴击等级+68；急速等级+71,攻击强度×0.9918；暴击等级×1.0968；急速等级×1.0143,5,1,红色,,0,,,,187,,,,,,,,50653,秘室杀手斗篷,277,4,1,16,无,,32337,宽恕披风,46490,4,141,70,
103370,群星之庭之罩衣,通用槽位,敏捷输出,4,1,16,披风,280,敏捷+108；耐力+105,攻击强度+120；暴击等级+70；护甲穿透等级+61,1.00（触发效果额外，不扣属性预算）,攻击强度+120；暴击等级+70；护甲穿透等级+61,攻击强度+129；暴击等级+64；护甲穿透等级+55,攻击强度×1.0750；暴击等级×0.9143；护甲穿透等级×0.9016,5,1,黄色,,0,,,,186,,,,,,,,61012,春日风语,272,4,1,16,无,,32590,空灵披风,46124,4,141,70,
103371,新月斗衣,通用槽位,敏捷输出,4,1,16,披风,280,敏捷+108；耐力+105,攻击强度+120；暴击等级+70；护甲穿透等级+61,1.00（触发效果额外，不扣属性预算）,攻击强度+120；暴击等级+70；护甲穿透等级+61,攻击强度+119；暴击等级+72；护甲穿透等级+56,攻击强度×0.9917；暴击等级×1.0286；护甲穿透等级×0.9180,5,1,蓝色,,0,,,,186,,,,,,,,47546,希尔瓦娜斯的狡诈,272,4,1,16,无,,34010,镇定斗篷,47249,4,141,70,
103372,苍穹王座的最后守望,通用槽位,敏捷输出,4,1,16,披风,280,敏捷+108；耐力+105,攻击强度+120；暴击等级+70；护甲穿透等级+61,1.00（触发效果额外，不扣属性预算）,攻击强度+120；暴击等级+70；护甲穿透等级+61,攻击强度+116；暴击等级+72；护甲穿透等级+63,攻击强度×0.9667；暴击等级×1.0286；护甲穿透等级×1.0328,5,1,红色,,0,,,,186,,,,,,,,47545,维雷克的灵巧,272,4,1,16,无,,34012,决战披风,47252,4,141,70,
103373,符文大师的徽记,通用槽位,治疗,4,0,2,颈部,280,耐力+80；智力+80,法术强度+113；暴击等级+62；每5秒法力回复+35,1.00（触发效果额外，不扣属性预算）,法术强度+113；暴击等级+62；每5秒法力回复+35,法术强度+124；暴击等级+59；每5秒法力回复+32,法术强度×1.0973；暴击等级×0.9516；每5秒法力回复×0.9143,5,2,蓝色,黄色,0,,,,,,,,,,,,50700,圣日的恩泽,277,4,0,2,无,,33466,诅咒骨环,9852,4,133,70,
103374,圣光符印,通用槽位,治疗,4,0,2,颈部,280,耐力+80；智力+80；精神+70,法术强度+113；急速等级+62,1.00（触发效果额外，不扣属性预算）,法术强度+113；急速等级+62,法术强度+114；急速等级+60,法术强度×1.0088；急速等级×0.9677,5,1,黄色,,0,,,,,,,,,,,,50609,冰冠斥候护符,277,4,0,2,无,,30008,流失岁月坠饰,31889,4,128,70,
103375,星界旅者裁断徽记,通用槽位,治疗,4,0,2,颈部,280,耐力+80；智力+80,法术强度+113；暴击等级+62；每5秒法力回复+35,1.00（触发效果额外，不扣属性预算）,法术强度+113；暴击等级+62；每5秒法力回复+35,法术强度+106；暴击等级+62；每5秒法力回复+38,法术强度×0.9381；暴击等级×1.0000；每5秒法力回复×1.0857,5,2,红色,蓝色,0,,,,,,,,,,,,50700,圣日的恩泽,277,4,0,2,无,,30022,危机坠饰,34204,4,128,70,
103376,冰冠静谧项链,通用槽位,治疗,4,0,2,颈部,280,耐力+83；智力+80,法术强度+111；急速等级+69；每5秒法力回复+30,1.00（触发效果额外，不扣属性预算）,法术强度+111；急速等级+69；每5秒法力回复+30,法术强度+120；急速等级+70；每5秒法力回复+33,法术强度×1.0811；急速等级×1.0145；每5秒法力回复×1.1000,5,0,,,0,,,,,,,,,,,,51871,秽珠项圈,264,4,0,2,无,,30059,凶兽之怒项圈,33906,4,128,70,
103377,慈悲铭戒,通用槽位,治疗,4,0,11,戒指,280,耐力+80；智力+80；精神+70,法术强度+113；暴击等级+62,1.00（触发效果额外，不扣属性预算）,法术强度+113；暴击等级+62,法术强度+106；暴击等级+57,法术强度×0.9381；暴击等级×0.9194,5,1,蓝色,,0,,,,,,,,,,,,50644,狂乱低语戒指,277,4,0,11,无,,30028,提瑞斯法安宁指环,28733,4,128,70,
103378,慈悲守护玺戒,通用槽位,治疗,4,0,11,戒指,280,耐力+80；智力+80；精神+70,法术强度+113；急速等级+62,1.00（触发效果额外，不扣属性预算）,法术强度+113；急速等级+62,法术强度+106；急速等级+57,法术强度×0.9381；急速等级×0.9194,5,2,黄色,红色,0,,,,,,,,,,,,50636,玛里苟斯之忆,277,4,0,11,无,,30061,远古征服指环,31908,4,128,70,
103379,苍穹王座的泰坦遗训,通用槽位,治疗,4,0,11,戒指,280,耐力+80；智力+80,法术强度+113；暴击等级+62；每5秒法力回复+35,1.00（触发效果额外，不扣属性预算）,法术强度+113；暴击等级+62；每5秒法力回复+35,法术强度+105；暴击等级+64；每5秒法力回复+34,法术强度×0.9292；暴击等级×1.0323；每5秒法力回复×0.9714,5,1,红色,,0,,,,,,,,,,,,50720,愈合血环,277,4,0,11,无,,30083,裂魂之戒,24646,4,128,70,
103380,黑锋骑士团月泉戒环,通用槽位,治疗,4,0,11,戒指,280,耐力+80；智力+80,法术强度+113；急速等级+70；每5秒法力回复+31,1.00（触发效果额外，不扣属性预算）,法术强度+113；急速等级+70；每5秒法力回复+31,法术强度+105；急速等级+69；每5秒法力回复+34,法术强度×0.9292；急速等级×0.9857；每5秒法力回复×1.0968,5,1,蓝色,,0,,,,,,,,,,,,50610,玛洛加尔的寒冰之瞳,277,4,0,11,无,,33054,丹扎拉尔徽记,31657,4,128,70,
103381,圣贤的铭戒,通用槽位,治疗,4,0,11,戒指,280,耐力+80；智力+80；精神+70,法术强度+113；暴击等级+62,1.00（触发效果额外，不扣属性预算）,法术强度+113；暴击等级+62,法术强度+121；暴击等级+61,法术强度×1.0708；暴击等级×0.9839,5,1,黄色,,0,,,,,,,,,,,,50644,狂乱低语戒指,277,4,0,11,无,,33058,警醒指环,31905,4,128,70,
103382,祈愿铭戒,通用槽位,治疗,4,0,11,戒指,280,耐力+80；智力+80；精神+70,法术强度+113；急速等级+62,1.00（触发效果额外，不扣属性预算）,法术强度+113；急速等级+62,法术强度+116；急速等级+62,法术强度×1.0265；急速等级×1.0000,5,1,红色,,0,,,,,,,,,,,,50636,玛里苟斯之忆,277,4,0,11,无,,28757,千印之戒,33864,4,125,70,
103383,星界旅者回响大氅,通用槽位,治疗,4,1,16,披风,280,耐力+80；智力+81；精神+70,法术强度+111；暴击等级+61,1.00（触发效果额外，不扣属性预算）,法术强度+111；暴击等级+61,法术强度+122；暴击等级+63,法术强度×1.0991；暴击等级×1.0328,5,0,,,0,,,,185,,,,,,,,50469,夜空斗篷,264,4,1,16,无,,29989,太阳光芒披风,46123,4,138,70,
103384,风暴峭壁恩泽披巾,通用槽位,治疗,4,1,16,披风,280,耐力+80；智力+80；精神+70,法术强度+113；急速等级+61,1.00（触发效果额外，不扣属性预算）,法术强度+113；急速等级+61,法术强度+109；急速等级+58,法术强度×0.9646；急速等级×0.9508,5,0,,,0,,,,186,,,,,,,,61011,夏日星空,272,4,1,16,无,,29994,萨拉斯荒野披风,46125,4,138,70,
103385,龙骨荒野之罩衣,通用槽位,治疗,4,1,16,披风,280,耐力+80；智力+81,法术强度+111；暴击等级+61；每5秒法力回复+35,1.00（触发效果额外，不扣属性预算）,法术强度+111；暴击等级+61；每5秒法力回复+35,法术强度+102；暴击等级+65；每5秒法力回复+36,法术强度×0.9189；暴击等级×1.0656；每5秒法力回复×1.0286,5,0,,,0,,,,185,,,,,,,,50468,紫罗兰之塔披风,264,4,1,16,无,,33304,压制能量披风,46812,4,136,70,
103386,不灭烽火·罩衣,通用槽位,治疗,4,1,16,披风,280,耐力+79；智力+80,法术强度+112；急速等级+69；每5秒法力回复+31,1.00（触发效果额外，不扣属性预算）,法术强度+112；急速等级+69；每5秒法力回复+31,法术强度+108；急速等级+63；每5秒法力回复+33,法术强度×0.9643；急速等级×0.9130；每5秒法力回复×1.0645,5,2,蓝色,黄色,0,,,,186,,,,,,,,54556,诱拐头罩,271,4,1,16,无,,33333,卡尔玛的希望披风,43292,4,136,70,
103387,铁壁之烈日,通用槽位,坦克,4,0,2,颈部,280,力量+105；耐力+144,防御等级+40；躲闪等级+57；招架等级+56,1.00（触发效果额外，不扣属性预算）,防御等级+40；躲闪等级+57；招架等级+56,防御等级+42；躲闪等级+56；招架等级+54,防御等级×1.0500；躲闪等级×0.9825；招架等级×0.9643,5,2,蓝色,红色,0,,,,,,,,,,,,51934,玛洛加尔的斑驳环佩,264,4,0,2,无,,30099,溺水者之链,43599,4,128,70,
103388,黎明赞歌·坠饰,通用槽位,坦克,4,0,2,颈部,280,力量+80；耐力+145,防御等级+70；躲闪等级+61；命中等级+54,1.00（触发效果额外，不扣属性预算）,防御等级+70；躲闪等级+61；命中等级+54,防御等级+65；躲闪等级+61；命中等级+57,防御等级×0.9286；躲闪等级×1.0000；命中等级×1.0556,5,1,红色,,0,,,,,,,,,,,,50627,孔雀石套索,277,4,0,2,无,,33296,灵巧胸针,46805,4,128,70,
103389,荒野猎手之磐石,通用槽位,坦克,4,0,2,颈部,280,耐力+158；力量+83,躲闪等级+65；精准等级+52；防御等级+68,1.00（触发效果额外，不扣属性预算）,躲闪等级+65；精准等级+52；防御等级+68,躲闪等级+65；精准等级+53；防御等级+72,躲闪等级×1.0000；精准等级×1.0192；防御等级×1.0588,5,2,黄色,蓝色,0,,,,,,,,,,,,49492,艾斯卡达尔铰链,245,4,0,2,无,,33297,蛮族项圈,43701,4,128,70,
103390,大领主裁断垂饰,通用槽位,坦克,4,0,2,颈部,280,力量+105；耐力+144,防御等级+40；躲闪等级+57；招架等级+56,1.00（触发效果额外，不扣属性预算）,防御等级+40；躲闪等级+57；招架等级+56,防御等级+36；躲闪等级+53；招架等级+52,防御等级×0.9000；躲闪等级×0.9298；招架等级×0.9286,5,2,蓝色,红色,0,,,,,,,,,,,,51934,玛洛加尔的斑驳环佩,264,4,0,2,无,,28762,灵魂窃取项链,35358,4,125,70,
103391,龙骨荒野永固指轮,通用槽位,坦克,4,0,11,戒指,280,力量+105；耐力+145,防御等级+48；躲闪等级+51；招架等级+56,1.00（触发效果额外，不扣属性预算）,防御等级+48；躲闪等级+51；招架等级+56,防御等级+50；躲闪等级+49；招架等级+52,防御等级×1.0417；躲闪等级×0.9608；招架等级×0.9286,5,1,蓝色,,0,,,,,,,,,,,,50642,蛮力指环,277,4,0,11,无,,28763,永生之翡翠指环,9847,4,125,70,
103392,先知的铭戒,通用槽位,坦克,4,0,11,戒指,280,力量+70；耐力+134,防御等级+61；躲闪等级+60；命中等级+57,1.00（触发效果额外，不扣属性预算）,防御等级+61；躲闪等级+60；命中等级+57,防御等级+66；躲闪等级+65；命中等级+60,防御等级×1.0820；躲闪等级×1.0833；命中等级×1.0526,5,0,,,0,,,,,,,,,,,,50404,永恒勇气之灰烬指环,277,4,0,11,无,,30738,逆转指环,9834,4,120,70,
103393,嚎风峡湾的幽影,通用槽位,坦克,4,0,11,戒指,280,力量+78；耐力+141,防御等级+69；躲闪等级+53；精准等级+60,1.00（触发效果额外，不扣属性预算）,防御等级+69；躲闪等级+53；精准等级+60,防御等级+68；躲闪等级+55；精准等级+63,防御等级×0.9855；躲闪等级×1.0377；精准等级×1.0500,5,1,黄色,,0,,,,,,,,,,,,45471,命运的约束,239,4,0,11,无,,28649,迦萝娜的徽记指环,33728,4,115,70,
103394,荒野猎手降临法戒,通用槽位,坦克,4,0,11,戒指,280,力量+105；耐力+145,防御等级+48；躲闪等级+51；招架等级+56,1.00（触发效果额外，不扣属性预算）,防御等级+48；躲闪等级+51；招架等级+56,防御等级+49；躲闪等级+48；招架等级+60,防御等级×1.0208；躲闪等级×0.9412；招架等级×1.0714,5,1,蓝色,,0,,,,,,,,,,,,50642,蛮力指环,277,4,0,11,无,,28675,谢尔曼指环,26001,4,115,70,
103395,守望者降临法戒,通用槽位,坦克,4,0,11,戒指,280,力量+70；耐力+144,防御等级+63；躲闪等级+62；命中等级+56,1.00（触发效果额外，不扣属性预算）,防御等级+63；躲闪等级+62；命中等级+56,防御等级+67；躲闪等级+64；命中等级+52,防御等级×1.0635；躲闪等级×1.0323；命中等级×0.9286,5,1,红色,,0,,,,,,,,,,,,50403,无上勇气之灰烬指环,268,4,0,11,无,,28753,循环之戒,9846,4,115,70,
103396,荒野猎手之永固,通用槽位,坦克,4,0,11,戒指,280,力量+106；耐力+144,防御等级+48；躲闪等级+48；招架等级+56,1.00（触发效果额外，不扣属性预算）,防御等级+48；躲闪等级+48；招架等级+56,防御等级+44；躲闪等级+44；招架等级+57,防御等级×0.9167；躲闪等级×0.9167；招架等级×1.0179,5,1,黄色,,0,,,,,,,,,,,,49985,蛮力指环,264,4,0,11,无,,31399,自然屏障,44086,4,115,70,
103397,符文大师之卫戍,通用槽位,坦克,4,1,16,披风,280,力量+105；耐力+144,防御等级+55；躲闪等级+46；招架等级+55,1.00（触发效果额外，不扣属性预算）,防御等级+55；躲闪等级+46；招架等级+55,防御等级+57；躲闪等级+42；招架等级+57,防御等级×1.0364；躲闪等级×0.9130；招架等级×1.0364,5,1,蓝色,,0,,,,186,,,,,,,,61013,春日阳光,272,4,1,16,无,,33484,多莉的拥抱,47589,4,136,70,
103398,银色勇士回响披肩,通用槽位,坦克,4,1,16,披风,280,力量+80；耐力+145,防御等级+70；躲闪等级+70；命中等级+45,1.00（触发效果额外，不扣属性预算）,防御等级+70；躲闪等级+70；命中等级+45,防御等级+73；躲闪等级+66；命中等级+47,防御等级×1.0429；躲闪等级×0.9429；命中等级×1.0444,5,0,,,0,,,,187,,,,,,,,50718,皇家血色披风,277,4,1,16,无,,32420,夜色之末,45480,4,130,70,
103399,龙眠之斗衣,通用槽位,坦克,4,1,16,披风,280,力量+81；耐力+143,防御等级+69；躲闪等级+58；精准等级+53,1.00（触发效果额外，不扣属性预算）,防御等级+69；躲闪等级+58；精准等级+53,防御等级+66；躲闪等级+60；精准等级+49,防御等级×0.9565；躲闪等级×1.0345；精准等级×0.9245,5,1,黄色,,0,,,,184,,,,,,,,47436,恶魔领主的荣傲披风,258,4,1,16,无,,29925,凤翼披风,46126,4,128,70,
103400,屠龙者之坚城,通用槽位,坦克,4,1,16,披风,280,力量+105；耐力+144,防御等级+55；躲闪等级+46；招架等级+55,1.00（触发效果额外，不扣属性预算）,防御等级+55；躲闪等级+46；招架等级+55,防御等级+53；躲闪等级+42；招架等级+58,防御等级×0.9636；躲闪等级×0.9130；招架等级×1.0545,5,1,蓝色,,0,,,,186,,,,,,,,47550,凯恩的坚韧,272,4,1,16,无,,30098,锋鳞作战披风,43597,4,128,70,
103401,符文圣契,副手,法系输出,4,0,23,副手物品,280,耐力+80；智力+80,法术强度+122；暴击等级+70；急速等级+70,1.00（触发效果额外，不扣属性预算）,法术强度+122；暴击等级+70；急速等级+70,法术强度+124；暴击等级+74；急速等级+64,法术强度×1.0164；暴击等级×1.0571；急速等级×0.9143,5,0,,,0,,,,,,,,,,,,50719,影丝纺锤,277,4,0,23,无,,38322,铁箍之书,23171,4,200,77,
103402,唤星者之暮星,副手,法系输出,4,0,23,副手物品,280,耐力+80；智力+81,法术强度+111；命中等级+76；暴击等级+53,1.00（触发效果额外，不扣属性预算）,法术强度+111；命中等级+76；暴击等级+53,法术强度+108；命中等级+82；暴击等级+55,法术强度×0.9730；命中等级×1.0789；暴击等级×1.0377,5,1,蓝色,,0,,,,,,,,,,,,51922,天谴领主权杖,264,4,0,23,无,,35008,野蛮角斗士的决战,39505,4,159,70,
103403,圣贤凝视圣契,副手,法系输出,4,0,23,副手物品,280,耐力+80；智力+80；精神+70,法术强度+122；急速等级+70,1.00（触发效果额外，不扣属性预算）,法术强度+122；急速等级+70,法术强度+120；急速等级+64,法术强度×0.9836；急速等级×0.9143,5,2,红色,黄色,0,,,,,,,,,,,,50635,永恒幽暮日晷,277,4,0,23,无,,34179,深渊之心,48894,4,154,70,
103404,风暴领主追猎宝典,副手,法系输出,4,0,23,副手物品,280,耐力+80；智力+81,法术强度+121；暴击等级+71；命中等级+71,1.00（触发效果额外，不扣属性预算）,法术强度+121；暴击等级+71；命中等级+71,法术强度+117；暴击等级+74；命中等级+67,法术强度×0.9669；暴击等级×1.0423；命中等级×0.9437,5,0,,,0,,,,,,,,,,,,47437,无心之罪饰物,258,4,0,23,无,,34206,贵族精灵的赞美诗,48895,4,154,70,
103405,守望者征伐魔典,副手,治疗,4,0,23,副手物品,280,耐力+80；智力+81；精神+71,法术强度+121；暴击等级+71,1.00（触发效果额外，不扣属性预算）,法术强度+121；暴击等级+71,法术强度+123；暴击等级+68,法术强度×1.0165；暴击等级×0.9577,5,0,,,0,,,,,,,,,,,,47470,幻变咒符,258,4,0,23,无,,30911,净化节杖,39420,4,151,70,
103406,魂器·永恒征途,副手,治疗,4,0,23,副手物品,280,耐力+80；智力+80；精神+70,法术强度+122；急速等级+70,1.00（触发效果额外，不扣属性预算）,法术强度+122；急速等级+70,法术强度+119；急速等级+69,法术强度×0.9754；急速等级×0.9857,5,1,黄色,,0,,,,,,,,,,,,50635,永恒幽暮日晷,277,4,0,23,无,,30872,黑暗秘密编年史,45211,4,141,70,
103407,晨曦之风暴前夜,副手,治疗,4,0,23,副手物品,280,耐力+80；智力+81；精神+71,法术强度+121；暴击等级+71,1.00（触发效果额外，不扣属性预算）,法术强度+121；暴击等级+71,法术强度+123；暴击等级+78,法术强度×1.0165；暴击等级×1.0986,5,0,,,0,,,,,,,,,,,,47146,炽光圣杯,258,4,0,23,无,,32350,灵感之触,41453,4,141,70,
103408,龙眠圣光圣契,副手,治疗,4,0,23,副手物品,280,耐力+80；智力+81；精神+70,法术强度+122；急速等级+69,1.00（触发效果额外，不扣属性预算）,法术强度+122；急速等级+69,法术强度+130；急速等级+73,法术强度×1.0656；急速等级×1.0580,5,0,,,0,,,,,,,,,,,,50423,永恒暮色日晷,264,4,0,23,无,,32361,盲眼先知圣像,45275,4,141,70,
103409,符文大师追猎圣盾,盾牌,法系输出,4,6,14,盾牌,280,耐力+80；智力+80,法术强度+113；急速等级+62；暴击等级+70,1.00（触发效果额外，不扣属性预算）,法术强度+113；急速等级+62；暴击等级+70,法术强度+118；急速等级+67；暴击等级+76,法术强度×1.0442；急速等级×1.0806；暴击等级×1.0857,5,0,,,0,,,,9343,265,,,,,,,50616,燃铁壁垒,277,4,6,14,无,,30314,相位壁垒,40867,5,175,70,
103410,黑锋骑士之灵辉,盾牌,法系输出,4,6,14,盾牌,280,耐力+80；智力+80,法术强度+113；急速等级+62；暴击等级+70,1.00（触发效果额外，不扣属性预算）,法术强度+113；急速等级+62；暴击等级+70,法术强度+112；急速等级+57；暴击等级+71,法术强度×0.9912；急速等级×0.9194；暴击等级×1.0143,5,1,蓝色,,0,,,,9343,265,,,,,,,50616,燃铁壁垒,277,4,6,14,无,,34986,野蛮角斗士的屏障,49154,4,159,70,
103411,奥术塔盾,盾牌,法系输出,4,6,14,盾牌,280,耐力+80；智力+81,法术强度+122；急速等级+69；暴击等级+70,1.00（触发效果额外，不扣属性预算）,法术强度+122；急速等级+69；暴击等级+70,法术强度+125；急速等级+72；暴击等级+65,法术强度×1.0246；急速等级×1.0435；暴击等级×0.9286,5,2,红色,黄色,0,,,,9294,279,,,,,,,49976,燃铁壁垒,264,4,6,14,无,,35073,野蛮角斗士的壁垒,49153,4,159,70,
103412,先知降临壁盾,盾牌,法系输出,4,6,14,盾牌,280,耐力+80；智力+81,法术强度+121；急速等级+68；暴击等级+71,1.00（触发效果额外，不扣属性预算）,法术强度+121；急速等级+68；暴击等级+71,法术强度+116；急速等级+64；暴击等级+70,法术强度×0.9587；急速等级×0.9412；暴击等级×0.9859,5,0,,,0,,,,9268,286,,,,,,,47448,决心壁垒,258,4,6,14,无,,35094,野蛮角斗士的墙盾,49155,4,159,70,
103413,风暴领主的重盾,盾牌,治疗,4,6,14,盾牌,280,耐力+75；智力+73,每5秒法力回复+38；暴击等级+62；法术强度+108,1.00（触发效果额外，不扣属性预算）,每5秒法力回复+38；暴击等级+62；法术强度+108,每5秒法力回复+41；暴击等级+60；法术强度+99,每5秒法力回复×1.0789；暴击等级×0.9677；法术强度×0.9167,5,2,蓝色,黄色,0,,,,9197,300,,,,,,,48040,库卡隆的荣耀,245,4,6,14,无,,34185,折戟壁垒,48907,4,154,70,
103414,重盾·天穹,盾牌,治疗,4,6,14,盾牌,280,耐力+80；智力+81,法术强度+111；急速等级+59；每5秒法力回复+35,1.00（触发效果额外，不扣属性预算）,法术强度+111；急速等级+59；每5秒法力回复+35,法术强度+108；急速等级+63；每5秒法力回复+33,法术强度×0.9730；急速等级×1.0678；每5秒法力回复×0.9429,5,1,黄色,,0,,,,9294,279,,,,,,,51812,蓝龙军团的失落之盾,264,4,6,14,无,,34231,天使命运之盾,48906,4,154,70,
103415,新月战盾,盾牌,治疗,4,6,14,盾牌,280,耐力+75；智力+73,每5秒法力回复+38；暴击等级+62；法术强度+108,1.00（触发效果额外，不扣属性预算）,每5秒法力回复+38；暴击等级+62；法术强度+108,每5秒法力回复+41；暴击等级+59；法术强度+117,每5秒法力回复×1.0789；暴击等级×0.9516；法术强度×1.0833,5,1,红色,,0,,,,9197,300,,,,,,,47963,警觉护盾,245,4,6,14,无,,30909,安东尼达斯的专注纹章盾,45204,4,151,70,
103416,永恒征途·战盾,盾牌,治疗,4,6,14,盾牌,280,耐力+80；智力+81,法术强度+111；急速等级+59；每5秒法力回复+35,1.00（触发效果额外，不扣属性预算）,法术强度+111；急速等级+59；每5秒法力回复+35,法术强度+118；急速等级+64；每5秒法力回复+34,法术强度×1.0631；急速等级×1.0847；每5秒法力回复×0.9714,5,1,蓝色,,0,,,,9294,279,,,,,,,51812,蓝龙军团的失落之盾,264,4,6,14,无,,32375,埃辛诺斯壁垒,45653,4,151,70,
103417,翡翠梦境之坚盾,盾牌,坦克,4,6,14,盾牌,280,力量+97；耐力+144,防御等级+55；格挡等级+47；招架等级+59,1.00（触发效果额外，不扣属性预算）,防御等级+55；格挡等级+47；招架等级+59,防御等级+52；格挡等级+48；招架等级+64,防御等级×0.9455；格挡等级×1.0213；招架等级×1.0847,5,1,蓝色,,0,,,,9294,279,,,,,,,51909,无尽寒冬,264,4,6,14,无,,33661,复仇角斗士的屏障,42376,4,146,70,
103418,祖达克之护盾,盾牌,坦克,4,6,14,盾牌,280,力量+97；耐力+144,防御等级+55；格挡等级+47；招架等级+59,1.00（触发效果额外，不扣属性预算）,防御等级+55；格挡等级+47；招架等级+59,防御等级+50；格挡等级+44；招架等级+54,防御等级×0.9091；格挡等级×0.9362；招架等级×0.9153,5,0,,,0,,,,9294,279,,,,,,,51909,无尽寒冬,264,4,6,14,无,,30882,圣光壁垒,44863,4,141,70,
103419,山岳壁盾,盾牌,坦克,4,6,14,盾牌,280,力量+108；耐力+158,防御等级+54；格挡等级+46；招架等级+59,1.00（触发效果额外，不扣属性预算）,防御等级+54；格挡等级+46；招架等级+59,防御等级+59；格挡等级+50；招架等级+61,防御等级×1.0926；格挡等级×1.0870；招架等级×1.0339,5,1,黄色,,0,,,,9232,293,,,,,,,50794,无尽寒冬,251,4,6,14,无,,30889,卡兹洛加之心,44865,4,141,70,
103420,最后守望塔盾,盾牌,坦克,4,6,14,盾牌,280,力量+108；耐力+141,防御等级+55；躲闪等级+39；格挡等级+50,1.00（触发效果额外，不扣属性预算）,防御等级+55；躲闪等级+39；格挡等级+50,防御等级+57；躲闪等级+42；格挡等级+54,防御等级×1.0364；躲闪等级×1.0769；格挡等级×1.0800,5,0,,,0,,,,9156,307,,,,,,,45587,奥尔加隆的壁垒,239,4,6,14,无,,32255,魔石壁垒,44869,4,141,70,
103421,不灭烽火·手斧,武器,力量输出,2,0,13,单手武器,280,力量+72；耐力+121,命中等级+39；精准等级+42；暴击等级+34,1.00（触发效果额外，不扣属性预算）,命中等级+39；精准等级+42；暴击等级+34,命中等级+42；精准等级+42；暴击等级+34,命中等级×1.0769；精准等级×1.0000；暴击等级×1.0000,5,1,红色,,0,285.39-532.30,1600,255.53,,,65020,1,护甲穿透,226,45931,雷神符石,51947,托格班恩，霜育王之斧,271,2,0,13,同子类坦克评级等价替换,防御等级→命中等级；招架等级→精准等级；躲闪等级→暴击等级,34995,野蛮角斗士的切碎者,49150,4,154,70,
103422,流光斩斧,武器,力量输出,2,0,13,单手武器,280,力量+72；耐力+121,暴击等级+39；护甲穿透等级+42；命中等级+34,1.00（触发效果额外，不扣属性预算）,暴击等级+39；护甲穿透等级+42；命中等级+34,暴击等级+37；护甲穿透等级+40；命中等级+32,暴击等级×0.9487；护甲穿透等级×0.9524；命中等级×0.9412,5,2,黄色,蓝色,0,285.39-532.30,1600,255.53,,,65025,1,暴击等级,226,46038,黑暗物质,51947,托格班恩，霜育王之斧,271,2,0,13,同子类坦克评级等价替换,防御等级→暴击等级；招架等级→护甲穿透等级；躲闪等级→命中等级,35110,野蛮角斗士的战斧,49152,4,154,70,
103423,战神利斧,武器,力量输出,2,0,13,单手武器,280,力量+83；耐力+122,精准等级+42；暴击等级+46；急速等级+35,1.00（触发效果额外，不扣属性预算）,精准等级+42；暴击等级+46；急速等级+35,精准等级+44；暴击等级+49；急速等级+38,精准等级×1.0476；暴击等级×1.0652；急速等级×1.0857,5,0,,,0,284.79-530.75,1600,254.86,,,,,,,,,51795,托格拜恩，冰霜之王的战斧,258,2,0,13,同子类坦克评级等价替换,防御等级→精准等级；招架等级→暴击等级；躲闪等级→急速等级,33669,复仇角斗士的利斧,46962,4,146,70,
103424,祖达克之斩斧,武器,敏捷输出,2,0,13,单手武器,280,敏捷+80；耐力+81,攻击强度+93；暴击等级+54；急速等级+46,1.00（触发效果额外，不扣属性预算）,攻击强度+93；暴击等级+54；急速等级+46,攻击强度+97；暴击等级+51；急速等级+42,攻击强度×1.0430；暴击等级×0.9444；急速等级×0.9130,5,1,红色,,0,466.97-868.89,2600,256.90,,,,,,,,,50737,浩劫的召唤，洛丹伦王权之刃,284,2,0,13,无,,32236,涨潮,44959,4,141,70,
103425,猎影守护手斧,武器,敏捷输出,2,0,13,单手武器,280,敏捷+81；耐力+80,攻击强度+90；暴击等级+54；护甲穿透等级+45,1.00（触发效果额外，不扣属性预算）,攻击强度+90；暴击等级+54；护甲穿透等级+45,攻击强度+89；暴击等级+56；护甲穿透等级+48,攻击强度×0.9889；暴击等级×1.0370；护甲穿透等级×1.0667,5,1,黄色,,0,268.90-499.98,1500,256.29,,,,,,,,,50654,天谴宿命战斧,277,2,0,13,无,,32254,残酷者,44960,4,141,70,
103426,泰坦监护者破界利斧,武器,敏捷输出,2,0,13,单手武器,280,敏捷+84；耐力+81,攻击强度+105；暴击等级+53；急速等级+53,1.00（触发效果额外，不扣属性预算）,攻击强度+105；暴击等级+53；急速等级+53,攻击强度+114；暴击等级+58；急速等级+53,攻击强度×1.0857；暴击等级×1.0943；急速等级×1.0000,5,0,,,0,464.96-864.72,2600,255.71,,,65020,1,护甲穿透,226,45931,雷神符石,50012,浩劫的召唤，洛丹伦王权之刃,271,2,0,13,无,,33476,无情利斧,46999,4,138,70,
103427,守誓战斧,武器,坦克,2,0,13,单手武器,280,力量+72；耐力+121,防御等级+39；招架等级+42；躲闪等级+34,1.00（触发效果额外，不扣属性预算）,防御等级+39；招架等级+42；躲闪等级+34,防御等级+36；招架等级+38；躲闪等级+35,防御等级×0.9231；招架等级×0.9048；躲闪等级×1.0294,5,2,蓝色,红色,0,285.39-532.30,1600,255.53,,,64764,1,减伤护盾,226,45507,将军之心,51947,托格班恩，霜育王之斧,271,2,0,13,无,,28433,邪恶位面战斧,41630,4,136,70,
103428,卫戍手斧,武器,坦克,2,0,13,单手武器,280,力量+83；耐力+122,防御等级+42；招架等级+46；躲闪等级+35,1.00（触发效果额外，不扣属性预算）,防御等级+42；招架等级+46；躲闪等级+35,防御等级+44；招架等级+46；躲闪等级+33,防御等级×1.0476；招架等级×1.0000；躲闪等级×0.9429,5,1,红色,,0,284.79-530.75,1600,254.86,,,64764,1,减伤护盾,226,45507,将军之心,51795,托格拜恩，冰霜之王的战斧,258,2,0,13,无,,31965,残酷角斗士的利斧,41559,4,136,70,
103429,黑锋骑士之山岳,武器,坦克,2,0,13,单手武器,280,力量+72；耐力+121,防御等级+39；招架等级+42；躲闪等级+34,1.00（触发效果额外，不扣属性预算）,防御等级+39；招架等级+42；躲闪等级+34,防御等级+36；招架等级+38；躲闪等级+35,防御等级×0.9231；招架等级×0.9048；躲闪等级×1.0294,5,1,黄色,,0,285.39-532.30,1600,255.53,,,64764,1,减伤护盾,226,45507,将军之心,51947,托格班恩，霜育王之斧,271,2,0,13,无,,29924,虚空梦魇,42177,4,134,70,
103430,暗影穹殿的烈日,武器,力量输出,2,1,17,双手武器,280,力量+210；耐力+215,命中等级+99；暴击等级+119,1.00（触发效果额外，不扣属性预算）,命中等级+99；暴击等级+119,命中等级+95；暴击等级+126,命中等级×0.9596；暴击等级×1.0588,4,1,红色,,0,958.80-1439.51,3600,333.10,,,,,,,,,48713,洛萨战斧,245,2,1,17,无,,30316,毁灭,41560,5,175,70,
103431,黎明赞歌长柄斧,武器,力量输出,2,1,17,双手武器,280,力量+218；耐力+215,暴击等级+107；护甲穿透等级+105,1.00（触发效果额外，不扣属性预算）,暴击等级+107；护甲穿透等级+105,暴击等级+109；护甲穿透等级+101,暴击等级×1.0187；护甲穿透等级×0.9619,4,2,黄色,蓝色,0,984.06-1477.21,3700,332.60,,,,,,,,,49888,影锋,264,2,1,17,无,,34997,野蛮角斗士的斩首斧,49149,4,154,70,
103432,裁决庇佑巨斧,武器,力量输出,2,1,17,双手武器,280,力量+198；耐力+214,暴击等级+116；护甲穿透等级+113,1.00（触发效果额外，不扣属性预算）,暴击等级+116；护甲穿透等级+113,暴击等级+114；护甲穿透等级+115,暴击等级×0.9828；护甲穿透等级×1.0177,4,2,蓝色,红色,0,957.66-1437.09,3600,332.60,,,,,,,,,47446,双刃屠斧,258,2,1,17,无,,33670,复仇角斗士的斩首斧,47732,4,146,70,
103433,苍白月色断岳斧,武器,力量输出,2,1,17,双手武器,280,力量+190；耐力+215,护甲穿透等级+104；精准等级+114,1.00（触发效果额外，不扣属性预算）,护甲穿透等级+104；精准等级+114,护甲穿透等级+95；精准等级+117,护甲穿透等级×0.9135；精准等级×1.0263,4,0,,,0,931.02-1397.09,3500,332.59,,,71404,1,护甲穿透,232,50198,钉壳毒蝎,51905,拉玛兰迪的抉择之刃,264,2,1,17,无,,34014,复仇角斗士的战斧,47771,4,146,70,
103434,屠龙者的角弓,武器,敏捷输出,2,2,15,弓,280,敏捷+71；耐力+56,攻击强度+75；暴击等级+39；急速等级+33,1.00（触发效果额外，不扣属性预算）,攻击强度+75；暴击等级+39；急速等级+33,攻击强度+80；暴击等级+40；急速等级+35,攻击强度×1.0667；暴击等级×1.0256；急速等级×1.0606,5,1,红色,,0,633.34-1084.16,2800,306.70,28,,,,,,,,45327,海妖的悲鸣,238,2,2,15,无,,30318,灵弦长弓,41875,5,175,70,
103435,角弓·天穹,武器,敏捷输出,2,2,15,弓,280,敏捷+54；耐力+45,攻击强度+87；暴击等级+42；命中等级+27,1.00（触发效果额外，不扣属性预算）,攻击强度+87；暴击等级+42；命中等级+27,攻击强度+93；暴击等级+39；命中等级+27,攻击强度×1.0690；暴击等级×0.9286；命中等级×1.0000,5,1,黄色,,0,657.44-1080.34,2900,299.62,,,,,,,,,51927,海洋之神骨弓,264,2,2,15,无,,34334,索利达尔，群星之怒,48902,5,164,70,
103436,守望者的复合弓,武器,敏捷输出,2,2,15,弓,280,敏捷+54；耐力+45,攻击强度+87；暴击等级+42；命中等级+27,1.00（触发效果额外，不扣属性预算）,攻击强度+87；暴击等级+42；命中等级+27,攻击强度+83；暴击等级+45；命中等级+28,攻击强度×0.9540；暴击等级×1.0714；命中等级×1.0370,5,1,蓝色,,0,657.44-1080.34,2900,299.62,,,,,,,,,51927,海洋之神骨弓,264,2,2,15,无,,23051,防御者之刃,35450,5,86,60,
103437,凛冬余威角弓,武器,敏捷输出,2,2,15,弓,280,敏捷+63；耐力+44,攻击强度+72；护甲穿透等级+32；命中等级+34,1.00（触发效果额外，不扣属性预算）,攻击强度+72；护甲穿透等级+32；命中等级+34,攻击强度+75；护甲穿透等级+33；命中等级+36,攻击强度×1.0417；护甲穿透等级×1.0312；命中等级×1.0588,5,1,红色,,0,644.59-1077.70,2800,307.55,,,65025,1,暴击等级,226,46038,黑暗物质,48711,洛克夏拉，暗影诛灭者,245,2,2,15,无,,34196,奎尔萨拉斯金弓,48294,4,154,70,
103438,长枪·深渊凝视,武器,敏捷输出,2,3,26,远程武器,280,敏捷+65；耐力+59,攻击强度+57；暴击等级+40；急速等级+29,1.00（触发效果额外，不扣属性预算）,攻击强度+57；暴击等级+40；急速等级+29,攻击强度+53；暴击等级+41；急速等级+31,攻击强度×0.9298；暴击等级×1.0250；急速等级×1.0690,5,1,红色,,0,666.48-1095.65,2900,303.82,,,71404,1,护甲穿透,232,50198,钉壳毒蝎,47523,菲斯克的自动火炮,258,2,3,26,无,,35075,野蛮角斗士的步枪,49393,4,154,70,
103439,银色勇士之锐眼,武器,敏捷输出,2,3,26,远程武器,280,敏捷+54；耐力+42,攻击强度+88；护甲穿透等级+41；急速等级+26,1.00（触发效果额外，不扣属性预算）,攻击强度+88；护甲穿透等级+41；急速等级+26,攻击强度+94；护甲穿透等级+40；急速等级+24,攻击强度×1.0682；护甲穿透等级×0.9756；急速等级×0.9231,5,1,黄色,,0,681.13-1118.25,3000,299.90,,,64786,1,急速等级,239,45609,彗星之痕,51845,打桩枪,264,2,3,26,无,,34530,复仇角斗士的步枪,48183,4,146,70,
103440,符文枪·远古誓言,武器,敏捷输出,2,3,26,远程武器,280,敏捷+65；耐力+32,攻击强度+83；暴击等级+42；命中等级+26,1.00（触发效果额外，不扣属性预算）,攻击强度+83；暴击等级+42；命中等级+26,攻击强度+84；暴击等级+42；命中等级+27,攻击强度×1.0120；暴击等级×1.0000；命中等级×1.0385,5,2,蓝色,红色,0,644.59-1077.70,2800,307.55,,,,,,,,,48022,大口径燧石火枪,245,2,3,26,无,,32325,坚韧卫士火枪,44962,4,141,70,
103441,黑锋骑士裁断火枪,武器,敏捷输出,2,3,26,远程武器,280,敏捷+54；耐力+42,攻击强度+88；护甲穿透等级+41；急速等级+26,1.00（触发效果额外，不扣属性预算）,攻击强度+88；护甲穿透等级+41；急速等级+26,攻击强度+83；护甲穿透等级+38；急速等级+27,攻击强度×0.9432；护甲穿透等级×0.9268；急速等级×1.0385,5,1,红色,,0,681.13-1118.25,3000,299.90,,,,,,,,,51845,打桩枪,264,2,3,26,无,,29949,奥金气枪,42178,4,134,70,
103442,大领主之征服,武器,力量输出,2,4,21,主手武器,280,耐力+107；力量+57,暴击等级+47；命中等级+52；精准等级+47,1.00（触发效果额外，不扣属性预算）,暴击等级+47；命中等级+52；精准等级+47,暴击等级+49；命中等级+50；精准等级+43,暴击等级×1.0426；命中等级×0.9615；精准等级×0.9149,5,0,,,0,302.82-563.98,1700,254.94,,,64786,1,急速等级,239,45609,彗星之痕,51937,断骨权杖,264,2,4,13,同子类坦克评级等价替换,躲闪等级→暴击等级；防御等级→精准等级,30317,宇宙灌注者,41873,5,175,70,
103443,破军之静潮,武器,力量输出,2,4,21,主手武器,280,耐力+97；力量+82,暴击等级+62；护甲穿透等级+62；命中等级+61,1.00（触发效果额外，不扣属性预算）,暴击等级+62；护甲穿透等级+62；命中等级+61,暴击等级+68；护甲穿透等级+62；命中等级+59,暴击等级×1.0968；护甲穿透等级×1.0000；命中等级×0.9672,5,1,黄色,,0,613.47-920.21,3000,255.61,,,,,,,,,50708,结语,277,2,4,13,同子类坦克评级等价替换,防御等级→暴击等级；招架等级→护甲穿透等级；法术命中等级→命中等级,34335,圣灵之锤,48029,4,164,70,
103444,先知破界仪祭锤,武器,力量输出,2,4,21,主手武器,280,力量+61；耐力+109,命中等级+54；暴击等级+46；精准等级+41,1.00（触发效果额外，不扣属性预算）,命中等级+54；暴击等级+46；精准等级+41,命中等级+57；暴击等级+47；精准等级+44,命中等级×1.0556；暴击等级×1.0217；精准等级×1.0732,5,1,蓝色,,0,582.50-970.83,3000,258.89,,,64792,1,攻击强度,226,45522,古神之血,50738,米瑟里奥斯，铜须的遗产,284,2,4,13,同子类坦克评级等价替换,防御等级→命中等级；招架等级→暴击等级,34176,哀难,47992,4,154,70,
103445,磐石之长夜,武器,坦克,2,4,21,主手武器,280,耐力+106；力量+83,躲闪等级+38；招架等级+32；防御等级+44,1.00（触发效果额外，不扣属性预算）,躲闪等级+38；招架等级+32；防御等级+44,躲闪等级+36；招架等级+30；防御等级+43,躲闪等级×0.9474；招架等级×0.9375；防御等级×0.9773,5,0,,,0,285.05-529.93,1600,254.68,,,64764,1,减伤护盾,226,45507,将军之心,48714,忠烈之锤,245,2,4,13,无,,34199,执政官之槌,48908,4,154,70,
103446,磐石战锤,武器,坦克,2,4,21,主手武器,280,耐力+107；力量+57,躲闪等级+47；命中等级+52；防御等级+47,1.00（触发效果额外，不扣属性预算）,躲闪等级+47；命中等级+52；防御等级+47,躲闪等级+43；命中等级+49；防御等级+49,躲闪等级×0.9149；命中等级×0.9423；防御等级×1.0426,5,1,红色,,0,302.82-563.98,1700,254.94,,,,,,,,,51937,断骨权杖,264,2,4,13,无,,34988,野蛮角斗士的碎骨锤,49136,4,154,70,
103447,钉锤·静潮,武器,坦克,2,4,21,主手武器,280,力量+61；耐力+121,防御等级+53；招架等级+53；精准等级+41,1.00（触发效果额外，不扣属性预算）,防御等级+53；招架等级+53；精准等级+41,防御等级+58；招架等级+57；精准等级+44,防御等级×1.0943；招架等级×1.0755；精准等级×1.0732,5,1,黄色,,0,285.39-532.30,1600,255.53,,,,,,,,,49997,米瑟里奥斯，铜须的遗产,271,2,4,13,无,,35014,野蛮角斗士的木槌,49135,4,154,70,
103448,银色勇士的手锤,武器,法系输出,2,4,21,主手武器,280,耐力+78；智力+78,法术强度+863；暴击等级+53；急速等级+69,1.00（触发效果额外，不扣属性预算）,法术强度+863；暴击等级+53；急速等级+69,法术强度+926；暴击等级+57；急速等级+68,法术强度×1.0730；暴击等级×1.0755；急速等级×0.9855,5,0,,,0,155.69-432.25,1800,163.32,,,64714,1,法术强度,239,45518,天堂之焰,50734,泰瑞纳斯二世的皇家权杖,284,2,4,21,无,,35082,野蛮角斗士的拯救,49146,4,154,70,
103449,最后守望权杖,武器,法系输出,2,4,21,主手武器,280,耐力+77；智力+78,法术强度+856；暴击等级+69；急速等级+68,1.00（触发效果额外，不扣属性预算）,法术强度+856；暴击等级+69；急速等级+68,法术强度+783；暴击等级+63；急速等级+63,法术强度×0.9147；暴击等级×0.9130；急速等级×0.9265,5,0,,,0,139.11-418.42,1800,154.87,,,64742,1,法术强度,226,45490,潘多拉的恳求,50428,泰瑞纳斯二世的皇家权杖,271,2,4,21,无,,32500,卡拉波水晶之塔,45365,4,151,70,
103450,泰坦遗训·碎骨锤,武器,法系输出,2,4,21,主手武器,280,耐力+78；智力+78,法术强度+863；暴击等级+53；急速等级+69,1.00（触发效果额外，不扣属性预算）,法术强度+863；暴击等级+53；急速等级+69,法术强度+864；暴击等级+53；急速等级+67,法术强度×1.0012；暴击等级×1.0000；急速等级×0.9710,5,1,红色,,0,155.69-432.25,1800,163.32,,,64714,1,法术强度,239,45518,天堂之焰,50734,泰瑞纳斯二世的皇家权杖,284,2,4,21,无,,33662,复仇角斗士的碎骨锤,47606,4,146,70,
103451,黑锋骑士回响钉锤,武器,治疗,2,4,21,主手武器,280,耐力+81；智力+69,法术强度+855；暴击等级+60；每5秒法力回复+34,1.00（触发效果额外，不扣属性预算）,法术强度+855；暴击等级+60；每5秒法力回复+34,法术强度+931；暴击等级+64；每5秒法力回复+31,法术强度×1.0889；暴击等级×1.0667；每5秒法力回复×0.9118,5,1,蓝色,,0,157.45-498.22,2200,149.02,,,,,,,,,51944,法流士，光明使者裁决槌,271,2,4,21,无,,33687,复仇角斗士的木槌,47740,4,146,70,
103452,黑锋骑士团静谧手锤,武器,治疗,2,4,21,主手武器,280,耐力+76；智力+74,法术强度+851；急速等级+58；每5秒法力回复+34,1.00（触发效果额外，不扣属性预算）,法术强度+851；急速等级+58；每5秒法力回复+34,法术强度+866；急速等级+59；每5秒法力回复+37,法术强度×1.0176；急速等级×1.0172；每5秒法力回复×1.0882,5,1,黄色,,0,157.82-500.90,2200,149.71,,,,,,,,,51875,感染之伤,264,2,4,21,无,,34896,纳鲁赐福之槌,49111,4,146,70,
103453,新月·钉锤,武器,治疗,2,4,21,主手武器,280,耐力+81；智力+69,法术强度+855；暴击等级+60；每5秒法力回复+34,1.00（触发效果额外，不扣属性预算）,法术强度+855；暴击等级+60；每5秒法力回复+34,法术强度+833；暴击等级+61；每5秒法力回复+35,法术强度×0.9743；暴击等级×1.0167；每5秒法力回复×1.0294,5,0,,,0,157.45-498.22,2200,149.02,,,,,,,,,51944,法流士，光明使者裁决槌,271,2,4,21,无,,30108,浅水权杖,47438,4,141,70,
103454,寒星战槌,武器,力量输出,2,5,17,双手武器,280,力量+223；耐力+215,暴击等级+138；命中等级+113,1.00（触发效果额外，不扣属性预算）,暴击等级+138；命中等级+113,暴击等级+147；命中等级+104,暴击等级×1.0652；命中等级×0.9204,4,1,红色,,0,961.43-1440.78,3600,333.64,,,65020,1,护甲穿透,226,45931,雷神符石,45521,辟地,238,2,5,17,无,,17182,萨弗拉斯，炎魔拉格纳罗斯之手,29698,5,80,60,
103455,无畏降临破城锤,武器,力量输出,2,5,17,双手武器,280,力量+190；耐力+214,暴击等级+112；护甲穿透等级+111,1.00（触发效果额外，不扣属性预算）,暴击等级+112；护甲穿透等级+111,暴击等级+123；护甲穿透等级+119,暴击等级×1.0982；护甲穿透等级×1.0721,4,0,,,0,957.98-1438.58,3600,332.86,,,65025,1,暴击等级,226,46038,黑暗物质,51946,米奈希尔战争钉锤,271,2,5,17,无,,34989,野蛮角斗士的碾骨锤,49993,4,154,70,
103456,暗影穹殿之破城锤,武器,力量输出,2,5,17,双手武器,280,力量+190；耐力+214,暴击等级+112；护甲穿透等级+111,1.00（触发效果额外，不扣属性预算）,暴击等级+112；护甲穿透等级+111,暴击等级+115；护甲穿透等级+121,暴击等级×1.0268；护甲穿透等级×1.0901,4,2,蓝色,红色,0,957.98-1438.58,3600,332.86,,,71404,1,护甲穿透,232,50198,钉壳毒蝎,51946,米奈希尔战争钉锤,271,2,5,17,无,,33663,复仇角斗士的碾骨锤,47742,4,146,70,
103457,裂地之泰坦遗训,武器,力量输出,2,5,17,双手武器,280,力量+190；耐力+215,暴击等级+121；精准等级+96,1.00（触发效果额外，不扣属性预算）,暴击等级+121；精准等级+96,暴击等级+123；精准等级+97,暴击等级×1.0165；精准等级×1.0104,4,2,红色,黄色,0,931.02-1397.09,3500,332.59,,,,,,,,,51833,公牛之心,264,2,5,17,无,,32332,诅咒火炬,45350,4,141,70,
103458,翡翠梦境之骑枪,武器,力量输出,2,6,17,双手武器,280,力量+199；耐力+215,暴击等级+92；命中等级+136,1.00（触发效果额外，不扣属性预算）,暴击等级+92；命中等级+136,暴击等级+94；命中等级+130,暴击等级×1.0217；命中等级×0.9559,4,1,红色,,0,903.93-1357.59,3400,332.58,,,,,,,,,51936,堡垒卫士的巨剑,264,2,8,17,同手位力量双手预算,,34183,魔脊之枪,47996,4,154,70,
103459,泰坦庇佑长柄刃,武器,力量输出,2,6,17,双手武器,280,力量+221；耐力+215,暴击等级+131；急速等级+116,1.00（触发效果额外，不扣属性预算）,暴击等级+131；急速等级+116,暴击等级+140；急速等级+112,暴击等级×1.0687；急速等级×0.9655,4,1,黄色,,0,957.39-1437.95,3600,332.69,,,,,,,,,50048,奎尔德拉，信仰之力,251,2,8,17,同手位力量双手预算,,35064,野蛮角斗士的痛苦之锯,49142,4,154,70,
103460,大领主的枪刃,武器,力量输出,2,6,17,双手武器,280,力量+198；耐力+214,暴击等级+116；护甲穿透等级+113,1.00（触发效果额外，不扣属性预算）,暴击等级+116；护甲穿透等级+113,暴击等级+125；护甲穿透等级+109,暴击等级×1.0776；护甲穿透等级×0.9646,4,1,蓝色,,0,957.66-1437.09,3600,332.60,,,64786,1,急速等级,239,45609,彗星之痕,51796,米奈希尔战槌,258,2,5,17,同手位力量双手预算,,33727,复仇角斗士的痛苦之锯,40368,4,146,70,
103461,疾风唤醒骑枪,武器,敏捷输出,2,6,17,双手武器,280,敏捷+182；耐力+188,攻击强度+216；暴击等级+126；急速等级+100,1.00（触发效果额外，不扣属性预算）,攻击强度+216；暴击等级+126；急速等级+100,攻击强度+222；暴击等级+130；急速等级+92,攻击强度×1.0278；暴击等级×1.0317；急速等级×0.9200,5,0,,,0,906.31-1359.47,3400,333.20,,,,,,,,,50727,血瀑,277,2,6,17,无,,32248,荒芜之戟,45318,4,141,70,
103462,霜羽战戟,武器,敏捷输出,2,6,17,双手武器,280,敏捷+169；耐力+188,攻击强度+222；暴击等级+110；护甲穿透等级+118,1.00（触发效果额外，不扣属性预算）,攻击强度+222；暴击等级+110；护甲穿透等级+118,攻击强度+232；暴击等级+118；护甲穿透等级+113,攻击强度×1.0450；暴击等级×1.0727；护甲穿透等级×0.9576,5,1,黄色,,0,961.50-1442.73,3600,333.92,,,,,,,,,50735,缚誓者，游侠将军的号令,284,2,6,17,无,,32025,残酷角斗士的痛苦之锯,41562,4,136,70,
103463,守望者的长矛,武器,敏捷输出,2,6,17,双手武器,280,耐力+144；敏捷+216,攻击强度+251；暴击等级+105；命中等级+136,1.00（触发效果额外，不扣属性预算）,攻击强度+251；暴击等级+105；命中等级+136,攻击强度+253；暴击等级+97；命中等级+127,攻击强度×1.0080；暴击等级×0.9238；命中等级×0.9338,5,0,,,0,908.30-1363.88,3400,334.14,,,64792,1,攻击强度,226,45522,古神之血,50296,逆戟鲸猎叉,232,2,6,17,无,,28774,深渊巨刃,40366,4,125,70,
103464,屠龙者的战刃,武器,力量输出,2,7,21,主手武器,280,力量+60；耐力+122,暴击等级+53；精准等级+52；命中等级+47,1.00（触发效果额外，不扣属性预算）,暴击等级+53；精准等级+52；命中等级+47,暴击等级+52；精准等级+51；命中等级+49,暴击等级×0.9811；精准等级×0.9808；命中等级×1.0426,5,1,红色,,0,285.31-530.67,1600,254.99,,,64792,1,攻击强度,226,45522,古神之血,45110,泰坦禁卫,232,2,7,13,同子类坦克评级等价替换,防御等级→暴击等级；招架等级→精准等级,30311,迁跃切割者,41867,5,175,70,
103465,霜脉矮人的失落荣光,武器,力量输出,2,7,21,主手武器,280,力量+49；耐力+107,暴击等级+53；护甲穿透等级+54；精准等级+47,1.00（触发效果额外，不扣属性预算）,暴击等级+53；护甲穿透等级+54；精准等级+47,暴击等级+51；护甲穿透等级+50；精准等级+49,暴击等级×0.9623；护甲穿透等级×0.9259；精准等级×1.0426,5,1,黄色,,0,540.34-838.66,2700,255.37,,,65020,1,护甲穿透,226,45931,雷神符石,51869,整容刀,264,2,7,13,同子类坦克评级等价替换,防御等级→暴击等级；招架等级→护甲穿透等级,32837,埃辛诺斯战刃,45479,5,156,70,
103466,黑锋骑士的战刃,武器,力量输出,2,7,21,主手武器,280,力量+83；耐力+107,精准等级+33；急速等级+41；暴击等级+43,1.00（触发效果额外，不扣属性预算）,精准等级+33；急速等级+41；暴击等级+43,精准等级+30；急速等级+43；暴击等级+39,精准等级×0.9091；急速等级×1.0488；暴击等级×0.9070,5,1,蓝色,,0,284.79-530.75,1600,254.86,,,,,,,,,47513,奥格瑞姆斜锋剑,258,2,7,13,同子类坦克评级等价替换,防御等级→精准等级；躲闪等级→急速等级；招架等级→暴击等级,32838,埃辛诺斯战刃,45481,5,156,70,
103467,黑锋骑士庇佑符文剑,武器,坦克,2,7,21,主手武器,280,力量+83；耐力+107,防御等级+33；躲闪等级+41；招架等级+43,1.00（触发效果额外，不扣属性预算）,防御等级+33；躲闪等级+41；招架等级+43,防御等级+32；躲闪等级+37；招架等级+45,防御等级×0.9697；躲闪等级×0.9024；招架等级×1.0465,5,1,蓝色,,0,284.79-530.75,1600,254.86,,,64764,1,减伤护盾,226,45507,将军之心,47506,银翼护卫者,258,2,7,13,无,,22736,安杜尼苏斯，灵魂的收割者,35152,5,100,60,
103468,荒野猎手破界阔剑,武器,坦克,2,7,21,主手武器,280,力量+83；耐力+107,防御等级+33；躲闪等级+41；招架等级+43,1.00（触发效果额外，不扣属性预算）,防御等级+33；躲闪等级+41；招架等级+43,防御等级+33；躲闪等级+38；招架等级+42,防御等级×1.0000；躲闪等级×0.9268；招架等级×0.9767,5,2,红色,黄色,0,284.79-530.75,1600,254.86,,,,,,,,,47513,奥格瑞姆斜锋剑,258,2,7,13,无,,19019,雷霆之怒，逐风者的祝福之剑,30606,5,80,60,
103469,不屈守护军刀,武器,坦克,2,7,21,主手武器,280,力量+49；耐力+107,防御等级+53；招架等级+54；精准等级+47,1.00（触发效果额外，不扣属性预算）,防御等级+53；招架等级+54；精准等级+47,防御等级+57；招架等级+55；精准等级+48,防御等级×1.0755；招架等级×1.0185；精准等级×1.0213,5,1,黄色,,0,540.34-838.66,2700,255.37,,,,,,,,,51869,整容刀,264,2,7,13,无,,61040,主-阿兹加洛战刃·绿,420106,5,70,70,
103470,黎明圣所的破晓,武器,法系输出,2,7,21,主手武器,280,耐力+78；智力+78,法术强度+863；急速等级+69；暴击等级+53,1.00（触发效果额外，不扣属性预算）,法术强度+863；急速等级+69；暴击等级+53,法术强度+872；急速等级+68；暴击等级+51,法术强度×1.0104；急速等级×0.9855；暴击等级×0.9623,5,2,黄色,蓝色,0,155.69-432.25,1800,163.32,,,,,,,,,50732,血涌，克尔苏加德的苦痛之剑,284,2,7,21,无,,61041,副-阿兹加洛战刃·绿,421039,5,70,70,
103471,群星回响符文剑,武器,法系输出,2,7,21,主手武器,280,智力+90；耐力+61,暴击等级+72；法术强度+840；命中等级+62,1.00（触发效果额外，不扣属性预算）,暴击等级+72；法术强度+840；命中等级+62,暴击等级+73；法术强度+791；命中等级+61,暴击等级×1.0139；法术强度×0.9417；命中等级×0.9839,5,0,,,0,175.69-556.59,2400,152.56,,,,,,,,,49499,流光碧空之歌,245,2,7,21,无,,61042,主-阿兹加洛战刃·红,420108,5,70,70,
103472,无声裁决·军刀,武器,法系输出,2,7,21,主手武器,280,耐力+78；智力+78,法术强度+858；急速等级+68；命中等级+52,1.00（触发效果额外，不扣属性预算）,法术强度+858；急速等级+68；命中等级+52,法术强度+838；急速等级+71；命中等级+57,法术强度×0.9767；急速等级×1.0441；命中等级×1.0962,5,0,,,0,146.64-424.55,1800,158.66,,,64742,1,法术强度,226,45490,潘多拉的恳求,50704,亡僵,277,2,7,21,无,,61043,副-阿兹加洛战刃·红,421042,5,70,70,
103473,群星回响·长剑,武器,敏捷输出,2,7,21,主手武器,280,敏捷+76；耐力+62,攻击强度+118；急速等级+49；暴击等级+47,1.00（触发效果额外，不扣属性预算）,攻击强度+118；急速等级+49；暴击等级+47,攻击强度+125；急速等级+49；暴击等级+46,攻击强度×1.0593；急速等级×1.0000；暴击等级×0.9787,5,1,红色,,0,463.79-862.30,2600,255.02,,,65020,1,护甲穿透,226,45931,雷神符石,51858,断魂,264,2,7,13,无,,34164,龙鳞,48078,4,154,70,
103474,最后守望·阔剑,武器,敏捷输出,2,7,21,主手武器,280,敏捷+92；耐力+71,攻击强度+106；暴击等级+56；护甲穿透等级+50,1.00（触发效果额外，不扣属性预算）,攻击强度+106；暴击等级+56；护甲穿透等级+50,攻击强度+97；暴击等级+52；护甲穿透等级+47,攻击强度×0.9151；暴击等级×0.9286；护甲穿透等级×0.9400,5,1,黄色,,0,480.89-894.85,2700,254.77,,,,,,,,,50046,奎尔德拉，阴影之诈,251,2,7,13,无,,34214,村正,48079,4,154,70,
103475,守望者凝视军刀,武器,敏捷输出,2,7,21,主手武器,280,敏捷+73；耐力+80,攻击强度+106；命中等级+54；护甲穿透等级+45,1.00（触发效果额外，不扣属性预算）,攻击强度+106；命中等级+54；护甲穿透等级+45,攻击强度+107；命中等级+55；护甲穿透等级+46,攻击强度×1.0094；命中等级×1.0185；护甲穿透等级×1.0222,5,2,蓝色,红色,0,466.24-866.02,2600,256.20,,,,,,,,,50672,血毒之刃,277,2,7,13,无,,35072,野蛮角斗士的迅捷之刃,49143,4,154,70,
103476,天穹·双手剑,武器,力量输出,2,8,17,双手武器,280,力量+199；耐力+215,暴击等级+92；命中等级+136,1.00（触发效果额外，不扣属性预算）,暴击等级+92；命中等级+136,暴击等级+90；命中等级+140,暴击等级×0.9783；命中等级×1.0294,4,1,红色,,0,903.93-1357.59,3400,332.58,,,65025,1,暴击等级,226,46038,黑暗物质,51936,堡垒卫士的巨剑,264,2,8,17,无,,13262,灰烬使者,23875,5,76,60,
103477,蓝龙军团钢铁双手剑,武器,力量输出,2,8,17,双手武器,280,力量+221；耐力+215,暴击等级+131；急速等级+116,1.00（触发效果额外，不扣属性预算）,暴击等级+131；急速等级+116,暴击等级+139；急速等级+112,暴击等级×1.0611；急速等级×0.9655,4,1,黄色,,0,957.39-1437.95,3600,332.69,,,71404,1,护甲穿透,232,50198,钉壳毒蝎,50048,奎尔德拉，信仰之力,251,2,8,17,无,,50442,Ashbringer (Extra Effects),64030,5,76,60,
103478,破军之永恒征途,武器,力量输出,2,8,17,双手武器,280,力量+185；耐力+224,护甲穿透等级+98；暴击等级+129,1.00（触发效果额外，不扣属性预算）,护甲穿透等级+98；暴击等级+129,护甲穿透等级+89；暴击等级+127,护甲穿透等级×0.9082；暴击等级×0.9845,4,0,,,0,958.80-1438.20,3600,332.92,,,,,,,,,45868,艾塞尔之刃,245,2,8,17,无,,61030,天启·蓝,421007,5,32,27,
103479,守望者之雷霆,武器,力量输出,2,8,17,双手武器,280,力量+190；耐力+214,暴击等级+117；精准等级+110,1.00（触发效果额外，不扣属性预算）,暴击等级+117；精准等级+110,暴击等级+110；精准等级+120,暴击等级×0.9402；精准等级×1.0909,4,0,,,0,1077.92-1460.19,3600,352.52,,,,,,,,,50730,葛罗伦萨格，银手至高之刃,284,2,8,17,无,,61031,天启·红,421009,5,32,27,
103480,灰熊丘陵之魔杖,武器,法系输出,2,10,17,双手武器,280,耐力+137；智力+168,法术强度+857；暴击等级+176；急速等级+129,1.00（触发效果额外，不扣属性预算）,法术强度+857；暴击等级+176；急速等级+129,法术强度+914；暴击等级+170；急速等级+122,法术强度×1.0665；暴击等级×0.9659；急速等级×0.9457,5,2,黄色,蓝色,0,439.70-788.88,2600,236.27,,,64714,1,法术强度,239,45518,天堂之焰,51943,海莱恩，遗忘之爱法杖,271,2,10,17,无,,30313,瓦解法杖,41895,5,175,70,
103481,凛冬余威·法杖,武器,法系输出,2,10,17,双手武器,280,耐力+143；智力+162,法术强度+851；暴击等级+130；命中等级+176,1.00（触发效果额外，不扣属性预算）,法术强度+851；暴击等级+130；命中等级+176,法术强度+808；暴击等级+125；命中等级+192,法术强度×0.9495；暴击等级×0.9615；命中等级×1.0909,5,2,蓝色,红色,0,442.07-792.75,2600,237.47,,,64742,1,法术强度,226,45490,潘多拉的恳求,51828,席瓦娜的苍穹法杖,264,2,10,17,无,,22589,埃提耶什，守护者的传说之杖,35632,5,90,60,
103482,肯瑞托深空节杖,武器,法系输出,2,10,17,双手武器,280,耐力+181；智力+181；精神+135,法术强度+859；急速等级+134,1.00（触发效果额外，不扣属性预算）,法术强度+859；急速等级+134,法术强度+910；急速等级+125,法术强度×1.0594；急速等级×0.9328,5,1,红色,,0,397.80-678.72,2100,256.31,,,,,,,,,50725,圣光将熄,277,2,10,17,无,,22630,埃提耶什，守护者的传说之杖,35631,5,90,60,
103483,索拉查奥术祭司杖,武器,法系输出,2,10,17,双手武器,280,耐力+143；智力+162,法术强度+851；命中等级+130；急速等级+171,1.00（触发效果额外，不扣属性预算）,法术强度+851；命中等级+130；急速等级+171,法术强度+890；命中等级+139；急速等级+173,法术强度×1.0458；命中等级×1.0692；急速等级×1.0117,5,1,黄色,,0,335.83-619.12,2100,227.37,,,64714,1,法术强度,239,45518,天堂之焰,51887,尸煞,264,2,10,17,无,,22631,埃提耶什，守护者的传说之杖,35634,5,90,60,
103484,唤星者之祈愿,武器,治疗,2,10,17,双手武器,280,耐力+188；智力+191；精神+107,法术强度+848；暴击等级+170,1.00（触发效果额外，不扣属性预算）,法术强度+848；暴击等级+170,法术强度+880；暴击等级+182,法术强度×1.0377；暴击等级×1.0706,5,0,,,0,337.40-621.97,2100,228.42,,,64738,1,法力回复,239,45535,信仰的证明,47525,隐忍,258,2,10,17,无,,22632,埃提耶什，守护者的传说之杖,35633,5,90,60,
103485,符文大师的长杖,武器,治疗,2,10,17,双手武器,280,耐力+181；智力+181；精神+136,法术强度+863；急速等级+136,1.00（触发效果额外，不扣属性预算）,法术强度+863；急速等级+136,法术强度+823；急速等级+136,法术强度×0.9537；急速等级×1.0000,5,1,黄色,,0,364.67-644.21,2100,240.21,,,,,,,,,50731,阿库斯，安东尼达斯的圣杖,284,2,10,17,无,,61036,安东尼达斯法杖·紫,420603,5,70,70,
103486,黑锋骑士的祭司杖,武器,治疗,2,10,17,双手武器,280,耐力+188；智力+191；精神+107,法术强度+848；暴击等级+170,1.00（触发效果额外，不扣属性预算）,法术强度+848；暴击等级+170,法术强度+812；暴击等级+179,法术强度×0.9575；暴击等级×1.0529,5,2,红色,蓝色,0,337.40-621.97,2100,228.42,,,,,,,,,47524,沐恩,258,2,10,17,无,,61037,安东尼达斯法杖·红,420604,5,70,70,
103487,蓝龙军团之魔杖,武器,治疗,2,10,17,双手武器,280,耐力+182；智力+183；精神+142,法术强度+856；急速等级+140,1.00（触发效果额外，不扣属性预算）,法术强度+856；急速等级+140,法术强度+885；急速等级+140,法术强度×1.0339；急速等级×1.0000,5,1,蓝色,,0,345.94-628.30,2100,231.96,,,65002,1,法力回复,226,45929,西芙的记忆,50429,亚库斯，安东尼达斯的圣杖,271,2,10,17,无,,34337,辛多雷金杖,48030,4,164,70,
103488,霜羽守护节杖,武器,敏捷输出,2,10,17,双手武器,280,敏捷+166；耐力+151,攻击强度+249；暴击等级+126；急速等级+125,1.00（触发效果额外，不扣属性预算）,攻击强度+249；暴击等级+126；急速等级+125,攻击强度+272；暴击等级+131；急速等级+122,攻击强度×1.0924；暴击等级×1.0397；急速等级×0.9760,5,1,红色,,0,639.33-959.51,2400,333.09,,,65025,1,暴击等级,226,46038,黑暗物质,50695,天涯,277,2,10,17,无,,34182,大魔导师的洪流法杖,49132,4,154,70,
103489,荒野长杖,武器,敏捷输出,2,10,17,双手武器,280,敏捷+169；耐力+170,攻击强度+259；暴击等级+119；护甲穿透等级+105,1.00（触发效果额外，不扣属性预算）,攻击强度+259；暴击等级+119；护甲穿透等级+105,攻击强度+255；暴击等级+129；护甲穿透等级+101,攻击强度×0.9846；暴击等级×1.0840；护甲穿透等级×0.9619,5,1,黄色,,0,639.01-959.05,2400,332.93,,,71404,1,护甲穿透,232,50198,钉壳毒蝎,51945,受污染的嫩枝，诺达希尔,271,2,10,17,无,,34198,远古本能之柱,48290,4,154,70,
103490,霜裔的节杖,武器,敏捷输出,2,10,17,双手武器,280,敏捷+182；耐力+170,攻击强度+254；暴击等级+126；命中等级+108,1.00（触发效果额外，不扣属性预算）,攻击强度+254；暴击等级+126；命中等级+108,攻击强度+233；暴击等级+136；命中等级+116,攻击强度×0.9173；暴击等级×1.0794；命中等级×1.0741,5,1,蓝色,,0,637.61-958.10,2400,332.44,,,,,,,,,51881,冰河之柱,264,2,10,17,无,,34987,野蛮角斗士的战斗法杖,47994,4,154,70,
103491,锐眼征伐手刃,武器,敏捷输出,2,13,21,主手武器,280,敏捷+75；耐力+61,暴击等级+56；急速等级+42；攻击强度+120,1.00（触发效果额外，不扣属性预算）,暴击等级+56；急速等级+42；攻击强度+120,暴击等级+57；急速等级+44；攻击强度+118,暴击等级×1.0179；急速等级×1.0476；攻击强度×0.9833,5,0,,,0,531.23-797.38,2600,255.50,,,64786,1,急速等级,239,45609,彗星之痕,51941,普鸠斯，蔑视之拳,271,2,13,21,无,,34331,欺诈者之手,48028,4,164,70,
103492,永恒征途·拳套,武器,敏捷输出,2,13,21,主手武器,280,敏捷+94；耐力+61,护甲穿透等级+42；暴击等级+55；攻击强度+92,1.00（触发效果额外，不扣属性预算）,护甲穿透等级+42；暴击等级+55；攻击强度+92,护甲穿透等级+42；暴击等级+54；攻击强度+90,护甲穿透等级×1.0000；暴击等级×0.9818；攻击强度×0.9783,5,1,黄色,,0,529.93-795.55,2600,254.90,,,64792,1,攻击强度,226,45522,古神之血,48712,碎脊之拳,245,2,13,21,无,,34203,玛诺洛斯之握,48002,4,154,70,
103493,霜原孤歌·刃拳,武器,敏捷输出,2,13,21,主手武器,280,敏捷+77；耐力+71,命中等级+55；暴击等级+48；攻击强度+115,1.00（触发效果额外，不扣属性预算）,命中等级+55；暴击等级+48；攻击强度+115,命中等级+51；暴击等级+51；攻击强度+109,命中等级×0.9273；暴击等级×1.0625；攻击强度×0.9478,5,0,,,0,549.37-825.35,2700,254.58,,,,,,,,,45449,切碎者,245,2,13,21,无,,34346,复仇,48038,4,154,70,
103494,手刃·新月,武器,敏捷输出,2,13,22,副手武器,280,敏捷+75；耐力+61,暴击等级+56；急速等级+42；攻击强度+120,1.00（触发效果额外，不扣属性预算）,暴击等级+56；急速等级+42；攻击强度+120,暴击等级+60；急速等级+39；攻击强度+128,暴击等级×1.0714；急速等级×0.9286；攻击强度×1.0667,5,1,红色,,0,531.23-797.38,2600,255.50,,,,,,,,,51941,普鸠斯，蔑视之拳,271,2,13,21,无,,35037,野蛮角斗士的左拳套,49139,4,154,70,
103495,银色勇士凝视拳套,武器,敏捷输出,2,13,22,副手武器,280,敏捷+94；耐力+61,护甲穿透等级+42；暴击等级+55；攻击强度+92,1.00（触发效果额外，不扣属性预算）,护甲穿透等级+42；暴击等级+55；攻击强度+92,护甲穿透等级+43；暴击等级+55；攻击强度+83,护甲穿透等级×1.0238；暴击等级×1.0000；攻击强度×0.9022,5,1,黄色,,0,529.93-795.55,2600,254.90,,,65020,1,护甲穿透,226,45931,雷神符石,48703,毁容之拳,245,2,13,21,无,,35076,野蛮角斗士的右拳刃,49145,4,154,70,
103496,霜脉矮人的黎明赞歌,武器,敏捷输出,2,13,22,副手武器,280,敏捷+81；耐力+80,攻击强度+90；急速等级+53；命中等级+45,1.00（触发效果额外，不扣属性预算）,攻击强度+90；急速等级+53；命中等级+45,攻击强度+96；急速等级+55；命中等级+46,攻击强度×1.0667；急速等级×1.0377；命中等级×1.0222,5,1,蓝色,,0,466.24-866.02,2600,256.20,,,,,,,,,50710,凯雷塞斯的诱惑,277,2,13,22,无,,33705,复仇角斗士的左拳刃,46967,4,146,70,
103497,霜羽锐刺,武器,敏捷输出,2,15,21,主手武器,280,敏捷+81；耐力+80,攻击强度+90；暴击等级+54；急速等级+45,1.00（触发效果额外，不扣属性预算）,攻击强度+90；暴击等级+54；急速等级+45,攻击强度+97；暴击等级+56；急速等级+49,攻击强度×1.0778；暴击等级×1.0370；急速等级×1.0889,5,1,红色,,0,368.08-553.15,1800,255.90,,,65025,1,暴击等级,226,46038,黑暗物质,50676,解骨,277,2,15,13,无,,30312,无尽之刃,41872,5,175,70,
103498,猎影降临锐刺,武器,敏捷输出,2,15,21,主手武器,280,敏捷+81；耐力+80,攻击强度+90；暴击等级+54；护甲穿透等级+45,1.00（触发效果额外，不扣属性预算）,攻击强度+90；暴击等级+54；护甲穿透等级+45,攻击强度+97；暴击等级+52；护甲穿透等级+49,攻击强度×1.0778；暴击等级×0.9630；护甲穿透等级×1.0889,5,1,黄色,,0,250.50-466.24,1400,255.98,,,71404,1,护甲穿透,232,50198,钉壳毒蝎,50621,肺穿,277,2,15,13,无,,17142,污染者碎片,29097,5,70,60,
103499,龙骨荒野之锐刺,武器,敏捷输出,2,15,21,主手武器,280,敏捷+72；耐力+81,攻击强度+108；暴击等级+46；急速等级+54,1.00（触发效果额外，不扣属性预算）,攻击强度+108；暴击等级+46；急速等级+54,攻击强度+113；暴击等级+43；急速等级+56,攻击强度×1.0463；暴击等级×0.9348；急速等级×1.0370,5,1,蓝色,,0,369.89-555.31,1800,257.00,,,64786,1,急速等级,239,45609,彗星之痕,50736,天堂陨落，万千谎言之刃,284,2,15,13,无,,34329,天启,48026,4,164,70,
103500,符文袖剑,武器,法系输出,2,15,21,主手武器,280,耐力+58；智力+72,法术强度+855；暴击等级+53；急速等级+80,1.00（触发效果额外，不扣属性预算）,法术强度+855；暴击等级+53；急速等级+80,法术强度+786；暴击等级+48；急速等级+82,法术强度×0.9193；暴击等级×0.9057；急速等级×1.0250,5,1,黄色,,0,128.33-407.64,1800,148.88,,,,,,,,,51939,泰萨斯，血腥君王之匕,271,2,15,21,无,,34336,日灸,48031,4,164,70,
103501,冬拥湖的破晓,武器,法系输出,2,15,21,主手武器,280,耐力+58；智力+72,法术强度+851；暴击等级+54；命中等级+81,1.00（触发效果额外，不扣属性预算）,法术强度+851；暴击等级+54；命中等级+81,法术强度+804；暴击等级+59；命中等级+78,法术强度×0.9448；暴击等级×1.0926；命中等级×0.9630,5,1,蓝色,,0,129.23-410.56,1800,149.94,,,64742,1,法术强度,226,45490,潘多拉的恳求,51815,阴冷凛惧岛刻刃,264,2,15,21,无,,34165,卡雷苟斯之牙,49970,4,154,70,
103502,深空短刃,武器,法系输出,2,15,21,主手武器,280,耐力+59；智力+81,法术强度+837；命中等级+64；急速等级+68,1.00（触发效果额外，不扣属性预算）,法术强度+837；命中等级+64；急速等级+68,法术强度+759；命中等级+63；急速等级+73,法术强度×0.9068；命中等级×0.9844；急速等级×1.0735,5,0,,,0,129.88-411.30,1800,150.33,,,64714,1,法术强度,239,45518,天堂之焰,47422,狂心倒钩,258,2,15,21,无,,34197,放血剃刀,49971,4,154,70,
103503,恩泽之无声裁决,武器,治疗,2,15,21,主手武器,280,耐力+77；智力+77；精神+68,法术强度+858；暴击等级+51,1.00（触发效果额外，不扣属性预算）,法术强度+858；暴击等级+51,法术强度+860；暴击等级+56,法术强度×1.0023；暴击等级×1.0980,5,2,蓝色,黄色,0,146.64-424.55,1800,158.66,,,,,,,,,50608,冰封骨针,277,2,15,21,无,,35058,野蛮角斗士的切割者,49141,4,154,70,
103504,流光匕首,武器,治疗,2,15,21,主手武器,280,耐力+59；智力+65；精神+62,急速等级+88；法术强度+828,1.00（触发效果额外，不扣属性预算）,急速等级+88；法术强度+828,急速等级+89；法术强度+870,急速等级×1.0114；法术强度×1.0507,5,1,黄色,,0,142.75-434.60,1800,160.38,,,,,,,,,45332,风暴之刺,225,2,15,21,无,,35102,野蛮角斗士的法术之刃,49147,4,154,70,
103505,奥杜尔月泉锐刺,武器,治疗,2,15,21,主手武器,280,智力+83；耐力+56,暴击等级+65；法术强度+840；每5秒法力回复+41,1.00（触发效果额外，不扣属性预算）,暴击等级+65；法术强度+840；每5秒法力回复+41,暴击等级+63；法术强度+792；每5秒法力回复+40,暴击等级×0.9692；法术强度×0.9429；每5秒法力回复×0.9756,5,2,红色,蓝色,0,108.64-347.36,1500,152.00,,,71567,1,治疗回蓝,232,50260,消融之雪,49494,砺亮的秘法之牙,245,2,15,21,无,,32471,埃辛诺斯碎片,45487,4,151,70,
103506,泰坦监护者追猎锐刺,武器,敏捷输出,2,15,22,副手武器,280,敏捷+84；耐力+81,攻击强度+105；暴击等级+53；急速等级+53,1.00（触发效果额外，不扣属性预算）,攻击强度+105；暴击等级+53；急速等级+53,攻击强度+114；暴击等级+56；急速等级+48,攻击强度×1.0857；暴击等级×1.0566；急速等级×0.9057,5,1,红色,,0,367.69-552.61,1800,255.64,,,,,,,,,50426,天堂陨落，大谎言之刃,271,2,15,13,无,,33754,复仇角斗士的军刺,47733,4,146,70,
103507,天穹匕首,武器,敏捷输出,2,15,22,副手武器,280,敏捷+81；耐力+80,攻击强度+90；暴击等级+54；护甲穿透等级+45,1.00（触发效果额外，不扣属性预算）,攻击强度+90；暴击等级+54；护甲穿透等级+45,攻击强度+89；暴击等级+59；护甲穿透等级+46,攻击强度×0.9889；暴击等级×1.0926；护甲穿透等级×1.0222,5,0,,,0,250.50-466.24,1400,255.98,,,,,,,,,50621,肺穿,277,2,15,13,无,,33763,复仇角斗士的法术之刃,46973,4,146,70,
103508,暮光审判官镇压祭刃,武器,敏捷输出,2,15,22,副手武器,280,敏捷+84；耐力+48,攻击强度+103；暴击等级+53；精准等级+53,1.00（触发效果额外，不扣属性预算）,攻击强度+103；暴击等级+53；精准等级+53,攻击强度+103；暴击等级+54；精准等级+49,攻击强度×1.0000；暴击等级×1.0189；精准等级×0.9245,5,2,蓝色,红色,0,321.73-598.57,1800,255.64,,,,,,,,,51942,风暴烈怒，背叛者的黑刃,271,2,15,13,无,,34894,锯刃,48888,4,146,70,
103509,回旋刃·霜火,武器,敏捷输出,2,16,25,投掷武器,280,敏捷+63；耐力+59,攻击强度+76；暴击等级+40；急速等级+39,1.00（触发效果额外，不扣属性预算）,攻击强度+76；暴击等级+40；急速等级+39,攻击强度+75；暴击等级+44；急速等级+37,攻击强度×0.9868；暴击等级×1.1000；急速等级×0.9487,5,2,红色,黄色,0,476.07-715.23,1800,330.92,,,64792,1,攻击强度,226,45522,古神之血,50474,弹片之星,264,2,16,25,无,,34349,死亡飞刀,48035,4,154,70,
103510,霜羽破界飞斧,武器,敏捷输出,2,16,25,投掷武器,280,敏捷+54；耐力+53,攻击强度+80；暴击等级+33；命中等级+36,1.00（触发效果额外，不扣属性预算）,攻击强度+80；暴击等级+33；命中等级+36,攻击强度+87；暴击等级+31；命中等级+39,攻击强度×1.0875；暴击等级×0.9394；命中等级×1.0833,5,2,黄色,蓝色,0,476.07-715.23,1800,330.92,,,,,,,,,51880,古鲁斯的生魂小刀,264,2,16,25,无,,35108,野蛮角斗士的战刃,38679,4,154,70,
103511,守望者破界飞刀,武器,敏捷输出,2,16,25,投掷武器,280,敏捷+54；耐力+53,攻击强度+80；暴击等级+33；命中等级+36,1.00（触发效果额外，不扣属性预算）,攻击强度+80；暴击等级+33；命中等级+36,攻击强度+77；暴击等级+34；命中等级+36,攻击强度×0.9625；暴击等级×1.0303；命中等级×1.0000,5,1,蓝色,,0,476.07-715.23,1800,330.92,,,65020,1,护甲穿透,226,45931,雷神符石,51880,古鲁斯的生魂小刀,264,2,16,25,无,,32326,萨拉克的扭曲飞刀,45738,4,141,70,
103512,不灭烽火·符文弩,武器,敏捷输出,2,18,26,远程武器,280,敏捷+57；耐力+60,攻击强度+72；暴击等级+42；急速等级+24,1.00（触发效果额外，不扣属性预算）,攻击强度+72；暴击等级+42；急速等级+24,攻击强度+77；暴击等级+41；急速等级+22,攻击强度×1.0694；暴击等级×0.9762；急速等级×0.9167,5,1,红色,,0,741.64-1040.04,2900,307.19,,,,,,,,,48052,暗喉之弩,245,2,18,26,无,,35018,野蛮角斗士的重弩,49138,4,154,70,
103513,先知追猎连弩,武器,敏捷输出,2,18,26,远程武器,280,敏捷+59；耐力+60,攻击强度+64；暴击等级+39；护甲穿透等级+32,1.00（触发效果额外，不扣属性预算）,攻击强度+64；暴击等级+39；护甲穿透等级+32,攻击强度+69；暴击等级+38；护甲穿透等级+33,攻击强度×1.0781；暴击等级×0.9744；护甲穿透等级×1.0312,5,0,,,0,750.53-1026.59,3000,296.19,,,65025,1,暴击等级,226,46038,黑暗物质,50733,菲林洛什，奎尔萨拉斯护卫者,284,2,18,26,无,,33006,复仇角斗士的重弩,46964,4,146,70,
103514,圣贤的战弩,武器,敏捷输出,2,18,26,远程武器,280,敏捷+70；耐力+59,攻击强度+76；暴击等级+42；命中等级+35,1.00（触发效果额外，不扣属性预算）,攻击强度+76；暴击等级+42；命中等级+35,攻击强度+74；暴击等级+38；命中等级+35,攻击强度×0.9737；暴击等级×0.9048；命中等级×1.0000,5,2,蓝色,红色,0,719.28-1014.09,2800,309.53,,,71404,1,护甲穿透,232,50198,钉壳毒蝎,45570,天铸之弩,239,2,18,26,无,,34892,无情打击之弩,49114,4,146,70,
103515,余烬·符文弩,武器,敏捷输出,2,18,26,远程武器,280,敏捷+54；耐力+59,攻击强度+57；急速等级+38；护甲穿透等级+38,1.00（触发效果额外，不扣属性预算）,攻击强度+57；急速等级+38；护甲穿透等级+38,攻击强度+55；急速等级+36；护甲穿透等级+35,攻击强度×0.9649；急速等级×0.9474；护甲穿透等级×0.9211,5,2,红色,黄色,0,711.92-989.62,2800,303.85,,,64786,1,急速等级,239,45609,彗星之痕,47428,亡颅强弩,258,2,18,26,无,,32253,军团杀手,45491,4,141,70,
103516,黑锋骑士团的深渊凝视,武器,法系输出,2,19,26,远程武器,280,耐力+45；智力+45,法术强度+60；暴击等级+39；急速等级+31,1.00（触发效果额外，不扣属性预算）,法术强度+60；暴击等级+39；急速等级+31,法术强度+56；暴击等级+39；急速等级+28,法术强度×0.9333；暴击等级×1.0000；急速等级×0.9032,5,0,,,0,593.28-1101.67,1800,470.82,,,64742,1,法术强度,226,45490,潘多拉的恳求,50684,贯体之刺,277,2,19,26,无,,34347,魔魂手杖,48040,4,154,70,
103517,暮光前线的霜原孤歌,武器,法系输出,2,19,26,远程武器,280,耐力+45；智力+45；精神+31,法术强度+60；暴击等级+39,1.00（触发效果额外，不扣属性预算）,法术强度+60；暴击等级+39,法术强度+63；暴击等级+36,法术强度×1.0500；暴击等级×0.9231,5,1,蓝色,,0,593.28-1101.67,1800,470.82,,,,,,,,,50631,梦魇终结,277,2,19,26,无,,34348,净化光芒魔杖,48042,4,154,70,
103518,奥术之静潮,武器,法系输出,2,19,26,远程武器,280,耐力+56；智力+41,命中等级+34；急速等级+32；法术强度+59,1.00（触发效果额外，不扣属性预算）,命中等级+34；急速等级+32；法术强度+59,命中等级+34；急速等级+33；法术强度+62,命中等级×1.0000；急速等级×1.0312；法术强度×1.0508,5,1,红色,,0,625.11-1161.08,1900,470.05,,,,,,,,,51852,酒红宝石魔杖,264,2,19,26,无,,34985,野蛮角斗士的光明法杖,46606,4,154,70,
103519,深空魔杖,武器,法系输出,2,19,26,远程武器,280,耐力+56；智力+41,命中等级+34；急速等级+32；法术强度+59,1.00（触发效果额外，不扣属性预算）,命中等级+34；急速等级+32；法术强度+59,命中等级+32；急速等级+33；法术强度+57,命中等级×0.9412；急速等级×1.0312；法术强度×0.9661,5,2,黄色,蓝色,0,625.11-1161.08,1900,470.05,,,,,,,,,51852,酒红宝石魔杖,264,2,19,26,无,,32343,棱光聚焦魔杖,45357,4,141,70,
103520,慈悲之失落荣光,武器,治疗,2,19,26,远程武器,280,耐力+45；智力+45；精神+31,法术强度+60；暴击等级+39,1.00（触发效果额外，不扣属性预算）,法术强度+60；暴击等级+39,法术强度+64；暴击等级+40,法术强度×1.0667；暴击等级×1.0256,5,1,蓝色,,0,593.28-1101.67,1800,470.82,,,64738,1,法力回复,239,45535,信仰的证明,50631,梦魇终结,277,2,19,26,无,,32363,纳鲁生命魔杖,41668,4,141,70,
103521,圣贤之生命,武器,治疗,2,19,26,远程武器,280,耐力+56；智力+41；精神+43,暴击等级+23；法术强度+59,1.00（触发效果额外，不扣属性预算）,暴击等级+23；法术强度+59,暴击等级+23；法术强度+57,暴击等级×1.0000；法术强度×0.9661,5,1,黄色,,0,723.28-1343.88,2200,469.81,,,65002,1,法力回复,226,45929,西芙的记忆,51838,兰娜瑟尔的染血之指,264,2,19,26,无,,29982,遗忘之星,42181,4,134,70,
103522,短杖·破晓,武器,治疗,2,19,26,远程武器,280,耐力+45；智力+46；精神+40,法术强度+69；暴击等级+40,1.00（触发效果额外，不扣属性预算）,法术强度+69；暴击等级+40,法术强度+72；暴击等级+40,法术强度×1.0435；暴击等级×1.0000,5,2,红色,蓝色,0,591.26-1100.15,1800,469.84,,,,,,,,,50472,梦魇终结者,264,2,19,26,无,,33192,雕刻过的巫医之杖,48216,4,132,70,
103523,银色北伐军慈悲符文杖,武器,治疗,2,19,26,远程武器,280,耐力+53；智力+45；精神+40,法术强度+66；急速等级+37,1.00（触发效果额外，不扣属性预算）,法术强度+66；急速等级+37,法术强度+60；急速等级+36,法术强度×0.9091；急速等级×0.9730,5,0,,,0,599.03-1112.48,1800,475.42,,,71567,1,治疗回蓝,232,50260,消融之雪,49852,棺钉,219,2,19,26,无,,32482,Touch of Victory,41367,4,130,70,
103524,苍白月色面罩,护甲,法系输出,4,1,1,头部,280,耐力+143；智力+143,法术强度+190；暴击等级+126；急速等级+100,1.00（触发效果额外，不扣属性预算）,法术强度+190；暴击等级+126；急速等级+100,法术强度+190；暴击等级+122；急速等级+109,法术强度×1.0000；暴击等级×0.9683；急速等级×1.0900,5,3,混沌,蓝色,0,,,,303,,,,,,,,51255,神圣血色侍僧头巾,277,4,1,1,无,,35181,超级治疗射线9000型,45781,4,159,70,红色
103525,静潮·冠冕,护甲,法系输出,4,1,1,头部,280,耐力+143；智力+143,法术强度+191；暴击等级+117；急速等级+109,1.00（触发效果额外，不扣属性预算）,法术强度+191；暴击等级+117；急速等级+109,法术强度+179；暴击等级+125；急速等级+115,法术强度×0.9372；暴击等级×1.0684；急速等级×1.0550,5,2,混沌,红色,0,,,,303,,,,,,,,51231,神圣黑巫兜帽,277,4,1,1,无,,32525,伊利达雷大领主兜帽,45702,4,151,70,
103526,永恒征途兜帽,护甲,法系输出,4,1,1,头部,280,耐力+143；智力+145；精神+107,法术强度+183；命中等级+117,1.00（触发效果额外，不扣属性预算）,法术强度+183；命中等级+117,法术强度+187；命中等级+118,法术强度×1.0219；命中等级×1.0085,5,2,混沌,黄色,0,,,,301,,,,,,,,48085,维伦的凯旋头环,258,4,1,1,无,,31051,凶星头巾,45674,4,146,70,
103527,幻光面罩,护甲,法系输出,4,1,1,头部,280,耐力+143；智力+145,法术强度+183；急速等级+113；命中等级+107,1.00（触发效果额外，不扣属性预算）,法术强度+183；急速等级+113；命中等级+107,法术强度+179；急速等级+104；命中等级+112,法术强度×0.9781；急速等级×0.9204；命中等级×1.0467,5,3,混沌,红色,0,,,,301,,,,,,,,47764,逐日者的凯旋罩帽,258,4,1,1,无,,31056,风暴兜帽,45449,4,146,70,蓝色
103528,蓝龙军团之肩卫,护甲,法系输出,4,1,3,肩部,280,耐力+106；智力+106,法术强度+154；暴击等级+93；急速等级+84,1.00（触发效果额外，不扣属性预算）,法术强度+154；暴击等级+93；急速等级+84,法术强度+155；暴击等级+102；急速等级+78,法术强度×1.0065；暴击等级×1.0968；急速等级×0.9286,5,0,,,0,,,,279,,,,,,,,51257,神圣血色侍僧衬肩,277,4,1,3,无,,31069,赦免衬肩,44978,4,146,70,
103529,泰坦遗训·肩卫,护甲,法系输出,4,1,3,肩部,280,耐力+107；智力+110,法术强度+147；暴击等级+83；命中等级+95,1.00（触发效果额外，不扣属性预算）,法术强度+147；暴击等级+83；命中等级+95,法术强度+144；暴击等级+78；命中等级+101,法术强度×0.9796；暴击等级×0.9398；命中等级×1.0632,5,1,蓝色,,0,,,,274,,,,,,,,47713,灾降护肩,245,4,1,3,无,,33679,复仇角斗士的鬼纹护肩,46876,4,146,70,
103530,时流凝视肩卫,护甲,法系输出,4,1,3,肩部,280,耐力+107；智力+108,法术强度+140；急速等级+91；命中等级+75,1.00（触发效果额外，不扣属性预算）,法术强度+140；急速等级+91；命中等级+75,法术强度+148；急速等级+91；命中等级+81,法术强度×1.0571；急速等级×1.0000；命中等级×1.0800,5,1,红色,,0,,,,278,,,,,,,,51859,迟暮肩甲,264,4,1,3,无,,33720,复仇角斗士的月布护肩,46926,4,146,70,
103531,符文之霜原孤歌,护甲,法系输出,4,1,3,肩部,280,耐力+107；智力+108,法术强度+140；急速等级+91；命中等级+75,1.00（触发效果额外，不扣属性预算）,法术强度+140；急速等级+91；命中等级+75,法术强度+129；急速等级+90；命中等级+82,法术强度×0.9214；急速等级×0.9890；命中等级×1.0933,5,1,黄色,,0,,,,278,,,,,,,,49991,仁慈杀戮肩甲,264,4,1,3,无,,33757,复仇角斗士的丝质护肩,46928,4,146,70,
103532,惊雷·外衣,护甲,法系输出,4,1,20,胸部,280,耐力+143；智力+143,法术强度+200；暴击等级+117；急速等级+117,1.00（触发效果额外，不扣属性预算）,法术强度+200；暴击等级+117；急速等级+117,法术强度+219；暴击等级+113；急速等级+128,法术强度×1.0950；暴击等级×0.9658；急速等级×1.0940,5,1,黄色,,0,,,,372,,,,,,,,51259,神圣血色侍僧罩袍,277,4,1,20,无,,30913,罗宁之袍,45771,4,151,70,
103533,龙魂低语圣袍,护甲,法系输出,4,1,20,胸部,280,耐力+143；智力+145,法术强度+186；暴击等级+126；命中等级+99,1.00（触发效果额外，不扣属性预算）,法术强度+186；暴击等级+126；命中等级+99,法术强度+201；暴击等级+115；命中等级+94,法术强度×1.0806；暴击等级×0.9127；命中等级×0.9495,5,2,蓝色,红色,0,,,,371,,,,,,,,50418,噩梦乍醒法袍,264,4,1,20,无,,31052,凶星长袍,45677,4,146,70,
103534,远征军洞察法袍,护甲,法系输出,4,1,20,胸部,280,耐力+143；智力+145；精神+126,法术强度+186；急速等级+96,1.00（触发效果额外，不扣属性预算）,法术强度+186；急速等级+96,法术强度+174；急速等级+102,法术强度×0.9355；急速等级×1.0625,5,0,,,0,,,,371,,,,,,,,50172,血红丝质长袍,264,4,1,20,无,,31057,风暴长袍,45119,4,146,70,
103535,灵辉追猎长袍,护甲,法系输出,4,1,20,胸部,280,耐力+143；智力+145；精神+117,法术强度+193；命中等级+117,1.00（触发效果额外，不扣属性预算）,法术强度+193；命中等级+117,法术强度+199；命中等级+120,法术强度×1.0311；命中等级×1.0256,5,0,,,0,,,,370,,,,,,,,47794,古尔丹的凯旋法袍,258,4,1,20,无,,31065,赦免法衣,44979,4,146,70,
103536,永夜镇压扣带,护甲,法系输出,4,1,6,腰部,280,耐力+106；智力+106,法术强度+146；暴击等级+78；急速等级+94,1.00（触发效果额外，不扣属性预算）,法术强度+146；暴击等级+78；急速等级+94,法术强度+154；暴击等级+76；急速等级+98,法术强度×1.0548；暴击等级×0.9744；急速等级×1.0426,5,1,黄色,,0,,,,878,,,,,,,,54587,分形腰带,284,4,1,6,无,,33912,守备官的丝质腰带,47425,4,146,70,
103537,虚空扣带,护甲,法系输出,4,1,6,腰部,280,耐力+107；智力+107,法术强度+142；暴击等级+100；命中等级+65,1.00（触发效果额外，不扣属性预算）,法术强度+142；暴击等级+100；命中等级+65,法术强度+130；暴击等级+96；命中等级+59,法术强度×0.9155；暴击等级×0.9600；命中等级×0.9077,5,1,蓝色,,0,,,,209,,,,,,,,54562,卑鄙腰带,271,4,1,6,无,,30888,安纳塞隆的束缚,45241,4,141,70,
103538,扣带·无声裁决,护甲,法系输出,4,1,6,腰部,280,耐力+106；智力+107；精神+94,法术强度+138；急速等级+72,1.00（触发效果额外，不扣属性预算）,法术强度+138；急速等级+72,法术强度+129；急速等级+67,法术强度×0.9348；急速等级×0.9306,5,0,,,0,,,,208,,,,,,,,46973,黑雾束带,258,4,1,6,无,,30895,安格莉丝塔的腰带,45242,4,141,70,
103539,符文大师的战带,护甲,法系输出,4,1,6,腰部,280,耐力+106；智力+107,法术强度+138；暴击等级+100；命中等级+62,1.00（触发效果额外，不扣属性预算）,法术强度+138；暴击等级+100；命中等级+62,法术强度+135；暴击等级+107；命中等级+62,法术强度×0.9783；暴击等级×1.0700；命中等级×1.0000,5,1,黄色,,0,,,,208,,,,,,,,53118,卑鄙腰带,258,4,1,6,无,,32256,无尽腰带,45356,4,141,70,
103540,永夜之黎明赞歌,护甲,法系输出,4,1,7,腿部,280,耐力+143；智力+145,法术强度+186；暴击等级+98；急速等级+123,1.00（触发效果额外，不扣属性预算）,法术强度+186；暴击等级+98；急速等级+123,法术强度+197；暴击等级+99；急速等级+129,法术强度×1.0591；暴击等级×1.0102；急速等级×1.0488,5,1,黄色,,0,,,,324,,,,,,,,49891,死亡编织护腿,264,4,1,7,无,,31053,凶星护腿,45675,4,146,70,
103541,不灭烽火·护胫,护甲,法系输出,4,1,7,腿部,280,耐力+143；智力+143,法术强度+200；暴击等级+126；命中等级+109,1.00（触发效果额外，不扣属性预算）,法术强度+200；暴击等级+126；命中等级+109,法术强度+200；暴击等级+132；命中等级+112,法术强度×1.0000；暴击等级×1.0476；命中等级×1.0275,5,2,蓝色,红色,0,,,,326,,,,,,,,51232,神圣黑巫护腿,277,4,1,7,无,,31058,风暴护腿,45122,4,146,70,
103542,暮星之黎明赞歌,护甲,法系输出,4,1,7,腿部,280,耐力+143；智力+143,法术强度+190；急速等级+119；命中等级+107,1.00（触发效果额外，不扣属性预算）,法术强度+190；急速等级+119；命中等级+107,法术强度+189；急速等级+126；命中等级+103,法术强度×0.9947；急速等级×1.0588；命中等级×0.9626,5,1,红色,,0,,,,326,,,,,,,,50694,瘟疫使者的玷污束裤,277,4,1,7,无,,31067,赦免护腿,44976,4,146,70,
103543,护胫·寒星,护甲,法系输出,4,1,7,腿部,280,耐力+143；智力+143,法术强度+200；暴击等级+126；命中等级+109,1.00（触发效果额外，不扣属性预算）,法术强度+200；暴击等级+126；命中等级+109,法术强度+217；暴击等级+124；命中等级+105,法术强度×1.0850；暴击等级×0.9841；命中等级×0.9633,5,1,黄色,,0,,,,326,,,,,,,,51282,神圣血法护腿,277,4,1,7,无,,33678,复仇角斗士的鬼纹护腿,46872,4,146,70,
103544,游侠将军追猎足甲,护甲,法系输出,4,1,8,脚部,280,耐力+106；智力+106,法术强度+146；暴击等级+78；急速等级+94,1.00（触发效果额外，不扣属性预算）,法术强度+146；暴击等级+78；急速等级+94,法术强度+136；暴击等级+75；急速等级+85,法术强度×0.9315；暴击等级×0.9615；急速等级×0.9043,5,1,黄色,,0,,,,1917,,,,,,,,54586,兆示之足音,284,4,1,8,无,,33902,守备官的月布便鞋,47423,4,146,70,
103545,暮星镇压长靴,护甲,法系输出,4,1,8,脚部,280,耐力+107；智力+108,法术强度+140；命中等级+63；暴击等级+100,1.00（触发效果额外，不扣属性预算）,法术强度+140；命中等级+63；暴击等级+100,法术强度+126；命中等级+64；暴击等级+103,法术强度×0.9000；命中等级×1.0159；暴击等级×1.0300,5,1,蓝色,,0,,,,255,,,,,,,,51899,冰冠尖塔便鞋,264,4,1,8,无,,33914,守备官的丝质护足,47427,4,146,70,
103546,先知唤醒胫甲,护甲,法系输出,4,1,8,脚部,280,耐力+106；智力+107,法术强度+138；命中等级+75；急速等级+91,1.00（触发效果额外，不扣属性预算）,法术强度+138；命中等级+75；急速等级+91,法术强度+145；命中等级+70；急速等级+84,法术强度×1.0507；命中等级×0.9333；急速等级×0.9231,5,1,红色,,0,,,,254,,,,,,,,47205,浮冰软鞋,258,4,1,8,无,,30885,大主教的便鞋,45737,4,141,70,
103547,星界战靴,护甲,法系输出,4,1,8,脚部,280,耐力+107；智力+108,法术强度+140；命中等级+75；暴击等级+93,1.00（触发效果额外，不扣属性预算）,法术强度+140；命中等级+75；暴击等级+93,法术强度+148；命中等级+68；暴击等级+100,法术强度×1.0571；命中等级×0.9067；暴击等级×1.0753,5,2,黄色,蓝色,0,,,,255,,,,,,,,49890,亡霜布履,264,4,1,8,无,,30894,蓝色山羊皮软靴,45742,4,141,70,
103548,奥术护臂,护甲,法系输出,4,1,9,腕部,280,耐力+79；智力+80,法术强度+112；暴击等级+61；急速等级+69,1.00（触发效果额外，不扣属性预算）,法术强度+112；暴击等级+61；急速等级+69,法术强度+101；暴击等级+57；急速等级+67,法术强度×0.9018；暴击等级×0.9344；急速等级×0.9710,5,0,,,0,,,,162,,,,,,,,53486,夜火护腕,271,4,1,9,无,,32270,法力聚焦护腕,45292,4,141,70,
103549,烈日·臂环,护甲,法系输出,4,1,9,腕部,280,耐力+80；智力+81,法术强度+111；暴击等级+76；命中等级+53,1.00（触发效果额外，不扣属性预算）,法术强度+111；暴击等级+76；命中等级+53,法术强度+111；暴击等级+71；命中等级+52,法术强度×1.0000；暴击等级×0.9342；命中等级×0.9811,5,1,蓝色,,0,,,,162,,,,,,,,49994,亡语者女士的脆弱护腕,264,4,1,9,无,,32513,神圣感化护腕,45359,4,141,70,
103550,泰坦监护者的腕轮,护甲,法系输出,4,1,9,腕部,280,耐力+80；智力+81,法术强度+111；命中等级+45；急速等级+79,1.00（触发效果额外，不扣属性预算）,法术强度+111；命中等级+45；急速等级+79,法术强度+121；命中等级+47；急速等级+78,法术强度×1.0901；命中等级×1.0444；急速等级×0.9873,5,0,,,0,,,,162,,,,,,,,51872,药浸护腕,264,4,1,9,无,,32584,迅捷治疗护腕,45400,4,141,70,
103551,游侠将军的腕轮,护甲,法系输出,4,1,9,腕部,280,耐力+80；智力+81,法术强度+110；命中等级+54；暴击等级+71,1.00（触发效果额外，不扣属性预算）,法术强度+110；命中等级+54；暴击等级+71,法术强度+110；命中等级+54；暴击等级+74,法术强度×1.0000；命中等级×1.0000；暴击等级×1.0423,5,1,黄色,,0,,,,162,,,,,,,,47467,黑暗精粹腕轮,258,4,1,9,无,,33883,守备官的鬼纹护腕,47413,4,141,70,
103552,苍白月色·拳甲,护甲,法系输出,4,1,10,手部,280,耐力+106；智力+107,法术强度+150；暴击等级+94；急速等级+82,1.00（触发效果额外，不扣属性预算）,法术强度+150；暴击等级+94；急速等级+82,法术强度+152；暴击等级+100；急速等级+85,法术强度×1.0133；暴击等级×1.0638；急速等级×1.0366,5,0,,,0,,,,231,,,,,,,,47763,逐日者的凯旋护手,258,4,1,10,无,,31050,凶星手套,45673,4,146,70,
103553,泰坦遗迹之手套,护甲,法系输出,4,1,10,手部,280,耐力+106；智力+106,法术强度+154；暴击等级+93；命中等级+84,1.00（触发效果额外，不扣属性预算）,法术强度+154；暴击等级+93；命中等级+84,法术强度+147；暴击等级+95；命中等级+87,法术强度×0.9545；暴击等级×1.0215；命中等级×1.0357,5,2,蓝色,红色,0,,,,233,,,,,,,,51230,神圣黑巫手套,277,4,1,10,无,,31055,风暴手套,45121,4,146,70,
103554,流光·裹手,护甲,法系输出,4,1,10,手部,280,耐力+106；智力+106,法术强度+144；急速等级+92；命中等级+76,1.00（触发效果额外，不扣属性预算）,法术强度+144；急速等级+92；命中等级+76,法术强度+154；急速等级+93；命中等级+83,法术强度×1.0694；急速等级×1.0109；命中等级×1.0921,5,0,,,0,,,,233,,,,,,,,50663,炮艇船长的连指手套,277,4,1,10,无,,31060,赦免手套,44977,4,146,70,
103555,拳甲·烈日,护甲,法系输出,4,1,10,手部,280,耐力+106；智力+106,法术强度+154；暴击等级+93；命中等级+84,1.00（触发效果额外，不扣属性预算）,法术强度+154；暴击等级+93；命中等级+84,法术强度+157；暴击等级+94；命中等级+85,法术强度×1.0195；暴击等级×1.0108；命中等级×1.0119,5,1,黄色,,0,,,,233,,,,,,,,51280,神圣血法手套,277,4,1,10,无,,33676,复仇角斗士的鬼纹手套,48285,4,146,70,
103556,苍穹王座之兜帽,护甲,法系输出,4,2,1,头部,280,耐力+143；智力+143,法术强度+191；暴击等级+117；急速等级+109,1.00（触发效果额外，不扣属性预算）,法术强度+191；暴击等级+117；急速等级+109,法术强度+177；暴击等级+125；急速等级+119,法术强度×0.9267；暴击等级×1.0684；急速等级×1.0917,5,2,混沌,红色,0,,,,569,,,,,,,,51290,神圣树纹头巾,277,4,2,1,无,,33701,复仇角斗士的皮甲头盔,47825,4,146,70,
103557,泰坦监护者之奥术,护甲,法系输出,4,2,1,头部,280,耐力+143；智力+145,法术强度+183；命中等级+117；暴击等级+107,1.00（触发效果额外，不扣属性预算）,法术强度+183；命中等级+117；暴击等级+107,法术强度+166；命中等级+106；暴击等级+107,法术强度×0.9071；命中等级×0.9060；暴击等级×1.0000,5,3,混沌,红色,0,,,,564,,,,,,,,48174,符文图腾的凯旋头巾,258,4,2,1,无,,32240,海潮潜伏者之帽,45721,4,141,70,黄色
103558,风暴前夜·王冠,护甲,法系输出,4,2,1,头部,280,耐力+143；智力+147；精神+116,法术强度+177；急速等级+99,1.00（触发效果额外，不扣属性预算）,法术强度+177；急速等级+99,法术强度+172；急速等级+106,法术强度×0.9718；急速等级×1.0707,5,3,混沌,黄色,0,,,,560,,,,,,,,47690,盎然生长头盔,245,4,2,1,无,,31968,残酷角斗士的龙皮头盔,45998,4,136,70,蓝色
103559,泰坦遗迹的破晓,护甲,法系输出,4,2,1,头部,280,耐力+143；智力+145,法术强度+183；命中等级+117；暴击等级+107,1.00（触发效果额外，不扣属性预算）,法术强度+183；命中等级+117；暴击等级+107,法术强度+192；命中等级+106；暴击等级+103,法术强度×1.0492；命中等级×0.9060；暴击等级×0.9626,5,2,混沌,红色,0,,,,564,,,,,,,,48171,玛法里奥的凯旋头巾,258,4,2,1,无,,31999,残酷角斗士的皮甲头盔,45959,4,136,70,
103560,时流肩饰,护甲,法系输出,4,2,3,肩部,280,耐力+106；智力+106,法术强度+154；暴击等级+93；急速等级+84,1.00（触发效果额外，不扣属性预算）,法术强度+154；暴击等级+93；急速等级+84,法术强度+146；暴击等级+91；急速等级+89,法术强度×0.9481；暴击等级×0.9785；急速等级×1.0595,5,1,黄色,,0,,,,526,,,,,,,,51292,神圣树纹衬肩,277,4,2,3,无,,32581,迅捷打击护肩,45773,4,141,70,
103561,冰冠的不灭烽火,护甲,法系输出,4,2,3,肩部,280,耐力+107；智力+108,法术强度+152；暴击等级+93；急速等级+82,1.00（触发效果额外，不扣属性预算）,法术强度+152；暴击等级+93；急速等级+82,法术强度+145；暴击等级+87；急速等级+74,法术强度×0.9539；暴击等级×0.9355；急速等级×0.9024,5,1,蓝色,,0,,,,523,,,,,,,,51147,神圣树纹衬肩,264,4,2,3,无,,32583,新生护肩,45774,4,141,70,
103562,凛冬余威披肩,护甲,法系输出,4,2,3,肩部,280,耐力+107；智力+108；精神+94,法术强度+140；急速等级+73,1.00（触发效果额外，不扣属性预算）,法术强度+140；急速等级+73,法术强度+136；急速等级+80,法术强度×0.9714；急速等级×1.0959,5,0,,,0,,,,523,,,,,,,,50171,覆霜荆棘肩甲,264,4,2,3,无,,30111,符文图腾衬肩,46110,4,138,70,
103563,游侠将军的衬肩,护甲,法系输出,4,2,3,肩部,280,耐力+106；智力+107；精神+94,法术强度+150；暴击等级+84,1.00（触发效果额外，不扣属性预算）,法术强度+150；暴击等级+84,法术强度+154；暴击等级+83,法术强度×1.0267；暴击等级×0.9881,5,0,,,0,,,,521,,,,,,,,48168,玛法里奥的凯旋护肩,258,4,2,3,无,,31971,残酷角斗士的龙皮护肩,45996,4,136,70,
103564,龙眠虚空法衣,护甲,法系输出,4,2,20,胸部,280,耐力+143；智力+143,法术强度+200；暴击等级+126；急速等级+109,1.00（触发效果额外，不扣属性预算）,法术强度+200；暴击等级+126；急速等级+109,法术强度+187；暴击等级+133；急速等级+101,法术强度×0.9350；暴击等级×1.0556；急速等级×0.9266,5,0,,,0,,,,700,,,,,,,,51294,神圣树纹法衣,277,4,2,20,无,,33704,复仇角斗士的皮甲外套,46939,4,146,70,
103565,失落荣光·法衣,护甲,法系输出,4,2,20,胸部,280,耐力+143；智力+145；精神+98,法术强度+186；暴击等级+126,1.00（触发效果额外，不扣属性预算）,法术强度+186；暴击等级+126,法术强度+196；暴击等级+134,法术强度×1.0538；暴击等级×1.0635,5,1,蓝色,,0,,,,697,,,,,,,,51870,失败实验护胸,264,4,2,20,无,,30899,罗德里格的雨衣,45755,4,141,70,
103566,最后守望·礼服,护甲,法系输出,4,2,20,胸部,280,耐力+143；智力+145；精神+98,法术强度+186；急速等级+123,1.00（触发效果额外，不扣属性预算）,法术强度+186；急速等级+123,法术强度+173；急速等级+113,法术强度×0.9301；急速等级×0.9187,5,1,红色,,0,,,,697,,,,,,,,50973,杉林胸甲,264,4,2,20,无,,32252,虚空暗影外套,45327,4,141,70,
103567,霜火圣袍,护甲,法系输出,4,2,20,胸部,280,耐力+143；智力+145,法术强度+196；暴击等级+126；急速等级+105,1.00（触发效果额外，不扣属性预算）,法术强度+196；暴击等级+126；急速等级+105,法术强度+204；暴击等级+134；急速等级+103,法术强度×1.0408；暴击等级×1.0635；急速等级×0.9810,5,2,黄色,蓝色,0,,,,697,,,,,,,,51145,神圣树纹法衣,264,4,2,20,无,,34900,自然和谐外衣,48446,4,141,70,
103568,腰带·不灭烽火,护甲,法系输出,4,2,6,腰部,280,耐力+107；智力+108,法术强度+140；暴击等级+93；急速等级+73,1.00（触发效果额外，不扣属性预算）,法术强度+140；暴击等级+93；急速等级+73,法术强度+136；暴击等级+87；急速等级+66,法术强度×0.9714；暴击等级×0.9355；急速等级×0.9041,5,1,黄色,,0,,,,392,,,,,,,,50994,石化藤条腰带,264,4,2,6,无,,32798,老兵的龙皮腰带,46058,4,136,70,
103569,霜裔庇佑腰带,护甲,法系输出,4,2,6,腰部,280,耐力+107；智力+110；精神+90,法术强度+134；暴击等级+72,1.00（触发效果额外，不扣属性预算）,法术强度+134；暴击等级+72,法术强度+124；暴击等级+77,法术强度×0.9254；暴击等级×1.0694,5,0,,,0,,,,387,,,,,,,,48002,血蹄使者束带,245,4,2,6,无,,32802,老兵的皮甲腰带,46054,4,136,70,
103570,翡翠梦境之护腰,护甲,法系输出,4,2,6,腰部,280,耐力+106；智力+107；精神+94,法术强度+138；急速等级+72,1.00（触发效果额外，不扣属性预算）,法术强度+138；急速等级+72,法术强度+151；急速等级+72,法术强度×1.0942；急速等级×1.0000,5,1,红色,,0,,,,391,,,,,,,,47145,灰棘束带,258,4,2,6,无,,32393,救赎灵魂束带,44829,4,130,70,
103571,霜脉矮人之扣带,护甲,法系输出,4,2,6,腰部,280,耐力+106；智力+106；精神+76,法术强度+144；急速等级+92,1.00（触发效果额外，不扣属性预算）,法术强度+144；急速等级+92,法术强度+157；急速等级+97,法术强度×1.0903；急速等级×1.0543,5,1,黄色,,0,,,,394,,,,,,,,50705,教授的染血工作服,277,4,2,6,无,,29984,扎尔塔的束带,46105,4,128,70,
103572,泰坦监护者镇压下装,护甲,法系输出,4,2,7,腿部,280,耐力+143；智力+145,法术强度+183；急速等级+113；暴击等级+107,1.00（触发效果额外，不扣属性预算）,法术强度+183；急速等级+113；暴击等级+107,法术强度+186；急速等级+111；暴击等级+104,法术强度×1.0164；急速等级×0.9823；暴击等级×0.9720,5,1,黄色,,0,,,,608,,,,,,,,47190,苏醒裹腿,258,4,2,7,无,,34905,晶风护腿,48456,4,141,70,
103573,下装·黎明赞歌,护甲,法系输出,4,2,7,腿部,280,耐力+143；智力+145,法术强度+196；暴击等级+126；命中等级+108,1.00（触发效果额外，不扣属性预算）,法术强度+196；暴击等级+126；命中等级+108,法术强度+213；暴击等级+136；命中等级+107,法术强度×1.0867；暴击等级×1.0794；命中等级×0.9907,5,1,蓝色,,0,,,,610,,,,,,,,51146,神圣树纹长裤,264,4,2,7,无,,34910,桀骜长裤,48454,4,141,70,
103574,冬拥湖之腿甲,护甲,法系输出,4,2,7,腿部,280,耐力+143；智力+143；精神+126,法术强度+190；急速等级+100,1.00（触发效果额外，不扣属性预算）,法术强度+190；急速等级+100,法术强度+207；急速等级+107,法术强度×1.0895；急速等级×1.0700,5,1,红色,,0,,,,613,,,,,,,,50696,天谴碎块缝合护腿,277,4,2,7,无,,34928,占星者侍从长裤,48486,4,141,70,
103575,秘法腿胄,护甲,法系输出,4,2,7,腿部,280,耐力+143；智力+145；精神+107,法术强度+193；命中等级+127,1.00（触发效果额外，不扣属性预算）,法术强度+193；命中等级+127,法术强度+189；命中等级+132,法术强度×0.9793；命中等级×1.0394,5,1,黄色,,0,,,,608,,,,,,,,48175,符文图腾的凯旋长裤,258,4,2,7,无,,29995,危险意图护腿,46106,4,138,70,
103576,永夜之破晓,护甲,法系输出,4,2,8,脚部,280,耐力+107；智力+108,法术强度+140；急速等级+98；暴击等级+63,1.00（触发效果额外，不扣属性预算）,法术强度+140；急速等级+98；暴击等级+63,法术强度+153；急速等级+101；暴击等级+68,法术强度×1.0929；急速等级×1.0306；暴击等级×1.0794,5,1,黄色,,0,,,,479,,,,,,,,51920,霜籽长靴,264,4,2,8,无,,32786,老兵的龙皮长靴,46059,4,136,70,
103577,暮光审判官洞察足甲,护甲,法系输出,4,2,8,脚部,280,耐力+103；智力+113,暴击等级+114；命中等级+63；法术强度+156,1.00（触发效果额外，不扣属性预算）,暴击等级+114；命中等级+63；法术强度+156,暴击等级+114；命中等级+58；法术强度+166,暴击等级×1.0000；命中等级×0.9206；法术强度×1.0641,5,1,蓝色,,0,,,,480,,,,,,,,47504,树皮长靴,219,4,2,8,无,,32790,老兵的皮甲长靴,46056,4,136,70,
103578,霜裔凝视战靴,护甲,法系输出,4,2,8,脚部,280,耐力+107；智力+108；精神+84,法术强度+140；急速等级+82,1.00（触发效果额外，不扣属性预算）,法术强度+140；急速等级+82,法术强度+149；急速等级+77,法术强度×1.0643；急速等级×0.9390,5,0,,,0,,,,479,,,,,,,,49894,塞纳里奥祝福之靴,264,4,2,8,无,,32394,救赎灵魂长靴,44830,4,130,70,
103579,蓝龙军团之便鞋,护甲,法系输出,4,2,8,脚部,280,耐力+106；智力+107；精神+74,法术强度+138；暴击等级+94,1.00（触发效果额外，不扣属性预算）,法术强度+138；暴击等级+94,法术强度+131；暴击等级+97,法术强度×0.9493；暴击等级×1.0319,5,1,黄色,,0,,,,478,,,,,,,,46989,无尽风暴长靴,258,4,2,8,无,,30039,无边黑暗之靴,45915,4,128,70,
103580,虚空之苍白月色,护甲,法系输出,4,2,9,腕部,280,耐力+80；智力+80,法术强度+114；暴击等级+70；急速等级+63,1.00（触发效果额外，不扣属性预算）,法术强度+114；暴击等级+70；急速等级+63,法术强度+112；暴击等级+70；急速等级+66,法术强度×0.9825；暴击等级×1.0000；急速等级×1.0476,5,1,黄色,,0,,,,307,,,,,,,,54584,相位移形者护腕,284,4,2,9,无,,33893,守备官的皮甲护腕,46057,4,141,70,
103581,永夜腕轮,护甲,法系输出,4,2,9,腕部,280,耐力+80；智力+81；精神+70,法术强度+111；暴击等级+61,1.00（触发效果额外，不扣属性预算）,法术强度+111；暴击等级+61,法术强度+104；暴击等级+58,法术强度×0.9369；暴击等级×0.9508,5,0,,,0,,,,305,,,,,,,,50417,无尽梦境护腕,264,4,2,9,无,,32395,救赎灵魂腕甲,44831,4,130,70,
103582,秘法守护臂甲,护甲,法系输出,4,2,9,腕部,280,耐力+80；智力+81；精神+61,法术强度+110；急速等级+68,1.00（触发效果额外，不扣属性预算）,法术强度+110；急速等级+68,法术强度+121；急速等级+62,法术强度×1.1000；急速等级×0.9118,5,2,红色,黄色,0,,,,304,,,,,,,,47066,秋木护腕,258,4,2,9,无,,29966,终结臂甲,45022,4,128,70,
103583,翡翠梦境之束腕,护甲,法系输出,4,2,9,腕部,280,耐力+79；智力+80,法术强度+112；暴击等级+70；急速等级+60,1.00（触发效果额外，不扣属性预算）,法术强度+112；暴击等级+70；急速等级+60,法术强度+101；暴击等级+63；急速等级+63,法术强度×0.9018；暴击等级×0.9000；急速等级×1.0500,5,1,黄色,,0,,,,306,,,,,,,,53134,相位移形者护腕,271,4,2,9,无,,30062,雷姆洛斯的丛林护腕,43584,4,128,70,
103584,暮光审判官之永夜,护甲,法系输出,4,2,10,手部,280,耐力+107；智力+108,法术强度+152；暴击等级+93；急速等级+82,1.00（触发效果额外，不扣属性预算）,法术强度+152；暴击等级+93；急速等级+82,法术强度+152；暴击等级+87；急速等级+86,法术强度×1.0000；暴击等级×0.9355；急速等级×1.0488,5,0,,,0,,,,436,,,,,,,,50981,夜枭护手,264,4,2,10,无,,34902,橡叶护手,48452,4,141,70,
103585,风暴领主之星界,护甲,法系输出,4,2,10,手部,280,耐力+107；智力+108,法术强度+152；暴击等级+93；命中等级+84,1.00（触发效果额外，不扣属性预算）,法术强度+152；暴击等级+93；命中等级+84,法术强度+163；暴击等级+100；命中等级+83,法术强度×1.0724；暴击等级×1.0753；命中等级×0.9881,5,1,蓝色,,0,,,,436,,,,,,,,51148,神圣树纹手套,264,4,2,10,无,,34904,先知的荆棘手套,47171,4,141,70,
103586,屠龙者破界裹手,护甲,法系输出,4,2,10,手部,280,耐力+106；智力+106；精神+93,法术强度+144；急速等级+76,1.00（触发效果额外，不扣属性预算）,法术强度+144；急速等级+76,法术强度+146；急速等级+82,法术强度×1.0139；急速等级×1.0789,5,2,红色,黄色,0,,,,438,,,,,,,,50615,融雪手甲,277,4,2,10,无,,34911,侵掠手套,48451,4,141,70,
103587,群星之庭的无声裁决,护甲,法系输出,4,2,10,手部,280,耐力+106；智力+106,法术强度+154；暴击等级+93；命中等级+84,1.00（触发效果额外，不扣属性预算）,法术强度+154；暴击等级+93；命中等级+84,法术强度+163；暴击等级+92；命中等级+88,法术强度×1.0584；暴击等级×0.9892；命中等级×1.0476,5,1,黄色,,0,,,,438,,,,,,,,51291,神圣树纹手套,277,4,2,10,无,,31967,残酷角斗士的龙皮手套,45993,4,136,70,
103588,头冠·余烬,护甲,法系输出,4,3,1,头部,280,耐力+143；智力+143,法术强度+190；暴击等级+117；急速等级+109,1.00（触发效果额外，不扣属性预算）,法术强度+190；暴击等级+117；急速等级+109,法术强度+189；暴击等级+124；急速等级+118,法术强度×0.9947；暴击等级×1.0598；急速等级×1.0826,5,3,混沌,蓝色,0,,,,1264,,,,,,,,51247,神圣霜巫头饰,277,4,3,1,无,,42666,复仇斗士环甲头盔,41147,4,146,70,蓝色
103589,肯瑞托的不灭烽火,护甲,法系输出,4,3,1,头部,280,智力+88；耐力+148,法术强度+188；暴击等级+131；命中等级+123,1.00（触发效果额外，不扣属性预算）,法术强度+188；暴击等级+131；命中等级+123,法术强度+192；暴击等级+133；命中等级+131,法术强度×1.0213；暴击等级×1.0153；命中等级×1.0650,5,2,混沌,蓝色,0,,,,1238,,,,,,,,49331,无尽风暴衬帽,232,4,3,1,无,,32241,缓流头盔,45764,4,141,70,
103590,奥术之泰坦遗训,护甲,法系输出,4,3,1,头部,280,耐力+143；智力+143,法术强度+190；暴击等级+117；急速等级+109,1.00（触发效果额外，不扣属性预算）,法术强度+190；暴击等级+117；急速等级+109,法术强度+180；暴击等级+111；急速等级+110,法术强度×0.9474；暴击等级×0.9487；急速等级×1.0092,5,2,混沌,黄色,0,,,,1264,,,,,,,,51237,神圣霜巫头盔,277,4,3,1,无,,32376,森林潜伏者头盔,45713,4,141,70,
103591,符文面甲,护甲,法系输出,4,3,1,头部,280,耐力+141；智力+149,法术强度+183；命中等级+103；暴击等级+101,1.00（触发效果额外，不扣属性预算）,法术强度+183；命中等级+103；暴击等级+101,法术强度+176；命中等级+103；暴击等级+107,法术强度×0.9617；命中等级×1.0000；暴击等级×1.0594,5,3,混沌,蓝色,0,,,,1248,,,,,,,,46209,征服者的世界击碎者头盔,226,4,3,1,无,,31962,残酷角斗士的链甲头盔,45965,4,136,70,红色
103592,冰冠星界衬肩,护甲,法系输出,4,3,3,肩部,280,耐力+106；智力+106,法术强度+154；暴击等级+93；急速等级+84,1.00（触发效果额外，不扣属性预算）,法术强度+154；暴击等级+93；急速等级+84,法术强度+159；暴击等级+92；急速等级+84,法术强度×1.0325；暴击等级×0.9892；急速等级×1.0000,5,1,黄色,,0,,,,1167,,,,,,,,51235,神圣霜巫肩垫,277,4,3,3,无,,32575,闪电反射护肩,45408,4,141,70,
103593,灵辉之凛冬余威,护甲,法系输出,4,3,3,肩部,280,耐力+106；智力+106,法术强度+144；暴击等级+93；急速等级+76,1.00（触发效果额外，不扣属性预算）,法术强度+144；暴击等级+93；急速等级+76,法术强度+138；暴击等级+84；急速等级+73,法术强度×0.9583；暴击等级×0.9032；急速等级×0.9605,5,0,,,0,,,,1167,,,,,,,,50698,恐怖血肉肩胄,277,4,3,3,无,,31964,残酷角斗士的链甲护肩,45967,4,136,70,
103594,暮星之流光,护甲,法系输出,4,3,3,肩部,280,耐力+107；智力+108,法术强度+140；暴击等级+93；急速等级+73,1.00（触发效果额外，不扣属性预算）,法术强度+140；暴击等级+93；急速等级+73,法术强度+151；暴击等级+96；急速等级+69,法术强度×1.0786；暴击等级×1.0323；急速等级×0.9452,5,2,红色,黄色,0,,,,1161,,,,,,,,51811,结晶骸骨肩卫,264,4,3,3,无,,32008,残酷角斗士的鳞甲护肩,46023,4,136,70,
103595,幽影·肩胄,护甲,法系输出,4,3,3,肩部,280,耐力+107；智力+108,法术强度+152；暴击等级+93；急速等级+82,1.00（触发效果额外，不扣属性预算）,法术强度+152；暴击等级+93；急速等级+82,法术强度+151；暴击等级+102；急速等级+79,法术强度×0.9934；暴击等级×1.0968；急速等级×0.9634,5,2,黄色,蓝色,0,,,,1161,,,,,,,,51204,神圣霜巫肩垫,264,4,3,3,无,,30143,裂隙追猎者护肩,43752,4,133,70,
103596,暮光前线之法袍,护甲,法系输出,4,3,20,胸部,280,耐力+143；智力+143,法术强度+200；暴击等级+126；急速等级+109,1.00（触发效果额外，不扣属性预算）,法术强度+200；暴击等级+126；急速等级+109,法术强度+213；暴击等级+136；急速等级+104,法术强度×1.0650；暴击等级×1.0794；急速等级×0.9541,5,1,黄色,,0,,,,1555,,,,,,,,51249,神圣霜巫外套,277,4,3,5,无,,42664,复仇斗士环甲护甲,41144,4,146,70,
103597,法衣·秘法洪流,护甲,法系输出,4,3,20,胸部,280,耐力+143；智力+143,法术强度+200；暴击等级+126；急速等级+109,1.00（触发效果额外，不扣属性预算）,法术强度+200；暴击等级+126；急速等级+109,法术强度+181；暴击等级+121；急速等级+99,法术强度×0.9050；暴击等级×0.9603；急速等级×0.9083,5,1,蓝色,,0,,,,1555,,,,,,,,51239,神圣霜巫锁甲,277,4,3,5,无,,30887,金色治疗胸甲,45767,4,141,70,
103598,冬拥湖之法袍,护甲,法系输出,4,3,20,胸部,280,耐力+143；智力+145,法术强度+193；急速等级+113；命中等级+117,1.00（触发效果额外，不扣属性预算）,法术强度+193；急速等级+113；命中等级+117,法术强度+190；急速等级+106；命中等级+116,法术强度×0.9845；急速等级×0.9381；命中等级×0.9915,5,1,红色,,0,,,,1543,,,,,,,,48326,萨尔的凯旋胸铠,258,4,3,5,无,,32334,迅疾突袭外套,45355,4,141,70,
103599,长夜法衣,护甲,法系输出,4,3,20,胸部,280,耐力+143；智力+145,法术强度+193；急速等级+113；命中等级+117,1.00（触发效果额外，不扣属性预算）,法术强度+193；急速等级+113；命中等级+117,法术强度+202；急速等级+117；命中等级+121,法术强度×1.0466；急速等级×1.0354；命中等级×1.0342,5,0,,,0,,,,1543,,,,,,,,48325,努波顿的凯旋胸铠,258,4,3,5,无,,32592,无情风暴胸甲,45283,4,141,70,
103600,游侠将军的腰甲,护甲,法系输出,4,3,6,腰部,280,耐力+107；智力+107,法术强度+142；暴击等级+76；急速等级+93,1.00（触发效果额外，不扣属性预算）,法术强度+142；暴击等级+76；急速等级+93,法术强度+152；暴击等级+73；急速等级+93,法术强度×1.0704；暴击等级×0.9605；急速等级×1.0000,5,1,黄色,,0,,,,874,,,,,,,,53488,分形腰带,271,4,3,6,无,,32803,老兵的鳞甲束带,46048,4,136,70,
103601,龙魂低语·腰带,护甲,法系输出,4,3,6,腰部,280,耐力+107；智力+108,法术强度+140；暴击等级+93；急速等级+73,1.00（触发效果额外，不扣属性预算）,法术强度+140；暴击等级+93；急速等级+73,法术强度+153；暴击等级+94；急速等级+69,法术强度×1.0929；暴击等级×1.0108；急速等级×0.9452,5,2,蓝色,红色,0,,,,870,,,,,,,,50992,绝望腰带,264,4,3,6,无,,32397,束缚灵魂腰带,44836,4,130,70,
103602,逐日者之符文,护甲,法系输出,4,3,6,腰部,280,耐力+107；智力+107,法术强度+142；暴击等级+76；急速等级+93,1.00（触发效果额外，不扣属性预算）,法术强度+142；暴击等级+76；急速等级+93,法术强度+137；暴击等级+74；急速等级+99,法术强度×0.9648；暴击等级×0.9737；急速等级×1.0645,5,1,红色,,0,,,,874,,,,,,,,53488,分形腰带,271,4,3,6,无,,30030,坠落星辰束带,46089,4,128,70,
103603,黎明赞歌·腰甲,护甲,法系输出,4,3,6,腰部,280,耐力+121；智力+102,法术强度+159；暴击等级+83；急速等级+98,1.00（触发效果额外，不扣属性预算）,法术强度+159；暴击等级+83；急速等级+98,法术强度+173；暴击等级+89；急速等级+91,法术强度×1.0881；暴击等级×1.0723；急速等级×0.9286,5,2,黄色,蓝色,0,,,,871,,,,,,,,45151,陨落巨龙腰带,232,4,3,6,无,,30044,季风腰带,46090,4,128,70,
103604,符文之霜火,护甲,法系输出,4,3,7,腿部,280,耐力+143；智力+145,法术强度+186；暴击等级+107；急速等级+114,1.00（触发效果额外，不扣属性预算）,法术强度+186；暴击等级+107；急速等级+114,法术强度+168；暴击等级+111；急速等级+111,法术强度×0.9032；暴击等级×1.0374；急速等级×0.9737,5,1,黄色,,0,,,,1354,,,,,,,,49900,闪电灌注护腿,264,4,3,7,无,,34914,追击护腿,48468,4,141,70,
103605,苍穹王座之长裤,护甲,法系输出,4,3,7,腿部,280,耐力+143；智力+145,法术强度+193；暴击等级+107；命中等级+127,1.00（触发效果额外，不扣属性预算）,法术强度+193；暴击等级+107；命中等级+127,法术强度+203；暴击等级+108；命中等级+130,法术强度×1.0518；暴击等级×1.0093；命中等级×1.0236,5,1,蓝色,,0,,,,1350,,,,,,,,48329,萨尔的凯旋褶裙,258,4,3,7,无,,34931,符文古鳞护腿,48493,4,141,70,
103606,破晓·腿铠,护甲,法系输出,4,3,7,腿部,280,耐力+143；智力+145,法术强度+193；暴击等级+107；命中等级+127,1.00（触发效果额外，不扣属性预算）,法术强度+193；暴击等级+107；命中等级+127,法术强度+209；暴击等级+101；命中等级+115,法术强度×1.0829；暴击等级×0.9439；命中等级×0.9055,5,0,,,0,,,,1350,,,,,,,,48322,努波顿的凯旋褶裙,258,4,3,7,无,,34934,疾速风暴褶裙,48492,4,141,70,
103607,天穹长裤,护甲,法系输出,4,3,7,腿部,280,耐力+143；智力+143,法术强度+200；暴击等级+126；命中等级+109,1.00（触发效果额外，不扣属性预算）,法术强度+200；暴击等级+126；命中等级+109,法术强度+218；暴击等级+129；命中等级+112,法术强度×1.0900；暴击等级×1.0238；命中等级×1.0275,5,1,黄色,,0,,,,1361,,,,,,,,51236,神圣霜巫褶裙,277,4,3,7,无,,29991,炎鹰护腿,46092,4,138,70,
103608,圣贤之灵辉,护甲,法系输出,4,3,8,脚部,280,耐力+106；智力+107,法术强度+138；急速等级+91；暴击等级+74,1.00（触发效果额外，不扣属性预算）,法术强度+138；急速等级+91；暴击等级+74,法术强度+144；急速等级+86；暴击等级+67,法术强度×1.0435；急速等级×0.9451；暴击等级×0.9054,5,1,黄色,,0,,,,1061,,,,,,,,47456,震地马靴,258,4,3,8,无,,32791,老兵的鳞甲战靴,46049,4,136,70,
103609,暮星洞察足具,护甲,法系输出,4,3,8,脚部,280,耐力+106；智力+107,法术强度+138；急速等级+91；暴击等级+74,1.00（触发效果额外，不扣属性预算）,法术强度+138；急速等级+91；暴击等级+74,法术强度+134；急速等级+87；暴击等级+76,法术强度×0.9710；急速等级×0.9560；暴击等级×1.0270,5,2,蓝色,红色,0,,,,1061,,,,,,,,47099,震地长靴,258,4,3,8,无,,32398,束缚灵魂长靴,45786,4,130,70,
103610,暗影穹殿的天穹,护甲,法系输出,4,3,8,脚部,280,耐力+107；智力+108,法术强度+140；暴击等级+75；急速等级+91,1.00（触发效果额外，不扣属性预算）,法术强度+140；暴击等级+75；急速等级+91,法术强度+142；暴击等级+69；急速等级+91,法术强度×1.0143；暴击等级×0.9200；急速等级×1.0000,5,0,,,0,,,,1064,,,,,,,,49896,地魂之靴,264,4,3,8,无,,29951,群星旅者长靴,45912,4,128,70,
103611,红龙军团的无声裁决,护甲,法系输出,4,3,8,脚部,280,耐力+107；智力+107,法术强度+142；暴击等级+94；急速等级+75,1.00（触发效果额外，不扣属性预算）,法术强度+142；暴击等级+94；急速等级+75,法术强度+135；暴击等级+97；急速等级+81,法术强度×0.9507；暴击等级×1.0319；急速等级×1.0800,5,1,黄色,,0,,,,1068,,,,,,,,54558,分生长靴,271,4,3,8,无,,30043,飓风长靴,45919,4,128,70,
103612,寒星腕铠,护甲,法系输出,4,3,9,腕部,280,耐力+80；智力+80,法术强度+113；暴击等级+62；急速等级+70,1.00（触发效果额外，不扣属性预算）,法术强度+113；暴击等级+62；急速等级+70,法术强度+113；暴击等级+67；急速等级+74,法术强度×1.0000；暴击等级×1.0806；急速等级×1.0571,5,1,黄色,,0,,,,681,,,,,,,,50687,鲜血之离护腕,277,4,3,9,无,,33894,守备官的鳞甲护腕,47418,4,141,70,
103613,苍穹追猎臂环,护甲,法系输出,4,3,9,腕部,280,耐力+80；智力+81,法术强度+111；暴击等级+61；急速等级+69,1.00（触发效果额外，不扣属性预算）,法术强度+111；暴击等级+61；急速等级+69,法术强度+110；暴击等级+61；急速等级+67,法术强度×0.9910；暴击等级×1.0000；急速等级×0.9710,5,2,蓝色,红色,0,,,,677,,,,,,,,50030,血裂护腕,264,4,3,9,无,,32399,束缚灵魂护腕,44835,4,130,70,
103614,深空臂环,护甲,法系输出,4,3,9,腕部,280,耐力+80；智力+80,法术强度+113；暴击等级+62；急速等级+70,1.00（触发效果额外，不扣属性预算）,法术强度+113；暴击等级+62；急速等级+70,法术强度+109；暴击等级+65；急速等级+70,法术强度×0.9646；暴击等级×1.0484；急速等级×1.0000,5,0,,,0,,,,681,,,,,,,,50687,鲜血之离护腕,277,4,3,9,无,,30026,天界猎手护腕,46085,4,128,70,
103615,远征军的腕轮,护甲,法系输出,4,3,9,腕部,280,耐力+87；智力+82,暴击等级+63；命中等级+77；法术强度+119,1.00（触发效果额外，不扣属性预算）,暴击等级+63；命中等级+77；法术强度+119,暴击等级+62；命中等级+77；法术强度+112,暴击等级×0.9841；命中等级×1.0000；法术强度×0.9412,5,1,黄色,,0,,,,678,,,,,,,,49787,风雷七晨,219,4,3,9,无,,30047,黑暗深渊作战护腕,46095,4,128,70,
103616,战拳·惊雷,护甲,法系输出,4,3,10,手部,280,耐力+107；智力+108,法术强度+140；暴击等级+93；急速等级+73,1.00（触发效果额外，不扣属性预算）,法术强度+140；暴击等级+93；急速等级+73,法术强度+128；暴击等级+97；急速等级+66,法术强度×0.9143；暴击等级×1.0430；急速等级×0.9041,5,0,,,0,,,,967,,,,,,,,50980,风雪护卫手套,264,4,3,10,无,,32234,穆库之拳,45712,4,141,70,
103617,银色勇士的裹手,护甲,法系输出,4,3,10,手部,280,耐力+107；智力+108,法术强度+152；暴击等级+93；命中等级+84,1.00（触发效果额外，不扣属性预算）,法术强度+152；暴击等级+93；命中等级+84,法术强度+153；暴击等级+98；命中等级+88,法术强度×1.0066；暴击等级×1.0538；命中等级×1.0476,5,1,蓝色,,0,,,,967,,,,,,,,51201,神圣霜巫手套,264,4,3,10,无,,34916,迅急手套,48467,4,141,70,
103618,时流唤醒拳甲,护甲,法系输出,4,3,10,手部,280,耐力+106；智力+107,法术强度+150；急速等级+82；命中等级+95,1.00（触发效果额外，不扣属性预算）,法术强度+150；急速等级+82；命中等级+95,法术强度+146；急速等级+77；命中等级+100,法术强度×0.9733；急速等级×0.9390；命中等级×1.0526,5,1,红色,,0,,,,965,,,,,,,,48324,努波顿的凯旋手套,258,4,3,10,无,,31961,残酷角斗士的链甲护手,45964,4,136,70,
103619,翡翠梦境之臂铠,护甲,法系输出,4,3,10,手部,280,耐力+106；智力+106,法术强度+154；暴击等级+93；命中等级+84,1.00（触发效果额外，不扣属性预算）,法术强度+154；暴击等级+93；命中等级+84,法术强度+164；暴击等级+99；命中等级+87,法术强度×1.0649；暴击等级×1.0645；命中等级×1.0357,5,0,,,0,,,,972,,,,,,,,51238,神圣霜巫手套,277,4,3,10,无,,32005,残酷角斗士的鳞甲护手,46109,4,136,70,
103620,灰熊丘陵之头饰,护甲,法系输出,4,4,1,头部,280,耐力+143；智力+145,法术强度+183；暴击等级+107；急速等级+113,1.00（触发效果额外，不扣属性预算）,法术强度+183；暴击等级+107；急速等级+113,法术强度+169；暴击等级+101；急速等级+118,法术强度×0.9235；暴击等级×0.9439；急速等级×1.0442,5,2,混沌,红色,0,,,,2240,,,,,,,,48582,图拉扬的凯旋头饰,258,4,4,1,无,,32373,伊利达雷碎裂头盔,45722,4,141,70,
103621,风暴前夜面罩,护甲,法系输出,4,4,1,头部,280,耐力+143；智力+143,法术强度+191；暴击等级+117；急速等级+109,1.00（触发效果额外，不扣属性预算）,法术强度+191；暴击等级+117；急速等级+109,法术强度+179；暴击等级+106；急速等级+99,法术强度×0.9372；暴击等级×0.9060；急速等级×0.9083,5,3,混沌,蓝色,0,,,,2259,,,,,,,,51272,神圣光誓头冠,277,4,4,1,无,,30488,残酷角斗士的板甲头盔,47593,4,136,70,蓝色
103622,奥术兜帽,护甲,法系输出,4,4,1,头部,280,耐力+143；智力+145,法术强度+186；暴击等级+117；急速等级+105,1.00（触发效果额外，不扣属性预算）,法术强度+186；暴击等级+117；急速等级+105,法术强度+201；暴击等级+113；急速等级+111,法术强度×1.0806；暴击等级×0.9658；急速等级×1.0571,5,2,混沌,红色,0,,,,2247,,,,,,,,51167,神圣光誓头冠,264,4,4,1,无,,31997,残酷角斗士的板层甲头盔,46224,4,136,70,
103623,暮光审判官降临兜帽,护甲,法系输出,4,4,1,头部,280,耐力+143；智力+146,法术强度+180；暴击等级+117；急速等级+102,1.00（触发效果额外，不扣属性预算）,法术强度+180；暴击等级+117；急速等级+102,法术强度+168；暴击等级+126；急速等级+96,法术强度×0.9333；暴击等级×1.0769；急速等级×0.9412,5,2,混沌,黄色,0,,,,2232,,,,,,,,50867,光誓头冠,251,4,4,1,无,,42627,残忍斗士铠甲头盔,44561,4,136,70,
103624,星界旅者之奥术,护甲,法系输出,4,4,3,肩部,280,耐力+106；智力+107,法术强度+150；暴击等级+94；急速等级+82,1.00（触发效果额外，不扣属性预算）,法术强度+150；暴击等级+94；急速等级+82,法术强度+154；暴击等级+94；急速等级+85,法术强度×1.0267；暴击等级×1.0000；急速等级×1.0366,5,0,,,0,,,,2069,,,,,,,,48580,图拉扬的凯旋护肩,258,4,4,3,无,,42629,残忍斗士铠甲护肩,39543,4,136,70,
103625,黑锋骑士的肩卫,护甲,法系输出,4,4,3,肩部,280,耐力+106；智力+106,法术强度+154；暴击等级+93；急速等级+84,1.00（触发效果额外，不扣属性预算）,法术强度+154；暴击等级+93；急速等级+84,法术强度+160；暴击等级+91；急速等级+89,法术强度×1.0390；暴击等级×0.9785；急速等级×1.0595,5,0,,,0,,,,2085,,,,,,,,51273,神圣光誓肩铠,277,4,4,3,无,,30117,毁灭者护肩,42300,4,133,70,
103626,奥术洞察披肩,护甲,法系输出,4,4,3,肩部,280,耐力+107；智力+108,法术强度+152；暴击等级+93；急速等级+82,1.00（触发效果额外，不扣属性预算）,法术强度+152；暴击等级+93；急速等级+82,法术强度+160；暴击等级+100；急速等级+84,法术强度×1.0526；暴击等级×1.0753；急速等级×1.0244,5,1,红色,,0,,,,2074,,,,,,,,51166,神圣光誓肩铠,264,4,4,3,无,,30127,晶铸肩铠,42310,4,133,70,
103627,长夜肩饰,护甲,法系输出,4,4,3,肩部,280,耐力+106；智力+109,法术强度+149；暴击等级+94；急速等级+80,1.00（触发效果额外，不扣属性预算）,法术强度+149；暴击等级+94；急速等级+80,法术强度+147；暴击等级+96；急速等级+85,法术强度×0.9866；暴击等级×1.0213；急速等级×1.0625,5,0,,,0,,,,2060,,,,,,,,50865,光誓肩铠,251,4,4,3,无,,30053,战争舞者肩甲,46348,4,128,70,
103628,幽影外套,护甲,法系输出,4,4,5,胸部,280,耐力+143；智力+145,法术强度+196；暴击等级+126；急速等级+105,1.00（触发效果额外，不扣属性预算）,法术强度+196；暴击等级+126；急速等级+105,法术强度+191；暴击等级+115；急速等级+104,法术强度×0.9745；暴击等级×0.9127；急速等级×0.9905,5,0,,,0,,,,2766,,,,,,,,51165,神圣光誓罩袍,264,4,4,5,无,,34921,神职者的胸甲,48471,4,141,70,
103629,逐日者之灵辉,护甲,法系输出,4,4,5,胸部,280,耐力+143；智力+145,法术强度+185；暴击等级+107；急速等级+114,1.00（触发效果额外，不扣属性预算）,法术强度+185；暴击等级+107；急速等级+114,法术强度+193；暴击等级+117；急速等级+125,法术强度×1.0432；暴击等级×1.0935；急速等级×1.0965,5,2,蓝色,红色,0,,,,2766,,,,,,,,50027,抗腐胸甲,264,4,4,5,无,,34939,淡泊胸铠,48496,4,141,70,
103630,唤星者之时流,护甲,法系输出,4,4,5,胸部,280,耐力+143；智力+145,法术强度+183；急速等级+113；暴击等级+107,1.00（触发效果额外，不扣属性预算）,法术强度+183；急速等级+113；暴击等级+107,法术强度+184；急速等级+122；暴击等级+97,法术强度×1.0055；急速等级×1.0796；暴击等级×0.9065,5,1,红色,,0,,,,2758,,,,,,,,47471,冰湖胸甲,258,4,4,5,无,,34942,愤恨胸铠,48476,4,141,70,
103631,黑锋骑士的胸铠,护甲,法系输出,4,4,5,胸部,280,耐力+143；智力+145,法术强度+183；急速等级+113；暴击等级+107,1.00（触发效果额外，不扣属性预算）,法术强度+183；急速等级+113；暴击等级+107,法术强度+168；急速等级+105；暴击等级+97,法术强度×0.9180；急速等级×0.9292；暴击等级×0.9065,5,1,黄色,,0,,,,2758,,,,,,,,47147,冰湖护胸,258,4,4,5,无,,34945,沙塔斯护卫胸铠,48473,4,141,70,
103632,灰熊丘陵之围带,护甲,法系输出,4,4,6,腰部,280,耐力+106；智力+107,法术强度+138；急速等级+72；暴击等级+94,1.00（触发效果额外，不扣属性预算）,法术强度+138；急速等级+72；暴击等级+94,法术强度+150；急速等级+65；暴击等级+92,法术强度×1.0870；急速等级×0.9028；暴击等级×0.9787,5,2,黄色,蓝色,0,,,,1551,,,,,,,,53121,代行者腰带,258,4,4,6,无,,32401,影钢束带,27429,4,130,70,
103633,腰链·破晓,护甲,法系输出,4,4,6,腰部,280,耐力+107；智力+108,法术强度+140；暴击等级+93；急速等级+73,1.00（触发效果额外，不扣属性预算）,法术强度+140；暴击等级+93；急速等级+73,法术强度+140；暴击等级+93；急速等级+66,法术强度×1.0000；暴击等级×1.0000；急速等级×0.9041,5,2,蓝色,红色,0,,,,1556,,,,,,,,50989,巫妖杀手的索带,264,4,4,6,无,,29965,正义旅途束带,42699,4,128,70,
103634,荒野猎手的束带,护甲,法系输出,4,4,6,腰部,280,耐力+107；智力+108,法术强度+140；暴击等级+93；急速等级+73,1.00（触发效果额外，不扣属性预算）,法术强度+140；暴击等级+93；急速等级+73,法术强度+149；暴击等级+93；急速等级+69,法术强度×1.0643；暴击等级×1.0000；急速等级×0.9452,5,1,红色,,0,,,,1556,,,,,,,,50451,孤王腰带,264,4,4,6,无,,30032,红色战斗腰带,46075,4,128,70,
103635,暮光前线之束带,护甲,法系输出,4,4,6,腰部,280,耐力+107；智力+107,法术强度+142；急速等级+75；暴击等级+94,1.00（触发效果额外，不扣属性预算）,法术强度+142；急速等级+75；暴击等级+94,法术强度+128；急速等级+74；暴击等级+96,法术强度×0.9014；急速等级×0.9867；暴击等级×1.0213,5,2,黄色,蓝色,0,,,,1560,,,,,,,,54565,代行者腰带,271,4,4,6,无,,30034,守护者腰带,46072,4,128,70,
103636,永恒征途腿胄,护甲,法系输出,4,4,7,腿部,280,耐力+143；智力+145,法术强度+186；暴击等级+109；急速等级+113,1.00（触发效果额外，不扣属性预算）,法术强度+186；暴击等级+109；急速等级+113,法术强度+180；暴击等级+109；急速等级+121,法术强度×0.9677；暴击等级×1.0000；急速等级×1.0708,5,1,黄色,,0,,,,2420,,,,,,,,51928,蚀银腿甲,264,4,4,7,无,,34946,奥尔多铭文腿铠,48474,4,141,70,
103637,圣贤之星界,护甲,法系输出,4,4,7,腿部,280,耐力+143；智力+145,法术强度+186；暴击等级+117；急速等级+105,1.00（触发效果额外，不扣属性预算）,法术强度+186；暴击等级+117；急速等级+105,法术强度+170；暴击等级+127；急速等级+95,法术强度×0.9140；暴击等级×1.0855；急速等级×0.9048,5,1,蓝色,,0,,,,2420,,,,,,,,49902,纯钢腿甲,264,4,4,7,无,,30489,残酷角斗士的板甲护腿,45971,4,136,70,
103638,最后守望腿铠,护甲,法系输出,4,4,7,腿部,280,耐力+143；智力+146,法术强度+180；暴击等级+107；急速等级+111,1.00（触发效果额外，不扣属性预算）,法术强度+180；暴击等级+107；急速等级+111,法术强度+188；暴击等级+109；急速等级+108,法术强度×1.0444；暴击等级×1.0187；急速等级×0.9730,5,1,红色,,0,,,,2404,,,,,,,,50775,蚀银腿甲,251,4,4,7,无,,31995,残酷角斗士的板层甲护腿,46008,4,136,70,
103639,屠龙者之暮星,护甲,法系输出,4,4,7,腿部,280,耐力+143；智力+145,法术强度+183；暴击等级+109；急速等级+110,1.00（触发效果额外，不扣属性预算）,法术强度+183；暴击等级+109；急速等级+110,法术强度+196；暴击等级+119；急速等级+109,法术强度×1.0710；暴击等级×1.0917；急速等级×0.9909,5,1,黄色,,0,,,,2413,,,,,,,,47440,陨落圣光护腿,258,4,4,7,无,,42628,残忍斗士铠甲腿甲,45932,4,136,70,
103640,星界破界护足,护甲,法系输出,4,4,8,脚部,280,耐力+106；智力+107,法术强度+138；暴击等级+74；急速等级+91,1.00（触发效果额外，不扣属性预算）,法术强度+138；暴击等级+74；急速等级+91,法术强度+146；暴击等级+75；急速等级+99,法术强度×1.0580；暴击等级×1.0135；急速等级×1.0879,5,1,黄色,,0,,,,1896,,,,,,,,46986,英勇长靴,258,4,4,8,无,,30031,红色浩劫长靴,45920,4,128,70,
103641,寒星·长靴,护甲,法系输出,4,4,8,脚部,280,耐力+107；智力+108,法术强度+140；暴击等级+93；急速等级+73,1.00（触发效果额外，不扣属性预算）,法术强度+140；暴击等级+93；急速等级+73,法术强度+149；暴击等级+93；急速等级+66,法术强度×1.0643；暴击等级×1.0000；急速等级×0.9041,5,1,蓝色,,0,,,,1901,,,,,,,,49905,生命的守护,264,4,4,8,无,,30033,保卫者战靴,45913,4,128,70,
103642,先知之灵辉,护甲,法系输出,4,4,8,脚部,280,耐力+107；智力+107,法术强度+142；暴击等级+76；急速等级+93,1.00（触发效果额外，不扣属性预算）,法术强度+142；暴击等级+76；急速等级+93,法术强度+145；暴击等级+76；急速等级+86,法术强度×1.0211；暴击等级×1.0000；急速等级×0.9247,5,1,红色,,0,,,,1907,,,,,,,,53487,兆示之足音,271,4,4,8,无,,30081,湮灭战靴,42168,4,128,70,
103643,银色北伐军之足具,护甲,法系输出,4,4,8,脚部,280,耐力+106；智力+107,法术强度+138；暴击等级+74；急速等级+91,1.00（触发效果额外，不扣属性预算）,法术强度+138；暴击等级+74；急速等级+91,法术强度+150；暴击等级+69；急速等级+87,法术强度×1.0870；暴击等级×0.9324；急速等级×0.9560,5,1,黄色,,0,,,,1896,,,,,,,,47424,英勇战靴,258,4,4,8,无,,32267,复原之靴,45918,4,128,70,
103644,霜裔追猎臂环,护甲,法系输出,4,4,9,腕部,280,耐力+80；智力+81,法术强度+111；暴击等级+61；急速等级+69,1.00（触发效果额外，不扣属性预算）,法术强度+111；暴击等级+61；急速等级+69,法术强度+114；暴击等级+62；急速等级+68,法术强度×1.0270；暴击等级×1.0164；急速等级×0.9855,5,2,黄色,蓝色,0,,,,1210,,,,,,,,50175,镇墓人护腕,264,4,4,9,无,,32403,影钢护腕,44839,4,130,70,
103645,深空腕甲,护甲,法系输出,4,4,9,腕部,280,耐力+80；智力+80,法术强度+113；暴击等级+62；急速等级+70,1.00（触发效果额外，不扣属性预算）,法术强度+113；暴击等级+62；急速等级+70,法术强度+104；暴击等级+59；急速等级+63,法术强度×0.9204；暴击等级×0.9516；急速等级×0.9000,5,0,,,0,,,,1217,,,,,,,,50721,镇墓人护腕,277,4,4,9,无,,30057,根除护腕,42650,4,128,70,
103646,荒野猎手的臂甲,护甲,法系输出,4,4,9,腕部,280,耐力+80；智力+81,法术强度+111；暴击等级+61；急速等级+69,1.00（触发效果额外，不扣属性预算）,法术强度+111；暴击等级+61；急速等级+69,法术强度+118；暴击等级+55；急速等级+73,法术强度×1.0631；暴击等级×0.9016；急速等级×1.0580,5,1,红色,,0,,,,1210,,,,,,,,50175,镇墓人护腕,264,4,4,9,无,,33513,恒金怒火护腕,47017,4,128,70,
103647,时流之霜原孤歌,护甲,法系输出,4,4,9,腕部,280,耐力+80；智力+80,法术强度+113；暴击等级+62；急速等级+70,1.00（触发效果额外，不扣属性预算）,法术强度+113；暴击等级+62；急速等级+70,法术强度+113；暴击等级+58；急速等级+63,法术强度×1.0000；暴击等级×0.9355；急速等级×0.9000,5,1,黄色,,0,,,,1217,,,,,,,,50721,镇墓人护腕,277,4,4,9,无,,33516,上古方阵护腕,47023,4,128,70,
103648,嚎风峡湾之裹手,护甲,法系输出,4,4,10,手部,280,耐力+106；智力+106,法术强度+144；暴击等级+93；急速等级+76,1.00（触发效果额外，不扣属性预算）,法术强度+144；暴击等级+93；急速等级+76,法术强度+153；暴击等级+93；急速等级+69,法术强度×1.0625；暴击等级×1.0000；急速等级×0.9079,5,0,,,0,,,,1738,,,,,,,,50650,阵亡领主的手甲,277,4,4,10,无,,30487,残酷角斗士的板甲手套,45973,4,136,70,
103649,灵辉之最后守望,护甲,法系输出,4,4,10,手部,280,耐力+107；智力+108,法术强度+140；暴击等级+93；急速等级+73,1.00（触发效果额外，不扣属性预算）,法术强度+140；暴击等级+93；急速等级+73,法术强度+138；暴击等级+87；急速等级+74,法术强度×0.9857；暴击等级×0.9355；急速等级×1.0137,5,0,,,0,,,,1728,,,,,,,,50976,白炽护手,264,4,4,10,无,,31993,残酷角斗士的板层甲护手,46010,4,136,70,
103650,符文护手,护甲,法系输出,4,4,10,手部,280,耐力+107；智力+108,法术强度+140；暴击等级+93；急速等级+73,1.00（触发效果额外，不扣属性预算）,法术强度+140；暴击等级+93；急速等级+73,法术强度+138；暴击等级+90；急速等级+67,法术强度×0.9857；暴击等级×0.9677；急速等级×0.9178,5,0,,,0,,,,1728,,,,,,,,49995,阵亡领主的手甲,264,4,4,10,无,,42626,残忍斗士铠甲护手,39540,4,136,70,
103651,永夜之泰坦遗训,护甲,法系输出,4,4,10,手部,280,耐力+106；智力+106,法术强度+144；暴击等级+93；急速等级+76,1.00（触发效果额外，不扣属性预算）,法术强度+144；暴击等级+93；急速等级+76,法术强度+153；暴击等级+86；急速等级+71,法术强度×1.0625；暴击等级×0.9247；急速等级×0.9342,5,0,,,0,,,,1738,,,,,,,,50650,阵亡领主的手甲,277,4,4,10,无,,30114,毁灭者手甲,42299,4,133,70,
103652,恩泽战盔,护甲,治疗,4,1,1,头部,280,耐力+143；智力+143；精神+109,法术强度+191；暴击等级+117,1.00（触发效果额外，不扣属性预算）,法术强度+191；暴击等级+117,法术强度+188；暴击等级+116,法术强度×0.9843；暴击等级×0.9915,5,3,混沌,红色,0,,,,303,,,,,,,,51261,神圣血色侍僧罩帽,277,4,1,1,无,,31063,赦免兜帽,45770,4,146,70,蓝色
103653,唤星者之生命,护甲,治疗,4,1,1,头部,280,耐力+143；智力+145；精神+117,法术强度+196；急速等级+96,1.00（触发效果额外，不扣属性预算）,法术强度+196；急速等级+96,法术强度+182；急速等级+95,法术强度×0.9286；急速等级×0.9896,5,3,混沌,红色,0,,,,301,,,,,,,,51896,魔术师的龟裂兜帽,264,4,1,1,无,,33677,复仇角斗士的鬼纹兜帽,46871,4,146,70,黄色
103654,风暴前夜·冠冕,护甲,治疗,4,1,1,头部,280,耐力+143；智力+143；精神+117,法术强度+191；暴击等级+109,1.00（触发效果额外，不扣属性预算）,法术强度+191；暴击等级+109,法术强度+204；暴击等级+119,法术强度×1.0681；暴击等级×1.0917,5,3,混沌,黄色,0,,,,303,,,,,,,,50661,科雷萨仪祭之冠,277,4,1,1,无,,33718,复仇角斗士的月布兜帽,48113,4,146,70,蓝色
103655,长夜·战盔,护甲,治疗,4,1,1,头部,280,耐力+143；智力+146；精神+117,法术强度+191；急速等级+92,1.00（触发效果额外，不扣属性预算）,法术强度+191；急速等级+92,法术强度+200；急速等级+88,法术强度×1.0471；急速等级×0.9565,5,2,混沌,黄色,0,,,,299,,,,,,,,50807,魔术师的龟裂兜帽,251,4,1,1,无,,33758,复仇角斗士的丝质罩帽,47799,4,146,70,
103656,失落神殿祈愿肩甲,护甲,治疗,4,1,3,肩部,280,耐力+107；智力+108；精神+99,法术强度+140；暴击等级+65,1.00（触发效果额外，不扣属性预算）,法术强度+140；暴击等级+65,法术强度+151；暴击等级+63,法术强度×1.0786；暴击等级×0.9692,5,0,,,0,,,,278,,,,,,,,51883,浸血的医师护肩,264,4,1,3,无,,30884,怨怒护肩,45749,4,141,70,
103657,守望者的肩饰,护甲,治疗,4,1,3,肩部,280,耐力+107；智力+110；精神+94,法术强度+147；急速等级+79,1.00（触发效果额外，不扣属性预算）,法术强度+147；急速等级+79,法术强度+136；急速等级+86,法术强度×0.9252；急速等级×1.0886,5,1,黄色,,0,,,,274,,,,,,,,47716,人性敬畏护肩,245,4,1,3,无,,32273,耀眼光芒肩饰,45704,4,141,70,
103658,苍穹王座之披肩,护甲,治疗,4,1,3,肩部,280,耐力+107；智力+108；精神+94,法术强度+152；暴击等级+84,1.00（触发效果额外，不扣属性预算）,法术强度+152；暴击等级+84,法术强度+156；暴击等级+82,法术强度×1.0263；暴击等级×0.9762,5,0,,,0,,,,278,,,,,,,,51175,神圣血色侍僧肩垫,264,4,1,3,无,,32338,血咒护肩,45705,4,141,70,
103659,肩甲·天穹,护甲,治疗,4,1,3,肩部,280,耐力+107；智力+110；精神+94,法术强度+147；急速等级+79,1.00（触发效果额外，不扣属性预算）,法术强度+147；急速等级+79,法术强度+133；急速等级+81,法术强度×0.9048；急速等级×1.0253,5,0,,,0,,,,274,,,,,,,,47715,人性敬畏衬肩,245,4,1,3,无,,32585,迅捷治疗衬肩,45412,4,141,70,
103660,霜火外衣,护甲,治疗,4,1,20,胸部,280,耐力+143；智力+145；精神+117,法术强度+196；暴击等级+117,1.00（触发效果额外，不扣属性预算）,法术强度+196；暴击等级+117,法术强度+188；暴击等级+116,法术强度×0.9592；暴击等级×0.9915,5,1,蓝色,,0,,,,371,,,,,,,,51176,神圣血色侍僧法袍,264,4,1,20,无,,33680,复仇角斗士的鬼纹长袍,46873,4,146,70,
103661,黎明礼服,护甲,治疗,4,1,20,胸部,280,耐力+143；智力+145；精神+117,法术强度+193；急速等级+113,1.00（触发效果额外，不扣属性预算）,法术强度+193；急速等级+113,法术强度+187；急速等级+107,法术强度×0.9689；急速等级×0.9469,5,1,黄色,,0,,,,370,,,,,,,,48090,萨布拉的凯旋法衣,258,4,1,20,无,,33721,复仇角斗士的月布长袍,46927,4,146,70,
103662,黎明庇佑法袍,护甲,治疗,4,1,20,胸部,280,耐力+143；智力+145；精神+98,法术强度+186；暴击等级+126,1.00（触发效果额外，不扣属性预算）,法术强度+186；暴击等级+126,法术强度+194；暴击等级+123,法术强度×1.0430；暴击等级×0.9762,5,2,红色,蓝色,0,,,,371,,,,,,,,50975,权晋礼袍,264,4,1,20,无,,33760,复仇角斗士的丝质外衣,46931,4,146,70,
103663,恩泽之寒星,护甲,治疗,4,1,20,胸部,280,耐力+143；智力+145；精神+117,法术强度+193；急速等级+113,1.00（触发效果额外，不扣属性预算）,法术强度+193；急速等级+113,法术强度+207；急速等级+105,法术强度×1.0725；急速等级×0.9292,5,2,蓝色,黄色,0,,,,370,,,,,,,,48083,维伦的凯旋法衣,258,4,1,20,无,,32327,暗影议会长袍,45335,4,141,70,
103664,远征军庇佑束带,护甲,治疗,4,1,6,腰部,280,耐力+107；智力+108；精神+94,法术强度+140；暴击等级+75,1.00（触发效果额外，不扣属性预算）,法术强度+140；暴击等级+75,法术强度+145；暴击等级+79,法术强度×1.0357；暴击等级×1.0533,5,2,蓝色,黄色,0,,,,208,,,,,,,,50063,顽疾束带,264,4,1,6,无,,32519,神圣指引腰带,45263,4,141,70,
103665,慈悲战带,护甲,治疗,4,1,6,腰部,280,耐力+107；智力+108；精神+73,法术强度+140；急速等级+89,1.00（触发效果额外，不扣属性预算）,法术强度+140；急速等级+89,法术强度+146；急速等级+94,法术强度×1.0429；急速等级×1.0562,5,0,,,0,,,,208,,,,,,,,51930,恩医束带,264,4,1,6,无,,32799,老兵的鬼纹腰带,46062,4,136,70,
103666,龙骨荒野晨曦腰甲,护甲,治疗,4,1,6,腰部,280,耐力+106；智力+106；精神+93,法术强度+144；暴击等级+76,1.00（触发效果额外，不扣属性预算）,法术强度+144；暴击等级+76,法术强度+150；暴击等级+78,法术强度×1.0417；暴击等级×1.0263,5,1,红色,,0,,,,210,,,,,,,,50702,顽疾束带,277,4,1,6,无,,32807,老兵的丝质腰带,46065,4,136,70,
103667,霜火·腰带,护甲,治疗,4,1,6,腰部,280,耐力+107；智力+108；精神+75,法术强度+140；急速等级+91,1.00（触发效果额外，不扣属性预算）,法术强度+140；急速等级+91,法术强度+141；急速等级+95,法术强度×1.0071；急速等级×1.0440,5,0,,,0,,,,208,,,,,,,,50997,欧塞斯教派束环,264,4,1,6,无,,32979,老兵的月布腰带,46068,4,136,70,
103668,永恒征途·护腿,护甲,治疗,4,1,7,腿部,280,耐力+143；智力+145；精神+107,法术强度+193；暴击等级+126,1.00（触发效果额外，不扣属性预算）,法术强度+193；暴击等级+126,法术强度+206；暴击等级+117,法术强度×1.0674；暴击等级×0.9286,5,1,蓝色,,0,,,,323,,,,,,,,47765,逐日者的凯旋护腿,258,4,1,7,无,,33719,复仇角斗士的月布护腿,46925,4,146,70,
103669,月泉唤醒下装,护甲,治疗,4,1,7,腿部,280,耐力+143；智力+145；精神+117,法术强度+193；急速等级+113,1.00（触发效果额外，不扣属性预算）,法术强度+193；急速等级+113,法术强度+197；急速等级+122,法术强度×1.0207；急速等级×1.0796,5,0,,,0,,,,323,,,,,,,,48059,萨布拉的凯旋护腿,258,4,1,7,无,,33761,复仇角斗士的丝质长裤,46933,4,146,70,
103670,大领主的护腿,护甲,治疗,4,1,7,腿部,280,耐力+143；智力+145；精神+107,法术强度+193；暴击等级+126,1.00（触发效果额外，不扣属性预算）,法术强度+193；暴击等级+126,法术强度+190；暴击等级+135,法术强度×0.9845；暴击等级×1.0714,5,1,红色,,0,,,,323,,,,,,,,47760,卡德加的凯旋护腿,258,4,1,7,无,,30916,元素导能护腿,45219,4,141,70,
103671,静谧战裙,护甲,治疗,4,1,7,腿部,280,耐力+143；智力+145；精神+117,法术强度+193；急速等级+113,1.00（触发效果额外，不扣属性预算）,法术强度+193；急速等级+113,法术强度+188；急速等级+111,法术强度×0.9741；急速等级×0.9823,5,2,蓝色,黄色,0,,,,323,,,,,,,,48033,维伦的凯旋护腿,258,4,1,7,无,,32367,崩坏护腿,45319,4,141,70,
103672,银色北伐军静谧胫甲,护甲,治疗,4,1,8,脚部,280,耐力+107；智力+108；精神+94,法术强度+140；暴击等级+75,1.00（触发效果额外，不扣属性预算）,法术强度+140；暴击等级+75,法术强度+127；暴击等级+80,法术强度×0.9071；暴击等级×1.0667,5,1,蓝色,,0,,,,255,,,,,,,,49893,仪祭软鞋,264,4,1,8,无,,32239,唤海者便鞋,45732,4,141,70,
103673,泰坦遗迹之战靴,护甲,治疗,4,1,8,脚部,280,耐力+106；智力+107；精神+94,法术强度+150；急速等级+82,1.00（触发效果额外，不扣属性预算）,法术强度+150；急速等级+82,法术强度+148；急速等级+77,法术强度×0.9867；急速等级×0.9390,5,1,黄色,,0,,,,254,,,,,,,,47454,孀妇便鞋,258,4,1,8,无,,32609,神圣光芒长靴,45706,4,141,70,
103674,灰熊丘陵恩泽胫甲,护甲,治疗,4,1,8,脚部,280,耐力+107；智力+108；精神+94,法术强度+140；暴击等级+75,1.00（触发效果额外，不扣属性预算）,法术强度+140；暴击等级+75,法术强度+147；暴击等级+82,法术强度×1.0500；暴击等级×1.0933,5,1,红色,,0,,,,255,,,,,,,,61016,繁花之生命,264,4,1,8,无,,34919,魔咒长靴,42327,4,141,70,
103675,慈悲之寒星,护甲,治疗,4,1,8,脚部,280,耐力+106；智力+107；精神+94,法术强度+150；急速等级+82,1.00（触发效果额外，不扣属性预算）,法术强度+150；急速等级+82,法术强度+142；急速等级+90,法术强度×0.9467；急速等级×1.0976,5,0,,,0,,,,254,,,,,,,,47097,孀妇长靴,258,4,1,8,无,,34926,忠诚治愈之鞋,48479,4,141,70,
103676,晨曦臂环,护甲,治疗,4,1,9,腕部,280,耐力+80；智力+81；精神+68,法术强度+111；暴击等级+62,1.00（触发效果额外，不扣属性预算）,法术强度+111；暴击等级+62,法术强度+111；暴击等级+64,法术强度×1.0000；暴击等级×1.0323,5,1,蓝色,,0,,,,162,,,,,,,,51918,黑暗祝福护腕,264,4,1,9,无,,33901,守备官的月布护腕,47422,4,141,70,
103677,凛冬余威·腕轮,护甲,治疗,4,1,9,腕部,280,耐力+80；智力+81；精神+71,法术强度+110；急速等级+59,1.00（触发效果额外，不扣属性预算）,法术强度+110；急速等级+59,法术强度+104；急速等级+60,法术强度×0.9455；急速等级×1.0169,5,0,,,0,,,,162,,,,,,,,47485,苍白圣徒护腕,258,4,1,9,无,,33913,守备官的丝质护腕,47426,4,141,70,
103678,秘法洪流臂环,护甲,治疗,4,1,9,腕部,280,耐力+80；智力+81；精神+70,法术强度+111；暴击等级+61,1.00（触发效果额外，不扣属性预算）,法术强度+111；暴击等级+61,法术强度+117；暴击等级+66,法术强度×1.0541；暴击等级×1.0820,5,1,红色,,0,,,,162,,,,,,,,50032,死亡医师的袖腕,264,4,1,9,无,,32392,灵魂卫士护腕,44826,4,130,70,
103679,寒星·束腕,护甲,治疗,4,1,9,腕部,280,耐力+80；智力+81；精神+71,法术强度+110；急速等级+59,1.00（触发效果额外，不扣属性预算）,法术强度+110；急速等级+59,法术强度+114；急速等级+59,法术强度×1.0364；急速等级×1.0000,5,0,,,0,,,,162,,,,,,,,47208,苍白圣徒腕甲,258,4,1,9,无,,29918,心灵风暴护腕,42645,4,128,70,
103680,奥杜尔之臂铠,护甲,治疗,4,1,10,手部,280,耐力+107；智力+108；精神+94,法术强度+140；暴击等级+75,1.00（触发效果额外，不扣属性预算）,法术强度+140；暴击等级+75,法术强度+148；暴击等级+70,法术强度×1.0571；暴击等级×0.9333,5,0,,,0,,,,231,,,,,,,,50984,矛盾手套,264,4,1,10,无,,33717,复仇角斗士的月布手套,46932,4,146,70,
103681,银色勇士的手铠,护甲,治疗,4,1,10,手部,280,耐力+106；智力+106；精神+76,法术强度+144；急速等级+92,1.00（触发效果额外，不扣属性预算）,法术强度+144；急速等级+92,法术强度+146；急速等级+99,法术强度×1.0139；急速等级×1.0761,5,0,,,0,,,,233,,,,,,,,50722,萨莱因仪祭手套,277,4,1,10,无,,33759,复仇角斗士的丝质护手,46930,4,146,70,
103682,群星回响·手铠,护甲,治疗,4,1,10,手部,280,耐力+106；智力+109；精神+76,法术强度+131；暴击等级+88,1.00（触发效果额外，不扣属性预算）,法术强度+131；暴击等级+88,法术强度+141；暴击等级+80,法术强度×1.0763；暴击等级×0.9091,5,1,红色,,0,,,,229,,,,,,,,45520,警戒裹手,239,4,1,10,无,,32353,不灭信仰手套,45716,4,141,70,
103683,圣贤唤醒手铠,护甲,治疗,4,1,10,手部,280,耐力+107；智力+108；精神+63,法术强度+140；急速等级+98,1.00（触发效果额外，不扣属性预算）,法术强度+140；急速等级+98,法术强度+143；急速等级+103,法术强度×1.0214；急速等级×1.0510,5,0,,,0,,,,231,,,,,,,,51874,断指手套,264,4,1,10,无,,34938,末日卫士的灵魂之握,48495,4,141,70,
103684,霜脉矮人之面甲,护甲,治疗,4,2,1,头部,280,耐力+143；智力+143；精神+117,法术强度+191；暴击等级+109,1.00（触发效果额外，不扣属性预算）,法术强度+191；暴击等级+109,法术强度+190；暴击等级+106,法术强度×0.9948；暴击等级×0.9725,5,3,混沌,黄色,0,,,,569,,,,,,,,51302,神圣树纹头盔,277,4,2,1,无,,42691,残忍斗士皮甲头盔,47172,4,136,70,蓝色
103685,圣贤的兜帽,护甲,治疗,4,2,1,头部,280,耐力+165；智力+140；精神+102,法术强度+185；急速等级+94,1.00（触发效果额外，不扣属性预算）,法术强度+185；急速等级+94,法术强度+173；急速等级+101,法术强度×0.9351；急速等级×1.0745,5,2,混沌,黄色,0,,,,565,,,,,,,,45439,坚毅的凝视,232,4,2,1,无,,42696,残忍斗士皮甲头盔,44876,4,136,70,
103686,圣贤的头冠,护甲,治疗,4,2,1,头部,280,耐力+143；智力+143；精神+117,法术强度+191；暴击等级+109,1.00（触发效果额外，不扣属性预算）,法术强度+191；暴击等级+109,法术强度+201；暴击等级+118,法术强度×1.0524；暴击等级×1.0826,5,3,混沌,蓝色,0,,,,569,,,,,,,,50679,古月头盔,277,4,2,1,无,,30146,死亡阴影头盔,45018,4,133,70,蓝色
103687,灰熊丘陵之面罩,护甲,治疗,4,2,1,头部,280,耐力+141；智力+149；精神+102,法术强度+183；急速等级+92,1.00（触发效果额外，不扣属性预算）,法术强度+183；急速等级+92,法术强度+197；急速等级+83,法术强度×1.0765；急速等级×0.9022,5,2,混沌,蓝色,0,,,,561,,,,,,,,46184,征服者的夜歌头饰,226,4,2,1,无,,30219,诺达希尔头盔,50531,4,133,70,
103688,无声裁决·肩卫,护甲,治疗,4,2,3,肩部,280,耐力+106；智力+106；精神+93,法术强度+154；暴击等级+84,1.00（触发效果额外，不扣属性预算）,法术强度+154；暴击等级+84,法术强度+139；暴击等级+77,法术强度×0.9026；暴击等级×0.9167,5,1,蓝色,,0,,,,526,,,,,,,,51304,神圣树纹肩甲,277,4,2,3,无,,32001,残酷角斗士的皮甲护肩,45961,4,136,70,
103689,龙魂低语披肩,护甲,治疗,4,2,3,肩部,280,耐力+106；智力+107；精神+84,法术强度+150；急速等级+91,1.00（触发效果额外，不扣属性预算）,法术强度+150；急速等级+91,法术强度+165；急速等级+86,法术强度×1.1000；急速等级×0.9451,5,1,黄色,,0,,,,521,,,,,,,,48147,符文图腾的凯旋肩铠,258,4,2,3,无,,42693,残忍斗士皮甲肩甲,41758,4,136,70,
103690,深渊凝视衬肩,护甲,治疗,4,2,3,肩部,280,耐力+107；智力+108；精神+94,法术强度+152；暴击等级+84,1.00（触发效果额外，不扣属性预算）,法术强度+152；暴击等级+84,法术强度+149；暴击等级+78,法术强度×0.9803；暴击等级×0.9286,5,2,红色,蓝色,0,,,,523,,,,,,,,51135,神圣树纹肩甲,264,4,2,3,无,,42698,残忍斗士皮甲肩甲,41142,4,136,70,
103691,龙魂低语·肩饰,护甲,治疗,4,2,3,肩部,280,耐力+106；智力+107；精神+84,法术强度+150；急速等级+91,1.00（触发效果额外，不扣属性预算）,法术强度+150；急速等级+91,法术强度+161；急速等级+89,法术强度×1.0733；急速等级×0.9780,5,2,蓝色,黄色,0,,,,521,,,,,,,,48138,玛法里奥的凯旋肩铠,258,4,2,3,无,,30149,死亡阴影护肩,45020,4,133,70,
103692,救赎守护圣袍,护甲,治疗,4,2,20,胸部,280,耐力+143；智力+145；精神+126,法术强度+196；暴击等级+107,1.00（触发效果额外，不扣属性预算）,法术强度+196；暴击等级+107,法术强度+198；暴击等级+113,法术强度×1.0102；暴击等级×1.0561,5,0,,,0,,,,697,,,,,,,,51139,神圣树纹长袍,264,4,2,20,无,,34903,星光之拥,48967,4,141,70,
103693,晨曦征伐法袍,护甲,治疗,4,2,20,胸部,280,耐力+143；智力+145；精神+127,法术强度+183；急速等级+94,1.00（触发效果额外，不扣属性预算）,法术强度+183；急速等级+94,法术强度+180；急速等级+90,法术强度×0.9836；急速等级×0.9574,5,0,,,0,,,,695,,,,,,,,47453,反目长袍,258,4,2,20,无,,34906,永恒勇武护胸,48450,4,141,70,
103694,战袍·失落荣光,护甲,治疗,4,2,20,胸部,280,耐力+143；智力+145；精神+126,法术强度+186；暴击等级+98,1.00（触发效果额外，不扣属性预算）,法术强度+186；暴击等级+98,法术强度+171；暴击等级+102,法术强度×0.9194；暴击等级×1.0408,5,2,红色,蓝色,0,,,,697,,,,,,,,49996,亡语胸甲,264,4,2,20,无,,34927,黑暗时刻外套,48484,4,141,70,
103695,永恒之眼之战袍,护甲,治疗,4,2,20,胸部,280,耐力+143；智力+145；精神+127,法术强度+183；急速等级+94,1.00（触发效果额外，不扣属性预算）,法术强度+183；急速等级+94,法术强度+172；急速等级+90,法术强度×0.9399；急速等级×0.9574,5,2,蓝色,黄色,0,,,,695,,,,,,,,47096,反目外衣,258,4,2,20,无,,31972,残酷角斗士的龙皮外套,45997,4,136,70,
103696,翡翠梦境之腰甲,护甲,治疗,4,2,6,腰部,280,耐力+107；智力+110；精神+90,法术强度+134；暴击等级+72,1.00（触发效果额外，不扣属性预算）,法术强度+134；暴击等级+72,法术强度+125；暴击等级+78,法术强度×0.9328；暴击等级×1.0833,5,2,蓝色,黄色,0,,,,387,,,,,,,,47929,冬至腰带,245,4,2,6,无,,30040,深邃暗影腰带,46102,4,128,70,
103697,蓝龙军团的余烬,护甲,治疗,4,2,6,腰部,280,耐力+107；智力+108；精神+75,法术强度+140；急速等级+91,1.00（触发效果额外，不扣属性预算）,法术强度+140；急速等级+91,法术强度+128；急速等级+96,法术强度×0.9143；急速等级×1.0549,5,2,黄色,红色,0,,,,392,,,,,,,,50069,教授的血斑罩衫,264,4,2,6,无,,30042,自然力量腰带,46104,4,128,70,
103698,龙眠的幽影,护甲,治疗,4,2,6,腰部,280,耐力+107；智力+108；精神+94,法术强度+140；暴击等级+75,1.00（触发效果额外，不扣属性预算）,法术强度+140；暴击等级+75,法术强度+143；暴击等级+80,法术强度×1.0214；暴击等级×1.0667,5,1,红色,,0,,,,392,,,,,,,,51908,黑暗苦痛束带,264,4,2,6,无,,33211,刀锋天使的钱币腰带,46785,4,128,70,
103699,红龙军团之腰链,护甲,治疗,4,2,6,腰部,280,耐力+106；智力+107；精神+94,法术强度+138；急速等级+72,1.00（触发效果额外，不扣属性预算）,法术强度+138；急速等级+72,法术强度+138；急速等级+71,法术强度×1.0000；急速等级×0.9861,5,0,,,0,,,,391,,,,,,,,47469,灰棘腰带,258,4,2,6,无,,33583,巨兽腰带,47060,4,128,70,
103700,嚎风峡湾之护胫,护甲,治疗,4,2,7,腿部,280,耐力+143；智力+145；精神+117,法术强度+186；暴击等级+107,1.00（触发效果额外，不扣属性预算）,法术强度+186；暴击等级+107,法术强度+189；暴击等级+102,法术强度×1.0161；暴击等级×0.9533,5,1,蓝色,,0,,,,610,,,,,,,,49898,自然喷薄裹腿,264,4,2,7,无,,31969,残酷角斗士的龙皮护腿,47129,4,136,70,
103701,静谧征伐护腿,护甲,治疗,4,2,7,腿部,280,耐力+143；智力+145；精神+126,法术强度+186；急速等级+96,1.00（触发效果额外，不扣属性预算）,法术强度+186；急速等级+96,法术强度+201；急速等级+88,法术强度×1.0806；急速等级×0.9167,5,0,,,0,,,,610,,,,,,,,51897,坚定之血护腿,264,4,2,7,无,,32000,残酷角斗士的皮甲护腿,45960,4,136,70,
103702,烈日战裙,护甲,治疗,4,2,7,腿部,280,耐力+143；智力+145；精神+117,法术强度+186；暴击等级+107,1.00（触发效果额外，不扣属性预算）,法术强度+186；暴击等级+107,法术强度+187；暴击等级+106,法术强度×1.0054；暴击等级×0.9907,5,0,,,0,,,,610,,,,,,,,49898,自然喷薄裹腿,264,4,2,7,无,,42692,残忍斗士皮甲腿甲,41445,4,136,70,
103703,新生凝视腿铠,护甲,治疗,4,2,7,腿部,280,耐力+143；智力+145；精神+126,法术强度+196；急速等级+103,1.00（触发效果额外，不扣属性预算）,法术强度+196；急速等级+103,法术强度+202；急速等级+97,法术强度×1.0306；急速等级×0.9417,5,1,蓝色,,0,,,,610,,,,,,,,51136,神圣树纹腿甲,264,4,2,7,无,,42697,残忍斗士皮甲腿甲,41140,4,136,70,
103704,圣贤之晨曦,护甲,治疗,4,2,8,脚部,280,耐力+106；智力+106；精神+76,法术强度+144；暴击等级+93,1.00（触发效果额外，不扣属性预算）,法术强度+144；暴击等级+93,法术强度+155；暴击等级+94,法术强度×1.0764；暴击等级×1.0108,5,2,蓝色,黄色,0,,,,481,,,,,,,,50665,非自然成长长靴,277,4,2,8,无,,30041,自然优雅之靴,45914,4,128,70,
103705,泰坦遗训·便鞋,护甲,治疗,4,2,8,脚部,280,耐力+122；智力+105；精神+94,法术强度+158；急速等级+88,1.00（触发效果额外，不扣属性预算）,法术强度+158；急速等级+88,法术强度+153；急速等级+83,法术强度×0.9684；急速等级×0.9432,5,1,黄色,,0,,,,484,,,,,,,,45378,石化森林之靴,225,4,2,8,无,,30060,猛烈打击长靴,45821,4,128,70,
103706,胫甲·失落荣光,护甲,治疗,4,2,8,脚部,280,耐力+107；智力+108；精神+75,法术强度+140；暴击等级+93,1.00（触发效果额外，不扣属性预算）,法术强度+140；暴击等级+93,法术强度+133；暴击等级+88,法术强度×0.9500；暴击等级×0.9462,5,0,,,0,,,,479,,,,,,,,50009,异常生长之靴,264,4,2,8,无,,30092,虎鲸皮靴,45909,4,128,70,
103707,寒星·足具,护甲,治疗,4,2,8,脚部,280,耐力+107；智力+108；精神+84,法术强度+140；急速等级+82,1.00（触发效果额外，不扣属性预算）,法术强度+140；急速等级+82,法术强度+152；急速等级+80,法术强度×1.0857；急速等级×0.9756,5,0,,,0,,,,479,,,,,,,,49894,塞纳里奥祝福之靴,264,4,2,8,无,,33222,奈加恩的长靴,46792,4,128,70,
103708,黑锋骑士团祈愿腕铠,护甲,治疗,4,2,9,腕部,280,耐力+80；智力+80；精神+70,法术强度+113；暴击等级+62,1.00（触发效果额外，不扣属性预算）,法术强度+113；暴击等级+62,法术强度+119；暴击等级+67,法术强度×1.0531；暴击等级×1.0806,5,1,蓝色,,0,,,,307,,,,,,,,50630,无尽梦境护腕,277,4,2,9,无,,33540,刺杀大师护腕,47043,4,128,70,
103709,暮光前线慈悲臂环,护甲,治疗,4,2,9,腕部,280,耐力+81；智力+83；精神+70,法术强度+120；急速等级+67,1.00（触发效果额外，不扣属性预算）,法术强度+120；急速等级+67,法术强度+129；急速等级+66,法术强度×1.0750；急速等级×0.9851,5,2,黄色,红色,0,,,,301,,,,,,,,47277,秋木束腕,245,4,2,9,无,,33578,卡多雷保卫者护臂,47055,4,128,70,
103710,腕轮·群星回响,护甲,治疗,4,2,9,腕部,280,耐力+80；智力+81；精神+74,法术强度+111；暴击等级+56,1.00（触发效果额外，不扣属性预算）,法术强度+111；暴击等级+56,法术强度+119；暴击等级+52,法术强度×1.0721；暴击等级×0.9286,5,1,红色,,0,,,,305,,,,,,,,51885,剧毒冲击护腕,264,4,2,9,无,,33580,迅捷豹爪护腕,47057,4,128,70,
103711,救赎之霜原孤歌,护甲,治疗,4,2,9,腕部,280,耐力+81；智力+83；精神+70,法术强度+120；急速等级+67,1.00（触发效果额外，不扣属性预算）,法术强度+120；急速等级+67,法术强度+127；急速等级+73,法术强度×1.0583；急速等级×1.0896,5,1,蓝色,,0,,,,301,,,,,,,,47055,秋木护腕,245,4,2,9,无,,32810,老兵的龙皮护腕,46060,4,126,70,
103712,慈悲手铠,护甲,治疗,4,2,10,手部,280,耐力+106；智力+107；精神+94,法术强度+150；暴击等级+84,1.00（触发效果额外，不扣属性预算）,法术强度+150；暴击等级+84,法术强度+136；暴击等级+82,法术强度×0.9067；暴击等级×0.9762,5,2,蓝色,黄色,0,,,,434,,,,,,,,48143,符文图腾的凯旋护手,258,4,2,10,无,,31998,残酷角斗士的皮甲手套,45958,4,136,70,
103713,失落神殿黎明护手,护甲,治疗,4,2,10,手部,280,耐力+107；智力+108；精神+94,法术强度+140；急速等级+73,1.00（触发效果额外，不扣属性预算）,法术强度+140；急速等级+73,法术强度+131；急速等级+73,法术强度×0.9357；急速等级×1.0000,5,0,,,0,,,,436,,,,,,,,51814,冰柱雕塑者,264,4,2,10,无,,42690,残忍斗士皮甲手套,41443,4,136,70,
103714,龙魂低语·裹手,护甲,治疗,4,2,10,手部,280,耐力+106；智力+107；精神+94,法术强度+150；暴击等级+84,1.00（触发效果额外，不扣属性预算）,法术强度+150；暴击等级+84,法术强度+138；暴击等级+90,法术强度×0.9200；暴击等级×1.0714,5,0,,,0,,,,434,,,,,,,,48142,玛法里奥的凯旋护手,258,4,2,10,无,,42695,残忍斗士皮甲手套,41138,4,136,70,
103715,静潮·裹手,护甲,治疗,4,2,10,手部,280,耐力+107；智力+108；精神+94,法术强度+152；急速等级+82,1.00（触发效果额外，不扣属性预算）,法术强度+152；急速等级+82,法术强度+151；急速等级+76,法术强度×0.9934；急速等级×0.9268,5,0,,,0,,,,436,,,,,,,,51138,神圣树纹护手,264,4,2,10,无,,30145,死亡阴影护手,45016,4,133,70,
103716,祈愿降临王冠,护甲,治疗,4,3,1,头部,280,耐力+143；智力+145,法术强度+186；暴击等级+107；每5秒法力回复+58,1.00（触发效果额外，不扣属性预算）,法术强度+186；暴击等级+107；每5秒法力回复+58,法术强度+168；暴击等级+117；每5秒法力回复+60,法术强度×0.9032；暴击等级×1.0935；每5秒法力回复×1.0345,5,3,混沌,蓝色,0,,,,1257,,,,,,,,50202,暴雪头盔,264,4,3,1,无,,32006,残酷角斗士的鳞甲头盔,46507,4,136,70,黄色
103717,苍穹王座之冠冕,护甲,治疗,4,3,1,头部,280,耐力+127；智力+138,法术强度+191；急速等级+112；每5秒法力回复+57,1.00（触发效果额外，不扣属性预算）,法术强度+191；急速等级+112；每5秒法力回复+57,法术强度+188；急速等级+106；每5秒法力回复+55,法术强度×0.9843；急速等级×0.9464；每5秒法力回复×0.9649,5,2,混沌,蓝色,0,,,,1249,,,,,,,,50797,玄冰维库人头盔,251,4,3,1,无,,42661,残忍斗士锁甲头盔,44009,4,136,70,
103718,灰熊丘陵之头冠,护甲,治疗,4,3,1,头部,280,耐力+143；智力+145,法术强度+183；暴击等级+109；每5秒法力回复+57,1.00（触发效果额外，不扣属性预算）,法术强度+183；暴击等级+109；每5秒法力回复+57,法术强度+179；暴击等级+116；每5秒法力回复+57,法术强度×0.9781；暴击等级×1.0642；每5秒法力回复×1.0000,5,3,混沌,红色,0,,,,1253,,,,,,,,48307,萨尔的凯旋头饰,258,4,3,1,无,,30141,裂隙追猎者头盔,43750,4,133,70,蓝色
103719,黎明圣所之冠冕,护甲,治疗,4,3,1,头部,280,耐力+143；智力+147,法术强度+177；急速等级+88；每5秒法力回复+63,1.00（触发效果额外，不扣属性预算）,法术强度+177；急速等级+88；每5秒法力回复+63,法术强度+161；急速等级+88；每5秒法力回复+62,法术强度×0.9096；急速等级×1.0000；每5秒法力回复×0.9841,5,3,混沌,红色,0,,,,1244,,,,,,,,47687,热情蕴藏头甲,245,4,3,1,无,,30166,灾难头甲,44516,4,133,70,黄色
103720,逐日者守护肩甲,护甲,治疗,4,3,3,肩部,280,耐力+107；智力+110,法术强度+147；暴击等级+83；每5秒法力回复+48,1.00（触发效果额外，不扣属性预算）,法术强度+147；暴击等级+83；每5秒法力回复+48,法术强度+144；暴击等级+76；每5秒法力回复+49,法术强度×0.9796；暴击等级×0.9157；每5秒法力回复×1.0208,5,1,蓝色,,0,,,,1149,,,,,,,,47707,碎地者护肩,245,4,3,3,无,,30168,灾难肩甲,43617,4,133,70,
103721,慈悲之永恒征途,护甲,治疗,4,3,3,肩部,280,耐力+106；智力+107,法术强度+150；急速等级+82；每5秒法力回复+47,1.00（触发效果额外，不扣属性预算）,法术强度+150；急速等级+82；每5秒法力回复+47,法术强度+156；急速等级+80；每5秒法力回复+48,法术强度×1.0400；急速等级×0.9756；每5秒法力回复×1.0213,5,0,,,0,,,,1158,,,,,,,,48309,萨尔的凯旋护肩,258,4,3,3,无,,33464,妖术领主的巫毒肩铠,46990,4,133,70,
103722,月泉之新月,护甲,治疗,4,3,3,肩部,280,耐力+107；智力+110,法术强度+147；暴击等级+83；每5秒法力回复+48,1.00（触发效果额外，不扣属性预算）,法术强度+147；暴击等级+83；每5秒法力回复+48,法术强度+149；暴击等级+82；每5秒法力回复+47,法术强度×1.0136；暴击等级×0.9880；每5秒法力回复×0.9792,5,1,红色,,0,,,,1149,,,,,,,,47706,碎地者肩饰,245,4,3,3,无,,30085,不倦追踪者护肩,46355,4,128,70,
103723,寒星·护肩,护甲,治疗,4,3,3,肩部,280,耐力+106；智力+107,法术强度+150；急速等级+82；每5秒法力回复+47,1.00（触发效果额外，不扣属性预算）,法术强度+150；急速等级+82；每5秒法力回复+47,法术强度+141；急速等级+88；每5秒法力回复+45,法术强度×0.9400；急速等级×1.0732；每5秒法力回复×0.9574,5,0,,,0,,,,1158,,,,,,,,48290,努波顿的凯旋护肩,258,4,3,3,无,,30097,珊瑚护肩,46096,4,128,70,
103724,救赎守护外衣,护甲,治疗,4,3,20,胸部,280,耐力+143；智力+145,法术强度+183；暴击等级+97；每5秒法力回复+63,1.00（触发效果额外，不扣属性预算）,法术强度+183；暴击等级+97；每5秒法力回复+63,法术强度+182；暴击等级+90；每5秒法力回复+64,法术强度×0.9945；暴击等级×0.9278；每5秒法力回复×1.0159,5,1,蓝色,,0,,,,1543,,,,,,,,47209,元素流动胸甲,258,4,3,5,无,,34912,龙皮鳞甲,48466,4,141,70,
103725,荒野猎手之生命,护甲,治疗,4,3,20,胸部,280,耐力+143；智力+145,法术强度+186；急速等级+123；每5秒法力回复+49,1.00（触发效果额外，不扣属性预算）,法术强度+186；急速等级+123；每5秒法力回复+49,法术强度+182；急速等级+129；每5秒法力回复+45,法术强度×0.9785；急速等级×1.0488；每5秒法力回复×0.9184,5,1,黄色,,0,,,,1547,,,,,,,,51840,虹吸元素胸甲,264,4,3,5,无,,34930,生命波浪胸甲,48487,4,141,70,
103726,祈愿法衣,护甲,治疗,4,3,20,胸部,280,耐力+143；智力+145,法术强度+186；暴击等级+117；每5秒法力回复+54,1.00（触发效果额外，不扣属性预算）,法术强度+186；暴击等级+117；每5秒法力回复+54,法术强度+187；暴击等级+114；每5秒法力回复+49,法术强度×1.0054；暴击等级×0.9744；每5秒法力回复×0.9074,5,0,,,0,,,,1547,,,,,,,,50971,涌泉锁甲,264,4,3,5,无,,34933,涡流之怒外套,48491,4,141,70,
103727,无声裁决圣袍,护甲,治疗,4,3,20,胸部,280,耐力+143；智力+145,法术强度+186；急速等级+96；每5秒法力回复+63,1.00（触发效果额外，不扣属性预算）,法术强度+186；急速等级+96；每5秒法力回复+63,法术强度+198；急速等级+97；每5秒法力回复+68,法术强度×1.0645；急速等级×1.0104；每5秒法力回复×1.0794,5,2,蓝色,黄色,0,,,,1547,,,,,,,,50177,血钱锁甲,264,4,3,5,无,,31960,残酷角斗士的链甲护胸,45963,4,136,70,
103728,圣贤之新生,护甲,治疗,4,3,6,腰部,280,耐力+106；智力+107,法术强度+138；暴击等级+74；每5秒法力回复+47,1.00（触发效果额外，不扣属性预算）,法术强度+138；暴击等级+74；每5秒法力回复+47,法术强度+139；暴击等级+72；每5秒法力回复+49,法术强度×1.0072；暴击等级×0.9730；每5秒法力回复×1.0426,5,1,蓝色,,0,,,,868,,,,,,,,47426,冰层挖掘者护腕,258,4,3,6,无,,30046,黑鹰腰带,46087,4,128,70,
103729,逐日者之圣光,护甲,治疗,4,3,6,腰部,280,耐力+107；智力+108,法术强度+140；急速等级+96；每5秒法力回复+34,1.00（触发效果额外，不扣属性预算）,法术强度+140；急速等级+96；每5秒法力回复+34,法术强度+137；急速等级+90；每5秒法力回复+33,法术强度×0.9786；急速等级×0.9375；每5秒法力回复×0.9706,5,1,黄色,,0,,,,870,,,,,,,,51919,亡语信徒腰带,264,4,3,6,无,,30068,海潮召唤束带,46097,4,128,70,
103730,扣带·深渊凝视,护甲,治疗,4,3,6,腰部,280,耐力+106；智力+107,法术强度+150；暴击等级+84；每5秒法力回复+47,1.00（触发效果额外，不扣属性预算）,法术强度+150；暴击等级+84；每5秒法力回复+47,法术强度+143；暴击等级+79；每5秒法力回复+51,法术强度×0.9533；暴击等级×0.9405；每5秒法力回复×1.0851,5,0,,,0,,,,868,,,,,,,,46991,冰层挖掘者腰带,258,4,3,6,无,,33280,战羽之环,46793,4,128,70,
103731,圣光扣带,护甲,治疗,4,3,6,腰部,280,耐力+107；智力+108,法术强度+140；急速等级+82；每5秒法力回复+42,1.00（触发效果额外，不扣属性预算）,法术强度+140；急速等级+82；每5秒法力回复+42,法术强度+149；急速等级+87；每5秒法力回复+40,法术强度×1.0643；急速等级×1.0610；每5秒法力回复×0.9524,5,0,,,0,,,,870,,,,,,,,50015,鲜血新星腰带,264,4,3,6,无,,33386,曼金杜腰带,47036,4,128,70,
103732,远征军的下装,护甲,治疗,4,3,7,腿部,280,耐力+143；智力+145,法术强度+196；暴击等级+126；每5秒法力回复+54,1.00（触发效果额外，不扣属性预算）,法术强度+196；暴击等级+126；每5秒法力回复+54,法术强度+209；暴击等级+116；每5秒法力回复+49,法术强度×1.0663；暴击等级×0.9206；每5秒法力回复×0.9074,5,1,蓝色,,0,,,,1354,,,,,,,,51193,神圣霜巫腿甲,264,4,3,7,无,,31963,残酷角斗士的链甲护腿,45966,4,136,70,
103733,龙骨荒野之腿甲,护甲,治疗,4,3,7,腿部,280,耐力+143；智力+145,法术强度+183；急速等级+103；每5秒法力回复+58,1.00（触发效果额外，不扣属性预算）,法术强度+183；急速等级+103；每5秒法力回复+58,法术强度+196；急速等级+101；每5秒法力回复+55,法术强度×1.0710；急速等级×0.9806；每5秒法力回复×0.9483,5,2,黄色,红色,0,,,,1350,,,,,,,,47450,仇恨深藏护腿,258,4,3,7,无,,32007,残酷角斗士的鳞甲护腿,46022,4,136,70,
103734,黑锋骑士之新生,护甲,治疗,4,3,7,腿部,280,耐力+143；智力+145,法术强度+185；暴击等级+107；每5秒法力回复+58,1.00（触发效果额外，不扣属性预算）,法术强度+185；暴击等级+107；每5秒法力回复+58,法术强度+195；暴击等级+109；每5秒法力回复+61,法术强度×1.0541；暴击等级×1.0187；每5秒法力回复×1.0517,5,2,红色,蓝色,0,,,,1354,,,,,,,,50450,暧昧诱惑护腿,264,4,3,7,无,,30142,裂隙追猎者护腿,43751,4,133,70,
103735,静潮·腿甲,护甲,治疗,4,3,7,腿部,280,耐力+143；智力+145,法术强度+183；急速等级+103；每5秒法力回复+58,1.00（触发效果额外，不扣属性预算）,法术强度+183；急速等级+103；每5秒法力回复+58,法术强度+193；急速等级+111；每5秒法力回复+53,法术强度×1.0546；急速等级×1.0777；每5秒法力回复×0.9138,5,0,,,0,,,,1350,,,,,,,,47087,仇恨深藏腿甲,258,4,3,7,无,,30167,灾难腿甲,43618,4,133,70,
103736,晨曦足甲,护甲,治疗,4,3,8,脚部,280,耐力+107；智力+108,法术强度+140；暴击等级+84；每5秒法力回复+42,1.00（触发效果额外，不扣属性预算）,法术强度+140；暴击等级+84；每5秒法力回复+42,法术强度+149；暴击等级+80；每5秒法力回复+42,法术强度×1.0643；暴击等级×0.9524；每5秒法力回复×1.0000,5,1,蓝色,,0,,,,1064,,,,,,,,49993,冥光胫甲,264,4,3,8,无,,30045,赤鹰之靴,46091,4,128,70,
103737,晨曦之失落荣光,护甲,治疗,4,3,8,脚部,280,耐力+106；智力+109,法术强度+136；每5秒法力回复+46；急速等级+70,1.00（触发效果额外，不扣属性预算）,法术强度+136；每5秒法力回复+46；急速等级+70,法术强度+137；每5秒法力回复+45；急速等级+69,法术强度×1.0074；每5秒法力回复×0.9783；急速等级×0.9857,5,2,黄色,红色,0,,,,1057,,,,,,,,51006,躲闪之靴,251,4,3,8,无,,30066,风暴行者之靴,44951,4,128,70,
103738,便鞋·远古誓言,护甲,治疗,4,3,8,脚部,280,耐力+106；智力+106,法术强度+144；暴击等级+84；每5秒法力回复+42,1.00（触发效果额外，不扣属性预算）,法术强度+144；暴击等级+84；每5秒法力回复+42,法术强度+146；暴击等级+86；每5秒法力回复+42,法术强度×1.0139；暴击等级×1.0238；每5秒法力回复×1.0000,5,1,红色,,0,,,,1069,,,,,,,,50652,冥光胫甲,277,4,3,8,无,,33324,生命之路长靴,47038,4,128,70,
103739,灰熊丘陵的秘法洪流,护甲,治疗,4,3,8,脚部,280,耐力+107；智力+108,法术强度+140；每5秒法力回复+47；急速等级+73,1.00（触发效果额外，不扣属性预算）,法术强度+140；每5秒法力回复+47；急速等级+73,法术强度+152；每5秒法力回复+46；急速等级+77,法术强度×1.0857；每5秒法力回复×0.9787；急速等级×1.0548,5,2,蓝色,黄色,0,,,,1064,,,,,,,,51873,曳行轻鞋,264,4,3,8,无,,33537,鸣雷战靴,47041,4,128,70,
103740,生命臂环,护甲,治疗,4,3,9,腕部,280,耐力+80；智力+81,法术强度+110；每5秒法力回复+35；暴击等级+61,1.00（触发效果额外，不扣属性预算）,法术强度+110；每5秒法力回复+35；暴击等级+61,法术强度+118；每5秒法力回复+35；暴击等级+64,法术强度×1.0727；每5秒法力回复×1.0000；暴击等级×1.0492,5,2,蓝色,黄色,0,,,,675,,,,,,,,47441,溷沌预兆裹腕,258,4,3,9,无,,30091,精准猎手护腕,46100,4,128,70,
103741,北风苔原之护腕,护甲,治疗,4,3,9,腕部,280,耐力+80；智力+82,法术强度+109；急速等级+62；每5秒法力回复+32,1.00（触发效果额外，不扣属性预算）,法术强度+109；急速等级+62；每5秒法力回复+32,法术强度+100；急速等级+60；每5秒法力回复+34,法术强度×0.9174；急速等级×0.9677；每5秒法力回复×1.0625,5,1,黄色,,0,,,,672,,,,,,,,50774,冷魂护腕,251,4,3,9,无,,33529,平稳护腕,47031,4,128,70,
103742,游侠将军的腕甲,护甲,治疗,4,3,9,腕部,280,耐力+80；智力+81,法术强度+110；每5秒法力回复+35；暴击等级+61,1.00（触发效果额外，不扣属性预算）,法术强度+110；每5秒法力回复+35；暴击等级+61,法术强度+103；每5秒法力回复+32；暴击等级+59,法术强度×0.9364；每5秒法力回复×0.9143；暴击等级×0.9672,5,1,红色,,0,,,,675,,,,,,,,47068,溷沌预兆护腕,258,4,3,9,无,,33532,闪烁土灵护腕,47035,4,128,70,
103743,蓝龙军团月泉束腕,护甲,治疗,4,3,9,腕部,280,耐力+81；智力+83,法术强度+108；急速等级+67；每5秒法力回复+24,1.00（触发效果额外，不扣属性预算）,法术强度+108；急速等级+67；每5秒法力回复+24,法术强度+104；急速等级+63；每5秒法力回复+24,法术强度×0.9630；急速等级×0.9403；每5秒法力回复×1.0000,5,1,蓝色,,0,,,,670,,,,,,,,47580,黑甲护腕,245,4,3,9,无,,32809,老兵的链甲护腕,46051,4,126,70,
103744,恩泽之余烬,护甲,治疗,4,3,10,手部,280,耐力+107；智力+108,法术强度+152；暴击等级+93；每5秒法力回复+42,1.00（触发效果额外，不扣属性预算）,法术强度+152；暴击等级+93；每5秒法力回复+42,法术强度+151；暴击等级+84；每5秒法力回复+39,法术强度×0.9934；暴击等级×0.9032；每5秒法力回复×0.9286,5,1,蓝色,,0,,,,967,,,,,,,,51191,神圣霜巫手甲,264,4,3,10,无,,30140,裂隙追猎者护手,43749,4,133,70,
103745,凛冬余威·手套,护甲,治疗,4,3,10,手部,280,耐力+107；智力+108,法术强度+140；急速等级+91；每5秒法力回复+37,1.00（触发效果额外，不扣属性预算）,法术强度+140；急速等级+91；每5秒法力回复+37,法术强度+143；急速等级+85；每5秒法力回复+39,法术强度×1.0214；急速等级×0.9341；每5秒法力回复×1.0541,5,1,黄色,,0,,,,967,,,,,,,,50064,骯脏的外科手套,264,4,3,10,无,,30165,灾难手套,43698,4,133,70,
103746,静潮战拳,护甲,治疗,4,3,10,手部,280,耐力+106；智力+106,法术强度+154；暴击等级+93；每5秒法力回复+42,1.00（触发效果额外，不扣属性预算）,法术强度+154；暴击等级+93；每5秒法力回复+42,法术强度+159；暴击等级+90；每5秒法力回复+44,法术强度×1.0325；暴击等级×0.9677；每5秒法力回复×1.0476,5,1,红色,,0,,,,972,,,,,,,,51248,神圣霜巫手甲,277,4,3,10,无,,29976,世界风暴护手,46094,4,128,70,
103747,生命拳甲,护甲,治疗,4,3,10,手部,280,耐力+106；智力+107,法术强度+150；急速等级+82；每5秒法力回复+47,1.00（触发效果额外，不扣属性预算）,法术强度+150；急速等级+82；每5秒法力回复+47,法术强度+151；急速等级+77；每5秒法力回复+43,法术强度×1.0067；急速等级×0.9390；每5秒法力回复×0.9149,5,2,蓝色,黄色,0,,,,965,,,,,,,,48306,萨尔的凯旋手甲,258,4,3,10,无,,33528,狙击护手,47030,4,128,70,
103748,月泉镇压战盔,护甲,治疗,4,4,1,头部,280,耐力+143；智力+145,法术强度+196；暴击等级+107；每5秒法力回复+54,1.00（触发效果额外，不扣属性预算）,法术强度+196；暴击等级+107；每5秒法力回复+54,法术强度+177；暴击等级+98；每5秒法力回复+50,法术强度×0.9031；暴击等级×0.9159；每5秒法力回复×0.9259,5,2,混沌,蓝色,0,,,,2247,,,,,,,,50060,遗忘者面甲,264,4,4,1,无,,30115,毁灭者巨盔,47594,4,133,70,
103749,祖达克月泉面甲,护甲,治疗,4,4,1,头部,280,耐力+143；智力+147,法术强度+177；暴击等级+93；每5秒法力回复+63,1.00（触发效果额外，不扣属性预算）,法术强度+177；暴击等级+93；每5秒法力回复+63,法术强度+180；暴击等级+96；每5秒法力回复+60,法术强度×1.0169；暴击等级×1.0323；每5秒法力回复×0.9524,5,3,混沌,蓝色,0,,,,2224,,,,,,,,47682,无眠守望头盔,245,4,4,1,无,,30125,晶铸面甲,44050,4,133,70,红色
103750,慈悲兜帽,护甲,治疗,4,4,1,头部,280,耐力+143；智力+147,法术强度+177；暴击等级+93；每5秒法力回复+63,1.00（触发效果额外，不扣属性预算）,法术强度+177；暴击等级+93；每5秒法力回复+63,法术强度+171；暴击等级+99；每5秒法力回复+63,法术强度×0.9661；暴击等级×1.0645；每5秒法力回复×1.0000,5,3,混沌,黄色,0,,,,2224,,,,,,,,47681,无眠守望重盔,245,4,4,1,无,,33421,百战獠盔,46987,4,133,70,蓝色
103751,慈悲回响头冠,护甲,治疗,4,4,1,头部,280,耐力+143；智力+143,法术强度+200；暴击等级+109；每5秒法力回复+55,1.00（触发效果额外，不扣属性预算）,法术强度+200；暴击等级+109；每5秒法力回复+55,法术强度+183；暴击等级+109；每5秒法力回复+59,法术强度×0.9150；暴击等级×1.0000；每5秒法力回复×1.0727,5,2,混沌,蓝色,0,,,,2259,,,,,,,,50701,被遗忘面甲,277,4,4,1,无,,29983,魔钢战盔,46577,4,128,70,
103752,先知凝视肩铠,护甲,治疗,4,4,3,肩部,280,耐力+107；智力+108,法术强度+140；暴击等级+93；每5秒法力回复+37,1.00（触发效果额外，不扣属性预算）,法术强度+140；暴击等级+93；每5秒法力回复+37,法术强度+128；暴击等级+93；每5秒法力回复+35,法术强度×0.9143；暴击等级×1.0000；每5秒法力回复×0.9459,5,2,蓝色,黄色,0,,,,2074,,,,,,,,49980,斑驳的骨刺护肩,264,4,4,3,无,,30084,银色哨兵肩甲,46349,4,128,70,
103753,暮光前线纯净护肩,护甲,治疗,4,4,3,肩部,280,耐力+107；智力+112,法术强度+159；急速等级+94；每5秒法力回复+42,1.00（触发效果额外，不扣属性预算）,法术强度+159；急速等级+94；每5秒法力回复+42,法术强度+170；急速等级+101；每5秒法力回复+45,法术强度×1.0692；急速等级×1.0745；每5秒法力回复×1.0714,5,0,,,0,,,,2077,,,,,,,,45140,锋鳞护肩,232,4,4,3,无,,33299,鼓吹肩铠,46807,4,128,70,
103754,风暴前夜肩卫,护甲,治疗,4,4,3,肩部,280,耐力+106；智力+106,法术强度+144；暴击等级+93；每5秒法力回复+38,1.00（触发效果额外，不扣属性预算）,法术强度+144；暴击等级+93；每5秒法力回复+38,法术强度+148；暴击等级+91；每5秒法力回复+39,法术强度×1.0278；暴击等级×0.9785；每5秒法力回复×1.0263,5,0,,,0,,,,2085,,,,,,,,50617,锈蚀骨尖肩铠,277,4,4,3,无,,33514,恐怖命运肩铠,47018,4,128,70,
103755,黑锋骑士的肩胄,护甲,治疗,4,4,3,肩部,280,耐力+107；智力+108,法术强度+140；暴击等级+75；每5秒法力回复+47,1.00（触发效果额外，不扣属性预算）,法术强度+140；暴击等级+75；每5秒法力回复+47,法术强度+134；暴击等级+75；每5秒法力回复+46,法术强度×0.9571；暴击等级×1.0000；每5秒法力回复×0.9787,5,0,,,0,,,,2074,,,,,,,,51824,翡翠圣徒肩甲,264,4,4,3,无,,27706,角斗士的板层甲护肩,41137,4,123,70,
103756,外套·惊雷,护甲,治疗,4,4,5,胸部,280,耐力+143；智力+145,法术强度+193；暴击等级+107；每5秒法力回复+63,1.00（触发效果额外，不扣属性预算）,法术强度+193；暴击等级+107；每5秒法力回复+63,法术强度+174；暴击等级+101；每5秒法力回复+59,法术强度×0.9016；暴击等级×0.9439；每5秒法力回复×0.9365,5,1,蓝色,,0,,,,2758,,,,,,,,48584,图拉扬的凯旋护胸,258,4,4,5,无,,30102,海怪之心胸甲,46082,4,138,70,
103757,黑锋骑士团祈愿战甲,护甲,治疗,4,4,5,胸部,280,耐力+143；智力+196,法术强度+162；每5秒法力回复+55；急速等级+104,1.00（触发效果额外，不扣属性预算）,法术强度+162；每5秒法力回复+55；急速等级+104,法术强度+174；每5秒法力回复+54；急速等级+97,法术强度×1.0741；每5秒法力回复×0.9818；急速等级×0.9327,5,1,黄色,,0,,,,2796,,,,,,,,45305,冥界胸铠,225,4,4,5,无,,30486,残酷角斗士的板甲护胸,45972,4,136,70,
103758,唤星者追猎外套,护甲,治疗,4,4,5,胸部,280,耐力+143；智力+145,法术强度+186；每5秒法力回复+49；暴击等级+126,1.00（触发效果额外，不扣属性预算）,法术强度+186；每5秒法力回复+49；暴击等级+126,法术强度+185；每5秒法力回复+52；暴击等级+118,法术强度×0.9946；每5秒法力回复×1.0612；暴击等级×0.9365,5,2,红色,蓝色,0,,,,2766,,,,,,,,51861,败血缝合胸铠,264,4,4,5,无,,31992,残酷角斗士的板层甲护胸,46009,4,136,70,
103759,圣光甲胄,护甲,治疗,4,4,5,胸部,280,耐力+143；智力+145,法术强度+186；暴击等级+117；每5秒法力回复+54,1.00（触发效果额外，不扣属性预算）,法术强度+186；暴击等级+117；每5秒法力回复+54,法术强度+189；暴击等级+119；每5秒法力回复+55,法术强度×1.0161；暴击等级×1.0171；每5秒法力回复×1.0185,5,0,,,0,,,,2766,,,,,,,,50969,无言真理护胸,264,4,4,5,无,,42625,残忍斗士铠甲护躯,39539,4,136,70,
103760,银色北伐军之战带,护甲,治疗,4,4,6,腰部,280,耐力+107；智力+108,法术强度+140；暴击等级+93；每5秒法力回复+37,1.00（触发效果额外，不扣属性预算）,法术强度+140；暴击等级+93；每5秒法力回复+37,法术强度+150；暴击等级+96；每5秒法力回复+40,法术强度×1.0714；暴击等级×1.0323；每5秒法力回复×1.0811,5,1,蓝色,,0,,,,1556,,,,,,,,50010,公正之怒腰带,264,4,4,6,无,,33331,怒火释放之链,47021,4,128,70,
103761,荒野猎手的护腰,护甲,治疗,4,4,6,腰部,280,耐力+106；智力+109,法术强度+136；急速等级+90；每5秒法力回复+37,1.00（触发效果额外，不扣属性预算）,法术强度+136；急速等级+90；每5秒法力回复+37,法术强度+131；急速等级+89；每5秒法力回复+40,法术强度×0.9632；急速等级×0.9889；每5秒法力回复×1.0811,5,1,黄色,,0,,,,1546,,,,,,,,51555,紧致腰带,251,4,4,6,无,,33446,激流堡的希望,46989,4,128,70,
103762,泰坦遗训腰链,护甲,治疗,4,4,6,腰部,280,耐力+106；智力+107,法术强度+138；暴击等级+74；每5秒法力回复+47,1.00（触发效果额外，不扣属性预算）,法术强度+138；暴击等级+74；每5秒法力回复+47,法术强度+128；暴击等级+73；每5秒法力回复+47,法术强度×0.9275；暴击等级×0.9865；每5秒法力回复×1.0000,5,2,红色,蓝色,0,,,,1551,,,,,,,,47484,遗忘殉难者束带,258,4,4,6,无,,33524,保卫者束带,40515,4,128,70,
103763,守望者之圣光,护甲,治疗,4,4,6,腰部,280,耐力+107；智力+108,法术强度+140；急速等级+91；每5秒法力回复+37,1.00（触发效果额外，不扣属性预算）,法术强度+140；急速等级+91；每5秒法力回复+37,法术强度+151；急速等级+85；每5秒法力回复+40,法术强度×1.0786；急速等级×0.9341；每5秒法力回复×1.0811,5,2,蓝色,黄色,0,,,,1556,,,,,,,,51836,紧致腰带,264,4,4,6,无,,28779,无尽深渊束带,43522,4,125,70,
103764,黑锋骑士庇佑护腿,护甲,治疗,4,4,7,腿部,280,耐力+143；智力+143,法术强度+191；暴击等级+109；每5秒法力回复+59,1.00（触发效果额外，不扣属性预算）,法术强度+191；暴击等级+109；每5秒法力回复+59,法术强度+198；暴击等级+112；每5秒法力回复+63,法术强度×1.0366；暴击等级×1.0275；每5秒法力回复×1.0678,5,0,,,0,,,,2433,,,,,,,,50623,残烛护腿,277,4,4,7,无,,30116,毁灭者护腿,42298,4,133,70,
103765,风暴前夜·战裙,护甲,治疗,4,4,7,腿部,280,耐力+141；智力+149,法术强度+183；急速等级+117；每5秒法力回复+64,1.00（触发效果额外，不扣属性预算）,法术强度+183；急速等级+117；每5秒法力回复+64,法术强度+182；急速等级+109；每5秒法力回复+70,法术强度×0.9945；急速等级×0.9316；每5秒法力回复×1.0938,5,2,黄色,红色,0,,,,2402,,,,,,,,46181,征服者的庇护胫甲,226,4,4,7,无,,30126,晶铸腿甲,42309,4,133,70,
103766,屠龙者之祈愿,护甲,治疗,4,4,7,腿部,280,耐力+143；智力+145,法术强度+196；暴击等级+126；每5秒法力回复+54,1.00（触发效果额外，不扣属性预算）,法术强度+196；暴击等级+126；每5秒法力回复+54,法术强度+213；暴击等级+133；每5秒法力回复+58,法术强度×1.0867；暴击等级×1.0556；每5秒法力回复×1.0741,5,1,红色,,0,,,,2420,,,,,,,,51168,神圣光誓护胫,264,4,4,7,无,,32404,影钢腿甲,44837,4,130,70,
103767,恩泽之永恒征途,护甲,治疗,4,4,7,腿部,280,耐力+186；智力+131,法术强度+183；急速等级+91；每5秒法力回复+61,1.00（触发效果额外，不扣属性预算）,法术强度+183；急速等级+91；每5秒法力回复+61,法术强度+174；急速等级+93；每5秒法力回复+58,法术强度×0.9508；急速等级×1.0220；每5秒法力回复×0.9508,5,0,,,0,,,,2402,,,,,,,,45843,和平契约护腿,226,4,4,7,无,,29950,血警卫的护胫,46074,4,128,70,
103768,霜火长靴,护甲,治疗,4,4,8,脚部,280,耐力+107；智力+108,法术强度+140；暴击等级+84；每5秒法力回复+42,1.00（触发效果额外，不扣属性预算）,法术强度+140；暴击等级+84；每5秒法力回复+42,法术强度+136；暴击等级+79；每5秒法力回复+43,法术强度×0.9714；暴击等级×0.9405；每5秒法力回复×1.0238,5,1,蓝色,,0,,,,1901,,,,,,,,50416,丧歌长靴,264,4,4,8,无,,33191,丛林践踏者,46781,4,128,70,
103769,静谧长靴,护甲,治疗,4,4,8,脚部,280,耐力+121；智力+104,法术强度+129；急速等级+77；每5秒法力回复+41,1.00（触发效果额外，不扣属性预算）,法术强度+129；急速等级+77；每5秒法力回复+41,法术强度+125；急速等级+77；每5秒法力回复+38,法术强度×0.9690；急速等级×1.0000；每5秒法力回复×0.9268,5,0,,,0,,,,1888,,,,,,,,45561,命运之靴,226,4,4,8,无,,33207,警觉卫士战靴,46784,4,128,70,
103770,晨曦追猎护足,护甲,治疗,4,4,8,脚部,280,耐力+106；智力+106,法术强度+144；暴击等级+84；每5秒法力回复+42,1.00（触发效果额外，不扣属性预算）,法术强度+144；暴击等级+84；每5秒法力回复+42,法术强度+154；暴击等级+90；每5秒法力回复+41,法术强度×1.0694；暴击等级×1.0714；每5秒法力回复×0.9762,5,1,红色,,0,,,,1912,,,,,,,,50632,送葬长靴,277,4,4,8,无,,33303,碎颅战靴,46810,4,128,70,
103771,晨曦之黎明赞歌,护甲,治疗,4,4,8,脚部,280,耐力+107；智力+108,法术强度+140；暴击等级+93；每5秒法力回复+37,1.00（触发效果额外，不扣属性预算）,法术强度+140；暴击等级+93；每5秒法力回复+37,法术强度+127；暴击等级+85；每5秒法力回复+34,法术强度×0.9071；暴击等级×0.9140；每5秒法力回复×0.9189,5,0,,,0,,,,1901,,,,,,,,51931,朽骨长靴,264,4,4,8,无,,34612,忏悔骑士胫甲,42604,4,125,70,
103772,余烬·腕轮,护甲,治疗,4,4,9,腕部,280,耐力+80；智力+81,法术强度+110；暴击等级+71；每5秒法力回复+30,1.00（触发效果额外，不扣属性预算）,法术强度+110；暴击等级+71；每5秒法力回复+30,法术强度+111；暴击等级+66；每5秒法力回复+30,法术强度×1.0091；暴击等级×0.9296；每5秒法力回复×1.0000,5,1,蓝色,,0,,,,1207,,,,,,,,47455,碎约护腕,258,4,4,9,无,,33520,纳鲁臂铠,47027,4,128,70,
103773,肯瑞托新生束腕,护甲,治疗,4,4,9,腕部,280,耐力+92；智力+76,法术强度+109；急速等级+57；每5秒法力回复+36,1.00（触发效果额外，不扣属性预算）,法术强度+109；急速等级+57；每5秒法力回复+36,法术强度+119；急速等级+59；每5秒法力回复+34,法术强度×1.0917；急速等级×1.0351；每5秒法力回复×0.9444,5,0,,,0,,,,1202,,,,,,,,50796,灰霭护腕,251,4,4,9,无,,32813,老兵的板层甲护腕,46043,4,126,70,
103774,群星之庭祈愿腕铠,护甲,治疗,4,4,9,腕部,280,耐力+80；智力+81,法术强度+110；暴击等级+71；每5秒法力回复+30,1.00（触发效果额外，不扣属性预算）,法术强度+110；暴击等级+71；每5秒法力回复+30,法术强度+106；暴击等级+64；每5秒法力回复+33,法术强度×0.9636；暴击等级×0.9014；每5秒法力回复×1.1000,5,1,红色,,0,,,,1207,,,,,,,,47098,碎约护臂,258,4,4,9,无,,32818,老兵的板甲护腕,46040,4,126,70,
103775,灰熊丘陵的黎明赞歌,护甲,治疗,4,4,9,腕部,280,耐力+81；智力+83,法术强度+108；急速等级+67；每5秒法力回复+24,1.00（触发效果额外，不扣属性预算）,法术强度+108；急速等级+67；每5秒法力回复+24,法术强度+102；急速等级+63；每5秒法力回复+25,法术强度×0.9444；急速等级×0.9403；每5秒法力回复×1.0417,5,1,蓝色,,0,,,,1198,,,,,,,,47575,烈阳熔铸护腕,245,4,4,9,无,,28795,刀塔作战护腕,43529,4,125,70,
103776,黎明赞歌战拳,护甲,治疗,4,4,10,手部,280,耐力+107；智力+108,法术强度+140；暴击等级+75；每5秒法力回复+47,1.00（触发效果额外，不扣属性预算）,法术强度+140；暴击等级+75；每5秒法力回复+47,法术强度+145；暴击等级+82；每5秒法力回复+45,法术强度×1.0357；暴击等级×1.0933；每5秒法力回复×0.9574,5,0,,,0,,,,1728,,,,,,,,51886,烂肠的毒气手套,264,4,4,10,无,,30124,晶铸手甲,42307,4,133,70,
103777,护手·余烬,护甲,治疗,4,4,10,手部,280,耐力+106；智力+107,法术强度+150；急速等级+91；每5秒法力回复+42,1.00（触发效果额外，不扣属性预算）,法术强度+150；急速等级+91；每5秒法力回复+42,法术强度+160；急速等级+92；每5秒法力回复+44,法术强度×1.0667；急速等级×1.0110；每5秒法力回复×1.0476,5,0,,,0,,,,1724,,,,,,,,48588,莉亚德琳的凯旋手套,258,4,4,10,无,,33512,愤怒死亡护手,47016,4,128,70,
103778,暮光审判官之晨曦,护甲,治疗,4,4,10,手部,280,耐力+107；智力+108,法术强度+152；暴击等级+93；每5秒法力回复+42,1.00（触发效果额外，不扣属性预算）,法术强度+152；暴击等级+93；每5秒法力回复+42,法术强度+151；暴击等级+87；每5秒法力回复+40,法术强度×0.9934；暴击等级×0.9355；每5秒法力回复×0.9524,5,0,,,0,,,,1728,,,,,,,,51169,神圣光誓手套,264,4,4,10,无,,33517,骨拳护手,47024,4,128,70,
103779,先知之慈悲,护甲,治疗,4,4,10,手部,280,耐力+106；智力+107,法术强度+150；急速等级+91；每5秒法力回复+42,1.00（触发效果额外，不扣属性预算）,法术强度+150；急速等级+91；每5秒法力回复+42,法术强度+161；急速等级+90；每5秒法力回复+44,法术强度×1.0733；急速等级×0.9890；每5秒法力回复×1.0476,5,1,蓝色,,0,,,,1724,,,,,,,,48583,图拉扬的凯旋手套,258,4,4,10,无,,33519,圣殿骑士护手,47026,4,128,70,
103780,头饰·群星回响,护甲,敏捷输出,4,2,1,头部,280,敏捷+201；耐力+126,攻击强度+229；暴击等级+75；急速等级+134,1.00（触发效果额外，不扣属性预算）,攻击强度+229；暴击等级+75；急速等级+134,攻击强度+230；暴击等级+72；急速等级+136,攻击强度×1.0044；暴击等级×0.9600；急速等级×1.0149,5,2,混沌,红色,0,,,,557,,,,,,,,50206,磨损的恶徒皮帽,232,4,2,1,无,,33479,扭曲面甲,47001,4,133,70,
103781,流光头饰,护甲,敏捷输出,4,2,1,头部,280,敏捷+191；耐力+188,攻击强度+200；暴击等级+117；护甲穿透等级+109,1.00（触发效果额外，不扣属性预算）,攻击强度+200；暴击等级+117；护甲穿透等级+109,攻击强度+196；暴击等级+126；护甲穿透等级+104,攻击强度×0.9800；暴击等级×1.0769；护甲穿透等级×0.9541,5,3,混沌,红色,0,,,,569,,,,,,,,51296,神圣树纹头甲,277,4,2,1,无,,33356,天然恢复头盔,46983,4,128,70,蓝色
103782,暗影穹殿的深渊凝视,护甲,敏捷输出,4,2,1,头部,280,敏捷+166；耐力+188,攻击强度+249；暴击等级+126；命中等级+101,1.00（触发效果额外，不扣属性预算）,攻击强度+249；暴击等级+126；命中等级+101,攻击强度+268；暴击等级+129；命中等级+109,攻击强度×1.0763；暴击等级×1.0238；命中等级×1.0792,5,2,混沌,红色,0,,,,569,,,,,,,,50713,鬼王的酷刑袋,277,4,2,1,无,,28796,暗影之邪恶面具,44608,4,125,70,
103783,灰熊丘陵月刃战盔,护甲,敏捷输出,4,2,1,头部,280,敏捷+192；耐力+129,攻击强度+256；急速等级+105；护甲穿透等级+114,1.00（触发效果额外，不扣属性预算）,攻击强度+256；急速等级+105；护甲穿透等级+114,攻击强度+247；急速等级+104；护甲穿透等级+120,攻击强度×0.9648；急速等级×0.9905；护甲穿透等级×1.0526,5,3,混沌,蓝色,0,,,,566,,,,,,,,51866,毁弃的肠袋,264,4,2,1,无,,28803,自然呼吸兜帽,44896,4,125,70,红色
103784,猎影之黎明赞歌,护甲,敏捷输出,4,2,3,肩部,280,敏捷+133；耐力+140,攻击强度+168；暴击等级+93；急速等级+76,1.00（触发效果额外，不扣属性预算）,攻击强度+168；暴击等级+93；急速等级+76,攻击强度+169；暴击等级+87；急速等级+80,攻击强度×1.0060；暴击等级×0.9355；急速等级×1.0526,5,1,红色,,0,,,,526,,,,,,,,50646,教徒浸血肩甲,277,4,2,3,无,,30221,诺达希尔生命护肩,43624,4,133,70,
103785,潜踪之流光,护甲,敏捷输出,4,2,3,肩部,280,敏捷+142；耐力+140,攻击强度+168；暴击等级+93；护甲穿透等级+84,1.00（触发效果额外，不扣属性预算）,攻击强度+168；暴击等级+93；护甲穿透等级+84,攻击强度+165；暴击等级+86；护甲穿透等级+85,攻击强度×0.9821；暴击等级×0.9247；护甲穿透等级×1.0119,5,2,黄色,蓝色,0,,,,526,,,,,,,,51299,神圣树纹肩垫,277,4,2,3,无,,30055,冷漠者的护肩,46353,4,128,70,
103786,霜裔之游侠,护甲,敏捷输出,4,2,3,肩部,280,敏捷+142；耐力+140,攻击强度+168；暴击等级+93；命中等级+84,1.00（触发效果额外，不扣属性预算）,攻击强度+168；暴击等级+93；命中等级+84,攻击强度+160；暴击等级+91；命中等级+88,攻击强度×0.9524；暴击等级×0.9785；命中等级×1.0476,5,1,蓝色,,0,,,,526,,,,,,,,51254,神圣影刃护肩,277,4,2,3,无,,33287,纠结铁木肩甲,46803,4,128,70,
103787,泰坦遗迹霜羽肩甲,护甲,敏捷输出,4,2,3,肩部,280,敏捷+143；耐力+140,攻击强度+174；急速等级+91；护甲穿透等级+82,1.00（触发效果额外，不扣属性预算）,攻击强度+174；急速等级+91；护甲穿透等级+82,攻击强度+187；急速等级+85；护甲穿透等级+81,攻击强度×1.0747；急速等级×0.9341；护甲穿透等级×0.9878,5,1,红色,,0,,,,521,,,,,,,,48198,符文图腾的凯旋肩甲,258,4,2,3,无,,33300,剑舞护肩,46809,4,128,70,
103788,疾风凝视战甲,护甲,敏捷输出,4,2,5,胸部,280,敏捷+185；耐力+188,攻击强度+236；暴击等级+119；急速等级+110,1.00（触发效果额外，不扣属性预算）,攻击强度+236；暴击等级+119；急速等级+110,攻击强度+229；暴击等级+118；急速等级+115,攻击强度×0.9703；暴击等级×0.9916；急速等级×1.0455,5,1,红色,,0,,,,695,,,,,,,,48199,符文图腾的凯旋外衣,258,4,2,20,无,,32002,残酷角斗士的皮甲外套,45962,4,136,70,
103789,疾风之深渊凝视,护甲,敏捷输出,4,2,5,胸部,280,敏捷+191；耐力+188,攻击强度+216；暴击等级+126；护甲穿透等级+109,1.00（触发效果额外，不扣属性预算）,攻击强度+216；暴击等级+126；护甲穿透等级+109,攻击强度+231；暴击等级+119；护甲穿透等级+108,攻击强度×1.0694；暴击等级×0.9444；护甲穿透等级×0.9908,5,1,黄色,,0,,,,700,,,,,,,,51250,神圣影刃甲冑,277,4,2,5,无,,42694,残忍斗士皮甲外套,41446,4,136,70,
103790,苍穹王座的失落荣光,护甲,敏捷输出,4,2,5,胸部,280,敏捷+185；耐力+188,攻击强度+217；暴击等级+126；命中等级+117,1.00（触发效果额外，不扣属性预算）,攻击强度+217；暴击等级+126；命中等级+117,攻击强度+198；暴击等级+132；命中等级+106,攻击强度×0.9124；暴击等级×1.0476；命中等级×0.9060,5,1,蓝色,,0,,,,695,,,,,,,,48232,范克里夫的凯旋胸甲,258,4,2,5,无,,42699,残忍斗士皮甲外套,41143,4,136,70,
103791,暮光前线月刃护胸,护甲,敏捷输出,4,2,5,胸部,280,敏捷+187；耐力+124,攻击强度+253；急速等级+127；护甲穿透等级+104,1.00（触发效果额外，不扣属性预算）,攻击强度+253；急速等级+127；护甲穿透等级+104,攻击强度+248；急速等级+129；护甲穿透等级+105,攻击强度×0.9802；急速等级×1.0157；护甲穿透等级×1.0096,5,0,,,0,,,,697,,,,,,,,51923,极寒绞索胸甲,264,4,2,5,无,,30144,死亡阴影胸甲,45017,4,133,70,
103792,护腰·余烬,护甲,敏捷输出,4,2,6,腰部,280,敏捷+158；耐力+140,攻击强度+166；暴击等级+73；急速等级+88,1.00（触发效果额外，不扣属性预算）,攻击强度+166；暴击等级+73；急速等级+88,攻击强度+181；暴击等级+76；急速等级+95,攻击强度×1.0904；暴击等级×1.0411；急速等级×1.0795,5,0,,,0,,,,393,,,,,,,,45491,创世者的腰带,232,4,2,6,无,,28828,戈隆缝合束带,43542,4,125,70,
103793,逐星之群星回响,护甲,敏捷输出,4,2,6,腰部,280,敏捷+129；耐力+139,攻击强度+179；暴击等级+93；护甲穿透等级+73,1.00（触发效果额外，不扣属性预算）,攻击强度+179；暴击等级+93；护甲穿透等级+73,攻击强度+183；暴击等级+101；护甲穿透等级+75,攻击强度×1.0223；暴击等级×1.0860；护甲穿透等级×1.0274,5,1,黄色,,0,,,,392,,,,,,,,50067,阿斯崔瑞安的缝合腰带,264,4,2,6,无,,28423,将军的皮甲腰带,41476,4,123,70,
103794,凛冬余威战带,护甲,敏捷输出,4,2,6,腰部,280,敏捷+129；耐力+107,攻击强度+203；命中等级+63；暴击等级+100,1.00（触发效果额外，不扣属性预算）,攻击强度+203；命中等级+63；暴击等级+100,攻击强度+197；命中等级+66；暴击等级+109,攻击强度×0.9704；命中等级×1.0476；暴击等级×1.0900,5,1,蓝色,,0,,,,392,,,,,,,,51925,窃魂者的织带,264,4,2,6,无,,28443,将军的龙皮腰带,41474,4,123,70,
103795,肯瑞托的苍白月色,护甲,敏捷输出,4,2,6,腰部,280,敏捷+149；耐力+139,攻击强度+143；急速等级+73；护甲穿透等级+91,1.00（触发效果额外，不扣属性预算）,攻击强度+143；急速等级+73；护甲穿透等级+91,攻击强度+142；急速等级+71；护甲穿透等级+89,攻击强度×0.9930；急速等级×0.9726；护甲穿透等级×0.9780,5,0,,,0,,,,392,,,,,,,,50995,复仇腰索,264,4,2,6,无,,28655,自然维持腰带,40512,4,115,70,
103796,远古誓言战裙,护甲,敏捷输出,4,2,7,腿部,280,敏捷+202；耐力+188,攻击强度+187；急速等级+123；暴击等级+98,1.00（触发效果额外，不扣属性预算）,攻击强度+187；急速等级+123；暴击等级+98,攻击强度+203；急速等级+127；暴击等级+97,攻击强度×1.0856；急速等级×1.0325；暴击等级×0.9898,5,0,,,0,,,,610,,,,,,,,51889,染疫皮制护腿,264,4,2,7,无,,30148,死亡阴影护腿,45019,4,133,70,
103797,银色勇士的长裤,护甲,敏捷输出,4,2,7,腿部,280,敏捷+202；耐力+188,攻击强度+187；暴击等级+107；护甲穿透等级+114,1.00（触发效果额外，不扣属性预算）,攻击强度+187；暴击等级+107；护甲穿透等级+114,攻击强度+174；暴击等级+116；护甲穿透等级+112,攻击强度×0.9305；暴击等级×1.0841；护甲穿透等级×0.9825,5,0,,,0,,,,610,,,,,,,,49899,剑铸护腿,264,4,2,7,无,,30220,诺达希尔生命褶裙,43623,4,133,70,
103798,索拉查风行下装,护甲,敏捷输出,4,2,7,腿部,280,敏捷+174；耐力+188,攻击强度+233；暴击等级+126；命中等级+101,1.00（触发效果额外，不扣属性预算）,攻击强度+233；暴击等级+126；命中等级+101,攻击强度+234；暴击等级+131；命中等级+95,攻击强度×1.0043；暴击等级×1.0397；命中等级×0.9406,5,0,,,0,,,,613,,,,,,,,50697,坏疽护腿,277,4,2,7,无,,32396,救赎灵魂腿甲,44828,4,130,70,
103799,银色勇士裁断战裙,护甲,敏捷输出,4,2,7,腿部,280,敏捷+191；耐力+188,攻击强度+216；护甲穿透等级+125；精准等级+109,1.00（触发效果额外，不扣属性预算）,攻击强度+216；护甲穿透等级+125；精准等级+109,攻击强度+205；护甲穿透等级+117；精准等级+116,攻击强度×0.9491；护甲穿透等级×0.9360；精准等级×1.0642,5,2,红色,黄色,0,,,,613,,,,,,,,51297,神圣树纹护腿,277,4,2,7,无,,33538,浅坟长裤,47045,4,128,70,
103800,霜脉矮人的惊雷,护甲,敏捷输出,4,2,8,脚部,280,敏捷+174；耐力+121,攻击强度+162；暴击等级+105；急速等级+88,1.00（触发效果额外，不扣属性预算）,攻击强度+162；暴击等级+105；急速等级+88,攻击强度+164；暴击等级+115；急速等级+86,攻击强度×1.0123；暴击等级×1.0952；急速等级×0.9773,5,2,红色,黄色,0,,,,479,,,,,,,,45162,踏火之靴,232,4,2,8,无,,33577,月行者,47054,4,128,70,
103801,幽影·胫甲,护甲,敏捷输出,4,2,8,脚部,280,敏捷+137；耐力+111；智力+73,攻击强度+158；暴击等级+93；护甲穿透等级+58,1.00（触发效果额外，不扣属性预算）,攻击强度+158；暴击等级+93；护甲穿透等级+58,攻击强度+143；暴击等级+85；护甲穿透等级+57,攻击强度×0.9051；暴击等级×0.9140；护甲穿透等级×0.9828,6,2,黄色,蓝色,0,,,,1072,,,,,,,,54577,回归之足音,284,4,2,8,无,,33582,狂野侵略护足,49057,4,128,70,
103802,龙骨荒野霜羽长靴,护甲,敏捷输出,4,2,8,脚部,280,敏捷+144；耐力+106,攻击强度+163；暴击等级+95；命中等级+82,1.00（触发效果额外，不扣属性预算）,攻击强度+163；暴击等级+95；命中等级+82,攻击强度+173；暴击等级+92；命中等级+76,攻击强度×1.0613；暴击等级×0.9684；命中等级×0.9268,5,1,蓝色,,0,,,,475,,,,,,,,45564,沉寂足垫,226,4,2,8,无,,28422,将军的皮甲长靴,41480,4,123,70,
103803,游侠追猎便鞋,护甲,敏捷输出,4,2,8,脚部,280,敏捷+137；耐力+111；智力+73,攻击强度+158；暴击等级+93；护甲穿透等级+58,1.00（触发效果额外，不扣属性预算）,攻击强度+158；暴击等级+93；护甲穿透等级+58,攻击强度+173；暴击等级+101；护甲穿透等级+56,攻击强度×1.0949；暴击等级×1.0860；护甲穿透等级×0.9655,6,0,,,0,,,,1072,,,,,,,,54577,回归之足音,284,4,2,8,无,,28444,将军的龙皮长靴,41478,4,123,70,
103804,远征军洞察护腕,护甲,敏捷输出,4,2,9,腕部,280,敏捷+109；耐力+104,攻击强度+102；暴击等级+70；急速等级+69,1.00（触发效果额外，不扣属性预算）,攻击强度+102；暴击等级+70；急速等级+69,攻击强度+108；暴击等级+65；急速等级+73,攻击强度×1.0588；暴击等级×0.9286；急速等级×1.0580,5,1,红色,,0,,,,306,,,,,,,,53126,不快臂环,271,4,2,9,无,,28453,白鹿护腕,40492,4,115,70,
103805,月刃腕轮,护甲,敏捷输出,4,2,9,腕部,280,敏捷+106；耐力+105,攻击强度+122；暴击等级+62；护甲穿透等级+70,1.00（触发效果额外，不扣属性预算）,攻击强度+122；暴击等级+62；护甲穿透等级+70,攻击强度+111；暴击等级+64；护甲穿透等级+70,攻击强度×0.9098；暴击等级×1.0323；护甲穿透等级×1.0000,5,1,黄色,,0,,,,307,,,,,,,,50670,托斯克的巨型腕甲,277,4,2,9,无,,28514,恶毒护腕,42248,4,115,70,
103806,夜幕之泰坦遗训,护甲,敏捷输出,4,2,9,腕部,280,敏捷+93；耐力+105,攻击强度+113；命中等级+61；暴击等级+71,1.00（触发效果额外，不扣属性预算）,攻击强度+113；命中等级+61；暴击等级+71,攻击强度+108；命中等级+66；暴击等级+69,攻击强度×0.9558；命中等级×1.0820；暴击等级×0.9718,5,2,蓝色,红色,0,,,,304,,,,,,,,47155,黑暗决心护腕,258,4,2,9,无,,29523,风鹰护腕,45822,4,115,70,
103807,先知之风行,护甲,敏捷输出,4,2,9,腕部,280,敏捷+110；耐力+106,攻击强度+127；急速等级+67；护甲穿透等级+56,1.00（触发效果额外，不扣属性预算）,攻击强度+127；急速等级+67；护甲穿透等级+56,攻击强度+120；急速等级+61；护甲穿透等级+52,攻击强度×0.9449；急速等级×0.9104；护甲穿透等级×0.9286,5,1,红色,,0,,,,301,,,,,,,,47581,迅杀护腕,245,4,2,9,无,,29527,原始打击护腕,45055,4,115,70,
103808,索拉查之手套,护甲,敏捷输出,4,2,10,手部,280,敏捷+142；耐力+140,攻击强度+168；暴击等级+93；急速等级+84,1.00（触发效果额外，不扣属性预算）,攻击强度+168；暴击等级+93；急速等级+84,攻击强度+169；暴击等级+87；急速等级+87,攻击强度×1.0060；暴击等级×0.9355；急速等级×1.0357,5,1,红色,,0,,,,438,,,,,,,,51251,神圣影刃护手,277,4,2,10,无,,30217,诺达希尔手套,43621,4,133,70,
103809,秘法洪流·臂铠,护甲,敏捷输出,4,2,10,手部,280,敏捷+149；耐力+139,攻击强度+143；暴击等级+93；护甲穿透等级+73,1.00（触发效果额外，不扣属性预算）,攻击强度+143；暴击等级+93；护甲穿透等级+73,攻击强度+149；暴击等级+99；护甲穿透等级+67,攻击强度×1.0420；暴击等级×1.0645；护甲穿透等级×0.9178,5,1,黄色,,0,,,,436,,,,,,,,50982,飞贼裹手,264,4,2,10,无,,29947,灼热之握,43562,4,128,70,
103810,永恒之眼之战拳,护甲,敏捷输出,4,2,10,手部,280,敏捷+154；耐力+140,攻击强度+156；暴击等级+94；命中等级+85,1.00（触发效果额外，不扣属性预算）,攻击强度+156；暴击等级+94；命中等级+85,攻击强度+147；暴击等级+91；命中等级+81,攻击强度×0.9423；暴击等级×0.9681；命中等级×0.9529,5,0,,,0,,,,434,,,,,,,,48231,范克里夫的凯旋护手,258,4,2,10,无,,30029,远古智慧之树皮手套,46103,4,128,70,
103811,远征军的手铠,护甲,敏捷输出,4,2,10,手部,280,敏捷+133；耐力+140,攻击强度+168；护甲穿透等级+92；急速等级+76,1.00（触发效果额外，不扣属性预算）,攻击强度+168；护甲穿透等级+92；急速等级+76,攻击强度+179；护甲穿透等级+87；急速等级+76,攻击强度×1.0655；护甲穿透等级×0.9457；急速等级×1.0000,5,0,,,0,,,,438,,,,,,,,50675,阿德里亚娜的隐秘护手,277,4,2,10,无,,33539,诡计手套,47044,4,128,70,
103812,长夜面甲,护甲,敏捷输出,4,3,1,头部,280,敏捷+182；耐力+148；智力+99,攻击强度+216；暴击等级+117；急速等级+82,1.00（触发效果额外，不扣属性预算）,攻击强度+216；暴击等级+117；急速等级+82,攻击强度+216；暴击等级+108；急速等级+88,攻击强度×1.0000；暴击等级×0.9231；急速等级×1.0732,6,3,混沌,蓝色,0,,,,1264,,,,,,,,51242,神圣霜巫面甲,277,4,3,1,无,,30171,灾难头饰,63412,4,133,70,蓝色
103813,祖达克疾风战盔,护甲,敏捷输出,4,3,1,头部,280,敏捷+182；耐力+148；智力+99,攻击强度+216；暴击等级+109；护甲穿透等级+90,1.00（触发效果额外，不扣属性预算）,攻击强度+216；暴击等级+109；护甲穿透等级+90,攻击强度+199；暴击等级+112；护甲穿透等级+95,攻击强度×0.9213；暴击等级×1.0275；护甲穿透等级×1.0556,6,3,混沌,红色,0,,,,1264,,,,,,,,51286,神圣安卡哈猎血头盔,277,4,3,1,无,,30190,灾难头盔,63411,4,133,70,红色
103814,圣贤之疾风,护甲,敏捷输出,4,3,1,头部,280,敏捷+174；耐力+148；智力+99,攻击强度+233；暴击等级+117；命中等级+82,1.00（触发效果额外，不扣属性预算）,攻击强度+233；暴击等级+117；命中等级+82,攻击强度+249；暴击等级+124；命中等级+88,攻击强度×1.0687；暴击等级×1.0598；命中等级×1.0732,6,2,混沌,蓝色,0,,,,1264,,,,,,,,50605,雪蛇链盔,277,4,3,1,无,,33432,丛林行者兜帽,47173,4,133,70,
103815,冰冠夜幕面罩,护甲,敏捷输出,4,3,1,头部,280,敏捷+194；耐力+149；智力+101,攻击强度+188；护甲穿透等级+121；急速等级+74,1.00（触发效果额外，不扣属性预算）,攻击强度+188；护甲穿透等级+121；急速等级+74,攻击强度+189；护甲穿透等级+126；急速等级+72,攻击强度×1.0053；护甲穿透等级×1.0413；急速等级×0.9730,6,3,混沌,红色,0,,,,1244,,,,,,,,47684,雏龙罩帽,245,4,3,1,无,,33286,魔精医师的面具,47037,4,128,70,黄色
103816,霜羽之流光,护甲,敏捷输出,4,3,3,肩部,280,敏捷+133；耐力+110；智力+73,攻击强度+168；暴击等级+93；急速等级+56,1.00（触发效果额外，不扣属性预算）,攻击强度+168；暴击等级+93；急速等级+56,攻击强度+162；暴击等级+102；急速等级+51,攻击强度×0.9643；暴击等级×1.0968；急速等级×0.9107,6,2,红色,黄色,0,,,,1167,,,,,,,,50673,双刃肩铠,277,4,3,3,无,,33206,原始怒火肩甲,47032,4,128,70,
103817,冰冠的寒星,护甲,敏捷输出,4,3,3,肩部,280,敏捷+142；耐力+110；智力+73,攻击强度+168；暴击等级+93；护甲穿透等级+65,1.00（触发效果额外，不扣属性预算）,攻击强度+168；暴击等级+93；护甲穿透等级+65,攻击强度+162；暴击等级+91；护甲穿透等级+70,攻击强度×0.9643；暴击等级×0.9785；护甲穿透等级×1.0769,6,1,黄色,,0,,,,1167,,,,,,,,51288,神圣安卡哈猎血护肩,277,4,3,3,无,,28333,角斗士的链甲护肩,40628,4,123,70,
103818,霜脉矮人之肩甲,护甲,敏捷输出,4,3,3,肩部,280,敏捷+92；耐力+111；智力+75,攻击强度+244；暴击等级+94；命中等级+75,1.00（触发效果额外，不扣属性预算）,攻击强度+244；暴击等级+94；命中等级+75,攻击强度+250；暴击等级+86；命中等级+74,攻击强度×1.0246；暴击等级×0.9149；命中等级×0.9867,6,1,蓝色,,0,,,,1158,,,,,,,,48360,萨尔的凯旋肩甲,258,4,3,3,无,,29031,飓风肩垫,40641,4,120,70,
103819,苍穹王座风行衬肩,护甲,敏捷输出,4,3,3,肩部,280,敏捷+149；耐力+110；智力+66,攻击强度+144；护甲穿透等级+80；急速等级+59,1.00（触发效果额外，不扣属性预算）,攻击强度+144；护甲穿透等级+80；急速等级+59,攻击强度+152；护甲穿透等级+86；急速等级+56,攻击强度×1.0556；护甲穿透等级×1.0750；急速等级×0.9492,6,0,,,0,,,,1161,,,,,,,,51911,失落希望肩铠,264,4,3,3,无,,29084,恶魔追猎者护肩,40453,4,120,70,
103820,黑锋骑士团霜羽甲胄,护甲,敏捷输出,4,3,5,胸部,280,敏捷+191；耐力+148；智力+99,攻击强度+216；暴击等级+117；急速等级+90,1.00（触发效果额外，不扣属性预算）,攻击强度+216；暴击等级+117；急速等级+90,攻击强度+198；暴击等级+122；急速等级+91,攻击强度×0.9167；暴击等级×1.0427；急速等级×1.0111,6,2,红色,黄色,0,,,,1555,,,,,,,,51244,神圣霜巫胸甲,277,4,3,5,无,,32004,残酷角斗士的鳞甲护胸,46017,4,136,70,
103821,荒野征伐胸铠,护甲,敏捷输出,4,3,5,胸部,280,敏捷+191；耐力+148；智力+99,攻击强度+216；暴击等级+117；护甲穿透等级+90,1.00（触发效果额外，不扣属性预算）,攻击强度+216；暴击等级+117；护甲穿透等级+90,攻击强度+217；暴击等级+119；护甲穿透等级+94,攻击强度×1.0046；暴击等级×1.0171；护甲穿透等级×1.0444,6,1,黄色,,0,,,,1555,,,,,,,,51289,神圣安卡哈猎血外套,277,4,3,5,无,,30139,裂隙追猎者胸甲,42698,4,133,70,
103822,泰坦监护者之游侠,护甲,敏捷输出,4,3,5,胸部,280,敏捷+182；耐力+148；智力+99,攻击强度+216；暴击等级+117；命中等级+82,1.00（触发效果额外，不扣属性预算）,攻击强度+216；暴击等级+117；命中等级+82,攻击强度+226；暴击等级+115；命中等级+84,攻击强度×1.0463；暴击等级×0.9829；命中等级×1.0244,6,1,蓝色,,0,,,,1555,,,,,,,,50689,遗忘诸王壳甲,277,4,3,5,无,,30164,灾难胸甲,43613,4,133,70,
103823,锐眼胸衣,护甲,敏捷输出,4,3,5,胸部,280,敏捷+194；耐力+149；智力+101,攻击强度+188；护甲穿透等级+110；急速等级+84,1.00（触发效果额外，不扣属性预算）,攻击强度+188；护甲穿透等级+110；急速等级+84,攻击强度+170；护甲穿透等级+106；急速等级+89,攻击强度×0.9043；护甲穿透等级×0.9636；急速等级×1.0595,6,1,红色,,0,,,,1532,,,,,,,,47595,十字军的龙鳞胸甲,245,4,3,5,无,,33469,帝国勇士的锁甲,46995,4,133,70,
103824,风行扣带,护甲,敏捷输出,4,3,6,腰部,280,敏捷+100；耐力+110；智力+76,攻击强度+197；暴击等级+83；急速等级+69,1.00（触发效果额外，不扣属性预算）,攻击强度+197；暴击等级+83；急速等级+69,攻击强度+181；暴击等级+79；急速等级+65,攻击强度×0.9188；暴击等级×0.9518；急速等级×0.9420,6,0,,,0,,,,864,,,,,,,,45553,巨龙腰带,226,4,3,6,无,,28778,恐惧深渊束带,43524,4,125,70,
103825,游侠回响腰链,护甲,敏捷输出,4,3,6,腰部,280,敏捷+129；耐力+110；智力+74,攻击强度+179；暴击等级+75；护甲穿透等级+72,1.00（触发效果额外，不扣属性预算）,攻击强度+179；暴击等级+75；护甲穿透等级+72,攻击强度+176；暴击等级+80；护甲穿透等级+71,攻击强度×0.9832；暴击等级×1.0667；护甲穿透等级×0.9861,6,0,,,0,,,,870,,,,,,,,50413,尼鲁巴尔猎手束带,264,4,3,6,无,,28450,将军的链甲腰带,40630,4,123,70,
103826,夜幕束带,护甲,敏捷输出,4,3,6,腰部,280,敏捷+129；耐力+110；智力+74,攻击强度+179；暴击等级+93；命中等级+55,1.00（触发效果额外，不扣属性预算）,攻击强度+179；暴击等级+93；命中等级+55,攻击强度+169；暴击等级+95；命中等级+52,攻击强度×0.9441；暴击等级×1.0215；命中等级×0.9455,6,0,,,0,,,,870,,,,,,,,50993,夜鸦指环,264,4,3,6,无,,28629,将军的鳞甲腰带,41477,4,123,70,
103827,冬拥湖逐星腰链,护甲,敏捷输出,4,3,6,腰部,280,敏捷+129；耐力+110；智力+66,攻击强度+179；急速等级+59；护甲穿透等级+91,1.00（触发效果额外，不扣属性预算）,攻击强度+179；急速等级+59；护甲穿透等级+91,攻击强度+187；急速等级+55；护甲穿透等级+83,攻击强度×1.0447；急速等级×0.9322；护甲穿透等级×0.9121,6,1,红色,,0,,,,870,,,,,,,,51853,饮血者束带,264,4,3,6,无,,28567,强风力量腰带,40513,4,115,70,
103828,护胫·静潮,护甲,敏捷输出,4,3,7,腿部,280,敏捷+202；耐力+149；智力+100,攻击强度+204；暴击等级+117；急速等级+88,1.00（触发效果额外，不扣属性预算）,攻击强度+204；暴击等级+117；急速等级+88,攻击强度+185；暴击等级+115；急速等级+89,攻击强度×0.9069；暴击等级×0.9829；急速等级×1.0114,6,1,红色,,0,,,,1354,,,,,,,,51152,神圣安卡哈猎血腿甲,264,4,3,7,无,,30172,灾难护腿,43619,4,133,70,
103829,荒野护胫,护甲,敏捷输出,4,3,7,腿部,280,敏捷+174；耐力+148；智力+99,攻击强度+233；暴击等级+109；护甲穿透等级+90,1.00（触发效果额外，不扣属性预算）,攻击强度+233；暴击等级+109；护甲穿透等级+90,攻击强度+241；暴击等级+105；护甲穿透等级+85,攻击强度×1.0343；暴击等级×0.9633；护甲穿透等级×0.9444,6,2,黄色,蓝色,0,,,,1361,,,,,,,,50645,北地之光护腿,277,4,3,7,无,,32400,束缚灵魂护腿,44833,4,130,70,
103830,圣贤的腿甲,护甲,敏捷输出,4,3,7,腿部,280,敏捷+191；耐力+148；智力+99,攻击强度+216；暴击等级+117；命中等级+91,1.00（触发效果额外，不扣属性预算）,攻击强度+216；暴击等级+117；命中等级+91,攻击强度+229；暴击等级+114；命中等级+84,攻击强度×1.0602；暴击等级×0.9744；命中等级×0.9231,6,0,,,0,,,,1361,,,,,,,,51241,神圣霜巫战裙,277,4,3,7,无,,29985,空灵机甲护腿,46093,4,128,70,
103831,逐星之泰坦遗训,护甲,敏捷输出,4,3,7,腿部,280,敏捷+182；耐力+149；智力+100,攻击强度+222；暴击等级+107；护甲穿透等级+88,1.00（触发效果额外，不扣属性预算）,攻击强度+222；暴击等级+107；护甲穿透等级+88,攻击强度+203；暴击等级+107；护甲穿透等级+81,攻击强度×0.9144；暴击等级×1.0000；护甲穿透等级×0.9205,6,0,,,0,,,,1354,,,,,,,,49988,北方之光护腿,264,4,3,7,无,,33527,狡诈伪装短裤,47029,4,128,70,
103832,游侠将军之猎影,护甲,敏捷输出,4,3,8,脚部,280,敏捷+163；耐力+111；智力+70,攻击强度+170；急速等级+52；暴击等级+74,1.00（触发效果额外，不扣属性预算）,攻击强度+170；急速等级+52；暴击等级+74,攻击强度+176；急速等级+56；暴击等级+73,攻击强度×1.0353；急速等级×1.0769；暴击等级×0.9865,6,1,红色,,0,,,,1053,,,,,,,,47933,哨兵侦察胫甲,245,4,3,8,无,,28810,风剪长靴,42334,4,125,70,
103833,霜裔征伐胫甲,护甲,敏捷输出,4,3,8,脚部,280,敏捷+149；耐力+110；智力+74,攻击强度+143；暴击等级+93；护甲穿透等级+54,1.00（触发效果额外，不扣属性预算）,攻击强度+143；暴击等级+93；护甲穿透等级+54,攻击强度+155；暴击等级+91；护甲穿透等级+55,攻击强度×1.0839；暴击等级×0.9785；护甲穿透等级×1.0185,6,0,,,0,,,,1064,,,,,,,,61018,繁花之锁鞋,264,4,3,8,无,,28449,将军的链甲马靴,40631,4,123,70,
103834,锐眼踏靴,护甲,敏捷输出,4,3,8,脚部,280,敏捷+133；耐力+110；智力+73,攻击强度+168；暴击等级+93；命中等级+57,1.00（触发效果额外，不扣属性预算）,攻击强度+168；暴击等级+93；命中等级+57,攻击强度+168；暴击等级+101；命中等级+52,攻击强度×1.0000；暴击等级×1.0860；命中等级×0.9123,6,0,,,0,,,,1069,,,,,,,,50711,荒地足靴,277,4,3,8,无,,28630,将军的鳞甲马靴,41481,4,123,70,
103835,月刃之余烬,护甲,敏捷输出,4,3,8,脚部,280,敏捷+129；耐力+110；智力+80,攻击强度+191；暴击等级+47；护甲穿透等级+80,1.00（触发效果额外，不扣属性预算）,攻击强度+191；暴击等级+47；护甲穿透等级+80,攻击强度+208；暴击等级+43；护甲穿透等级+78,攻击强度×1.0890；暴击等级×0.9149；护甲穿透等级×0.9750,6,1,红色,,0,,,,1064,,,,,,,,51891,塔德隆的远瞩长靴,264,4,3,8,无,,28610,狂野迅疾长靴,45876,4,115,70,
103836,嚎风峡湾的最后守望,护甲,敏捷输出,4,3,9,腕部,280,敏捷+136；耐力+80；智力+52,急速等级+51；暴击等级+60；攻击强度+134,1.00（触发效果额外，不扣属性预算）,急速等级+51；暴击等级+60；攻击强度+134,急速等级+49；暴击等级+57；攻击强度+147,急速等级×0.9608；暴击等级×0.9500；攻击强度×1.0970,6,1,红色,,0,,,,678,,,,,,,,49820,古德利亚的幽灵护腕,219,4,3,9,无,,32816,老兵的鳞甲护腕,46047,4,126,70,
103837,北风苔原夜幕腕铠,护甲,敏捷输出,4,3,9,腕部,280,敏捷+104；耐力+55；智力+56,攻击强度+132；暴击等级+61；护甲穿透等级+54,1.00（触发效果额外，不扣属性预算）,攻击强度+132；暴击等级+61；护甲穿透等级+54,攻击强度+128；暴击等级+57；护甲穿透等级+52,攻击强度×0.9697；暴击等级×0.9344；护甲穿透等级×0.9630,6,1,黄色,,0,,,,675,,,,,,,,47442,无声屠戮护腕,258,4,3,9,无,,28454,猎手的作战护腕,40494,4,115,70,
103838,黑锋骑士团的失落荣光,护甲,敏捷输出,4,3,9,腕部,280,敏捷+102；耐力+83；智力+56,攻击强度+143；命中等级+56；暴击等级+53,1.00（触发效果额外，不扣属性预算）,攻击强度+143；命中等级+56；暴击等级+53,攻击强度+152；命中等级+55；暴击等级+49,攻击强度×1.0629；命中等级×0.9821；暴击等级×0.9245,6,1,蓝色,,0,,,,677,,,,,,,,51914,冰冠城防护腕,264,4,3,9,无,,28503,旋风护腕,40495,4,115,70,
103839,潜踪洞察护臂,护甲,敏捷输出,4,3,9,腕部,280,敏捷+104；耐力+55；智力+56,攻击强度+132；暴击等级+61；护甲穿透等级+54,1.00（触发效果额外，不扣属性预算）,攻击强度+132；暴击等级+61；护甲穿透等级+54,攻击强度+131；暴击等级+58；护甲穿透等级+50,攻击强度×0.9924；暴击等级×0.9508；护甲穿透等级×0.9259,6,2,红色,黄色,0,,,,675,,,,,,,,47074,隐秘屠戮护腕,258,4,3,9,无,,29521,虚空打击护腕,44102,4,115,70,
103840,星界旅者之风行,护甲,敏捷输出,4,3,10,手部,280,敏捷+133；耐力+110；智力+73,攻击强度+152；暴击等级+93；急速等级+65,1.00（触发效果额外，不扣属性预算）,攻击强度+152；暴击等级+93；急速等级+65,攻击强度+162；暴击等级+99；急速等级+63,攻击强度×1.0658；暴击等级×1.0645；急速等级×0.9692,6,0,,,0,,,,972,,,,,,,,50619,阿努巴潜猎者手套,277,4,3,10,无,,33531,抛光水鳞手套,47034,4,128,70,
103841,静潮臂铠,护甲,敏捷输出,4,3,10,手部,280,敏捷+139；耐力+110；智力+74,攻击强度+161；暴击等级+75；护甲穿透等级+72,1.00（触发效果额外，不扣属性预算）,攻击强度+161；暴击等级+75；护甲穿透等级+72,攻击强度+157；暴击等级+69；护甲穿透等级+74,攻击强度×0.9752；暴击等级×0.9200；护甲穿透等级×1.0278,6,1,黄色,,0,,,,967,,,,,,,,50979,裂木手套,264,4,3,10,无,,28827,屠龙者护手,43436,4,125,70,
103842,群星回响手套,护甲,敏捷输出,4,3,10,手部,280,敏捷+142；耐力+110；智力+73,攻击强度+168；暴击等级+93；命中等级+65,1.00（触发效果额外，不扣属性预算）,攻击强度+168；暴击等级+93；命中等级+65,攻击强度+180；暴击等级+93；命中等级+63,攻击强度×1.0714；暴击等级×1.0000；命中等级×0.9692,6,0,,,0,,,,972,,,,,,,,51243,神圣霜巫裹手,277,4,3,10,无,,28335,角斗士的链甲手套,40624,4,123,70,
103843,战拳·余烬,护甲,敏捷输出,4,3,10,手部,280,敏捷+125；耐力+143；智力+89,急速等级+71；护甲穿透等级+62；攻击强度+179,1.00（触发效果额外，不扣属性预算）,急速等级+71；护甲穿透等级+62；攻击强度+179,急速等级+78；护甲穿透等级+60；攻击强度+171,急速等级×1.0986；护甲穿透等级×0.9677；攻击强度×0.9553,6,1,红色,,0,,,,978,,,,,,,,45679,钳制手套,225,4,3,10,无,,29032,飓风手套,41381,4,120,70,
103844,霜原孤歌头冠,护甲,力量输出,4,4,1,头部,280,力量+191；耐力+215,暴击等级+117；命中等级+109,1.00（触发效果额外，不扣属性预算）,暴击等级+117；命中等级+109,暴击等级+123；命中等级+117,暴击等级×1.0513；命中等级×1.0734,4,2,混沌,蓝色,0,,,,2259,,,,,,,,50712,地魂的角巨盔,277,4,4,1,无,,30048,正义之明亮头盔,46078,4,128,70,
103845,头冠·风暴前夜,护甲,力量输出,4,4,1,头部,280,力量+191；耐力+215,暴击等级+117；急速等级+109,1.00（触发效果额外，不扣属性预算）,暴击等级+117；急速等级+109,暴击等级+123；急速等级+116,暴击等级×1.0513；急速等级×1.0642,4,2,混沌,黄色,0,,,,2259,,,,,,,,51277,神圣光誓战盔,277,4,4,1,无,,33327,反省面具,47898,4,128,70,
103846,圣贤的头饰,护甲,力量输出,4,4,1,头部,280,力量+191；耐力+215,暴击等级+117；护甲穿透等级+109,1.00（触发效果额外，不扣属性预算）,暴击等级+117；护甲穿透等级+109,暴击等级+108；护甲穿透等级+104,暴击等级×0.9231；护甲穿透等级×0.9541,4,2,混沌,红色,0,,,,2259,,,,,,,,51227,神圣伊米亚之王头盔,277,4,4,1,无,,33810,阿曼尼死亡面具,47019,4,128,70,
103847,战神冠冕,护甲,力量输出,4,4,1,头部,280,力量+188；耐力+214,暴击等级+116；精准等级+105,1.00（触发效果额外，不扣属性预算）,暴击等级+116；精准等级+105,暴击等级+107；精准等级+105,暴击等级×0.9224；精准等级×1.0000,4,2,混沌,蓝色,0,,,,2240,,,,,,,,48488,萨萨里安的凯旋头盔,258,4,4,1,无,,28775,雷霆巨盔,44840,4,125,70,
103848,暗影穹殿之肩铠,护甲,力量输出,4,4,3,肩部,280,力量+143；耐力+159,暴击等级+93；命中等级+76,1.00（触发效果额外，不扣属性预算）,暴击等级+93；命中等级+76,暴击等级+95；命中等级+75,暴击等级×1.0215；命中等级×0.9868,4,2,红色,黄色,0,,,,2085,,,,,,,,50674,狂怒巨兽重肩甲,277,4,4,3,无,,29016,战神护肩,40488,4,120,70,
103849,祖达克裂地肩甲,护甲,力量输出,4,4,3,肩部,280,力量+152；耐力+159,暴击等级+93；急速等级+84,1.00（触发效果额外，不扣属性预算）,暴击等级+93；急速等级+84,暴击等级+93；急速等级+76,暴击等级×1.0000；急速等级×0.9048,4,2,黄色,蓝色,0,,,,2085,,,,,,,,51279,神圣光誓肩甲,277,4,4,3,无,,29064,公正肩甲,40651,4,120,70,
103850,霜裔裁断肩甲,护甲,力量输出,4,4,3,肩部,280,力量+152；耐力+159,暴击等级+93；护甲穿透等级+84,1.00（触发效果额外，不扣属性预算）,暴击等级+93；护甲穿透等级+84,暴击等级+91；护甲穿透等级+85,暴击等级×0.9785；护甲穿透等级×1.0119,4,1,蓝色,,0,,,,2085,,,,,,,,51314,神圣天谴领主肩铠,277,4,4,3,无,,30740,裂魔肩铠,43258,4,120,70,
103851,黑锋骑士追猎肩胄,护甲,力量输出,4,4,3,肩部,280,力量+152；耐力+159,暴击等级+93；护甲穿透等级+84,1.00（触发效果额外，不扣属性预算）,暴击等级+93；护甲穿透等级+84,暴击等级+95；护甲穿透等级+88,暴击等级×1.0215；护甲穿透等级×1.0476,4,1,红色,,0,,,,2085,,,,,,,,51229,神圣伊米亚之王肩甲,277,4,4,3,无,,28666,公正追寻者肩甲,45865,4,115,70,
103852,先知之征服,护甲,力量输出,4,4,5,胸部,280,力量+191；耐力+215,暴击等级+117；命中等级+109,1.00（触发效果额外，不扣属性预算）,暴击等级+117；命中等级+109,暴击等级+113；命中等级+104,暴击等级×0.9658；命中等级×0.9541,4,1,红色,,0,,,,2780,,,,,,,,50606,军兵胸胄,277,4,4,5,无,,30113,毁灭者护胸,42297,4,133,70,
103853,赤焰胸铠,护甲,力量输出,4,4,5,胸部,280,力量+199；耐力+215,暴击等级+126；急速等级+109,1.00（触发效果额外，不扣属性预算）,暴击等级+126；急速等级+109,暴击等级+125；急速等级+106,暴击等级×0.9921；急速等级×0.9725,4,1,黄色,,0,,,,2780,,,,,,,,51275,神圣光誓战甲,277,4,4,5,无,,30123,晶铸护胸,42306,4,133,70,
103854,赤焰之远古誓言,护甲,力量输出,4,4,5,胸部,280,力量+199；耐力+215,暴击等级+126；护甲穿透等级+109,1.00（触发效果额外，不扣属性预算）,暴击等级+126；护甲穿透等级+109,暴击等级+122；护甲穿透等级+111,暴击等级×0.9683；护甲穿透等级×1.0183,4,0,,,0,,,,2780,,,,,,,,51310,神圣天谴领主战甲,277,4,4,5,无,,33473,督军胸甲,46998,4,133,70,
103855,暮光审判官的胸衣,护甲,力量输出,4,4,5,胸部,280,力量+209；耐力+215,暴击等级+139；精准等级+94,1.00（触发效果额外，不扣属性预算）,暴击等级+139；精准等级+94,暴击等级+142；精准等级+88,暴击等级×1.0216；精准等级×0.9362,4,0,,,0,,,,2769,,,,,,,,45225,断钢者的拥抱,232,4,4,5,无,,30065,真相之光芒胸甲,46080,4,128,70,
103856,新月围带,护甲,力量输出,4,4,6,腰部,280,力量+143；耐力+159,暴击等级+97；命中等级+70,1.00（触发效果额外，不扣属性预算）,暴击等级+97；命中等级+70,暴击等级+100；命中等级+70,暴击等级×1.0309；命中等级×1.0000,4,2,红色,黄色,0,,,,1556,,,,,,,,50987,恶意板带,264,4,4,6,无,,28385,将军的板甲腰带,39544,4,123,70,
103857,霜原孤歌·扣带,护甲,力量输出,4,4,6,腰部,280,力量+143；耐力+159,暴击等级+88；护甲穿透等级+78,1.00（触发效果额外，不扣属性预算）,暴击等级+88；护甲穿透等级+78,暴击等级+90；护甲穿透等级+73,暴击等级×1.0227；护甲穿透等级×0.9359,4,2,黄色,蓝色,0,,,,1556,,,,,,,,50187,冷魂锁链,264,4,4,6,无,,28641,将军的板层甲腰带,41165,4,123,70,
103858,远征军之裂地,护甲,力量输出,4,4,6,腰部,280,力量+143；耐力+159,暴击等级+88；护甲穿透等级+80,1.00（触发效果额外，不扣属性预算）,暴击等级+88；护甲穿透等级+80,暴击等级+96；护甲穿透等级+73,暴击等级×1.0909；护甲穿透等级×0.9125,4,1,蓝色,,0,,,,1564,,,,,,,,50620,冷魂锁链,277,4,4,6,无,,28733,真相束带,40516,4,115,70,
103859,破晓扣带,护甲,力量输出,4,4,6,腰部,280,力量+143；耐力+159,暴击等级+84；精准等级+83,1.00（触发效果额外，不扣属性预算）,暴击等级+84；精准等级+83,暴击等级+77；精准等级+76,暴击等级×0.9167；精准等级×0.9157,4,2,红色,黄色,0,,,,1551,,,,,,,,47429,血洗束带,258,4,4,6,无,,30678,潜伏者束带,35614,4,115,70,
103860,苍白月色·腿胄,护甲,力量输出,4,4,7,腿部,280,力量+199；耐力+214,暴击等级+126；精准等级+109,1.00（触发效果额外，不扣属性预算）,暴击等级+126；精准等级+109,暴击等级+135；精准等级+106,暴击等级×1.0714；精准等级×0.9725,4,1,红色,,0,,,,2433,,,,,,,,51228,神圣伊米亚之王腿甲,277,4,4,7,无,,33501,嗜血者的胫甲,47015,4,128,70,
103861,幽影腿胄,护甲,力量输出,4,4,7,腿部,280,力量+191；耐力+215,暴击等级+126；急速等级+100,1.00（触发效果额外，不扣属性预算）,暴击等级+126；急速等级+100,暴击等级+128；急速等级+106,暴击等级×1.0159；急速等级×1.0600,4,1,黄色,,0,,,,2433,,,,,,,,50624,天谴收割者腿甲,277,4,4,7,无,,33515,坚毅护腿,47022,4,128,70,
103862,黎明赞歌·腿胄,护甲,力量输出,4,4,7,腿部,280,力量+190；耐力+215,暴击等级+117；护甲穿透等级+105,1.00（触发效果额外，不扣属性预算）,暴击等级+117；护甲穿透等级+105,暴击等级+110；护甲穿透等级+106,暴击等级×0.9402；护甲穿透等级×1.0095,4,1,蓝色,,0,,,,2420,,,,,,,,49903,痛苦死亡腿甲,264,4,4,7,无,,33518,最高审判者腿铠,47025,4,128,70,
103863,永恒征途下装,护甲,力量输出,4,4,7,腿部,280,力量+199；耐力+215,暴击等级+126；精准等级+109,1.00（触发效果额外，不扣属性预算）,暴击等级+126；精准等级+109,暴击等级+133；精准等级+116,暴击等级×1.0556；精准等级×1.0642,4,1,红色,,0,,,,2433,,,,,,,,51313,神圣天谴领主腿铠,277,4,4,7,无,,27705,角斗士的板层甲护腿,41136,4,123,70,
103864,便鞋·风暴前夜,护甲,力量输出,4,4,8,脚部,280,力量+160；耐力+159,暴击等级+94；命中等级+77,1.00（触发效果额外，不扣属性预算）,暴击等级+94；命中等级+77,暴击等级+101；命中等级+79,暴击等级×1.0745；命中等级×1.0260,4,1,红色,,0,,,,1907,,,,,,,,53125,末日行进,271,4,4,8,无,,28383,将军的板甲护胫,39546,4,123,70,
103865,裁决胫甲,护甲,力量输出,4,4,8,脚部,280,力量+142；耐力+159,暴击等级+95；急速等级+66,1.00（触发效果额外，不扣属性预算）,暴击等级+95；急速等级+66,暴击等级+98；急速等级+66,暴击等级×1.0316；急速等级×1.0000,4,1,黄色,,0,,,,1873,,,,,,,,45599,寂夜战靴,239,4,4,8,无,,28642,将军的板层甲护胫,41167,4,123,70,
103866,惊雷护足,护甲,力量输出,4,4,8,脚部,280,力量+143；耐力+159,暴击等级+93；护甲穿透等级+76,1.00（触发效果额外，不扣属性预算）,暴击等级+93；护甲穿透等级+76,暴击等级+90；护甲穿透等级+70,暴击等级×0.9677；护甲穿透等级×0.9211,4,1,蓝色,,0,,,,1912,,,,,,,,50639,血沁邪铁战靴,277,4,4,8,无,,28569,骁勇之靴,42332,4,115,70,
103867,逐日者之赤焰,护甲,力量输出,4,4,8,脚部,280,力量+143；耐力+160,暴击等级+94；精准等级+73,1.00（触发效果额外，不扣属性预算）,暴击等级+94；精准等级+73,暴击等级+90；精准等级+76,暴击等级×0.9574；精准等级×1.0411,4,0,,,0,,,,1896,,,,,,,,47154,第七军团胫甲,258,4,4,8,无,,28608,急促铁靴,45861,4,115,70,
103868,无声裁决·臂甲,护甲,力量输出,4,4,9,腕部,280,力量+111；耐力+119,暴击等级+70；命中等级+62,1.00（触发效果额外，不扣属性预算）,暴击等级+70；命中等级+62,暴击等级+76；命中等级+66,暴击等级×1.0857；命中等级×1.0645,4,1,红色,,0,,,,1217,,,,,,,,50659,北极熊利爪护腕,277,4,4,9,无,,28502,胆量臂甲,40496,4,115,70,
103869,远征军之无畏,护甲,力量输出,4,4,9,腕部,280,力量+112；耐力+120,暴击等级+61；急速等级+69,1.00（触发效果额外，不扣属性预算）,暴击等级+61；急速等级+69,暴击等级+63；急速等级+70,暴击等级×1.0328；急速等级×1.0145,4,0,,,0,,,,1210,,,,,,,,51832,针林护腕,264,4,4,9,无,,28512,公正护腕,40497,4,115,70,
103870,翡翠梦境之护腕,护甲,力量输出,4,4,9,腕部,280,力量+112；耐力+120,暴击等级+70；护甲穿透等级+60,1.00（触发效果额外，不扣属性预算）,暴击等级+70；护甲穿透等级+60,暴击等级+73；护甲穿透等级+64,暴击等级×1.0429；护甲穿透等级×1.0667,4,0,,,0,,,,1213,,,,,,,,54559,传人护腕,271,4,4,9,无,,30687,蹂躏者腕甲,36248,4,115,70,
103871,星界旅者的腕轮,护甲,力量输出,4,4,9,腕部,280,力量+111；耐力+119,暴击等级+61；精准等级+70,1.00（触发效果额外，不扣属性预算）,暴击等级+61；精准等级+70,暴击等级+56；精准等级+64,暴击等级×0.9180；精准等级×0.9143,4,1,红色,,0,,,,1207,,,,,,,,46967,碎骨臂甲,258,4,4,9,无,,28381,将军的板甲护腕,30369,4,113,70,
103872,龙眠的新月,护甲,力量输出,4,4,10,手部,280,力量+152；耐力+159,暴击等级+93；命中等级+84,1.00（触发效果额外，不扣属性预算）,暴击等级+93；命中等级+84,暴击等级+94；命中等级+77,暴击等级×1.0108；命中等级×0.9167,4,1,红色,,0,,,,1738,,,,,,,,51226,神圣伊米亚之王护手,277,4,4,10,无,,28824,完美勇士护手,43435,4,125,70,
103873,风暴峭壁战神护手,护甲,力量输出,4,4,10,手部,280,力量+143；耐力+159,暴击等级+93；急速等级+76,1.00（触发效果额外，不扣属性预算）,暴击等级+93；急速等级+76,暴击等级+96；急速等级+83,暴击等级×1.0323；急速等级×1.0921,4,0,,,0,,,,1738,,,,,,,,50690,裂肉护手,277,4,4,10,无,,27703,角斗士的板层甲手套,41134,4,123,70,
103874,星界旅者之钢铁,护甲,力量输出,4,4,10,手部,280,力量+143；耐力+160,暴击等级+94；护甲穿透等级+72,1.00（触发效果额外，不扣属性预算）,暴击等级+94；护甲穿透等级+72,暴击等级+98；护甲穿透等级+74,暴击等级×1.0426；护甲穿透等级×1.0278,4,1,蓝色,,0,,,,1724,,,,,,,,47492,雪恨手甲,258,4,4,10,无,,29017,战神护手,40485,4,120,70,
103875,冰冠之拳甲,护甲,力量输出,4,4,10,手部,280,力量+156；耐力+169,暴击等级+101；精准等级+62,1.00（触发效果额外，不扣属性预算）,暴击等级+101；精准等级+62,暴击等级+108；精准等级+63,暴击等级×1.0693；精准等级×1.0161,4,2,红色,黄色,0,,,,1716,,,,,,,,46219,征服者神御护手,226,4,4,10,无,,29065,公正手套,40473,4,120,70,
103876,铁壁之长夜,护甲,坦克,4,4,1,头部,280,力量+189；耐力+246,防御等级+90；躲闪等级+82；招架等级+91,1.00（触发效果额外，不扣属性预算）,防御等级+90；躲闪等级+82；招架等级+91,防御等级+95；躲闪等级+90；招架等级+87,防御等级×1.0556；躲闪等级×1.0976；招架等级×0.9560,5,3,混沌,红色,0,,,,2259,,,,,,,,51221,神圣伊米亚之王重盔,277,4,4,1,无,,27704,角斗士的板层甲头盔,41135,4,123,70,蓝色
103877,烈日冠冕,护甲,坦克,4,4,1,头部,280,力量+143；耐力+246,防御等级+125；命中等级+88；躲闪等级+108,1.00（触发效果额外，不扣属性预算）,防御等级+125；命中等级+88；躲闪等级+108,防御等级+116；命中等级+89；躲闪等级+108,防御等级×0.9280；命中等级×1.0114；躲闪等级×1.0000,5,2,混沌,蓝色,0,,,,2259,,,,,,,,50640,破损的公羊颅盔,277,4,4,1,无,,29011,战神巨盔,47568,4,120,70,
103878,龙眠的破晓,护甲,坦克,4,4,1,头部,280,力量+147；耐力+233,防御等级+112；精准等级+95；躲闪等级+96,1.00（触发效果额外，不扣属性预算）,防御等级+112；精准等级+95；躲闪等级+96,防御等级+108；精准等级+102；躲闪等级+92,防御等级×0.9643；精准等级×1.0737；躲闪等级×0.9583,5,2,混沌,蓝色,0,,,,2224,,,,,,,,47677,荣光面甲,245,4,4,1,无,,29061,公正王冠,40646,4,120,70,
103879,幽影面罩,护甲,坦克,4,4,1,头部,280,力量+189；耐力+246,防御等级+99；躲闪等级+82；招架等级+91,1.00（触发效果额外，不扣属性预算）,防御等级+99；躲闪等级+82；招架等级+91,防御等级+93；躲闪等级+81；招架等级+97,防御等级×0.9394；躲闪等级×0.9878；招架等级×1.0659,5,3,混沌,红色,0,,,,2259,,,,,,,,51306,神圣天谴领主面甲,277,4,4,1,无,,30731,无尽守望面甲,44879,4,120,70,黄色
103880,风暴领主征伐肩铠,护甲,坦克,4,4,3,肩部,280,力量+140；耐力+185,防御等级+73；招架等级+65；躲闪等级+64,1.00（触发效果额外，不扣属性预算）,防御等级+73；招架等级+65；躲闪等级+64,防御等级+79；招架等级+66；躲闪等级+70,防御等级×1.0822；招架等级×1.0154；躲闪等级×1.0938,5,1,蓝色,,0,,,,2085,,,,,,,,50660,白骨将领的肩甲,277,4,4,3,无,,28743,亚布拉米斯护肩,45863,4,115,70,
103881,龙骨荒野之肩卫,护甲,坦克,4,4,3,肩部,280,力量+145；耐力+210,防御等级+76；躲闪等级+67；命中等级+73,1.00（触发效果额外，不扣属性预算）,防御等级+76；躲闪等级+67；命中等级+73,防御等级+80；躲闪等级+73；命中等级+71,防御等级×1.0526；躲闪等级×1.0896；命中等级×0.9726,5,2,红色,黄色,0,,,,2077,,,,,,,,45251,拆解者肩铠,232,4,4,3,无,,34601,永恒苦痛肩铠,48174,4,115,70,
103882,翡翠梦境无伤肩铠,护甲,坦克,4,4,3,肩部,280,力量+108；耐力+194,防御等级+92；躲闪等级+89；精准等级+61,1.00（触发效果额外，不扣属性预算）,防御等级+92；躲闪等级+89；精准等级+61,防御等级+96；躲闪等级+82；精准等级+65,防御等级×1.0435；躲闪等级×0.9213；精准等级×1.0656,5,0,,,0,,,,2069,,,,,,,,48646,图拉扬的凯旋肩甲,258,4,4,3,无,,43068,神圣的亡灵毁灭肩铠,54462,4,115,70,
103883,屠龙者的披肩,护甲,坦克,4,4,3,肩部,280,力量+140；耐力+197,防御等级+73；躲闪等级+64；招架等级+73,1.00（触发效果额外，不扣属性预算）,防御等级+73；躲闪等级+64；招架等级+73,防御等级+66；躲闪等级+58；招架等级+74,防御等级×0.9041；躲闪等级×0.9062；招架等级×1.0137,5,0,,,0,,,,2085,,,,,,,,51309,神圣天谴领主护肩,277,4,4,3,无,,32073,狂乱肩甲,44698,4,110,70,
103884,磐石胸甲,护甲,坦克,4,4,5,胸部,280,力量+192；耐力+253,防御等级+97；招架等级+89；躲闪等级+85,1.00（触发效果额外，不扣属性预算）,防御等级+97；招架等级+89；躲闪等级+85,防御等级+96；招架等级+89；躲闪等级+81,防御等级×0.9897；招架等级×1.0000；躲闪等级×0.9529,5,1,蓝色,,0,,,,2758,,,,,,,,48651,莉亚德琳的凯旋胸甲,258,4,4,5,无,,33215,浸血的精灵战衣,47020,4,128,70,
103885,暗影穹殿之外套,护甲,坦克,4,4,5,胸部,280,力量+143；耐力+246,防御等级+125；躲闪等级+125；命中等级+71,1.00（触发效果额外，不扣属性预算）,防御等级+125；躲闪等级+125；命中等级+71,防御等级+114；躲闪等级+130；命中等级+65,防御等级×0.9120；躲闪等级×1.0400；命中等级×0.9155,5,2,红色,黄色,0,,,,2780,,,,,,,,50681,荒萎降临战铠,277,4,4,5,无,,33216,隐秘意图胸甲,49359,4,128,70,
103886,胸衣·破晓,护甲,坦克,4,4,5,胸部,280,力量+145；耐力+224,防御等级+124；精准等级+95；躲闪等级+101,1.00（触发效果额外，不扣属性预算）,防御等级+124；精准等级+95；躲闪等级+101,防御等级+122；精准等级+100；躲闪等级+94,防御等级×0.9839；精准等级×1.0526；躲闪等级×0.9307,5,0,,,0,,,,2758,,,,,,,,46968,巨兽胸甲,258,4,4,5,无,,28484,王者壁垒,39660,4,127,70,
103887,胸衣·无声裁决,护甲,坦克,4,4,5,胸部,280,力量+145；耐力+241,防御等级+124；精准等级+95,1.00（触发效果额外，不扣属性预算）,防御等级+124；精准等级+95,防御等级+127；精准等级+93,防御等级×1.0242；精准等级×0.9789,4,1,蓝色,,0,,,,3998,,,,,,,,50968,灾变胸甲,264,4,4,5,无,,34615,虚空力量胸甲,48167,4,125,70,
103888,扣带·失落荣光,护甲,坦克,4,4,6,腰部,280,力量+141；耐力+182,防御等级+63；躲闪等级+62；招架等级+73,1.00（触发效果额外，不扣属性预算）,防御等级+63；躲闪等级+62；招架等级+73,防御等级+66；躲闪等级+67；招架等级+77,防御等级×1.0476；躲闪等级×1.0806；招架等级×1.0548,5,2,蓝色,红色,0,,,,1556,,,,,,,,50036,断骨腰带,264,4,4,6,无,,29238,狮王之心束带,42606,4,110,70,
103889,符文大师的护腰,护甲,坦克,4,4,6,腰部,280,力量+104；耐力+211,防御等级+97；躲闪等级+74；命中等级+83,1.00（触发效果额外，不扣属性预算）,防御等级+97；躲闪等级+74；命中等级+83,防御等级+92；躲闪等级+69；命中等级+75,防御等级×0.9485；躲闪等级×0.9324；命中等级×0.9036,5,1,红色,,0,,,,1573,,,,,,,,45304,风暴锻造束带,225,4,4,6,无,,29253,勇敢契约束带,42603,4,110,70,
103890,红龙军团之束带,护甲,坦克,4,4,6,腰部,280,力量+143；耐力+180,防御等级+73；躲闪等级+52；招架等级+74,1.00（触发效果额外，不扣属性预算）,防御等级+73；躲闪等级+52；招架等级+74,防御等级+78；躲闪等级+54；招架等级+75,防御等级×1.0685；躲闪等级×1.0385；招架等级×1.0135,5,1,黄色,,0,,,,1551,,,,,,,,47444,血痕腰带,258,4,4,6,无,,20142,90 Epic Warrior Waistband,29864,4,90,60,
103891,蓝龙军团无伤腰甲,护甲,坦克,4,4,6,腰部,280,力量+141；耐力+182,防御等级+73；招架等级+73,1.00（触发效果额外，不扣属性预算）,防御等级+73；招架等级+73,防御等级+72；招架等级+67,防御等级×0.9863；招架等级×0.9178,4,1,蓝色,,0,,,,2245,,,,,,,,50991,铜绿链带,264,4,4,6,无,,22422,无畏腰带,35058,4,88,60,
103892,腿甲·不灭烽火,护甲,坦克,4,4,7,腿部,280,力量+145；耐力+253,防御等级+90；招架等级+86；躲闪等级+94,1.00（触发效果额外，不扣属性预算）,防御等级+90；招架等级+86；躲闪等级+94,防御等级+95；招架等级+90；躲闪等级+95,防御等级×1.0556；招架等级×1.0465；躲闪等级×1.0106,5,0,,,0,,,,2413,,,,,,,,48544,萨萨瑞安的凯旋腿甲,258,4,4,7,无,,29063,公正护腿,40478,4,120,70,
103893,苍穹王座的幽影,护甲,坦克,4,4,7,腿部,280,力量+143；耐力+246,防御等级+109；躲闪等级+125；命中等级+88,1.00（触发效果额外，不扣属性预算）,防御等级+109；躲闪等级+125；命中等级+88,防御等级+119；躲闪等级+123；命中等级+93,防御等级×1.0917；躲闪等级×0.9840；命中等级×1.0568,5,1,红色,,0,,,,2433,,,,,,,,50612,失落希望腿甲,277,4,4,7,无,,28621,乌瑞恩王朝腿甲,45867,4,115,70,
103894,泰坦遗训·下装,护甲,坦克,4,4,7,腿部,280,力量+143；耐力+258,防御等级+125；躲闪等级+108；精准等级+96,1.00（触发效果额外，不扣属性预算）,防御等级+125；躲闪等级+108；精准等级+96,防御等级+115；躲闪等级+105；精准等级+105,防御等级×0.9200；躲闪等级×0.9722；精准等级×1.0938,5,1,黄色,,0,,,,2433,,,,,,,,51268,神圣光誓腿甲,277,4,4,7,无,,28748,无辜者腿铠,45862,4,115,70,
103895,索拉查铁壁战裙,护甲,坦克,4,4,7,腿部,280,力量+145；耐力+239,防御等级+114；招架等级+106；精准等级+95,1.00（触发效果额外，不扣属性预算）,防御等级+114；招架等级+106；精准等级+95,防御等级+115；招架等级+104；精准等级+90,防御等级×1.0088；招架等级×0.9811；精准等级×0.9474,5,1,蓝色,,0,,,,2413,,,,,,,,47061,狂热奉献腿甲,258,4,4,7,无,,30766,炼狱淬火护腿,28843,4,115,70,
103896,卫戍胫甲,护甲,坦克,4,4,8,脚部,280,力量+140；耐力+196,防御等级+64；躲闪等级+63；招架等级+64,1.00（触发效果额外，不扣属性预算）,防御等级+64；躲闪等级+63；招架等级+64,防御等级+68；躲闪等级+57；招架等级+63,防御等级×1.0625；躲闪等级×0.9048；招架等级×0.9844,5,2,蓝色,红色,0,,,,1907,,,,,,,,53129,复苏将至薄靴,271,4,4,8,无,,28747,战痕长靴,42329,4,115,70,
103897,新月足具,护甲,坦克,4,4,8,脚部,280,力量+108；耐力+182,防御等级+81；躲闪等级+97；命中等级+53,1.00（触发效果额外，不扣属性预算）,防御等级+81；躲闪等级+97；命中等级+53,防御等级+82；躲闪等级+103；命中等级+49,防御等级×1.0123；躲闪等级×1.0619；命中等级×0.9245,5,0,,,0,,,,1901,,,,,,,,51816,天谴尖牙踏靴,264,4,4,8,无,,30641,躲闪长靴,40499,4,115,70,
103898,无伤便鞋,护甲,坦克,4,4,8,脚部,280,力量+106；耐力+185,防御等级+92；躲闪等级+84；精准等级+63,1.00（触发效果额外，不扣属性预算）,防御等级+92；躲闪等级+84；精准等级+63,防御等级+85；躲闪等级+85；精准等级+63,防御等级×0.9239；躲闪等级×1.0119；精准等级×1.0000,5,2,黄色,蓝色,0,,,,1912,,,,,,,,50625,狞笑之颅重靴,277,4,4,8,无,,30768,炼狱淬火战靴,42672,4,115,70,
103899,苍穹王座的惊雷,护甲,坦克,4,4,8,脚部,280,力量+96；耐力+169,防御等级+80；招架等级+95；精准等级+70,1.00（触发效果额外，不扣属性预算）,防御等级+80；招架等级+95；精准等级+70,防御等级+78；招架等级+88；精准等级+75,防御等级×0.9750；招架等级×0.9263；精准等级×1.0714,5,0,,,0,,,,1888,,,,,,,,45988,钢铁军队胫甲,226,4,4,8,无,,29239,鹰纹战靴,42607,4,110,70,
103900,镇守之失落荣光,护甲,坦克,4,4,9,腕部,280,力量+106；耐力+144,防御等级+55；招架等级+47；躲闪等级+54,1.00（触发效果额外，不扣属性预算）,防御等级+55；招架等级+47；躲闪等级+54,防御等级+60；招架等级+47；躲闪等级+56,防御等级×1.0909；招架等级×1.0000；躲闪等级×1.0370,5,0,,,0,,,,1210,,,,,,,,49960,黑暗清算护腕,264,4,4,9,无,,28643,将军的板层甲护腕,41257,4,113,70,
103901,庇护征伐护臂,护甲,坦克,4,4,9,腕部,280,力量+83；耐力+142,防御等级+68；命中等级+54；躲闪等级+54,1.00（触发效果额外，不扣属性预算）,防御等级+68；命中等级+54；躲闪等级+54,防御等级+71；命中等级+57；躲闪等级+59,防御等级×1.0441；命中等级×1.0556；躲闪等级×1.0926,5,2,红色,黄色,0,,,,1198,,,,,,,,47570,萨隆邪铁断剑护腕,245,4,4,9,无,,28646,将军的板鳞甲护腕,41262,4,113,70,
103902,索拉查之臂环,护甲,坦克,4,4,9,腕部,280,力量+97；耐力+144,防御等级+55；躲闪等级+47,1.00（触发效果额外，不扣属性预算）,防御等级+55；躲闪等级+47,防御等级+53；躲闪等级+51,防御等级×0.9636；躲闪等级×1.0851,4,1,黄色,,0,,,,1958,,,,,,,,51901,石像鬼唾液护腕,264,4,4,9,无,,28984,统帅的板层甲护腕,41275,4,113,70,
103903,泰坦监护者凝视护腕,护甲,坦克,4,4,9,腕部,280,力量+81；耐力+143,防御等级+69；精准等级+53；招架等级+60,1.00（触发效果额外，不扣属性预算）,防御等级+69；精准等级+53；招架等级+60,防御等级+67；精准等级+51；招架等级+64,防御等级×0.9710；精准等级×0.9623；招架等级×1.0667,5,1,蓝色,,0,,,,1207,,,,,,,,47111,盾卫护腕,258,4,4,9,无,,28996,统帅的板甲护腕,41285,4,113,70,
103904,黑锋骑士之庇护,护甲,坦克,4,4,10,手部,280,力量+140；耐力+185,防御等级+73；招架等级+73；躲闪等级+56,1.00（触发效果额外，不扣属性预算）,防御等级+73；招架等级+73；躲闪等级+56,防御等级+68；招架等级+72；躲闪等级+55,防御等级×0.9315；招架等级×0.9863；躲闪等级×0.9821,5,2,蓝色,红色,0,,,,1738,,,,,,,,50716,泰尔达朗装甲拳甲,277,4,4,10,无,,30741,缀玉战斗护手,43261,4,120,70,
103905,破晓·手甲,护甲,坦克,4,4,10,手部,280,力量+106；耐力+197,防御等级+92；命中等级+71,1.00（触发效果额外，不扣属性预算）,防御等级+92；命中等级+71,防御等级+84；命中等级+64,防御等级×0.9130；命中等级×0.9014,4,2,红色,黄色,0,,,,2896,,,,,,,,51267,神圣光誓手甲,277,4,4,10,无,,28505,复兴希望护手,45870,4,115,70,
103906,不屈裁断战拳,护甲,坦克,4,4,10,手部,280,力量+101；耐力+182,防御等级+92；躲闪等级+72；精准等级+81,1.00（触发效果额外，不扣属性预算）,防御等级+92；躲闪等级+72；精准等级+81,防御等级+94；躲闪等级+79；精准等级+86,防御等级×1.0217；躲闪等级×1.0972；精准等级×1.0617,5,0,,,0,,,,1728,,,,,,,,51835,血管粉碎护手,264,4,4,10,无,,28518,圣女的铁护手,45860,4,115,70,
103907,游侠将军唤醒手套,护甲,坦克,4,4,10,手部,280,力量+108；耐力+213,防御等级+80；招架等级+93；精准等级+64,1.00（触发效果额外，不扣属性预算）,防御等级+80；招架等级+93；精准等级+64,防御等级+78；招架等级+95；精准等级+68,防御等级×0.9750；招架等级×1.0215；精准等级×1.0625,5,0,,,0,,,,1716,,,,,,,,46119,征服者的黑暗符印护手,226,4,4,10,无,,30767,炼狱淬火护手,43447,4,115,70,
103908,屠龙者镇压项链,通用槽位,法系输出,4,0,2,颈部,280,耐力+80；智力+80,法术强度+113；暴击等级+67；急速等级+62,1.00（触发效果额外，不扣属性预算）,法术强度+113；暴击等级+67；急速等级+62,法术强度+112；暴击等级+72；急速等级+61,法术强度×0.9912；暴击等级×1.0746；急速等级×0.9839,5,1,黄色,,0,,,,,,,,,,,,50724,鲜血皇后的殷红项圈,277,4,0,2,无,,28822,格鲁尔之牙,43535,4,125,70,
103909,符文大师之虚空,通用槽位,法系输出,4,0,2,颈部,280,耐力+83；智力+80,法术强度+111；暴击等级+70；命中等级+61,1.00（触发效果额外，不扣属性预算）,法术强度+111；暴击等级+70；命中等级+61,法术强度+115；暴击等级+66；命中等级+60,法术强度×1.0360；暴击等级×0.9429；命中等级×0.9836,5,1,蓝色,,0,,,,,,,,,,,,51863,血脉分离垂饰,264,4,0,2,无,,28509,狼人利爪项链,34034,4,115,70,
103910,符印·秘法洪流,通用槽位,法系输出,4,0,2,颈部,280,耐力+80；智力+80；精神+70,法术强度+113；急速等级+62,1.00（触发效果额外，不扣属性预算）,法术强度+113；急速等级+62,法术强度+109；急速等级+60,法术强度×0.9646；急速等级×0.9677,5,2,红色,黄色,0,,,,,,,,,,,,50609,冰冠斥候护符,277,4,0,2,无,,28516,戒律之尖刺项圈,34274,4,115,70,
103911,暮星勋章,通用槽位,法系输出,4,0,2,颈部,280,耐力+80；智力+81,法术强度+111；急速等级+69；命中等级+61,1.00（触发效果额外，不扣属性预算）,法术强度+111；急速等级+69；命中等级+61,法术强度+119；急速等级+73；命中等级+58,法术强度×1.0721；急速等级×1.0580；命中等级×0.9508,5,0,,,0,,,,,,,,,,,,50005,默悼护符,264,4,0,2,无,,28530,无尽怒火项圈,34303,4,115,70,
103912,虚空玺戒,通用槽位,法系输出,4,0,11,戒指,280,耐力+76；智力+82,法术强度+111；暴击等级+78；急速等级+47,1.00（触发效果额外，不扣属性预算）,法术强度+111；暴击等级+78；急速等级+47,法术强度+107；暴击等级+84；急速等级+50,法术强度×0.9640；暴击等级×1.0769；急速等级×1.0638,5,2,黄色,蓝色,0,,,,,,,,,,,,51849,樱红缠丝指环,264,4,0,11,无,,29367,沉睡梦境之戒,39122,4,110,70,
103913,时流之深渊凝视,通用槽位,法系输出,4,0,11,戒指,280,耐力+80；智力+80,法术强度+113；命中等级+54；暴击等级+75,1.00（触发效果额外，不扣属性预算）,法术强度+113；命中等级+54；暴击等级+75,法术强度+119；命中等级+49；暴击等级+72,法术强度×1.0531；命中等级×0.9074；暴击等级×0.9600,5,2,蓝色,红色,0,,,,,,,,,,,,50614,无尽迷宫指环,277,4,0,11,无,,29373,光晕指环,35431,4,110,70,
103914,永夜玺戒,通用槽位,法系输出,4,0,11,戒指,280,耐力+74；智力+75,法术强度+112；急速等级+69；命中等级+56,1.00（触发效果额外，不扣属性预算）,法术强度+112；急速等级+69；命中等级+56,法术强度+122；急速等级+68；命中等级+59,法术强度×1.0893；急速等级×0.9855；命中等级×1.0536,5,1,红色,,0,,,,,,,,,,,,50397,无上毁灭之灰烬指环,268,4,0,11,无,,29379,阿拉希督军之戒,33808,4,110,70,
103915,星界法戒,通用槽位,法系输出,4,0,11,戒指,280,耐力+80；智力+80,法术强度+113；急速等级+80；命中等级+45,1.00（触发效果额外，不扣属性预算）,法术强度+113；急速等级+80；命中等级+45,法术强度+122；急速等级+80；命中等级+47,法术强度×1.0796；急速等级×1.0000；命中等级×1.0444,5,2,黄色,蓝色,0,,,,,,,,,,,,50714,瓦拉纳的备用徽记之戒,277,4,0,11,无,,29384,不屈力量之戒,38541,4,110,70,
103916,深空印戒,通用槽位,法系输出,4,0,11,戒指,280,耐力+80；智力+81,法术强度+111；暴击等级+70；急速等级+59,1.00（触发效果额外，不扣属性预算）,法术强度+111；暴击等级+70；急速等级+59,法术强度+120；暴击等级+71；急速等级+61,法术强度×1.0811；暴击等级×1.0143；急速等级×1.0339,5,0,,,0,,,,,,,,,,,,50008,飞升之戒,264,4,0,11,无,,32081,追踪者之眼,44703,4,110,70,
103917,霜脉矮人暮星铭戒,通用槽位,法系输出,4,0,11,戒指,280,耐力+80；智力+81,法术强度+111；命中等级+53；暴击等级+76,1.00（触发效果额外，不扣属性预算）,法术强度+111；命中等级+53；暴击等级+76,法术强度+114；命中等级+53；暴击等级+72,法术强度×1.0270；命中等级×1.0000；暴击等级×0.9474,5,2,红色,黄色,0,,,,,,,,,,,,49977,无尽迷宫指环,264,4,0,11,无,,33957,巫术指环,47144,4,110,70,
103918,时流镇压罩衣,通用槽位,法系输出,4,1,16,披风,280,耐力+80；智力+80,法术强度+114；暴击等级+63；急速等级+71,1.00（触发效果额外，不扣属性预算）,法术强度+114；暴击等级+63；急速等级+71,法术强度+117；暴击等级+68；急速等级+74,法术强度×1.0263；暴击等级×1.0794；急速等级×1.0423,5,1,黄色,,0,,,,187,,,,,,,,54583,燃暮披风,284,4,1,16,无,,33592,上古仪祭披风,42615,4,128,70,
103919,北风苔原之斗衣,通用槽位,法系输出,4,1,16,披风,280,耐力+80；智力+80,法术强度+113；暴击等级+70；急速等级+61,1.00（触发效果额外，不扣属性预算）,法术强度+113；暴击等级+70；急速等级+61,法术强度+117；暴击等级+73；急速等级+56,法术强度×1.0354；暴击等级×1.0429；急速等级×0.9180,5,1,蓝色,,0,,,,186,,,,,,,,61010,夏日轻语,272,4,1,16,无,,33593,斯里克的安抚披风,47069,4,128,70,
103920,幻光裁断大氅,通用槽位,法系输出,4,1,16,披风,280,耐力+80；智力+80；精神+70,法术强度+113；急速等级+61,1.00（触发效果额外，不扣属性预算）,法术强度+113；急速等级+61,法术强度+104；急速等级+64,法术强度×0.9204；急速等级×1.0492,5,1,红色,,0,,,,186,,,,,,,,47554,莉亚德琳的信仰,272,4,1,16,无,,28764,远行者荒野披风,33096,4,125,70,
103921,龙骨荒野的黎明赞歌,通用槽位,法系输出,4,1,16,披风,280,耐力+80；智力+81,法术强度+110；急速等级+68；命中等级+61,1.00（触发效果额外，不扣属性预算）,法术强度+110；急速等级+68；命中等级+61,法术强度+112；急速等级+62；命中等级+66,法术强度×1.0182；急速等级×0.9118；命中等级×1.0820,5,0,,,0,,,,184,,,,,,,,47452,偏移斗篷,258,4,1,16,无,,28766,秘法红宝石斗篷,38976,4,125,70,
103922,先知之雷霆,通用槽位,力量输出,4,0,2,颈部,280,力量+111；耐力+119,暴击等级+70；命中等级+62,1.00（触发效果额外，不扣属性预算）,暴击等级+70；命中等级+62,暴击等级+73；命中等级+60,暴击等级×1.0429；命中等级×0.9677,4,1,红色,,0,,,,,,,,,,,,50647,安卡哈黑玛瑙护颈,277,4,0,2,无,,28745,英雄的秘银项链,15420,4,115,70,
103923,赤焰项链,通用槽位,力量输出,4,0,2,颈部,280,力量+112；耐力+120,暴击等级+72；急速等级+56,1.00（触发效果额外，不扣属性预算）,暴击等级+72；急速等级+56,暴击等级+70；急速等级+57,暴击等级×0.9722；急速等级×1.0179,4,1,黄色,,0,,,,,,,,,,,,51842,傲慢轻蔑项圈,264,4,0,2,无,,30666,雷特森的遗失坠饰,35437,4,115,70,
103924,钢铁之深渊凝视,通用槽位,力量输出,4,0,2,颈部,280,力量+112；耐力+120,暴击等级+70；护甲穿透等级+60,1.00（触发效果额外，不扣属性预算）,暴击等级+70；护甲穿透等级+60,暴击等级+76；护甲穿透等级+65,暴击等级×1.0857；护甲穿透等级×1.0833,4,0,,,0,,,,,,,,,,,,53132,光影相交坠饰,271,4,0,2,无,,34679,破碎残阳力量坠饰,48071,4,115,70,
103925,嚎风峡湾的远古誓言,通用槽位,力量输出,4,0,2,颈部,280,力量+112；耐力+120,暴击等级+72；精准等级+57,1.00（触发效果额外，不扣属性预算）,暴击等级+72；精准等级+57,暴击等级+77；精准等级+58,暴击等级×1.0694；精准等级×1.0175,4,0,,,0,,,,,,,,,,,,51867,感染颈饰,264,4,0,2,无,,34680,破碎残阳决心坠饰,43085,4,115,70,
103926,无畏守护指环,通用槽位,力量输出,4,0,11,戒指,280,力量+102；耐力+110,暴击等级+61；命中等级+61,1.00（触发效果额外，不扣属性预算）,暴击等级+61；命中等级+61,暴击等级+63；命中等级+61,暴击等级×1.0328；命中等级×1.0000,4,1,红色,,0,,,,,,,,,,,,52572,无尽力量灰烬指环,277,4,0,11,无,,34073,无头骑士的徽记之戒,47325,4,110,70,
103927,天穹·印戒,通用槽位,力量输出,4,0,11,戒指,280,力量+111；耐力+119,暴击等级+71；急速等级+59,1.00（触发效果额外，不扣属性预算）,暴击等级+71；急速等级+59,暴击等级+78；急速等级+54,暴击等级×1.0986；急速等级×0.9153,4,0,,,0,,,,,,,,,,,,47413,暴戾指环,258,4,0,11,无,,34625,卡尔玛的命运指环,31906,4,110,70,
103928,赤焰洞察印戒,通用槽位,力量输出,4,0,11,戒指,280,力量+111；耐力+119,暴击等级+70；护甲穿透等级+62,1.00（触发效果额外，不扣属性预算）,暴击等级+70；护甲穿透等级+62,暴击等级+64；护甲穿透等级+67,暴击等级×0.9143；护甲穿透等级×1.0806,4,0,,,0,,,,,,,,,,,,50693,凋零之力,277,4,0,11,无,,29126,先知徽记,35438,4,105,70,
103929,灰熊丘陵之戒环,通用槽位,力量输出,4,0,11,戒指,280,力量+111；耐力+119,暴击等级+70；精准等级+62,1.00（触发效果额外，不扣属性预算）,暴击等级+70；精准等级+62,暴击等级+66；精准等级+67,暴击等级×0.9429；精准等级×1.0806,4,0,,,0,,,,,,,,,,,,50657,骷髅领主之环,277,4,0,11,无,,29177,阿达尔的命令,35423,4,105,70,
103930,圣贤唤醒戒指,通用槽位,力量输出,4,0,11,戒指,280,力量+126；耐力+119,命中等级+64；护甲穿透等级+71,1.00（触发效果额外，不扣属性预算）,命中等级+64；护甲穿透等级+71,命中等级+60；护甲穿透等级+66,命中等级×0.9375；护甲穿透等级×0.9296,4,0,,,0,,,,,,,,,,,,45675,能量强化指环,225,4,0,11,无,,32941,腐蚀者的徽记,24087,4,105,70,
103931,指轮·龙魂低语,通用槽位,力量输出,4,0,11,戒指,280,力量+125；耐力+120,命中等级+79；精准等级+59,1.00（触发效果额外，不扣属性预算）,命中等级+79；精准等级+59,命中等级+72；精准等级+61,命中等级×0.9114；精准等级×1.0339,4,1,蓝色,,0,,,,,,,,,,,,45540,持剑者的徽记之戒,226,4,0,11,无,,32942,监工之戒,23728,4,105,70,
103932,怒火披肩,通用槽位,力量输出,4,1,16,披风,280,力量+112；耐力+120,暴击等级+70；命中等级+62,1.00（触发效果额外，不扣属性预算）,暴击等级+70；命中等级+62,暴击等级+69；命中等级+58,暴击等级×0.9857；命中等级×0.9355,4,0,,,0,,,,186,,,,,,,,61014,阿尔萨斯之影,272,4,1,16,无,,28777,深渊猎手披风,43525,4,125,70,
103933,泰坦遗迹之斗衣,通用槽位,力量输出,4,1,16,披风,280,力量+111；耐力+119,暴击等级+70；急速等级+62,1.00（触发效果额外，不扣属性预算）,暴击等级+70；急速等级+62,暴击等级+71；急速等级+56,暴击等级×1.0143；急速等级×0.9032,4,2,黄色,蓝色,0,,,,187,,,,,,,,50677,裹尸布,277,4,1,16,无,,28797,食人魔法师的野蛮披风,29719,4,125,70,
103934,黑锋骑士洞察罩衣,通用槽位,力量输出,4,1,16,披风,280,力量+124；耐力+119,暴击等级+78；护甲穿透等级+57,1.00（触发效果额外，不扣属性预算）,暴击等级+78；护甲穿透等级+57,暴击等级+74；护甲穿透等级+58,暴击等级×0.9487；护甲穿透等级×1.0175,4,1,蓝色,,0,,,,185,,,,,,,,45138,龙骑士披风,232,4,1,16,无,,30729,暗铁作战披风,28891,4,120,70,
103935,索拉查泰坦大氅,通用槽位,力量输出,4,1,16,披风,280,力量+124；耐力+119,暴击等级+72；精准等级+70,1.00（触发效果额外，不扣属性预算）,暴击等级+72；精准等级+70,暴击等级+79；精准等级+66,暴击等级×1.0972；精准等级×0.9429,4,2,红色,黄色,0,,,,183,,,,,,,,54803,冰霜领主的战斗裹尸布,232,4,1,16,无,,30735,贵族精灵的远古魔法披风,22995,4,120,70,
103936,泰坦监护者镇压坠饰,通用槽位,敏捷输出,4,0,2,颈部,280,敏捷+104；耐力+105,攻击强度+113；暴击等级+76；急速等级+60,1.00（触发效果额外，不扣属性预算）,攻击强度+113；暴击等级+76；急速等级+60,攻击强度+113；暴击等级+73；急速等级+65,攻击强度×1.0000；暴击等级×0.9605；急速等级×1.0833,5,1,红色,,0,,,,,,,,,,,,47060,恶魔领主垂饰,258,4,0,2,无,,29347,击碎者的护符,43125,4,110,70,
103937,霜羽项链,通用槽位,敏捷输出,4,0,2,颈部,280,敏捷+112；耐力+92,攻击强度+126；护甲穿透等级+69；暴击等级+61,1.00（触发效果额外，不扣属性预算）,攻击强度+126；护甲穿透等级+69；暴击等级+61,攻击强度+127；护甲穿透等级+66；暴击等级+64,攻击强度×1.0079；护甲穿透等级×0.9565；暴击等级×1.0492,5,2,黄色,蓝色,0,,,,,,,,,,,,51822,霜牙垂饰,264,4,0,2,无,,29374,永恒希冀项链,39211,4,110,70,
103938,幽影·护符,通用槽位,敏捷输出,4,0,2,颈部,280,敏捷+112；耐力+105,攻击强度+117；暴击等级+81；命中等级+45,1.00（触发效果额外，不扣属性预算）,攻击强度+117；暴击等级+81；命中等级+45,攻击强度+128；暴击等级+74；命中等级+48,攻击强度×1.0940；暴击等级×0.9136；命中等级×1.0667,5,1,蓝色,,0,,,,,,,,,,,,50452,伍迪的幸运项链,264,4,0,2,无,,35507,痛苦仇恨护符,31907,4,110,70,
103939,迅牙护符,通用槽位,敏捷输出,4,0,2,颈部,280,敏捷+106；耐力+105,攻击强度+122；护甲穿透等级+70；急速等级+62,1.00（触发效果额外，不扣属性预算）,攻击强度+122；护甲穿透等级+70；急速等级+62,攻击强度+130；护甲穿透等级+63；急速等级+64,攻击强度×1.0656；护甲穿透等级×0.9000；急速等级×1.0323,5,1,红色,,0,,,,,,,,,,,,50633,辛德拉苟莎的残酷利爪,277,4,0,2,无,,35508,凛冽寒风项圈,12567,4,110,70,
103940,风行镇压法戒,通用槽位,敏捷输出,4,0,11,戒指,280,敏捷+104；耐力+105,攻击强度+113；暴击等级+76；急速等级+60,1.00（触发效果额外，不扣属性预算）,攻击强度+113；暴击等级+76；急速等级+60,攻击强度+104；暴击等级+81；急速等级+60,攻击强度×0.9204；暴击等级×1.0658；急速等级×1.0000,5,2,红色,黄色,0,,,,,,,,,,,,47075,无情侵掠之戒,258,4,0,11,无,,31326,强击戒指,43837,4,100,70,
103941,翡翠梦境之玺戒,通用槽位,敏捷输出,4,0,11,戒指,280,敏捷+106；耐力+105,攻击强度+122；护甲穿透等级+70；暴击等级+62,1.00（触发效果额外，不扣属性预算）,攻击强度+122；护甲穿透等级+70；暴击等级+62,攻击强度+110；护甲穿透等级+66；暴击等级+67,攻击强度×0.9016；护甲穿透等级×0.9429；暴击等级×1.0806,5,2,黄色,蓝色,0,,,,,,,,,,,,50618,霜育蓝宝石戒指,277,4,0,11,无,,31922,战争幸存者之戒,35367,4,100,70,
103942,锐眼戒环,通用槽位,敏捷输出,4,0,11,戒指,280,敏捷+103；耐力+105,攻击强度+141；暴击等级+70；命中等级+55,1.00（触发效果额外，不扣属性预算）,攻击强度+141；暴击等级+70；命中等级+55,攻击强度+153；暴击等级+66；命中等级+58,攻击强度×1.0851；暴击等级×0.9429；命中等级×1.0545,5,1,蓝色,,0,,,,,,,,,,,,54576,暮光徽记,284,4,0,11,无,,31924,尤尔的复仇,35313,4,100,70,
103943,黎明圣所夜幕印戒,通用槽位,敏捷输出,4,0,11,戒指,280,敏捷+102；耐力+92,攻击强度+143；急速等级+59；护甲穿透等级+69,1.00（触发效果额外，不扣属性预算）,攻击强度+143；急速等级+59；护甲穿透等级+69,攻击强度+130；急速等级+56；护甲穿透等级+65,攻击强度×0.9091；急速等级×0.9492；护甲穿透等级×0.9420,5,1,红色,,0,,,,,,,,,,,,51900,萨鲁法尔的寒铸指环,264,4,0,11,无,,20277,90 Epic Rogue Ring,9837,4,90,60,
103944,逐星征伐指轮,通用槽位,敏捷输出,4,0,11,戒指,280,敏捷+106；耐力+105,攻击强度+122；暴击等级+70；精准等级+62,1.00（触发效果额外，不扣属性预算）,攻击强度+122；暴击等级+70；精准等级+62,攻击强度+117；暴击等级+64；精准等级+60,攻击强度×0.9590；暴击等级×0.9143；精准等级×0.9677,5,0,,,0,,,,,,,,,,,,50678,千口之戒,277,4,0,11,无,,20333,90 Epic Frost Ring,24022,4,90,60,
103945,肯瑞托的黎明赞歌,通用槽位,敏捷输出,4,0,11,戒指,280,敏捷+102；耐力+92,攻击强度+143；急速等级+69；暴击等级+61,1.00（触发效果额外，不扣属性预算）,攻击强度+143；急速等级+69；暴击等级+61,攻击强度+139；急速等级+70；暴击等级+56,攻击强度×0.9720；急速等级×1.0145；暴击等级×0.9180,5,1,蓝色,,0,,,,,,,,,,,,51843,暮光女王的印记,264,4,0,11,无,,21596,屠神者之戒,34189,4,88,60,
103946,蓝龙军团夜幕披肩,通用槽位,敏捷输出,4,1,16,披风,280,敏捷+106；耐力+105,攻击强度+122；暴击等级+62；急速等级+70,1.00（触发效果额外，不扣属性预算）,攻击强度+122；暴击等级+62；急速等级+70,攻击强度+120；暴击等级+65；急速等级+70,攻击强度×0.9836；暴击等级×1.0484；急速等级×1.0000,5,0,,,0,,,,187,,,,,,,,50653,秘室杀手斗篷,277,4,1,16,无,,33122,黑暗披风,26202,4,120,70,
103947,龙骨荒野猎影披风,通用槽位,敏捷输出,4,1,16,披风,280,敏捷+112；耐力+105,攻击强度+117；暴击等级+70；护甲穿透等级+59,1.00（触发效果额外，不扣属性预算）,攻击强度+117；暴击等级+70；护甲穿透等级+59,攻击强度+107；暴击等级+74；护甲穿透等级+63,攻击强度×0.9145；暴击等级×1.0571；护甲穿透等级×1.0678,5,1,黄色,,0,,,,185,,,,,,,,50470,复还血色先锋军斗篷,264,4,1,16,无,,28529,阿拉希国王的皇家披风,34337,4,115,70,
103948,银色北伐军之幕帘,通用槽位,敏捷输出,4,1,16,披风,280,耐力+91；敏捷+134,暴击等级+80；命中等级+59；攻击强度+131,1.00（触发效果额外，不扣属性预算）,暴击等级+80；命中等级+59；攻击强度+131,暴击等级+77；命中等级+64；攻击强度+122,暴击等级×0.9625；命中等级×1.0847；攻击强度×0.9313,5,2,蓝色,红色,0,,,,186,,,,,,,,45704,碎裂巨人披风,225,4,1,16,无,,28570,达拉然暗影披风,34239,4,115,70,
103949,荒野猎手之逐星,通用槽位,敏捷输出,4,1,16,披风,280,敏捷+112；耐力+105,攻击强度+117；暴击等级+61；急速等级+69,1.00（触发效果额外，不扣属性预算）,攻击强度+117；暴击等级+61；急速等级+69,攻击强度+119；暴击等级+64；急速等级+66,攻击强度×1.0171；暴击等级×1.0492；急速等级×0.9565,5,2,红色,黄色,0,,,,185,,,,,,,,49998,秘室杀手斗篷,264,4,1,16,无,,28653,暗影魔藤披风,41396,4,115,70,
103950,祈愿之惊雷,通用槽位,治疗,4,0,2,颈部,280,耐力+77；智力+73；精神+69,法术强度+118；暴击等级+83,1.00（触发效果额外，不扣属性预算）,法术强度+118；暴击等级+83,法术强度+129；暴击等级+81,法术强度×1.0932；暴击等级×0.9759,5,2,蓝色,黄色,0,,,,,,,,,,,,45236,坚定之眼,232,4,0,2,无,,35511,冰雹坠饰,31603,4,110,70,
103951,流光·坠饰,通用槽位,治疗,4,0,2,颈部,280,耐力+80；智力+81；精神+70,法术强度+111；急速等级+59,1.00（触发效果额外，不扣属性预算）,法术强度+111；急速等级+59,法术强度+102；急速等级+58,法术强度×0.9189；急速等级×0.9831,5,0,,,0,,,,,,,,,,,,49975,冰冠斥候护符,264,4,0,2,无,,31321,悔恨之链,39209,4,100,70,
103952,月泉颈链,通用槽位,治疗,4,0,2,颈部,280,耐力+80；智力+81,法术强度+111；暴击等级+61；每5秒法力回复+35,1.00（触发效果额外，不扣属性预算）,法术强度+111；暴击等级+61；每5秒法力回复+35,法术强度+106；暴击等级+63；每5秒法力回复+33,法术强度×0.9550；暴击等级×1.0328；每5秒法力回复×0.9429,5,0,,,0,,,,,,,,,,,,50061,圣日的恩泽,264,4,0,2,无,,23053,怒风的沸腾符咒,35359,4,92,60,
103953,北风苔原生命徽记,通用槽位,治疗,4,0,2,颈部,280,耐力+83；智力+80,法术强度+111；急速等级+69；每5秒法力回复+30,1.00（触发效果额外，不扣属性预算）,法术强度+111；急速等级+69；每5秒法力回复+30,法术强度+103；急速等级+65；每5秒法力回复+32,法术强度×0.9279；急速等级×0.9420；每5秒法力回复×1.0667,5,2,蓝色,黄色,0,,,,,,,,,,,,51871,秽珠项圈,264,4,0,2,无,,20275,90 Epic Rogue Neck,23716,4,90,60,
103954,慈悲指轮,通用槽位,治疗,4,0,11,戒指,280,耐力+80；智力+81；精神+70,法术强度+111；暴击等级+61,1.00（触发效果额外，不扣属性预算）,法术强度+111；暴击等级+61,法术强度+107；暴击等级+56,法术强度×0.9640；暴击等级×0.9180,5,1,蓝色,,0,,,,,,,,,,,,49990,狂语之戒,264,4,0,11,无,,21709,堕落神明之戒,34336,4,88,60,
103955,圣光洞察铭戒,通用槽位,治疗,4,0,11,戒指,280,耐力+80；智力+81；精神+70,法术强度+111；急速等级+59,1.00（触发效果额外，不扣属性预算）,法术强度+111；急速等级+59,法术强度+110；急速等级+54,法术强度×0.9910；急速等级×0.9153,5,2,黄色,红色,0,,,,,,,,,,,,50424,玛利苟斯的回忆,264,4,0,11,无,,19376,阿基迪罗斯的清算之戒,31498,4,83,60,
103956,静谧凝视戒指,通用槽位,治疗,4,0,11,戒指,280,耐力+80；智力+80,法术强度+113；暴击等级+62；每5秒法力回复+35,1.00（触发效果额外，不扣属性预算）,法术强度+113；暴击等级+62；每5秒法力回复+35,法术强度+120；暴击等级+58；每5秒法力回复+33,法术强度×1.0619；暴击等级×0.9355；每5秒法力回复×0.9429,5,1,红色,,0,,,,,,,,,,,,50720,愈合血环,277,4,0,11,无,,21200,青铜龙军团的徽记之戒,33537,4,80,60,
103957,北风苔原之法戒,通用槽位,治疗,4,0,11,戒指,280,耐力+75；智力+75,法术强度+104；急速等级+60；每5秒法力回复+31,1.00（触发效果额外，不扣属性预算）,法术强度+104；急速等级+60；每5秒法力回复+31,法术强度+113；急速等级+60；每5秒法力回复+29,法术强度×1.0865；急速等级×1.0000；每5秒法力回复×0.9355,5,1,蓝色,,0,,,,,,,,,,,,50400,永恒智慧之灰烬指环,277,4,0,11,无,,17063,埃古雷亚指环,9840,4,78,60,
103958,新生之最后守望,通用槽位,治疗,4,0,11,戒指,280,耐力+80；智力+81；精神+62,法术强度+110；暴击等级+66,1.00（触发效果额外，不扣属性预算）,法术强度+110；暴击等级+66,法术强度+111；暴击等级+61,法术强度×1.0091；暴击等级×0.9242,5,1,黄色,,0,,,,,,,,,,,,47489,血红显像之戒,258,4,0,11,无,,19432,源力之环,31576,4,75,60,
103959,龙眠晨曦戒环,通用槽位,治疗,4,0,11,戒指,280,耐力+80；智力+80；精神+70,法术强度+113；急速等级+62,1.00（触发效果额外，不扣属性预算）,法术强度+113；急速等级+62,法术强度+107；急速等级+58,法术强度×0.9469；急速等级×0.9355,5,2,红色,蓝色,0,,,,,,,,,,,,50636,玛里苟斯之忆,277,4,0,11,无,,21695,安格莉丝塔的触摸,33855,4,75,60,
103960,月泉守护披风,通用槽位,治疗,4,1,16,披风,280,耐力+80；智力+81；精神+70,法术强度+111；暴击等级+61,1.00（触发效果额外，不扣属性预算）,法术强度+111；暴击等级+61,法术强度+107；暴击等级+60,法术强度×0.9640；暴击等级×0.9836,5,2,蓝色,黄色,0,,,,185,,,,,,,,50469,夜空斗篷,264,4,1,16,无,,28660,镀金瑟银披风,24160,4,115,70,
103961,冰冠生命披肩,通用槽位,治疗,4,1,16,披风,280,耐力+80；智力+80；精神+70,法术强度+113；急速等级+61,1.00（触发效果额外，不扣属性预算）,法术强度+113；急速等级+61,法术强度+107；急速等级+59,法术强度×0.9469；急速等级×0.9672,5,1,黄色,,0,,,,186,,,,,,,,47553,伯瓦尔的虔诚,272,4,1,16,无,,28672,黑暗掠夺者斗篷,43488,4,115,70,
103962,余烬大氅,通用槽位,治疗,4,1,16,披风,280,耐力+80；智力+81,法术强度+110；暴击等级+61；每5秒法力回复+35,1.00（触发效果额外，不扣属性预算）,法术强度+110；暴击等级+61；每5秒法力回复+35,法术强度+119；暴击等级+58；每5秒法力回复+32,法术强度×1.0818；暴击等级×0.9508；每5秒法力回复×0.9143,5,2,红色,蓝色,0,,,,184,,,,,,,,47490,少女的倾慕,258,4,1,16,无,,30642,正义披风,42491,4,115,70,
103963,龙魂低语斗衣,通用槽位,治疗,4,1,16,披风,280,耐力+80；智力+81,法术强度+111；急速等级+59；每5秒法力回复+35,1.00（触发效果额外，不扣属性预算）,法术强度+111；急速等级+59；每5秒法力回复+35,法术强度+105；急速等级+56；每5秒法力回复+32,法术强度×0.9459；急速等级×0.9492；每5秒法力回复×0.9143,5,1,蓝色,,0,,,,185,,,,,,,,51848,悲痛抚平者斗篷,264,4,1,16,无,,29375,主教披风,42611,4,110,70,
103964,庇护降临项链,通用槽位,坦克,4,0,2,颈部,280,力量+106；耐力+142,防御等级+39；躲闪等级+56；招架等级+55,1.00（触发效果额外，不扣属性预算）,防御等级+39；躲闪等级+56；招架等级+55,防御等级+39；躲闪等级+54；招架等级+60,防御等级×1.0000；躲闪等级×0.9643；招架等级×1.0909,5,1,蓝色,,0,,,,,,,,,,,,50763,玛洛加尔的斑驳环佩,251,4,0,2,无,,20332,90 Epic Frost Neck,23717,4,90,60,
103965,霜裔的颈链,通用槽位,坦克,4,0,2,颈部,280,力量+80；耐力+145,防御等级+70；躲闪等级+61；命中等级+54,1.00（触发效果额外，不扣属性预算）,防御等级+70；躲闪等级+61；命中等级+54,防御等级+69；躲闪等级+56；命中等级+58,防御等级×0.9857；躲闪等级×0.9180；命中等级×1.0741,5,0,,,0,,,,,,,,,,,,50627,孔雀石套索,277,4,0,2,无,,22935,寒霜之触,19763,4,83,60,
103966,烈日·护符,通用槽位,坦克,4,0,2,颈部,280,力量+57；耐力+158,防御等级+63；躲闪等级+65；精准等级+63,1.00（触发效果额外，不扣属性预算）,防御等级+63；躲闪等级+65；精准等级+63,防御等级+68；躲闪等级+62；精准等级+69,防御等级×1.0794；躲闪等级×0.9538；精准等级×1.0952,5,1,黄色,,0,,,,,,,,,,,,48011,地狱刚毅项圈,245,4,0,2,无,,22981,格拉斯的项圈,35373,4,83,60,
103967,逐日者之庇护,通用槽位,坦克,4,0,2,颈部,280,力量+57；耐力+158,防御等级+63；躲闪等级+65；精准等级+63,1.00（触发效果额外，不扣属性预算）,防御等级+63；躲闪等级+65；精准等级+63,防御等级+57；躲闪等级+68；精准等级+69,防御等级×0.9048；躲闪等级×1.0462；精准等级×1.0952,5,2,蓝色,红色,0,,,,,,,,,,,,47939,地狱坚毅项圈,245,4,0,2,无,,18814,火焰之王的项圈,1399,4,78,60,
103968,永恒征途印戒,通用槽位,坦克,4,0,11,戒指,280,力量+106；耐力+143,防御等级+55；躲闪等级+44；招架等级+55,1.00（触发效果额外，不扣属性预算）,防御等级+55；躲闪等级+44；招架等级+55,防御等级+51；躲闪等级+42；招架等级+57,防御等级×0.9273；躲闪等级×0.9545；招架等级×1.0364,5,1,蓝色,,0,,,,,,,,,,,,47476,叛君指环,258,4,0,11,无,,18813,禁锢之戒,9823,4,73,60,
103969,红龙军团的群星回响,通用槽位,坦克,4,0,11,戒指,280,力量+70；耐力+134,防御等级+61；躲闪等级+60；命中等级+57,1.00（触发效果额外，不扣属性预算）,防御等级+61；躲闪等级+60；命中等级+57,防御等级+58；躲闪等级+60；命中等级+52,防御等级×0.9508；躲闪等级×1.0000；命中等级×0.9123,5,1,红色,,0,,,,,,,,,,,,50404,永恒勇气之灰烬指环,277,4,0,11,无,,20624,无息指环,31664,4,72,60,
103970,大领主之坚城,通用槽位,坦克,4,0,11,戒指,280,力量+105；耐力+145,防御等级+55；躲闪等级+47,1.00（触发效果额外，不扣属性预算）,防御等级+55；躲闪等级+47,防御等级+56；躲闪等级+43,防御等级×1.0182；躲闪等级×0.9149,4,1,黄色,,0,,,,763,,,,,,,,50622,永冻指环,277,4,0,11,无,,17110,魔法导师的封印,29697,4,70,60,
103971,龙魂低语指轮,通用槽位,坦克,4,0,11,戒指,280,力量+106；耐力+143,防御等级+55；躲闪等级+44；招架等级+55,1.00（触发效果额外，不扣属性预算）,防御等级+55；躲闪等级+44；招架等级+55,防御等级+56；躲闪等级+47；招架等级+56,防御等级×1.0182；躲闪等级×1.0682；招架等级×1.0182,5,0,,,0,,,,,,,,,,,,47157,叛君徽记,258,4,0,11,无,,18821,迅击戒指,9835,4,67,60,
103972,符文大师的法戒,通用槽位,坦克,4,0,11,戒指,280,力量+67；耐力+144,命中等级+62；躲闪等级+71；防御等级+64,1.00（触发效果额外，不扣属性预算）,命中等级+62；躲闪等级+71；防御等级+64,命中等级+68；躲闪等级+69；防御等级+65,命中等级×1.0968；躲闪等级×0.9718；防御等级×1.0156,5,1,红色,,0,,,,,,,,,,,,51913,憎恶血戒,264,4,0,11,无,,18543,混乱之戒,30661,4,66,60,
103973,铭戒·长夜,通用槽位,坦克,4,0,11,戒指,280,力量+105；耐力+145,防御等级+48；躲闪等级+51；招架等级+56,1.00（触发效果额外，不扣属性预算）,防御等级+48；躲闪等级+51；招架等级+56,防御等级+44；躲闪等级+56；招架等级+55,防御等级×0.9167；躲闪等级×1.0980；招架等级×0.9821,5,1,黄色,,0,,,,,,,,,,,,50642,蛮力指环,277,4,0,11,无,,18879,沉重的黑铁戒指,9836,4,66,60,
103974,镇守披风,通用槽位,坦克,4,1,16,披风,280,力量+105；耐力+144,防御等级+55；躲闪等级+46；招架等级+55,1.00（触发效果额外，不扣属性预算）,防御等级+55；躲闪等级+46；招架等级+55,防御等级+57；躲闪等级+44；招架等级+59,防御等级×1.0364；躲闪等级×0.9565；招架等级×1.0727,5,2,蓝色,红色,0,,,,186,,,,,,,,47549,麦格尼的坚毅,272,4,1,16,无,,29382,血骑士作战披风,40592,4,110,70,
103975,索拉查之大氅,通用槽位,坦克,4,1,16,披风,280,力量+80；耐力+145,防御等级+70；躲闪等级+70；命中等级+45,1.00（触发效果额外，不扣属性预算）,防御等级+70；躲闪等级+70；命中等级+45,防御等级+68；躲闪等级+66；命中等级+43,防御等级×0.9714；躲闪等级×0.9429；命中等级×0.9556,5,1,红色,,0,,,,187,,,,,,,,50718,皇家血色披风,277,4,1,16,无,,29385,远行者卫士披风,35366,4,110,70,
103976,卫戍唤醒斗篷,通用槽位,坦克,4,1,16,披风,280,力量+81；耐力+143,防御等级+69；躲闪等级+58；精准等级+53,1.00（触发效果额外，不扣属性预算）,防御等级+69；躲闪等级+58；精准等级+53,防御等级+67；躲闪等级+53；精准等级+53,防御等级×0.9710；躲闪等级×0.9138；精准等级×1.0000,5,1,黄色,,0,,,,184,,,,,,,,47063,艾瑞达的荣耀,258,4,1,16,无,,34810,刀锋扭转披风,47067,4,110,70,
103977,永固之天穹,通用槽位,坦克,4,1,16,披风,280,力量+97；耐力+144,防御等级+59；躲闪等级+47；招架等级+56,1.00（触发效果额外，不扣属性预算）,防御等级+59；躲闪等级+47；招架等级+56,防御等级+54；躲闪等级+49；招架等级+54,防御等级×0.9153；躲闪等级×1.0426；招架等级×0.9643,5,1,蓝色,,0,,,,185,,,,,,,,51888,多皮层披风,264,4,1,16,无,,35494,冬寒披风,15239,4,110,70,
103978,幻光魔典,副手,法系输出,4,0,23,副手物品,280,耐力+80；智力+80,法术强度+122；暴击等级+70；急速等级+70,1.00（触发效果额外，不扣属性预算）,法术强度+122；暴击等级+70；急速等级+70,法术强度+114；暴击等级+66；急速等级+63,法术强度×0.9344；暴击等级×0.9429；急速等级×0.9000,5,0,,,0,,,,,,,,,,,,50719,影丝纺锤,277,4,0,23,无,,29923,太阳之王的护符,42176,4,128,70,
103979,暮光前线的长夜,副手,法系输出,4,0,23,副手物品,280,耐力+80；智力+81,法术强度+121；暴击等级+71；命中等级+71,1.00（触发效果额外，不扣属性预算）,法术强度+121；暴击等级+71；命中等级+71,法术强度+113；暴击等级+77；命中等级+76,法术强度×0.9339；暴击等级×1.0845；命中等级×1.0704,5,0,,,0,,,,,,,,,,,,47064,侵越之印,258,4,0,23,无,,30049,深渊石,42185,4,128,70,
103980,银色北伐军的天穹,副手,法系输出,4,0,23,副手物品,280,耐力+80；智力+80；精神+70,法术强度+122；急速等级+70,1.00（触发效果额外，不扣属性预算）,法术强度+122；急速等级+70,法术强度+129；急速等级+65,法术强度×1.0574；急速等级×0.9286,5,0,,,0,,,,,,,,,,,,50635,永恒幽暮日晷,277,4,0,23,无,,33325,巫毒搅拌器,46817,4,128,70,
103981,流光·魂器,副手,法系输出,4,0,23,副手物品,280,耐力+80；智力+81,法术强度+111；命中等级+76；暴击等级+53,1.00（触发效果额外，不扣属性预算）,法术强度+111；命中等级+76；暴击等级+53,法术强度+109；命中等级+74；暴击等级+52,法术强度×0.9820；命中等级×0.9737；暴击等级×0.9811,5,2,黄色,蓝色,0,,,,,,,,,,,,51922,天谴领主权杖,264,4,0,23,无,,33334,原始神灵雕像,46981,4,128,70,
103982,秘典·龙魂低语,副手,治疗,4,0,23,副手物品,280,耐力+80；智力+81；精神+71,法术强度+121；暴击等级+71,1.00（触发效果额外，不扣属性预算）,法术强度+121；暴击等级+71,法术强度+125；暴击等级+73,法术强度×1.0331；暴击等级×1.0282,5,1,蓝色,,0,,,,,,,,,,,,47470,幻变咒符,258,4,0,23,无,,28781,卡拉波护符,40783,4,125,70,
103983,远征军唤醒魔典,副手,治疗,4,0,23,副手物品,280,耐力+80；智力+81；精神+70,法术强度+122；急速等级+69,1.00（触发效果额外，不扣属性预算）,法术强度+122；急速等级+69,法术强度+117；急速等级+67,法术强度×0.9590；急速等级×0.9710,5,1,黄色,,0,,,,,,,,,,,,50423,永恒暮色日晷,264,4,0,23,无,,28525,坚定信仰徽记,41657,4,115,70,
103984,生命之静潮,副手,治疗,4,0,23,副手物品,280,耐力+80；智力+81；精神+71,法术强度+121；暴击等级+71,1.00（触发效果额外，不扣属性预算）,法术强度+121；暴击等级+71,法术强度+112；暴击等级+77,法术强度×0.9256；暴击等级×1.0845,5,2,红色,蓝色,0,,,,,,,,,,,,47146,炽光圣杯,258,4,0,23,无,,28603,夜之魇的护符,42562,4,115,70,
103985,黎明法器,副手,治疗,4,0,23,副手物品,280,耐力+80；智力+80；精神+70,法术强度+122；急速等级+70,1.00（触发效果额外，不扣属性预算）,法术强度+122；急速等级+70,法术强度+125；急速等级+74,法术强度×1.0246；急速等级×1.0571,5,0,,,0,,,,,,,,,,,,50635,永恒幽暮日晷,277,4,0,23,无,,28728,埃兰的镇定宝石,41454,4,115,70,
103986,霜裔的圣盾,盾牌,法系输出,4,6,14,盾牌,280,耐力+80；智力+81,法术强度+121；急速等级+68；暴击等级+71,1.00（触发效果额外，不扣属性预算）,法术强度+121；急速等级+68；暴击等级+71,法术强度+113；急速等级+68；暴击等级+69,法术强度×0.9339；急速等级×1.0000；暴击等级×0.9718,5,2,黄色,蓝色,0,,,,9268,286,,,,,,,47085,圣洁壁垒,258,4,6,14,无,,34011,伊利达雷符文盾,47250,4,141,70,
103987,奥术之天穹,盾牌,法系输出,4,6,14,盾牌,280,耐力+80；智力+80,法术强度+113；急速等级+62；暴击等级+70,1.00（触发效果额外，不扣属性预算）,法术强度+113；急速等级+62；暴击等级+70,法术强度+105；急速等级+61；暴击等级+74,法术强度×0.9292；急速等级×0.9839；暴击等级×1.0571,5,1,蓝色,,0,,,,9343,265,,,,,,,50616,燃铁壁垒,277,4,6,14,无,,33326,阿曼尼帝国壁垒,48211,4,128,70,
103988,永恒征途盾牌,盾牌,法系输出,4,6,14,盾牌,280,耐力+80；智力+81,法术强度+122；急速等级+69；暴击等级+70,1.00（触发效果额外，不扣属性预算）,法术强度+122；急速等级+69；暴击等级+70,法术强度+116；急速等级+66；暴击等级+71,法术强度×0.9508；急速等级×0.9565；暴击等级×1.0143,5,1,红色,,0,,,,9294,279,,,,,,,49976,燃铁壁垒,264,4,6,14,无,,33332,魔精瓷盘,48212,4,128,70,
103989,霜脉矮人的远古誓言,盾牌,法系输出,4,6,14,盾牌,280,耐力+80；智力+81,法术强度+121；急速等级+68；暴击等级+71,1.00（触发效果额外，不扣属性预算）,法术强度+121；急速等级+68；暴击等级+71,法术强度+119；急速等级+68；暴击等级+74,法术强度×0.9835；急速等级×1.0000；暴击等级×1.0423,5,2,黄色,蓝色,0,,,,9268,286,,,,,,,47448,决心壁垒,258,4,6,14,无,,28825,奥尔多遗产保卫者,40862,4,125,70,
103990,唤星者的护盾,盾牌,治疗,4,6,14,盾牌,280,耐力+75；智力+73,每5秒法力回复+38；暴击等级+62；法术强度+108,1.00（触发效果额外，不扣属性预算）,每5秒法力回复+38；暴击等级+62；法术强度+108,每5秒法力回复+40；暴击等级+62；法术强度+118,每5秒法力回复×1.0526；暴击等级×1.0000；法术强度×1.0926,5,0,,,0,,,,9197,300,,,,,,,48040,库卡隆的荣耀,245,4,6,14,无,,29458,守备官纹章盾,45817,4,125,70,
103991,黑锋骑士团慈悲重盾,盾牌,治疗,4,6,14,盾牌,280,耐力+80；智力+82,法术强度+121；急速等级+67；每5秒法力回复+36,1.00（触发效果额外，不扣属性预算）,法术强度+121；急速等级+67；每5秒法力回复+36,法术强度+123；急速等级+65；每5秒法力回复+35,法术强度×1.0165；急速等级×0.9701；每5秒法力回复×0.9722,5,2,黄色,红色,0,,,,9232,293,,,,,,,51791,蓝龙军团的失落之盾,251,4,6,14,无,,28606,无边黑暗之盾,40865,4,115,70,
103992,盾牌·最后守望,盾牌,治疗,4,6,14,盾牌,280,耐力+75；智力+73,每5秒法力回复+38；暴击等级+62；法术强度+108,1.00（触发效果额外，不扣属性预算）,每5秒法力回复+38；暴击等级+62；法术强度+108,每5秒法力回复+39；暴击等级+65；法术强度+108,每5秒法力回复×1.0263；暴击等级×1.0484；法术强度×1.0000,5,1,红色,,0,,,,9197,300,,,,,,,47963,警觉护盾,245,4,6,14,无,,28611,龙心火盾,42406,4,115,70,
103993,泰坦监护者唤醒坚盾,盾牌,治疗,4,6,14,盾牌,280,耐力+80；智力+81,法术强度+111；急速等级+59；每5秒法力回复+35,1.00（触发效果额外，不扣属性预算）,法术强度+111；急速等级+59；每5秒法力回复+35,法术强度+107；急速等级+55；每5秒法力回复+32,法术强度×0.9640；急速等级×0.9322；每5秒法力回复×0.9143,5,2,蓝色,黄色,0,,,,9294,279,,,,,,,51812,蓝龙军团的失落之盾,264,4,6,14,无,,34675,太阳卫士徽记,48068,4,115,70,
103994,符文大师守护战盾,盾牌,坦克,4,6,14,盾牌,280,力量+83；耐力+158,防御等级+52；招架等级+61；格挡值+149,1.00（触发效果额外，不扣属性预算）,防御等级+52；招架等级+61；格挡值+149,防御等级+54；招架等级+66；格挡值+140,防御等级×1.0385；招架等级×1.0820；格挡值×0.9396,5,1,蓝色,,0,,,,9197,300,,,,,,,48055,斗兽之盾,245,4,6,14,无,,34676,曙光之盾,48070,4,115,70,
103995,重盾·龙魂低语,盾牌,坦克,4,6,14,盾牌,280,力量+97；耐力+144,防御等级+55；格挡等级+47；招架等级+59,1.00（触发效果额外，不扣属性预算）,防御等级+55；格挡等级+47；招架等级+59,防御等级+51；格挡等级+43；招架等级+56,防御等级×0.9273；格挡等级×0.9149；招架等级×0.9492,5,1,红色,,0,,,,9294,279,,,,,,,51909,无尽寒冬,264,4,6,14,无,,29266,考达拉碧空之盾,42622,4,110,70,
103996,先知之卫戍,盾牌,坦克,4,6,14,盾牌,280,力量+108；耐力+158,防御等级+54；格挡等级+46；招架等级+59,1.00（触发效果额外，不扣属性预算）,防御等级+54；格挡等级+46；招架等级+59,防御等级+52；格挡等级+42；招架等级+56,防御等级×0.9630；格挡等级×0.9130；招架等级×0.9492,5,1,黄色,,0,,,,9232,293,,,,,,,50794,无尽寒冬,251,4,6,14,无,,29267,光明信仰之盾,42621,4,110,70,
103997,逐日者守护战盾,盾牌,坦克,4,6,14,盾牌,280,力量+108；耐力+141,防御等级+55；躲闪等级+39；格挡等级+50,1.00（触发效果额外，不扣属性预算）,防御等级+55；躲闪等级+39；格挡等级+50,防御等级+58；躲闪等级+38；格挡等级+46,防御等级×1.0545；躲闪等级×0.9744；格挡等级×0.9200,5,1,蓝色,,0,,,,9156,307,,,,,,,45587,奥尔加隆的壁垒,239,4,6,14,无,,29268,麦索瑞尔荣耀之盾,42620,4,110,70,
103998,裁决镇压战钺,武器,力量输出,2,0,13,单手武器,280,力量+64；耐力+121,暴击等级+50；命中等级+41；精准等级+57,1.00（触发效果额外，不扣属性预算）,暴击等级+50；命中等级+41；精准等级+57,暴击等级+53；命中等级+37；精准等级+52,暴击等级×1.0600；命中等级×0.9024；精准等级×0.9123,5,0,,,0,286.33-532.40,1600,255.85,,,64786,1,急速等级,239,45609,彗星之痕,40402,最后的笑容,226,2,0,13,同子类坦克评级等价替换,防御等级→暴击等级；招架等级→精准等级,28767,斩首者,40066,4,125,70,
103999,手斧·烈日,武器,力量输出,2,0,13,单手武器,280,力量+83；耐力+122,暴击等级+42；护甲穿透等级+46；命中等级+35,1.00（触发效果额外，不扣属性预算）,暴击等级+42；护甲穿透等级+46；命中等级+35,暴击等级+40；护甲穿透等级+42；命中等级+33,暴击等级×0.9524；护甲穿透等级×0.9130；命中等级×0.9429,5,0,,,0,284.79-530.75,1600,254.86,,,,,,,,,51795,托格拜恩，冰霜之王的战斧,258,2,0,13,同子类坦克评级等价替换,防御等级→暴击等级；招架等级→护甲穿透等级；躲闪等级→命中等级,34616,彗星,48156,4,125,70,
104000,赤焰镇压手斧,武器,力量输出,2,0,13,单手武器,280,力量+85；耐力+121,精准等级+41；暴击等级+33；命中等级+44,1.00（触发效果额外，不扣属性预算）,精准等级+41；暴击等级+33；命中等级+44,精准等级+38；暴击等级+30；命中等级+46,精准等级×0.9268；暴击等级×0.9091；命中等级×1.0455,5,0,,,0,285.31-530.67,1600,254.99,,,64792,1,攻击强度,226,45522,古神之血,50290,法瑞克的断腕斧,232,2,0,13,同子类坦克评级等价替换,防御等级→精准等级；招架等级→暴击等级；格挡等级→命中等级,28432,黑色位面战斧,41629,4,123,70,
104001,霜裔之猎影,武器,敏捷输出,2,0,13,单手武器,280,敏捷+80；耐力+81,攻击强度+93；暴击等级+54；急速等级+46,1.00（触发效果额外，不扣属性预算）,攻击强度+93；暴击等级+54；急速等级+46,攻击强度+91；暴击等级+57；急速等级+45,攻击强度×0.9785；暴击等级×1.0556；急速等级×0.9783,5,1,红色,,0,466.97-868.89,2600,256.90,,,,,,,,,50737,浩劫的召唤，洛丹伦王权之刃,284,2,0,13,无,,28431,位面战斧,41628,4,107,70,
104002,索拉查之利斧,武器,敏捷输出,2,0,13,单手武器,280,敏捷+81；耐力+80,攻击强度+90；暴击等级+54；护甲穿透等级+45,1.00（触发效果额外，不扣属性预算）,攻击强度+90；暴击等级+54；护甲穿透等级+45,攻击强度+95；暴击等级+53；护甲穿透等级+45,攻击强度×1.0556；暴击等级×0.9815；护甲穿透等级×1.0000,5,0,,,0,268.90-499.98,1500,256.29,,,,,,,,,50654,天谴宿命战斧,277,2,0,13,无,,23542,魔能利斧,41709,4,105,70,
104003,群星之庭迅牙战斧,武器,敏捷输出,2,0,13,单手武器,280,敏捷+76；耐力+62,攻击强度+118；暴击等级+58；护甲穿透等级+35,1.00（触发效果额外，不扣属性预算）,攻击强度+118；暴击等级+58；护甲穿透等级+35,攻击强度+115；暴击等级+58；护甲穿透等级+33,攻击强度×0.9746；暴击等级×1.0000；护甲穿透等级×0.9429,5,2,蓝色,红色,0,463.79-862.30,2600,255.02,,,,,,,,,51916,冰霜巨人的斩首斧,264,2,0,13,无,,32174,Chancellor's Cleaver,42082,4,105,70,
104004,大领主的符文斧,武器,坦克,2,0,13,单手武器,280,力量+72；耐力+121,防御等级+39；招架等级+42；躲闪等级+34,1.00（触发效果额外，不扣属性预算）,防御等级+39；招架等级+42；躲闪等级+34,防御等级+37；招架等级+42；躲闪等级+37,防御等级×0.9487；招架等级×1.0000；躲闪等级×1.0882,5,0,,,0,285.39-532.30,1600,255.53,,,64764,1,减伤护盾,226,45507,将军之心,51947,托格班恩，霜育王之斧,271,2,0,13,无,,32175,Chancellor's Hacker,40960,4,105,70,
104005,战斧·新月,武器,坦克,2,0,13,单手武器,280,力量+83；耐力+122,防御等级+42；招架等级+46；躲闪等级+35,1.00（触发效果额外，不扣属性预算）,防御等级+42；招架等级+46；躲闪等级+35,防御等级+41；招架等级+46；躲闪等级+32,防御等级×0.9762；招架等级×1.0000；躲闪等级×0.9143,5,0,,,0,284.79-530.75,1600,254.86,,,64764,1,减伤护盾,226,45507,将军之心,51795,托格拜恩，冰霜之王的战斧,258,2,0,13,无,,29165,战争使者,40914,4,100,70,
104006,霜火战斧,武器,坦克,2,0,13,单手武器,280,力量+72；耐力+121,防御等级+39；招架等级+42；躲闪等级+34,1.00（触发效果额外，不扣属性预算）,防御等级+39；招架等级+42；躲闪等级+34,防御等级+37；招架等级+44；躲闪等级+32,防御等级×0.9487；招架等级×1.0476；躲闪等级×0.9412,5,0,,,0,285.39-532.30,1600,255.53,,,,,,,,,51947,托格班恩，霜育王之斧,271,2,0,13,无,,22816,碎裂白骨战斧,35258,4,83,60,
104007,不灭烽火战钺,武器,力量输出,2,1,17,双手武器,280,力量+210；耐力+215,命中等级+99；暴击等级+119,1.00（触发效果额外，不扣属性预算）,命中等级+99；暴击等级+119,命中等级+104；暴击等级+112,命中等级×1.0505；暴击等级×0.9412,4,1,红色,,0,958.80-1439.51,3600,333.10,,,,,,,,,48695,莫克什，舐血者,245,2,1,17,无,,34891,先兆,48899,4,146,70,
104008,赤焰之苍白月色,武器,力量输出,2,1,17,双手武器,280,力量+198；耐力+214,暴击等级+116；护甲穿透等级+113,1.00（触发效果额外，不扣属性预算）,暴击等级+116；护甲穿透等级+113,暴击等级+114；护甲穿透等级+108,暴击等级×0.9828；护甲穿透等级×0.9558,4,0,,,0,957.66-1437.09,3600,332.60,,,,,,,,,47078,公正使者,258,2,1,17,无,,32348,裂魂,45492,4,141,70,
104009,翡翠梦境的寒星,武器,力量输出,2,1,17,双手武器,280,力量+218；耐力+215,暴击等级+107；护甲穿透等级+105,1.00（触发效果额外，不扣属性预算）,暴击等级+107；护甲穿透等级+105,暴击等级+113；护甲穿透等级+110,暴击等级×1.0561；护甲穿透等级×1.0476,4,1,蓝色,,0,984.06-1477.21,3700,332.60,,,,,,,,,49888,影锋,264,2,1,17,无,,28436,血月,39578,4,136,70,
104010,霜脉矮人的群星回响,武器,力量输出,2,1,17,双手武器,280,力量+190；耐力+215,护甲穿透等级+104；精准等级+114,1.00（触发效果额外，不扣属性预算）,护甲穿透等级+104；精准等级+114,护甲穿透等级+107；精准等级+110,护甲穿透等级×1.0288；精准等级×0.9649,4,0,,,0,931.02-1397.09,3500,332.59,,,,,,,,,51905,拉玛兰迪的抉择之刃,264,2,1,17,无,,32422,Tom's Axe B,43539,4,130,70,
104011,永恒征途·战弓,武器,敏捷输出,2,2,15,弓,280,敏捷+71；耐力+56,攻击强度+75；暴击等级+39；急速等级+33,1.00（触发效果额外，不扣属性预算）,攻击强度+75；暴击等级+39；急速等级+33,攻击强度+75；暴击等级+41；急速等级+35,攻击强度×1.0000；暴击等级×1.0513；急速等级×1.0606,5,1,红色,,0,633.34-1084.16,2800,306.70,28,,64792,1,攻击强度,226,45522,古神之血,45327,海妖的悲鸣,238,2,2,15,无,,35047,野蛮角斗士的长弓,49140,4,154,70,
104012,圣贤之夜幕,武器,敏捷输出,2,2,15,弓,280,敏捷+67；耐力+45,攻击强度+83；暴击等级+41；命中等级+37,1.00（触发效果额外，不扣属性预算）,攻击强度+83；暴击等级+41；命中等级+37,攻击强度+90；暴击等级+38；命中等级+35,攻击强度×1.0843；暴击等级×0.9268；命中等级×0.9459,5,1,黄色,,0,667.45-1106.53,2900,305.86,,,65020,1,护甲穿透,226,45931,雷神符石,50776,海洋之神骨弓,251,2,2,15,无,,30906,闪击强弓,45265,4,151,70,
104013,新月猎弓,武器,敏捷输出,2,2,15,弓,280,敏捷+54；耐力+45,攻击强度+87；暴击等级+42；命中等级+27,1.00（触发效果额外，不扣属性预算）,攻击强度+87；暴击等级+42；命中等级+27,攻击强度+93；暴击等级+42；命中等级+28,攻击强度×1.0690；暴击等级×1.0000；命中等级×1.0370,5,0,,,0,657.44-1080.34,2900,299.62,,,65025,1,暴击等级,226,46038,黑暗物质,51927,海洋之神骨弓,264,2,2,15,无,,32336,背叛者的黑暗之弓,45485,4,151,70,
104014,风暴领主之霜羽,武器,敏捷输出,2,2,15,弓,280,敏捷+63；耐力+44,攻击强度+72；护甲穿透等级+32；命中等级+34,1.00（触发效果额外，不扣属性预算）,攻击强度+72；护甲穿透等级+32；命中等级+34,攻击强度+75；护甲穿透等级+30；命中等级+34,攻击强度×1.0417；护甲穿透等级×0.9375；命中等级×1.0000,5,1,红色,,0,644.59-1077.70,2800,307.55,,,71404,1,护甲穿透,232,50198,钉壳毒蝎,48697,狂击长弓,245,2,2,15,无,,34529,复仇角斗士的长弓,43083,4,146,70,
104015,守望者的符文枪,武器,敏捷输出,2,3,26,远程武器,280,敏捷+65；耐力+59,攻击强度+57；暴击等级+40；急速等级+29,1.00（触发效果额外，不扣属性预算）,攻击强度+57；暴击等级+40；急速等级+29,攻击强度+52；暴击等级+43；急速等级+31,攻击强度×0.9123；暴击等级×1.0750；急速等级×1.0690,5,1,红色,,0,666.48-1095.65,2900,303.82,,,64786,1,急速等级,239,45609,彗星之痕,47521,BRK-1000型火枪,258,2,3,26,无,,30724,刺刀长枪,41433,4,120,70,
104016,荒野降临符文枪,武器,敏捷输出,2,3,26,远程武器,280,敏捷+67；耐力+42,攻击强度+85；护甲穿透等级+39；急速等级+36,1.00（触发效果额外，不扣属性预算）,攻击强度+85；护甲穿透等级+39；急速等级+36,攻击强度+90；护甲穿透等级+37；急速等级+37,攻击强度×1.0588；护甲穿透等级×0.9487；急速等级×1.0278,5,1,黄色,,0,681.04-1136.43,3000,302.91,,,,,,,,,51385,打桩枪,251,2,3,26,无,,28581,屠狼者的狙击枪,41430,4,115,70,
104017,肯瑞托的烈日,武器,敏捷输出,2,3,26,远程武器,280,敏捷+65；耐力+32,攻击强度+83；暴击等级+42；命中等级+26,1.00（触发效果额外，不扣属性预算）,攻击强度+83；暴击等级+42；命中等级+26,攻击强度+79；暴击等级+39；命中等级+27,攻击强度×0.9518；暴击等级×0.9286；命中等级×1.0385,5,0,,,0,644.59-1077.70,2800,307.55,,,,,,,,,47950,外交专用佩枪,245,2,3,26,无,,32756,陀螺平衡氪金重枪,45445,4,105,70,
104018,奥杜尔逐星猎枪,武器,敏捷输出,2,3,26,远程武器,280,敏捷+54；耐力+42,攻击强度+88；护甲穿透等级+41；急速等级+26,1.00（触发效果额外，不扣属性预算）,攻击强度+88；护甲穿透等级+41；急速等级+26,攻击强度+80；护甲穿透等级+37；急速等级+24,攻击强度×0.9091；护甲穿透等级×0.9024；急速等级×0.9231,5,1,红色,,0,681.13-1118.25,3000,299.90,,,64792,1,攻击强度,226,45522,古神之血,51845,打桩枪,264,2,3,26,无,,29151,精兵火枪,41915,4,100,70,
104019,荒野猎手降临仪祭锤,武器,力量输出,2,4,21,主手武器,280,耐力+121；力量+57,暴击等级+55；命中等级+52；精准等级+46,1.00（触发效果额外，不扣属性预算）,暴击等级+55；命中等级+52；精准等级+46,暴击等级+59；命中等级+50；精准等级+45,暴击等级×1.0727；命中等级×0.9615；精准等级×0.9783,5,2,红色,黄色,0,302.41-562.69,1700,254.44,,,,,,,,,50760,断骨权杖,251,2,4,13,同子类坦克评级等价替换,躲闪等级→暴击等级；防御等级→精准等级,30918,赎罪之锤,45346,4,141,70,
104020,征服战锤,武器,力量输出,2,4,21,主手武器,280,耐力+97；力量+82,暴击等级+62；护甲穿透等级+62；命中等级+61,1.00（触发效果额外，不扣属性预算）,暴击等级+62；护甲穿透等级+62；命中等级+61,暴击等级+57；护甲穿透等级+68；命中等级+55,暴击等级×0.9194；护甲穿透等级×1.0968；命中等级×0.9016,5,1,黄色,,0,613.47-920.21,3000,255.61,,,65020,1,护甲穿透,226,45931,雷神符石,50708,结语,277,2,4,13,同子类坦克评级等价替换,防御等级→暴击等级；招架等级→护甲穿透等级；法术命中等级→命中等级,32262,纳斯雷兹姆吸血者,45345,4,141,70,
104021,新月·权杖,武器,力量输出,2,4,21,主手武器,280,力量+61；耐力+109,命中等级+54；暴击等级+46；精准等级+41,1.00（触发效果额外，不扣属性预算）,命中等级+54；暴击等级+46；精准等级+41,命中等级+53；暴击等级+43；精准等级+42,命中等级×0.9815；暴击等级×0.9348；精准等级×1.0244,5,1,蓝色,,0,582.50-970.83,3000,258.89,,,65025,1,暴击等级,226,46038,黑暗物质,50738,米瑟里奥斯，铜须的遗产,284,2,4,13,同子类坦克评级等价替换,防御等级→命中等级；招架等级→暴击等级,34009,审判之锤,47248,4,141,70,
104022,黎明圣所镇守钉锤,武器,坦克,2,4,21,主手武器,280,耐力+106；力量+83,躲闪等级+38；招架等级+32；防御等级+44,1.00（触发效果额外，不扣属性预算）,躲闪等级+38；招架等级+32；防御等级+44,躲闪等级+36；招架等级+35；防御等级+45,躲闪等级×0.9474；招架等级×1.0938；防御等级×1.0227,5,1,蓝色,,0,285.05-529.93,1600,254.68,,,64764,1,减伤护盾,226,45507,将军之心,48699,鲜血与荣耀,245,2,4,13,无,,33468,黑暗祝福,46994,4,138,70,
104023,深渊凝视碎骨锤,武器,坦克,2,4,21,主手武器,280,耐力+107；力量+57,躲闪等级+47；命中等级+52；防御等级+47,1.00（触发效果额外，不扣属性预算）,躲闪等级+47；命中等级+52；防御等级+47,躲闪等级+51；命中等级+52；防御等级+45,躲闪等级×1.0851；命中等级×1.0000；防御等级×0.9574,5,2,红色,黄色,0,302.82-563.98,1700,254.94,,,,,,,,,51937,断骨权杖,264,2,4,13,无,,28439,巨龙之击,39581,4,136,70,
104024,逐日者征伐战锤,武器,坦克,2,4,21,主手武器,280,耐力+122；力量+65,躲闪等级+54；精准等级+40；防御等级+44,1.00（触发效果额外，不扣属性预算）,躲闪等级+54；精准等级+40；防御等级+44,躲闪等级+53；精准等级+40；防御等级+46,躲闪等级×0.9815；精准等级×1.0000；防御等级×1.0455,5,2,黄色,蓝色,0,303.48-564.90,1700,255.41,,,64764,1,减伤护盾,226,45507,将军之心,45892,雷霆的传承,225,2,4,13,无,,31958,残酷角斗士的碎骨锤,39278,4,136,70,
104025,肯瑞托奥术仪祭锤,武器,法系输出,2,4,21,主手武器,280,耐力+77；智力+78,法术强度+856；暴击等级+69；急速等级+68,1.00（触发效果额外，不扣属性预算）,法术强度+856；暴击等级+69；急速等级+68,法术强度+893；暴击等级+75；急速等级+66,法术强度×1.0432；暴击等级×1.0870；急速等级×0.9706,5,1,黄色,,0,139.11-418.42,1800,154.87,,,64714,1,法术强度,239,45518,天堂之焰,50428,泰瑞纳斯二世的皇家权杖,271,2,4,21,无,,32963,残酷角斗士的木槌,44858,4,136,70,
104026,冰冠虚空战锤,武器,法系输出,2,4,21,主手武器,280,耐力+81；智力+82,法术强度+848；急速等级+79；暴击等级+54,1.00（触发效果额外，不扣属性预算）,法术强度+848；急速等级+79；暴击等级+54,法术强度+806；急速等级+73；暴击等级+55,法术强度×0.9505；急速等级×0.9241；暴击等级×1.0185,5,1,蓝色,,0,129.88-411.30,1800,150.33,,,,,,,,,47483,苦难之末,258,2,4,21,无,,30058,潮汐之锤,42193,4,134,70,
104027,永夜征伐碎骨锤,武器,法系输出,2,4,21,主手武器,280,耐力+81；智力+82,法术强度+848；急速等级+79；暴击等级+54,1.00（触发效果额外，不扣属性预算）,法术强度+848；急速等级+79；暴击等级+54,法术强度+821；急速等级+82；暴击等级+54,法术强度×0.9682；急速等级×1.0380；暴击等级×1.0000,5,1,红色,,0,129.88-411.30,1800,150.33,,,,,,,,,47206,哀难的终结,258,2,4,21,无,,33283,阿曼尼惩戒者,46801,4,132,70,
104028,龙骨荒野的余烬,武器,治疗,2,4,21,主手武器,280,耐力+80；智力+79,法术强度+848；暴击等级+69；每5秒法力回复+35,1.00（触发效果额外，不扣属性预算）,法术强度+848；暴击等级+69；每5秒法力回复+35,法术强度+880；暴击等级+71；每5秒法力回复+32,法术强度×1.0377；暴击等级×1.0290；每5秒法力回复×0.9143,5,1,蓝色,,0,157.55-502.70,2200,150.06,,,64738,1,法力回复,239,45535,信仰的证明,51798,瓦琉斯，圣光使者之锤,258,2,4,21,无,,28771,圣光的正义,40923,4,125,70,
104029,静谧洞察碎骨锤,武器,治疗,2,4,21,主手武器,280,耐力+76；智力+74,法术强度+851；急速等级+58；每5秒法力回复+34,1.00（触发效果额外，不扣属性预算）,法术强度+851；急速等级+58；每5秒法力回复+34,法术强度+880；急速等级+58；每5秒法力回复+31,法术强度×1.0341；急速等级×1.0000；每5秒法力回复×0.9118,5,0,,,0,157.82-500.90,2200,149.71,,,65002,1,法力回复,226,45929,西芙的记忆,51875,感染之伤,264,2,4,21,无,,34611,祭礼短棍,48159,4,125,70,
104030,霜火手锤,武器,治疗,2,4,21,主手武器,280,耐力+81；智力+69,法术强度+855；暴击等级+60；每5秒法力回复+34,1.00（触发效果额外，不扣属性预算）,法术强度+855；暴击等级+60；每5秒法力回复+34,法术强度+845；暴击等级+62；每5秒法力回复+34,法术强度×0.9883；暴击等级×1.0333；每5秒法力回复×1.0000,5,1,红色,,0,157.45-498.22,2200,149.02,,,71567,1,治疗回蓝,232,50260,消融之雪,51944,法流士，光明使者裁决槌,271,2,4,21,无,,28438,巨龙之喉,45769,4,123,70,
104031,战神之寒星,武器,力量输出,2,5,17,双手武器,280,力量+191；耐力+215,护甲穿透等级+118；命中等级+102,1.00（触发效果额外，不扣属性预算）,护甲穿透等级+118；命中等级+102,护甲穿透等级+121；命中等级+108,护甲穿透等级×1.0254；命中等级×1.0588,4,1,红色,,0,959.51-1439.26,3600,333.16,,,71404,1,护甲穿透,232,50198,钉壳毒蝎,50603,墓穴筑者,277,2,5,17,无,,28442,风暴使者,39584,4,136,70,
104032,余烬巨锤,武器,力量输出,2,5,17,双手武器,280,力量+204；耐力+165,暴击等级+177；急速等级+88,1.00（触发效果额外，不扣属性预算）,暴击等级+177；急速等级+88,暴击等级+180；急速等级+87,暴击等级×1.0169；急速等级×0.9886,4,0,,,0,968.75-1453.92,3600,336.48,,,64786,1,急速等级,239,45609,彗星之痕,49802,千钧,219,2,5,17,无,,31959,残酷角斗士的碾骨锤,41558,4,136,70,
104033,战槌·远古誓言,武器,力量输出,2,5,17,双手武器,280,力量+190；耐力+214,暴击等级+112；护甲穿透等级+111,1.00（触发效果额外，不扣属性预算）,暴击等级+112；护甲穿透等级+111,暴击等级+102；护甲穿透等级+110,暴击等级×0.9107；护甲穿透等级×0.9910,4,1,蓝色,,0,957.98-1438.58,3600,332.86,,,64792,1,攻击强度,226,45522,古神之血,51946,米奈希尔战争钉锤,271,2,5,17,无,,28800,纳鲁之锤,43531,4,125,70,
104034,双手锤·黎明赞歌,武器,力量输出,2,5,17,双手武器,280,力量+198；耐力+214,暴击等级+119；精准等级+112,1.00（触发效果额外，不扣属性预算）,暴击等级+119；精准等级+112,暴击等级+130；精准等级+108,暴击等级×1.0924；精准等级×0.9643,4,2,红色,黄色,0,957.66-1437.09,3600,332.60,,,,,,,,,47520,咒怨,258,2,5,17,无,,28441,惊雷,39583,4,123,70,
104035,荒野猎手的长矛,武器,力量输出,2,6,17,双手武器,280,力量+210；耐力+215,暴击等级+101；命中等级+138,1.00（触发效果额外，不扣属性预算）,暴击等级+101；命中等级+138,暴击等级+92；命中等级+125,暴击等级×0.9109；命中等级×0.9058,4,1,红色,,0,905.10-1358.27,3400,332.85,,,65020,1,护甲穿透,226,45931,雷神符石,50761,堡垒卫士的巨剑,251,2,8,17,同手位力量双手预算,,32184,Chancellor's Painsaw,42086,4,105,70,
104036,苍穹王座裂地骑枪,武器,力量输出,2,6,17,双手武器,280,力量+198；耐力+214,暴击等级+126；精准等级+107,1.00（触发效果额外，不扣属性预算）,暴击等级+126；精准等级+107,暴击等级+126；精准等级+97,暴击等级×1.0000；精准等级×0.9065,4,0,,,0,957.98-1438.58,3600,332.86,,,65025,1,暴击等级,226,46038,黑暗物质,50070,格罗萨格，白银之手骑士团圣剑,271,2,8,17,同手位力量双手预算,,30830,流放部族之戟,42906,4,100,70,
104037,长夜·长戟,武器,力量输出,2,6,17,双手武器,280,力量+198；耐力+214,暴击等级+116；护甲穿透等级+113,1.00（触发效果额外，不扣属性预算）,暴击等级+116；护甲穿透等级+113,暴击等级+122；护甲穿透等级+111,暴击等级×1.0517；护甲穿透等级×0.9823,4,1,蓝色,,0,957.66-1437.09,3600,332.60,,,,,,,,,51796,米奈希尔战槌,258,2,5,17,同手位力量双手预算,,23039,蛛魔之眼,35259,4,83,60,
104038,翡翠梦境的烈日,武器,敏捷输出,2,6,17,双手武器,280,敏捷+182；耐力+188,攻击强度+216；暴击等级+126；急速等级+100,1.00（触发效果额外，不扣属性预算）,攻击强度+216；暴击等级+126；急速等级+100,攻击强度+218；暴击等级+137；急速等级+106,攻击强度×1.0093；暴击等级×1.0873；急速等级×1.0600,5,2,红色,黄色,0,906.31-1359.47,3400,333.20,,,65020,1,护甲穿透,226,45931,雷神符石,50727,血瀑,277,2,6,17,无,,18869,大元帅的长刀,31761,4,78,60,
104039,泰坦遗训枪刃,武器,敏捷输出,2,6,17,双手武器,280,敏捷+178；耐力+188,攻击强度+245；暴击等级+108；护甲穿透等级+124,1.00（触发效果额外，不扣属性预算）,攻击强度+245；暴击等级+108；护甲穿透等级+124,攻击强度+222；暴击等级+104；护甲穿透等级+127,攻击强度×0.9061；暴击等级×0.9630；护甲穿透等级×1.0242,5,0,,,0,957.98-1438.58,3600,332.86,,,65025,1,暴击等级,226,46038,黑暗物质,50425,缚誓者，游侠将军的号令,271,2,6,17,无,,18871,高阶督军的赶猪棒,31766,4,78,60,
104040,银色勇士的长柄刃,武器,敏捷输出,2,6,17,双手武器,280,敏捷+131；耐力+143,攻击强度+360；命中等级+61；护甲穿透等级+141,1.00（触发效果额外，不扣属性预算）,攻击强度+360；命中等级+61；护甲穿透等级+141,攻击强度+390；命中等级+55；护甲穿透等级+130,攻击强度×1.0833；命中等级×0.9016；护甲穿透等级×0.9220,5,2,蓝色,红色,0,931.02-1397.09,3500,332.59,,,71404,1,护甲穿透,232,50198,钉壳毒蝎,51857,英魂长枪,264,2,6,17,无,,21635,沙漠掠夺者之刺,34250,4,77,60,
104041,龙眠的黎明赞歌,武器,力量输出,2,7,21,主手武器,280,力量+65；耐力+122,命中等级+43；暴击等级+50；精准等级+54,1.00（触发效果额外，不扣属性预算）,命中等级+43；暴击等级+50；精准等级+54,命中等级+47；暴击等级+54；精准等级+58,命中等级×1.0930；暴击等级×1.0800；精准等级×1.0741,5,0,,,0,285.45-533.35,1600,255.88,,,71404,1,护甲穿透,232,50198,钉壳毒蝎,45700,岩石禁卫,225,2,7,13,同子类坦克评级等价替换,躲闪等级→暴击等级；招架等级→精准等级,30910,混乱风暴,45360,4,151,70,
104042,霜火·军刀,武器,力量输出,2,7,21,主手武器,280,力量+59；耐力+121,暴击等级+53；护甲穿透等级+54；精准等级+47,1.00（触发效果额外，不扣属性预算）,暴击等级+53；护甲穿透等级+54；精准等级+47,暴击等级+49；护甲穿透等级+56；精准等级+46,暴击等级×0.9245；护甲穿透等级×1.0370；精准等级×0.9787,5,2,黄色,蓝色,0,285.06-530.46,1600,254.85,,,64786,1,急速等级,239,45609,彗星之痕,51010,整容刀,251,2,7,13,同子类坦克评级等价替换,防御等级→暴击等级；招架等级→护甲穿透等级,33734,复仇角斗士的迅捷之刃,46970,4,146,70,
104043,龙眠之利刃,武器,力量输出,2,7,21,主手武器,280,力量+83；耐力+107,精准等级+33；急速等级+41；暴击等级+43,1.00（触发效果额外，不扣属性预算）,精准等级+33；急速等级+41；暴击等级+43,精准等级+32；急速等级+38；暴击等级+41,精准等级×0.9697；急速等级×0.9268；暴击等级×0.9535,5,1,蓝色,,0,284.79-530.75,1600,254.86,,,,,,,,,47506,银翼护卫者,258,2,7,13,同子类坦克评级等价替换,防御等级→精准等级；躲闪等级→急速等级；招架等级→暴击等级,30874,不败的意志,45232,4,141,70,
104044,失落神殿山岳利刃,武器,坦克,2,7,21,主手武器,280,力量+83；耐力+107,防御等级+33；躲闪等级+41；招架等级+43,1.00（触发效果额外，不扣属性预算）,防御等级+33；躲闪等级+41；招架等级+43,防御等级+32；躲闪等级+40；招架等级+42,防御等级×0.9697；躲闪等级×0.9756；招架等级×0.9767,5,0,,,0,284.79-530.75,1600,254.86,,,64764,1,减伤护盾,226,45507,将军之心,47513,奥格瑞姆斜锋剑,258,2,7,13,无,,30881,恶行之刃,45799,4,141,70,
104045,黎明圣所无伤长剑,武器,坦克,2,7,21,主手武器,280,力量+83；耐力+106,防御等级+42；躲闪等级+18,1.00（触发效果额外，不扣属性预算）,防御等级+42；躲闪等级+18,防御等级+42；躲闪等级+19,防御等级×1.0000；躲闪等级×1.0556,4,1,红色,,0,266.91-497.54,1500,254.82,578,,,,,,,,48044,热情护卫者,245,2,7,13,无,,32369,野蛮之刃,47226,4,141,70,
104046,荒野猎手的长剑,武器,坦克,2,7,21,主手武器,280,力量+83；耐力+106,防御等级+42；躲闪等级+18,1.00（触发效果额外，不扣属性预算）,防御等级+42；躲闪等级+18,防御等级+43；躲闪等级+19,防御等级×1.0238；躲闪等级×1.0556,4,1,黄色,,0,266.91-497.54,1500,254.82,578,,64764,1,减伤护盾,226,45507,将军之心,47967,十字军的荣耀,245,2,7,13,无,,33467,扭曲预言之刃,46992,4,138,70,
104047,秘法阔剑,武器,法系输出,2,7,21,主手武器,280,耐力+77；智力+78,法术强度+856；急速等级+68；暴击等级+69,1.00（触发效果额外，不扣属性预算）,法术强度+856；急速等级+68；暴击等级+69,法术强度+832；急速等级+62；暴击等级+63,法术强度×0.9720；急速等级×0.9118；暴击等级×0.9130,5,2,黄色,蓝色,0,139.11-418.42,1800,154.87,,,64742,1,法术强度,226,45490,潘多拉的恳求,50427,血涌，克尔苏加德的苦痛之剑,271,2,7,21,无,,28427,光芒之怒,41389,4,136,70,
104048,霜脉矮人永夜军刀,武器,法系输出,2,7,21,主手武器,280,智力+90；耐力+61,暴击等级+72；法术强度+840；命中等级+62,1.00（触发效果额外，不扣属性预算）,暴击等级+72；法术强度+840；命中等级+62,暴击等级+73；法术强度+863；命中等级+58,暴击等级×1.0139；法术强度×1.0274；命中等级×0.9355,5,0,,,0,175.69-556.59,2400,152.56,,,64714,1,法术强度,239,45518,天堂之焰,49499,流光碧空之歌,245,2,7,21,无,,32027,残酷角斗士的迅捷之刃,42379,4,136,70,
104049,霜原孤歌阔剑,武器,法系输出,2,7,21,主手武器,280,耐力+78；智力+78,法术强度+858；急速等级+68；命中等级+52,1.00（触发效果额外，不扣属性预算）,法术强度+858；急速等级+68；命中等级+52,法术强度+773；急速等级+71；命中等级+49,法术强度×0.9009；急速等级×1.0441；命中等级×0.9423,5,2,红色,黄色,0,146.64-424.55,1800,158.66,,,,,,,,,50704,亡僵,277,2,7,21,无,,30082,艾萨拉之爪,42187,4,134,70,
104050,银色北伐军之阔剑,武器,敏捷输出,2,7,21,主手武器,280,敏捷+76；耐力+62,攻击强度+118；急速等级+49；暴击等级+47,1.00（触发效果额外，不扣属性预算）,攻击强度+118；急速等级+49；暴击等级+47,攻击强度+122；急速等级+50；暴击等级+51,攻击强度×1.0339；急速等级×1.0204；暴击等级×1.0851,5,2,红色,黄色,0,463.79-862.30,2600,255.02,,,,,,,,,51858,断魂,264,2,7,13,无,,30095,海兽之牙,42188,4,134,70,
104051,烈日·战刃,武器,敏捷输出,2,7,21,主手武器,280,敏捷+94；耐力+71,攻击强度+84；护甲穿透等级+58；暴击等级+34,1.00（触发效果额外，不扣属性预算）,攻击强度+84；护甲穿透等级+58；暴击等级+34,攻击强度+84；护甲穿透等级+61；暴击等级+37,攻击强度×1.0000；护甲穿透等级×1.0517；暴击等级×1.0882,5,2,黄色,蓝色,0,266.91-497.54,1500,254.82,,,64786,1,急速等级,239,45609,彗星之痕,48048,遗忘刻骨者,245,2,7,13,无,,33214,埃基尔松的爪刃,46789,4,132,70,
104052,夜幕之黎明赞歌,武器,敏捷输出,2,7,21,主手武器,280,敏捷+100；耐力+80,命中等级+58；暴击等级+32；攻击强度+99,1.00（触发效果额外，不扣属性预算）,命中等级+58；暴击等级+32；攻击强度+99,命中等级+60；暴击等级+31；攻击强度+95,命中等级×1.0345；暴击等级×0.9688；攻击强度×0.9596,5,2,蓝色,红色,0,266.76-497.86,1500,254.87,,,64792,1,攻击强度,226,45522,古神之血,46036,虚空弯刀,232,2,7,13,无,,33388,无情,46985,4,132,70,
104053,赤焰凝视符文巨刃,武器,力量输出,2,8,17,双手武器,280,力量+199；耐力+215,暴击等级+92；命中等级+136,1.00（触发效果额外，不扣属性预算）,暴击等级+92；命中等级+136,暴击等级+84；命中等级+123,暴击等级×0.9130；命中等级×0.9044,4,1,红色,,0,903.93-1357.59,3400,332.58,,,64792,1,攻击强度,226,45522,古神之血,51936,堡垒卫士的巨剑,264,2,8,17,无,,61032,天启·黄,421010,5,32,27,
104054,永恒之眼之双手剑,武器,力量输出,2,8,17,双手武器,280,力量+221；耐力+215,暴击等级+131；急速等级+116,1.00（触发效果额外，不扣属性预算）,暴击等级+131；急速等级+116,暴击等级+121；急速等级+111,暴击等级×0.9237；急速等级×0.9569,4,2,黄色,蓝色,0,957.39-1437.95,3600,332.69,,,65020,1,护甲穿透,226,45931,雷神符石,50048,奎尔德拉，信仰之力,251,2,8,17,无,,61033,亡者·蓝,421003,5,32,27,
104055,永恒之眼赤焰符文巨刃,武器,力量输出,2,8,17,双手武器,280,力量+198；耐力+213,暴击等级+128；护甲穿透等级+97,1.00（触发效果额外，不扣属性预算）,暴击等级+128；护甲穿透等级+97,暴击等级+135；护甲穿透等级+101,暴击等级×1.0547；护甲穿透等级×1.0412,4,0,,,0,959.65-1440.84,3600,333.40,,,65025,1,暴击等级,226,46038,黑暗物质,45516,沃德雷萨，黑暗湮灭之剑,239,2,8,17,无,,61034,亡者·紫,421004,5,32,27,
104056,泰坦巨剑,武器,力量输出,2,8,17,双手武器,280,力量+190；耐力+214,暴击等级+117；精准等级+110,1.00（触发效果额外，不扣属性预算）,暴击等级+117；精准等级+110,暴击等级+109；精准等级+100,暴击等级×0.9316；精准等级×0.9091,4,1,红色,,0,1077.92-1460.19,3600,352.52,,,71404,1,护甲穿透,232,50198,钉壳毒蝎,50730,葛罗伦萨格，银手至高之刃,284,2,8,17,无,,61035,亡者·红,421005,5,32,27,
104057,冰冠的霜火,武器,法系输出,2,10,17,双手武器,280,耐力+137；智力+168,法术强度+857；暴击等级+176；急速等级+129,1.00（触发效果额外，不扣属性预算）,法术强度+857；暴击等级+176；急速等级+129,法术强度+934；暴击等级+184；急速等级+134,法术强度×1.0898；暴击等级×1.0455；急速等级×1.0388,5,1,黄色,,0,439.70-788.88,2600,236.27,,,,,,,,,51943,海莱恩，遗忘之爱法杖,271,2,10,17,无,,35103,野蛮角斗士的法杖,49148,4,154,70,
104058,苍穹王座的破晓,武器,法系输出,2,10,17,双手武器,280,耐力+143；智力+162,法术强度+851；暴击等级+130；命中等级+176,1.00（触发效果额外，不扣属性预算）,法术强度+851；暴击等级+130；命中等级+176,法术强度+815；暴击等级+120；命中等级+168,法术强度×0.9577；暴击等级×0.9231；命中等级×0.9545,5,1,蓝色,,0,442.07-792.75,2600,237.47,,,,,,,,,51828,席瓦娜的苍穹法杖,264,2,10,17,无,,30908,阿古斯的使徒,45205,4,151,70,
104059,幻光降临长杖,武器,法系输出,2,10,17,双手武器,280,耐力+181；智力+181；精神+135,法术强度+859；急速等级+134,1.00（触发效果额外，不扣属性预算）,法术强度+859；急速等级+134,法术强度+927；急速等级+131,法术强度×1.0792；急速等级×0.9776,5,0,,,0,397.80-678.72,2100,256.31,,,,,,,,,50725,圣光将熄,277,2,10,17,无,,32374,扎尔杜姆，吞噬者的法杖,45161,4,151,70,
104060,暮星追猎法杖,武器,法系输出,2,10,17,双手武器,280,耐力+143；智力+162,法术强度+851；命中等级+130；急速等级+171,1.00（触发效果额外，不扣属性预算）,法术强度+851；命中等级+130；急速等级+171,法术强度+914；命中等级+122；急速等级+171,法术强度×1.0740；命中等级×0.9385；急速等级×1.0000,5,0,,,0,335.83-619.12,2100,227.37,,,,,,,,,51887,尸煞,264,2,10,17,无,,33716,复仇角斗士的法杖,47744,4,146,70,
104061,屠龙者裁断符文杖,武器,治疗,2,10,17,双手武器,280,耐力+188；智力+191；精神+107,法术强度+848；暴击等级+170,1.00（触发效果额外，不扣属性预算）,法术强度+848；暴击等级+170,法术强度+821；暴击等级+176,法术强度×0.9682；暴击等级×1.0353,5,1,蓝色,,0,337.40-621.97,2100,228.42,,,64738,1,法力回复,239,45535,信仰的证明,47525,隐忍,258,2,10,17,无,,33766,复仇角斗士的作战法杖,47743,4,146,70,
104062,灰熊丘陵之法杖,武器,治疗,2,10,17,双手武器,280,耐力+122；智力+131；精神+175,法术强度+851；急速等级+171,1.00（触发效果额外，不扣属性预算）,法术强度+851；急速等级+171,法术强度+864；急速等级+158,法术强度×1.0153；急速等级×0.9240,5,0,,,0,495.75-913.83,3100,227.35,,,,,,,,,51898,玛格汉大酋长的法杖,264,2,10,17,无,,34898,森林之王的法杖,48935,4,146,70,
104063,幽影符文杖,武器,治疗,2,10,17,双手武器,280,耐力+188；智力+191；精神+107,法术强度+848；暴击等级+170,1.00（触发效果额外，不扣属性预算）,法术强度+848；暴击等级+170,法术强度+911；暴击等级+180,法术强度×1.0743；暴击等级×1.0588,5,1,红色,,0,337.40-621.97,2100,228.42,,,65002,1,法力回复,226,45929,西芙的记忆,47524,沐恩,258,2,10,17,无,,29988,节点钥匙,47435,4,141,70,
104064,守望者的魔杖,武器,治疗,2,10,17,双手武器,280,耐力+181；智力+183；精神+142,法术强度+851；急速等级+138,1.00（触发效果额外，不扣属性预算）,法术强度+851；急速等级+138,法术强度+803；急速等级+145,法术强度×0.9436；急速等级×1.0507,5,1,蓝色,,0,383.81-667.10,2100,250.22,,,71567,1,治疗回蓝,232,50260,消融之雪,50181,圣光将熄,264,2,10,17,无,,30883,狂野之柱,45224,4,141,70,
104065,屠龙者守护节杖,武器,敏捷输出,2,10,17,双手武器,280,敏捷+166；耐力+151,攻击强度+249；暴击等级+126；急速等级+125,1.00（触发效果额外，不扣属性预算）,攻击强度+249；暴击等级+126；急速等级+125,攻击强度+271；暴击等级+132；急速等级+137,攻击强度×1.0884；暴击等级×1.0476；急速等级×1.0960,5,2,红色,黄色,0,639.33-959.51,2400,333.09,,,65020,1,护甲穿透,226,45931,雷神符石,50695,天涯,277,2,10,17,无,,32344,完美恢复法杖,47434,4,141,70,
104066,游侠将军的祭司杖,武器,敏捷输出,2,10,17,双手武器,280,敏捷+169；耐力+170,攻击强度+259；暴击等级+119；护甲穿透等级+105,1.00（触发效果额外，不扣属性预算）,攻击强度+259；暴击等级+119；护甲穿透等级+105,攻击强度+243；暴击等级+109；护甲穿透等级+114,攻击强度×0.9382；暴击等级×0.9160；护甲穿透等级×1.0857,5,1,黄色,,0,639.01-959.05,2400,332.93,,,,,,,,,51945,受污染的嫩枝，诺达希尔,271,2,10,17,无,,32055,残酷角斗士的战斗法杖,41557,4,136,70,
104067,锐眼之远古誓言,武器,敏捷输出,2,10,17,双手武器,280,敏捷+182；耐力+170,攻击强度+254；暴击等级+126；命中等级+108,1.00（触发效果额外，不扣属性预算）,攻击强度+254；暴击等级+126；命中等级+108,攻击强度+264；暴击等级+121；命中等级+106,攻击强度×1.0394；暴击等级×0.9603；命中等级×0.9815,5,1,蓝色,,0,637.61-958.10,2400,332.44,,,65025,1,暴击等级,226,46038,黑暗物质,51881,冰河之柱,264,2,10,17,无,,29981,复仇军生命法杖,42180,4,134,70,
104068,冬拥湖的长夜,武器,敏捷输出,2,13,21,主手武器,280,敏捷+89；耐力+61,暴击等级+56；急速等级+50；攻击强度+116,1.00（触发效果额外，不扣属性预算）,暴击等级+56；急速等级+50；攻击强度+116,暴击等级+56；急速等级+46；攻击强度+118,暴击等级×1.0000；急速等级×0.9200；攻击强度×1.0172,5,1,红色,,0,529.57-795.54,2600,254.83,,,71404,1,护甲穿透,232,50198,钉壳毒蝎,51801,普尤斯，抗争之拳,258,2,13,21,无,,33737,复仇角斗士的右拳刃,46966,4,146,70,
104069,霜羽唤醒拳套,武器,敏捷输出,2,13,21,主手武器,280,敏捷+94；耐力+61,护甲穿透等级+42；暴击等级+55；攻击强度+92,1.00（触发效果额外，不扣属性预算）,护甲穿透等级+42；暴击等级+55；攻击强度+92,护甲穿透等级+39；暴击等级+54；攻击强度+97,护甲穿透等级×0.9286；暴击等级×0.9818；攻击强度×1.0543,5,1,黄色,,0,529.93-795.55,2600,254.90,,,64786,1,急速等级,239,45609,彗星之痕,33495,狂暴,245,2,13,21,无,,34893,瓦尼尔的残忍右拳套,49113,4,146,70,
104070,蓝龙军团之拳刃,武器,敏捷输出,2,13,21,主手武器,280,敏捷+77；耐力+71,命中等级+55；暴击等级+48；攻击强度+115,1.00（触发效果额外，不扣属性预算）,命中等级+55；暴击等级+48；攻击强度+115,命中等级+52；暴击等级+44；攻击强度+125,命中等级×0.9455；暴击等级×0.9167；攻击强度×1.0870,5,2,蓝色,红色,0,549.37-825.35,2700,254.58,,,,,,,,,45449,切碎者,245,2,13,21,无,,34950,瓦尼尔的野蛮左拳套,49112,4,146,70,
104071,索拉查猎影战拳,武器,敏捷输出,2,13,22,副手武器,280,敏捷+75；耐力+61,暴击等级+56；急速等级+42；攻击强度+120,1.00（触发效果额外，不扣属性预算）,暴击等级+56；急速等级+42；攻击强度+120,暴击等级+60；急速等级+45；攻击强度+118,暴击等级×1.0714；急速等级×1.0714；攻击强度×0.9833,5,2,红色,黄色,0,531.23-797.38,2600,255.50,,,64792,1,攻击强度,226,45522,古神之血,51941,普鸠斯，蔑视之拳,271,2,13,21,无,,32945,熔岩怒火之拳,45890,4,141,70,
104072,战拳·天穹,武器,敏捷输出,2,13,22,副手武器,280,敏捷+61；耐力+79,攻击强度+123；护甲穿透等级+52；暴击等级+40,1.00（触发效果额外，不扣属性预算）,攻击强度+123；护甲穿透等级+52；暴击等级+40,攻击强度+129；护甲穿透等级+50；暴击等级+39,攻击强度×1.0488；护甲穿透等级×0.9615；暴击等级×0.9750,5,0,,,0,266.84-497.11,1500,254.65,,,65020,1,护甲穿透,226,45931,雷神符石,45494,狂乱之触,239,2,13,22,无,,32946,熔岩怒火之爪,45889,4,141,70,
104073,龙魂低语利爪,武器,敏捷输出,2,13,22,副手武器,280,敏捷+100；耐力+80,攻击强度+110；暴击等级+40；命中等级+55,1.00（触发效果额外，不扣属性预算）,攻击强度+110；暴击等级+40；命中等级+55,攻击强度+103；暴击等级+38；命中等级+52,攻击强度×0.9364；暴击等级×0.9500；命中等级×0.9455,5,1,蓝色,,0,530.67-796.01,2600,255.13,,,,,,,,,50315,七指之爪,232,2,13,21,无,,32003,残酷角斗士的左拳刃,42760,4,136,70,
104074,霜脉矮人霜羽锐刺,武器,敏捷输出,2,15,21,主手武器,280,敏捷+81；耐力+80,攻击强度+90；暴击等级+54；急速等级+45,1.00（触发效果额外，不扣属性预算）,攻击强度+90；暴击等级+54；急速等级+45,攻击强度+90；暴击等级+59；急速等级+41,攻击强度×1.0000；暴击等级×1.0926；急速等级×0.9111,5,2,红色,黄色,0,368.08-553.15,1800,255.90,,,,,,,,,50676,解骨,277,2,15,13,无,,34895,占星者的聚焦匕首,48887,4,146,70,
104075,游侠将军守护匕首,武器,敏捷输出,2,15,21,主手武器,280,敏捷+86；耐力+80,攻击强度+103；暴击等级+54；护甲穿透等级+53,1.00（触发效果额外，不扣属性预算）,攻击强度+103；暴击等级+54；护甲穿透等级+53,攻击强度+107；暴击等级+56；护甲穿透等级+48,攻击强度×1.0388；暴击等级×1.0370；护甲穿透等级×0.9057,5,0,,,0,249.91-464.92,1400,255.30,,,65025,1,暴击等级,226,46038,黑暗物质,50183,肺穿,264,2,15,13,无,,30103,瓦丝琪之牙,42189,4,141,70,
104076,霜羽祭刃,武器,敏捷输出,2,15,21,主手武器,280,敏捷+86；耐力+62,攻击强度+100；暴击等级+47；急速等级+50,1.00（触发效果额外，不扣属性预算）,攻击强度+100；暴击等级+47；急速等级+50,攻击强度+107；暴击等级+43；急速等级+51,攻击强度×1.0700；暴击等级×0.9149；急速等级×1.0200,5,1,蓝色,,0,320.83-597.75,1800,255.16,,,71404,1,护甲穿透,232,50198,钉壳毒蝎,51846,血啜,264,2,15,13,无,,30865,追踪匕首,45233,4,141,70,
104077,祖达克之短刃,武器,法系输出,2,15,21,主手武器,280,耐力+58；智力+72,法术强度+855；暴击等级+53；急速等级+80,1.00（触发效果额外，不扣属性预算）,法术强度+855；暴击等级+53；急速等级+80,法术强度+911；暴击等级+56；急速等级+81,法术强度×1.0655；暴击等级×1.0566；急速等级×1.0125,5,0,,,0,128.33-407.64,1800,148.88,,,64742,1,法术强度,226,45490,潘多拉的恳求,51939,泰萨斯，血腥君王之匕,271,2,15,21,无,,30901,无尽的痛苦,45209,4,141,70,
104078,长夜祭刃,武器,法系输出,2,15,21,主手武器,280,耐力+58；智力+72,法术强度+851；暴击等级+54；命中等级+81,1.00（触发效果额外，不扣属性预算）,法术强度+851；暴击等级+54；命中等级+81,法术强度+928；暴击等级+55；命中等级+84,法术强度×1.0905；暴击等级×1.0185；命中等级×1.0370,5,0,,,0,129.23-410.56,1800,149.94,,,64714,1,法术强度,239,45518,天堂之焰,51815,阴冷凛惧岛刻刃,264,2,15,21,无,,32237,大漩涡之怒,45294,4,141,70,
104079,失落荣光·祭刃,武器,法系输出,2,15,21,主手武器,280,耐力+59；智力+81,法术强度+837；命中等级+64；急速等级+68,1.00（触发效果额外，不扣属性预算）,法术强度+837；命中等级+64；急速等级+68,法术强度+864；命中等级+69；急速等级+68,法术强度×1.0323；命中等级×1.0781；急速等级×1.0000,5,2,红色,黄色,0,129.88-411.30,1800,150.33,,,64742,1,法术强度,226,45490,潘多拉的恳求,46980,狂乱之刃,258,2,15,21,无,,32269,命运的信使,47605,4,141,70,
104080,苍白月色袖剑,武器,治疗,2,15,21,主手武器,280,耐力+77；智力+77；精神+68,法术强度+858；暴击等级+51,1.00（触发效果额外，不扣属性预算）,法术强度+858；暴击等级+51,法术强度+909；暴击等级+46,法术强度×1.0594；暴击等级×0.9020,5,2,蓝色,黄色,0,146.64-424.55,1800,158.66,,,64738,1,法力回复,239,45535,信仰的证明,50608,冰封骨针,277,2,15,21,无,,32044,残酷角斗士的军刺,42380,4,136,70,
104081,奥杜尔的霜原孤歌,武器,治疗,2,15,21,主手武器,280,耐力+78；智力+69,法术强度+851；每5秒法力回复+32；急速等级+58,1.00（触发效果额外，不扣属性预算）,法术强度+851；每5秒法力回复+32；急速等级+58,法术强度+869；每5秒法力回复+31；急速等级+55,法术强度×1.0212；每5秒法力回复×0.9688；急速等级×0.9483,5,1,黄色,,0,129.23-410.56,1800,149.94,,,,,,,,,51910,午夜之阳,264,2,15,21,无,,32053,残酷角斗士的法术之刃,67267,4,136,70,
104082,袖剑·远古誓言,武器,治疗,2,15,21,主手武器,280,智力+83；耐力+56,暴击等级+65；法术强度+840；每5秒法力回复+41,1.00（触发效果额外，不扣属性预算）,暴击等级+65；法术强度+840；每5秒法力回复+41,暴击等级+62；法术强度+921；每5秒法力回复+44,暴击等级×0.9538；法术强度×1.0964；每5秒法力回复×1.0732,5,1,红色,,0,108.64-347.36,1500,152.00,,,,,,,,,49494,砺亮的秘法之牙,245,2,15,21,无,,29962,剃心者,42179,4,134,70,
104083,永恒之眼的永恒征途,武器,敏捷输出,2,15,22,副手武器,280,敏捷+86；耐力+80,攻击强度+103；暴击等级+54；急速等级+53,1.00（触发效果额外，不扣属性预算）,攻击强度+103；暴击等级+54；急速等级+53,攻击强度+94；暴击等级+55；急速等级+57,攻击强度×0.9126；暴击等级×1.0185；急速等级×1.0755,5,0,,,0,366.98-551.60,1800,255.16,,,64786,1,急速等级,239,45609,彗星之痕,50016,解骨,264,2,15,13,无,,33298,徘徊者的利刃,47127,4,132,70,
104084,短刃·不灭烽火,武器,敏捷输出,2,15,22,副手武器,280,敏捷+78；耐力+81,攻击强度+97；暴击等级+62；护甲穿透等级+40,1.00（触发效果额外，不扣属性预算）,攻击强度+97；暴击等级+62；护甲穿透等级+40,攻击强度+101；暴击等级+58；护甲穿透等级+42,攻击强度×1.0412；暴击等级×0.9355；护甲穿透等级×1.0500,5,2,黄色,蓝色,0,284.79-428.37,1400,254.70,,,64792,1,攻击强度,226,45522,古神之血,47416,冥河碎刃短刀,258,2,15,13,无,,33354,瓦布的妖术诅咒之刃,46982,4,132,70,
104085,短刃·凛冬余威,武器,敏捷输出,2,15,22,副手武器,280,敏捷+72；耐力+81,攻击强度+108；暴击等级+46；急速等级+54,1.00（触发效果额外，不扣属性预算）,攻击强度+108；暴击等级+46；急速等级+54,攻击强度+102；暴击等级+50；急速等级+58,攻击强度×0.9444；暴击等级×1.0870；急速等级×1.0741,5,0,,,0,369.89-555.31,1800,257.00,,,65020,1,护甲穿透,226,45931,雷神符石,50736,天堂陨落，万千谎言之刃,284,2,15,13,无,,33389,邪恶魔精匕首,46986,4,132,70,
104086,静潮·飞刀,武器,敏捷输出,2,16,25,投掷武器,280,敏捷+63；耐力+59,攻击强度+76；暴击等级+40；急速等级+39,1.00（触发效果额外，不扣属性预算）,攻击强度+76；暴击等级+40；急速等级+39,攻击强度+83；暴击等级+38；急速等级+36,攻击强度×1.0921；暴击等级×0.9500；急速等级×0.9231,5,0,,,0,476.07-715.23,1800,330.92,,,65025,1,暴击等级,226,46038,黑暗物质,50474,弹片之星,264,2,16,25,无,,30025,毒蛇神殿飞镖,38370,4,134,70,
104087,失落荣光·飞斧,武器,敏捷输出,2,16,25,投掷武器,280,敏捷+67；耐力+54,攻击强度+77；暴击等级+41；命中等级+37,1.00（触发效果额外，不扣属性预算）,攻击强度+77；暴击等级+41；命中等级+37,攻击强度+81；暴击等级+42；命中等级+38,攻击强度×1.0519；暴击等级×1.0244；命中等级×1.0270,5,1,黄色,,0,473.70-711.79,1800,329.30,,,71404,1,护甲穿透,232,50198,钉壳毒蝎,50999,格拉斯的玩具刀,251,2,16,25,无,,28826,否决飞镖,43543,4,125,70,
104088,潜踪投掷斧,武器,敏捷输出,2,16,25,投掷武器,280,敏捷+54；耐力+53,攻击强度+80；暴击等级+33；命中等级+36,1.00（触发效果额外，不扣属性预算）,攻击强度+80；暴击等级+33；命中等级+36,攻击强度+88；暴击等级+32；命中等级+35,攻击强度×1.1000；暴击等级×0.9697；命中等级×0.9722,5,1,蓝色,,0,476.07-715.23,1800,330.92,,,64786,1,急速等级,239,45609,彗星之痕,51880,古鲁斯的生魂小刀,264,2,16,25,无,,28659,萨维安飞刀,45739,4,115,70,
104089,夜幕之惊雷,武器,敏捷输出,2,18,26,远程武器,280,敏捷+57；耐力+60,攻击强度+72；暴击等级+42；急速等级+24,1.00（触发效果额外，不扣属性预算）,攻击强度+72；暴击等级+42；急速等级+24,攻击强度+78；暴击等级+41；急速等级+26,攻击强度×1.0833；暴击等级×0.9762；急速等级×1.0833,5,1,红色,,0,741.64-1040.04,2900,307.19,,,64792,1,攻击强度,226,45522,古神之血,47975,巴尔古的重弩,245,2,18,26,无,,31986,残酷角斗士的凤凰之弩,42385,4,136,70,
104090,潜踪连弩,武器,敏捷输出,2,18,26,远程武器,280,敏捷+61；耐力+52,攻击强度+65；暴击等级+31；护甲穿透等级+39,1.00（触发效果额外，不扣属性预算）,攻击强度+65；暴击等级+31；护甲穿透等级+39,攻击强度+60；暴击等级+30；护甲穿透等级+41,攻击强度×0.9231；暴击等级×0.9677；护甲穿透等级×1.0513,5,2,黄色,蓝色,0,750.18-1036.17,3000,297.73,,,65020,1,护甲穿透,226,45931,雷神符石,51940,风行者之寻心者,271,2,18,26,无,,28504,钢鹰强弩,41421,4,115,70,
104091,黎明赞歌强弩,武器,敏捷输出,2,18,26,远程武器,280,敏捷+73；耐力+46,攻击强度+80；暴击等级+32；命中等级+45,1.00（触发效果额外，不扣属性预算）,攻击强度+80；暴击等级+32；命中等级+45,攻击强度+80；暴击等级+33；命中等级+42,攻击强度×1.0000；暴击等级×1.0312；命中等级×0.9333,5,2,蓝色,红色,0,771.28-1093.76,3000,310.84,,,65025,1,暴击等级,226,46038,黑暗物质,50262,邪冰重弩,232,2,18,26,无,,32187,Chancellor's Heavy Crossbow,42084,4,105,70,
104092,幽影·连弩,武器,敏捷输出,2,18,26,远程武器,280,敏捷+54；耐力+59,攻击强度+57；急速等级+38；护甲穿透等级+38,1.00（触发效果额外，不扣属性预算）,攻击强度+57；急速等级+38；护甲穿透等级+38,攻击强度+59；急速等级+35；护甲穿透等级+41,攻击强度×1.0351；急速等级×0.9211；护甲穿透等级×1.0789,5,0,,,0,711.92-989.62,2800,303.85,,,,,,,,,46995,利爪之击,258,2,18,26,无,,32645,晶化强弩,45154,4,100,70,
104093,荒野猎手守护魔棒,武器,法系输出,2,19,26,远程武器,280,耐力+45；智力+45,法术强度+60；暴击等级+39；急速等级+31,1.00（触发效果额外，不扣属性预算）,法术强度+60；暴击等级+39；急速等级+31,法术强度+60；暴击等级+36；急速等级+30,法术强度×1.0000；暴击等级×0.9231；急速等级×0.9677,5,1,黄色,,0,593.28-1101.67,1800,470.82,,,64714,1,法术强度,239,45518,天堂之焰,50684,贯体之刺,277,2,19,26,无,,28783,艾瑞达湮灭魔杖,43915,4,125,70,
104094,暮光审判官之深空,武器,法系输出,2,19,26,远程武器,280,耐力+52；智力+44,暴击等级+35；命中等级+44；法术强度+67,1.00（触发效果额外，不扣属性预算）,暴击等级+35；命中等级+44；法术强度+67,暴击等级+35；命中等级+41；法术强度+68,暴击等级×1.0000；命中等级×0.9318；法术强度×1.0149,5,0,,,0,693.89-1290.08,2100,472.37,,,64742,1,法术强度,226,45490,潘多拉的恳求,50291,碎魂者,232,2,19,26,无,,28588,蓝钻魔杖,43491,4,115,70,
104095,长夜魔棒,武器,法系输出,2,19,26,远程武器,280,耐力+56；智力+42,命中等级+44；急速等级+32；法术强度+68,1.00（触发效果额外，不扣属性预算）,命中等级+44；急速等级+32；法术强度+68,命中等级+43；急速等级+32；法术强度+66,命中等级×0.9773；急速等级×1.0000；法术强度×0.9706,5,0,,,0,624.83-1161.29,1900,470.03,,,64714,1,法术强度,239,45518,天堂之焰,51326,血红宝石魔杖,251,2,19,26,无,,28673,提瑞斯法支配魔杖,43916,4,115,70,
104096,暮光审判官的魔杖,武器,法系输出,2,19,26,远程武器,280,耐力+44；智力+46；精神+39,法术强度+68；命中等级+40,1.00（触发效果额外，不扣属性预算）,法术强度+68；命中等级+40,法术强度+71；命中等级+42,法术强度×1.0441；命中等级×1.0500,5,2,黄色,蓝色,0,592.57-1101.79,1800,470.66,,,64742,1,法术强度,226,45490,潘多拉的恳求,47658,硫磺燃杖,245,2,19,26,无,,29350,黑色茎杆,35262,4,110,70,
104097,北风苔原之短杖,武器,治疗,2,19,26,远程武器,280,耐力+45；智力+45；精神+31,法术强度+60；暴击等级+39,1.00（触发效果额外，不扣属性预算）,法术强度+60；暴击等级+39,法术强度+54；暴击等级+40,法术强度×0.9000；暴击等级×1.0256,5,2,蓝色,黄色,0,593.28-1101.67,1800,470.82,,,65002,1,法力回复,226,45929,西芙的记忆,50631,梦魇终结,277,2,19,26,无,,22821,厄运之指,35263,4,92,60,
104098,月泉之惊雷,武器,治疗,2,19,26,远程武器,280,耐力+56；智力+41；精神+43,暴击等级+23；法术强度+59,1.00（触发效果额外，不扣属性预算）,暴击等级+23；法术强度+59,暴击等级+22；法术强度+56,暴击等级×0.9565；法术强度×0.9492,5,1,黄色,,0,723.28-1343.88,2200,469.81,,,,,,,,,51838,兰娜瑟尔的染血之指,264,2,19,26,无,,20335,90 Epic Frost Wand,28828,4,90,60,
104099,冰冠新生魔杖,武器,治疗,2,19,26,远程武器,280,耐力+45；智力+46；精神+40,法术强度+69；暴击等级+40,1.00（触发效果额外，不扣属性预算）,法术强度+69；暴击等级+40,法术强度+75；暴击等级+42,法术强度×1.0870；暴击等级×1.0500,5,1,红色,,0,591.26-1100.15,1800,469.84,,,71567,1,治疗回蓝,232,50260,消融之雪,50472,梦魇终结者,264,2,19,26,无,,21603,其拉贵族魔杖,34198,4,78,60,
104100,魔棒·长夜,武器,治疗,2,19,26,远程武器,280,耐力+56；智力+42；精神+44,暴击等级+33；法术强度+68,1.00（触发效果额外，不扣属性预算）,暴击等级+33；法术强度+68,暴击等级+36；法术强度+66,暴击等级×1.0909；法术强度×0.9706,5,0,,,0,723.16-1344.26,2200,469.87,,,64738,1,法力回复,239,45535,信仰的证明,51553,兰娜瑟尔的染血之指,251,2,19,26,无,,19367,巨龙之触,32774,4,75,60,
104101,面甲·惊雷,护甲,法系输出,4,1,1,头部,280,耐力+143；智力+143,法术强度+191；暴击等级+126；急速等级+100,1.00（触发效果额外，不扣属性预算）,法术强度+191；暴击等级+126；急速等级+100,法术强度+198；暴击等级+116；急速等级+93,法术强度×1.0366；暴击等级×0.9206；急速等级×0.9300,5,3,混沌,蓝色,0,,,,303,,,,,,,,51281,神圣血法罩帽,277,4,1,1,无,,32329,仁慈兜帽,47433,4,141,70,蓝色
104102,幻光回响围带,护甲,法系输出,4,1,6,腰部,280,耐力+106；智力+106,法术强度+144；暴击等级+76；急速等级+92,1.00（触发效果额外，不扣属性预算）,法术强度+144；暴击等级+76；急速等级+92,法术强度+144；暴击等级+71；急速等级+94,法术强度×1.0000；暴击等级×0.9342；急速等级×1.0217,5,2,黄色,蓝色,0,,,,210,,,,,,,,50613,破碎冷魂腰带,277,4,1,6,无,,32390,灵魂卫士束带,44824,4,130,70,
104103,符文护臂,护甲,法系输出,4,1,9,腕部,280,耐力+80；智力+81,法术强度+110；命中等级+54；暴击等级+71,1.00（触发效果额外，不扣属性预算）,法术强度+110；命中等级+54；暴击等级+71,法术强度+102；命中等级+55；暴击等级+71,法术强度×0.9273；命中等级×1.0185；暴击等级×1.0000,5,1,蓝色,,0,,,,162,,,,,,,,47143,黑暗精粹护腕,258,4,1,9,无,,32516,净化裹腕,40490,4,128,70,
104104,衬肩·不灭烽火,护甲,法系输出,4,2,3,肩部,280,耐力+106；智力+106,法术强度+154；暴击等级+93；急速等级+84,1.00（触发效果额外，不扣属性预算）,法术强度+154；暴击等级+93；急速等级+84,法术强度+142；暴击等级+93；急速等级+82,法术强度×0.9221；暴击等级×1.0000；急速等级×0.9762,5,2,蓝色,红色,0,,,,526,,,,,,,,51292,神圣树纹衬肩,277,4,2,3,无,,34613,银月侍从护肩,48173,4,125,70,
104105,苍穹王座星界腿甲,护甲,法系输出,4,2,7,腿部,280,耐力+143；智力+145；精神+126,法术强度+186；急速等级+96,1.00（触发效果额外，不扣属性预算）,法术强度+186；急速等级+96,法术强度+194；急速等级+95,法术强度×1.0430；急速等级×0.9896,5,1,红色,,0,,,,610,,,,,,,,50041,天谴碎块缝合护腿,264,4,2,7,无,,33552,疾速恢复短裤,47049,4,128,70,
104106,龙骨荒野时流战拳,护甲,法系输出,4,2,10,手部,280,耐力+107；智力+108；精神+94,法术强度+140；急速等级+73,1.00（触发效果额外，不扣属性预算）,法术强度+140；急速等级+73,法术强度+141；急速等级+76,法术强度×1.0071；急速等级×1.0411,5,1,红色,,0,,,,436,,,,,,,,49979,融雪手甲,264,4,2,10,无,,28776,谎言之舌手套,43523,4,125,70,
104107,苍穹唤醒战袍,护甲,法系输出,4,3,20,胸部,280,耐力+143；智力+147,法术强度+189；急速等级+110；命中等级+116,1.00（触发效果额外，不扣属性预算）,法术强度+189；急速等级+110；命中等级+116,法术强度+204；急速等级+107；命中等级+111,法术强度×1.0794；急速等级×0.9727；命中等级×0.9569,5,2,黄色,蓝色,0,,,,1532,,,,,,,,48335,萨尔的凯旋胸铠,245,4,3,5,无,,29921,火焰纹章胸铠,46088,4,128,70,
104108,时流足具,护甲,法系输出,4,3,8,脚部,280,耐力+106；智力+107,法术强度+138；暴击等级+94；急速等级+72,1.00（触发效果额外，不扣属性预算）,法术强度+138；暴击等级+94；急速等级+72,法术强度+150；暴击等级+91；急速等级+70,法术强度×1.0870；暴击等级×0.9681；急速等级×0.9722,5,1,黄色,,0,,,,1061,,,,,,,,53119,分生长靴,258,4,3,8,无,,28746,斩魔者之靴,42331,4,115,70,
104109,霜原孤歌肩卫,护甲,法系输出,4,4,3,肩部,280,耐力+106；智力+107,法术强度+150；暴击等级+94；急速等级+82,1.00（触发效果额外，不扣属性预算）,法术强度+150；暴击等级+94；急速等级+82,法术强度+141；暴击等级+89；急速等级+77,法术强度×0.9400；暴击等级×0.9468；急速等级×0.9390,5,2,黄色,蓝色,0,,,,2069,,,,,,,,48585,莉亚德琳的凯旋护肩,258,4,4,3,无,,32157,Chancellor's Lamellar Shoulders,38296,4,105,70,
104110,风暴峭壁之腿铠,护甲,法系输出,4,4,7,腿部,280,耐力+143；智力+145,法术强度+183；暴击等级+109；急速等级+110,1.00（触发效果额外，不扣属性预算）,法术强度+183；暴击等级+109；急速等级+110,法术强度+169；暴击等级+103；急速等级+109,法术强度×0.9235；暴击等级×0.9450；急速等级×0.9909,5,2,黄色,蓝色,0,,,,2413,,,,,,,,47067,陨落圣光腿铠,258,4,4,7,无,,31367,野性卫士护腿,43907,4,115,70,
104111,风暴峭壁之裹手,护甲,法系输出,4,4,10,手部,280,耐力+107；智力+108,法术强度+140；暴击等级+93；急速等级+73,1.00（触发效果额外，不扣属性预算）,法术强度+140；暴击等级+93；急速等级+73,法术强度+149；暴击等级+95；急速等级+74,法术强度×1.0643；暴击等级×1.0215；急速等级×1.0137,5,0,,,0,,,,1728,,,,,,,,50976,白炽护手,264,4,4,10,无,,43070,神圣的亡灵毁灭护手,54460,4,115,70,
104112,圣光法衣,护甲,治疗,4,1,20,胸部,280,耐力+143；智力+145；精神+117,法术强度+183；急速等级+103,1.00（触发效果额外，不扣属性预算）,法术强度+183；急速等级+103,法术强度+175；急速等级+102,法术强度×0.9563；急速等级×0.9903,5,1,黄色,,0,,,,370,,,,,,,,47425,晋升罗袍,258,4,1,20,无,,32340,节制长袍,45714,4,141,70,
104113,远古誓言胫甲,护甲,治疗,4,1,8,脚部,280,耐力+107；智力+108；精神+75,法术强度+140；暴击等级+93,1.00（触发效果额外，不扣属性预算）,法术强度+140；暴击等级+93,法术强度+142；暴击等级+88,法术强度×1.0143；暴击等级×0.9462,5,1,红色,,0,,,,255,,,,,,,,51850,白凶长靴,264,4,1,8,无,,32787,老兵的鬼纹软靴,46064,4,136,70,
104114,先知之黎明,护甲,治疗,4,2,1,头部,280,耐力+161；智力+120；精神+82,急速等级+123；法术强度+180,1.00（触发效果额外，不扣属性预算）,急速等级+123；法术强度+180,急速等级+115；法术强度+192,急速等级×0.9350；法术强度×1.0667,5,2,混沌,蓝色,0,,,,572,,,,,,,,45864,守护者的罩帽,225,4,2,1,无,,29044,虚空刀锋面具,45810,4,120,70,
104115,大领主的腰带,护甲,治疗,4,2,6,腰部,280,耐力+106；智力+107；精神+94,法术强度+138；急速等级+72,1.00（触发效果额外，不扣属性预算）,法术强度+138；急速等级+72,法术强度+138；急速等级+72,法术强度×1.0000；急速等级×1.0000,5,1,蓝色,,0,,,,391,,,,,,,,47145,灰棘束带,258,4,2,6,无,,28750,叛逆束带,40511,4,115,70,
104116,荒野猎手的战拳,护甲,治疗,4,2,10,手部,280,耐力+107；智力+110；精神+94,法术强度+147；暴击等级+83,1.00（触发效果额外，不扣属性预算）,法术强度+147；暴击等级+83,法术强度+142；暴击等级+83,法术强度×0.9660；暴击等级×1.0000,5,0,,,0,,,,431,,,,,,,,48152,符文图腾的凯旋护手,245,4,2,10,无,,29048,虚空刀锋手套,45813,4,120,70,
104117,霜裔的法衣,护甲,治疗,4,3,20,胸部,280,耐力+143；智力+145,法术强度+183；暴击等级+97；每5秒法力回复+63,1.00（触发效果额外，不扣属性预算）,法术强度+183；暴击等级+97；每5秒法力回复+63,法术强度+196；暴击等级+96；每5秒法力回复+62,法术强度×1.0710；暴击等级×0.9897；每5秒法力回复×0.9841,5,1,蓝色,,0,,,,1543,,,,,,,,47486,元素流动胄甲,258,4,3,5,无,,30054,游侠将军的胸甲,46099,4,128,70,
104118,月泉足甲,护甲,治疗,4,3,8,脚部,280,耐力+106；智力+109,法术强度+136；每5秒法力回复+46；急速等级+70,1.00（触发效果额外，不扣属性预算）,法术强度+136；每5秒法力回复+46；急速等级+70,法术强度+140；每5秒法力回复+48；急速等级+72,法术强度×1.0294；每5秒法力回复×1.0435；急速等级×1.0286,5,1,黄色,,0,,,,1057,,,,,,,,51006,躲闪之靴,251,4,3,8,无,,30770,炼狱熔铸战靴,33690,4,115,70,
104119,索拉查之头冠,护甲,治疗,4,4,1,头部,280,耐力+143；智力+145,法术强度+196；暴击等级+107；每5秒法力回复+54,1.00（触发效果额外，不扣属性预算）,法术强度+196；暴击等级+107；每5秒法力回复+54,法术强度+212；暴击等级+110；每5秒法力回复+51,法术强度×1.0816；暴击等级×1.0280；每5秒法力回复×0.9444,5,3,混沌,红色,0,,,,2247,,,,,,,,50060,遗忘者面甲,264,4,4,1,无,,28593,恒金重盔,45858,4,115,70,红色
104120,黎明赞歌束带,护甲,治疗,4,4,6,腰部,280,耐力+106；智力+107,法术强度+138；暴击等级+74；每5秒法力回复+47,1.00（触发效果额外，不扣属性预算）,法术强度+138；暴击等级+74；每5秒法力回复+47,法术强度+136；暴击等级+81；每5秒法力回复+45,法术强度×0.9855；暴击等级×1.0946；每5秒法力回复×0.9574,5,2,红色,蓝色,0,,,,1551,,,,,,,,47207,遗忘殉难者腰带,258,4,4,6,无,,23219,教官的腰带,30535,4,85,60,
104121,静谧臂甲,护甲,治疗,4,4,9,腕部,280,耐力+81；智力+83,法术强度+120；暴击等级+70；每5秒法力回复+35,1.00（触发效果额外，不扣属性预算）,法术强度+120；暴击等级+70；每5秒法力回复+35,法术强度+128；暴击等级+65；每5秒法力回复+37,法术强度×1.0667；暴击等级×0.9286；每5秒法力回复×1.0571,5,1,红色,,0,,,,1198,,,,,,,,47294,碎约护腕,245,4,4,9,无,,29237,征伐护腕,42366,4,110,70,
104122,星界旅者守护肩胄,护甲,敏捷输出,4,2,3,肩部,280,敏捷+143；耐力+140,攻击强度+174；急速等级+91；护甲穿透等级+82,1.00（触发效果额外，不扣属性预算）,攻击强度+174；急速等级+91；护甲穿透等级+82,攻击强度+184；急速等级+95；护甲穿透等级+74,攻击强度×1.0575；急速等级×1.0440；护甲穿透等级×0.9024,5,2,红色,黄色,0,,,,521,,,,,,,,48207,玛法里奥的凯旋肩甲,258,4,2,3,无,,29047,虚空刀锋护肩,45811,4,120,70,
104123,霜裔之疾风,护甲,敏捷输出,4,2,7,腿部,280,敏捷+202；耐力+188,攻击强度+204；护甲穿透等级+123；精准等级+106,1.00（触发效果额外，不扣属性预算）,攻击强度+204；护甲穿透等级+123；精准等级+106,攻击强度+210；护甲穿透等级+131；精准等级+106,攻击强度×1.0294；护甲穿透等级×1.0650；精准等级×1.0000,5,1,红色,,0,,,,610,,,,,,,,51142,神圣树纹护腿,264,4,2,7,无,,29046,虚空刀锋长裤,45814,4,120,70,
104124,大领主的头冠,护甲,敏捷输出,4,3,1,头部,280,敏捷+192；耐力+149；智力+100,攻击强度+204；暴击等级+117；急速等级+79,1.00（触发效果额外，不扣属性预算）,攻击强度+204；暴击等级+117；急速等级+79,攻击强度+193；暴击等级+111；急速等级+79,攻击强度×0.9461；暴击等级×0.9487；急速等级×1.0000,6,3,混沌,蓝色,0,,,,1257,,,,,,,,51197,神圣霜巫面甲,264,4,3,1,无,,28801,莫加尔的战盔,44884,4,125,70,红色
104125,圣贤之锐眼,护甲,敏捷输出,4,3,6,腰部,280,敏捷+125；耐力+110；智力+73,攻击强度+185；暴击等级+76；护甲穿透等级+73,1.00（触发效果额外，不扣属性预算）,攻击强度+185；暴击等级+76；护甲穿透等级+73,攻击强度+190；暴击等级+71；护甲穿透等级+79,攻击强度×1.0270；暴击等级×0.9342；护甲穿透等级×1.0822,6,2,黄色,蓝色,0,,,,875,,,,,,,,50688,奈幽巴潜猎者之索,277,4,3,6,无,,28656,徘徊者束带,40514,4,115,70,
104126,风暴峭壁夜幕束腕,护甲,敏捷输出,4,3,9,腕部,280,敏捷+106；耐力+82；智力+56,攻击强度+122；暴击等级+70；护甲穿透等级+47,1.00（触发效果额外，不扣属性预算）,攻击强度+122；暴击等级+70；护甲穿透等级+47,攻击强度+131；暴击等级+63；护甲穿透等级+47,攻击强度×1.0738；暴击等级×0.9000；护甲穿透等级×1.0000,6,0,,,0,,,,681,,,,,,,,50655,天谴猎手护臂,277,4,3,9,无,,28451,将军的链甲护腕,41250,4,113,70,
104127,嚎风峡湾的烈日,护甲,力量输出,4,4,3,肩部,280,力量+152；耐力+159,暴击等级+93；护甲穿透等级+82,1.00（触发效果额外，不扣属性预算）,暴击等级+93；护甲穿透等级+82,暴击等级+89；护甲穿透等级+79,暴击等级×0.9570；护甲穿透等级×0.9634,4,1,蓝色,,0,,,,2074,,,,,,,,51210,神圣伊米亚之王肩甲,264,4,4,3,无,,32167,Chancellor's Plate Shoulders,41186,4,105,70,
104128,最后守望·战裙,护甲,力量输出,4,4,7,腿部,280,力量+198；耐力+214,暴击等级+116；护甲穿透等级+113,1.00（触发效果额外，不扣属性预算）,暴击等级+116；护甲穿透等级+113,暴击等级+123；护甲穿透等级+111,暴击等级×1.0603；护甲穿透等级×0.9823,4,0,,,0,,,,2413,,,,,,,,48494,库尔迪拉的凯旋腿铠,258,4,4,7,无,,43071,神圣的亡灵毁灭腿铠,54461,4,115,70,
104129,霜裔破界裹手,护甲,力量输出,4,4,10,手部,280,力量+156；耐力+169,暴击等级+101；精准等级+62,1.00（触发效果额外，不扣属性预算）,暴击等级+101；精准等级+62,暴击等级+100；精准等级+61,暴击等级×0.9901；精准等级×0.9839,4,0,,,0,,,,1716,,,,,,,,46217,征服者神御护手,226,4,4,10,无,,32072,争执护手,44697,4,110,70,
104130,游侠将军之庇护,护甲,坦克,4,4,5,胸部,280,力量+192；耐力+253,防御等级+97；招架等级+89；躲闪等级+85,1.00（触发效果额外，不扣属性预算）,防御等级+97；招架等级+89；躲闪等级+85,防御等级+92；招架等级+89；躲闪等级+82,防御等级×0.9485；招架等级×1.0000；躲闪等级×0.9647,5,1,蓝色,,0,,,,2758,,,,,,,,48642,图拉扬的凯旋胸甲,258,4,4,5,无,,27702,角斗士的板层甲护胸,41133,4,123,70,
104131,铁壁回响臂环,护甲,坦克,4,4,9,腕部,280,力量+105；耐力+145,防御等级+55；招架等级+47；躲闪等级+55,1.00（触发效果额外，不扣属性预算）,防御等级+55；招架等级+47；躲闪等级+55,防御等级+59；招架等级+51；躲闪等级+54,防御等级×1.0727；招架等级×1.0851；躲闪等级×0.9818,5,0,,,0,,,,1217,,,,,,,,50611,黑暗清算护腕,277,4,4,9,无,,29252,尊严护腕,42605,4,110,70,
104132,大领主之苍穹,通用槽位,法系输出,4,0,11,戒指,280,耐力+80；智力+80,法术强度+113；暴击等级+70；急速等级+62,1.00（触发效果额外，不扣属性预算）,法术强度+113；暴击等级+70；急速等级+62,法术强度+111；暴击等级+77；急速等级+58,法术强度×0.9823；暴击等级×1.1000；急速等级×0.9355,5,0,,,0,,,,,,,,,,,,50664,飞升之戒,277,4,0,11,无,,21393,坚定力量之戒,33856,4,65,60,
104133,游侠将军之雷霆,通用槽位,力量输出,4,0,2,颈部,280,力量+97；耐力+158,暴击等级+70；精准等级+59,1.00（触发效果额外，不扣属性预算）,暴击等级+70；精准等级+59,暴击等级+76；精准等级+61,暴击等级×1.0857；精准等级×1.0339,4,2,红色,黄色,0,,,,,,,,,,,,53502,Flamelash Amulet,251,4,0,2,无,,21690,安格莉丝塔的护符,34318,4,75,60,
104134,猎影之群星回响,通用槽位,敏捷输出,4,0,2,颈部,280,敏捷+119；耐力+92,攻击强度+119；护甲穿透等级+68；暴击等级+60,1.00（触发效果额外，不扣属性预算）,攻击强度+119；护甲穿透等级+68；暴击等级+60,攻击强度+108；护甲穿透等级+63；暴击等级+63,攻击强度×0.9076；护甲穿透等级×0.9265；暴击等级×1.0500,5,1,黄色,,0,,,,,,,,,,,,51779,霜牙垂饰,251,4,0,2,无,,18205,艾斯卡达尔的项圈,16132,4,71,60,
104135,泰坦监护者之静谧,通用槽位,治疗,4,0,2,颈部,280,耐力+77；智力+73；精神+69,法术强度+118；暴击等级+83,1.00（触发效果额外，不扣属性预算）,法术强度+118；暴击等级+83,法术强度+113；暴击等级+79,法术强度×0.9576；暴击等级×0.9518,5,2,蓝色,黄色,0,,,,,,,,,,,,45236,坚定之眼,232,4,0,2,无,,17111,火焰之怒,6484,4,68,60,
104136,恩泽之不灭烽火,通用槽位,治疗,4,1,16,披风,280,耐力+79；智力+80,法术强度+112；急速等级+69；每5秒法力回复+31,1.00（触发效果额外，不扣属性预算）,法术强度+112；急速等级+69；每5秒法力回复+31,法术强度+110；急速等级+67；每5秒法力回复+31,法术强度×0.9821；急速等级×0.9710；每5秒法力回复×1.0000,5,0,,,0,,,,186,,,,,,,,54556,诱拐头罩,271,4,1,16,无,,24260,法力编织披风,38977,4,105,70,
104137,披肩·静潮,通用槽位,坦克,4,1,16,披风,280,力量+81；耐力+144,防御等级+69；躲闪等级+68；命中等级+45,1.00（触发效果额外，不扣属性预算）,防御等级+69；躲闪等级+68；命中等级+45,防御等级+66；躲闪等级+74；命中等级+46,防御等级×0.9565；躲闪等级×1.0882；命中等级×1.0222,5,1,红色,,0,,,,185,,,,,,,,50074,皇家血色披风,264,4,1,16,无,,32540,泰罗克的力量,45048,4,105,70,
104138,战钺·流光,武器,力量输出,2,0,13,单手武器,280,力量+85；耐力+121,精准等级+41；暴击等级+33；命中等级+44,1.00（触发效果额外，不扣属性预算）,精准等级+41；暴击等级+33；命中等级+44,精准等级+37；暴击等级+30；命中等级+46,精准等级×0.9024；暴击等级×0.9091；命中等级×1.0455,5,1,蓝色,,0,285.31-530.67,1600,254.99,,,64786,1,急速等级,239,45609,彗星之痕,50290,法瑞克的断腕斧,232,2,0,13,同子类坦克评级等价替换,防御等级→精准等级；招架等级→暴击等级；格挡等级→命中等级,19363,克鲁索洛克恩，混乱之刃,31870,4,81,60,
104139,风暴峭壁的最后守望,武器,敏捷输出,2,2,15,弓,280,敏捷+67；耐力+45,攻击强度+83；暴击等级+41；命中等级+37,1.00（触发效果额外，不扣属性预算）,攻击强度+83；暴击等级+41；命中等级+37,攻击强度+84；暴击等级+40；命中等级+40,攻击强度×1.0120；暴击等级×0.9756；命中等级×1.0811,5,1,蓝色,,0,667.45-1106.53,2900,305.86,,,71404,1,护甲穿透,232,50198,钉壳毒蝎,50776,海洋之神骨弓,251,2,2,15,无,,30105,蛇脊长弓,43834,4,141,70,
104140,屠龙者征伐钉锤,武器,法系输出,2,4,21,主手武器,280,耐力+78；智力+78,法术强度+863；暴击等级+53；急速等级+69,1.00（触发效果额外，不扣属性预算）,法术强度+863；暴击等级+53；急速等级+69,法术强度+901；暴击等级+49；急速等级+67,法术强度×1.0440；暴击等级×0.9245；急速等级×0.9710,5,2,黄色,蓝色,0,155.69-432.25,1800,163.32,,,64714,1,法术强度,239,45518,天堂之焰,50734,泰瑞纳斯二世的皇家权杖,284,2,4,21,无,,28522,纯洁碎片,45798,4,115,70,
104141,霜脉矮人猎影长矛,武器,敏捷输出,2,6,17,双手武器,280,敏捷+202；耐力+188,攻击强度+204；暴击等级+126；急速等级+105,1.00（触发效果额外，不扣属性预算）,攻击强度+204；暴击等级+126；急速等级+105,攻击强度+215；暴击等级+130；急速等级+98,攻击强度×1.0539；暴击等级×1.0317；急速等级×0.9333,5,1,红色,,0,903.93-1357.59,3400,332.58,,,64786,1,急速等级,239,45609,彗星之痕,50178,血瀑,264,2,6,17,无,,19167,黑色怒火,31720,4,66,60,
104142,失落荣光长剑,武器,敏捷输出,2,7,21,主手武器,280,敏捷+92；耐力+62,攻击强度+114；急速等级+48；暴击等级+57,1.00（触发效果额外，不扣属性预算）,攻击强度+114；急速等级+48；暴击等级+57,攻击强度+106；急速等级+50；暴击等级+57,攻击强度×0.9298；急速等级×1.0417；暴击等级×1.0000,5,2,红色,黄色,0,463.54-861.38,2600,254.79,,,,,,,,,51021,断魂,251,2,7,13,无,,50815,Shadowmourne Monster Offhand,64073,4,132,70,
104143,恩泽之远古誓言,武器,治疗,2,10,17,双手武器,280,耐力+163；智力+194；精神+126,法术强度+836；暴击等级+155,1.00（触发效果额外，不扣属性预算）,法术强度+836；暴击等级+155,法术强度+777；暴击等级+143,法术强度×0.9294；暴击等级×0.9226,5,1,红色,,0,343.12-632.79,2100,232.36,,,65002,1,法力回复,226,45929,西芙的记忆,45457,无尽寒冬法杖,239,2,10,17,无,,30021,野性怒火法杖,42184,4,134,70,
104144,索拉查的长夜,武器,敏捷输出,2,15,21,主手武器,280,敏捷+78；耐力+81,攻击强度+97；暴击等级+62；护甲穿透等级+40,1.00（触发效果额外，不扣属性预算）,攻击强度+97；暴击等级+62；护甲穿透等级+40,攻击强度+92；暴击等级+61；护甲穿透等级+41,攻击强度×0.9485；暴击等级×0.9839；护甲穿透等级×1.0250,5,0,,,0,284.79-428.37,1400,254.70,,,,,,,,,46969,钢铁碎刃短刀,258,2,15,13,无,,28768,玛克扎尔匕首,40937,4,125,70,
104145,凛冬余威回旋刃,武器,敏捷输出,2,16,25,投掷武器,280,敏捷+67；耐力+54,攻击强度+77；暴击等级+41；命中等级+37,1.00（触发效果额外，不扣属性预算）,攻击强度+77；暴击等级+41；命中等级+37,攻击强度+80；暴击等级+44；命中等级+39,攻击强度×1.0390；暴击等级×1.0732；命中等级×1.0541,5,1,蓝色,,0,473.70-711.79,1800,329.30,,,64792,1,攻击强度,226,45522,古神之血,50999,格拉斯的玩具刀,251,2,16,25,无,,34603,混乱飞刀,48157,4,115,70,
104146,龙魂低语·魔棒,武器,治疗,2,19,26,远程武器,280,耐力+53；智力+45；精神+40,法术强度+66；急速等级+37,1.00（触发效果额外，不扣属性预算）,法术强度+66；急速等级+37,法术强度+69；急速等级+35,法术强度×1.0455；急速等级×0.9459,5,2,蓝色,黄色,0,599.03-1112.48,1800,475.42,,,71567,1,治疗回蓝,232,50260,消融之雪,49852,棺钉,219,2,19,26,无,,21124,Ahn'Qiraj Wand [PH],33428,4,75,60,
